mtllib model_1.mtl
o model_1
v 1.1502348184585571 0.06846153736114502 0.5074664950370789 
v 1.1694101095199585 0.06875800341367722 0.31667420268058777 
v 1.1502348184585571 0.06193183735013008 0.5084128379821777 
v 1.1694101095199585 0.062230128794908524 0.3166617751121521 
v 1.2250183820724487 0.0625469759106636 0.13258086144924164 
v 1.2250183820724487 0.0690748542547226 0.13259325921535492 
v 1.3161009550094604 0.06933122128248215 -0.03710639849305153 
v 1.3161009550094604 0.06280334293842316 -0.037118807435035706 
v 1.4378639459609985 0.06305274367332458 -0.1857258379459381 
v 1.4378639459609985 0.06958062201738358 -0.18571342527866364 
v 1.5864723920822144 0.06977898627519608 -0.30747535824775696 
v 1.5864723920822144 0.06325110793113708 -0.30748775601387024 
v 1.7561736106872559 0.06339114159345627 -0.3985694646835327 
v 1.7561736106872559 0.06991901993751526 -0.39855706691741943 
v 1.9402563571929932 0.07002474367618561 -0.4541648328304291 
v 1.9402563571929932 0.06349686533212662 -0.45417726039886475 
v 2.132009267807007 0.07002805918455124 -0.4733400046825409 
v 2.132009267807007 0.06353332102298737 -0.4733523428440094 
v 2.322803258895874 0.07002474367618561 -0.4541648328304291 
v 2.322803258895874 0.06349686533212662 -0.45417726039886475 
v 2.5068860054016113 0.06991901993751526 -0.39855706691741943 
v 2.5068860054016113 0.06339114159345627 -0.3985694646835327 
v 1.1502348184585571 0.06846153736114502 0.5074664950370789 
v 1.1694101095199585 0.06813010573387146 0.6992174386978149 
v 1.1502348184585571 0.06193183735013008 0.5084128379821777 
v 1.1694101095199585 0.061635371297597885 0.6992051005363464 
v 1.2250183820724487 0.061318524181842804 0.8832860589027405 
v 1.2250183820724487 0.0678464025259018 0.8832984566688538 
v 1.3161009550094604 0.06755689531564713 1.0529980659484863 
v 1.3161009550094604 0.06102902069687843 1.052985668182373 
v 1.4378639459609985 0.060812752693891525 1.2015926837921143 
v 1.4378639459609985 0.06734062731266022 1.201605200767517 
v 1.5864723920822144 0.06714227050542831 1.3233669996261597 
v 1.5864723920822144 0.060614392161369324 1.3233546018600464 
v 1.7561736106872559 0.06047435849905014 1.4144363403320312 
v 1.7561736106872559 0.06696909666061401 1.4144487380981445 
v 1.9402563571929932 0.06689651310443878 1.4700565338134766 
v 1.9402563571929932 0.06036863476037979 1.4700441360473633 
v 1.9402563571929932 0.06036863476037979 1.4700441360473633 
v 2.132009267807007 0.06033217906951904 1.4892191886901855 
v 1.9402563571929932 0.06689651310443878 1.4700565338134766 
v 2.132009267807007 0.06686005741357803 1.4892315864562988 
v 2.322803258895874 0.06689651310443878 1.4700565338134766 
v 2.322803258895874 0.06036863476037979 1.4700441360473633 
v 2.5068860054016113 0.06047435849905014 1.4144363403320312 
v 2.5068860054016113 0.06696909666061401 1.4144487380981445 
v 2.6765871047973633 0.06714227050542831 1.3233669996261597 
v 2.6765871047973633 0.060614392161369324 1.3233546018600464 
v 2.825195550918579 0.060812752693891525 1.2015926837921143 
v 2.825195550918579 0.06734062731266022 1.201605200767517 
v 2.946958541870117 0.06755689531564713 1.0529980659484863 
v 2.946958541870117 0.06102902069687843 1.052985668182373 
v 3.038041114807129 0.061318524181842804 0.8832860589027405 
v 3.038041114807129 0.0678464025259018 0.8832984566688538 
v 3.038041114807129 0.0678464025259018 0.8832984566688538 
v 3.093649387359619 0.06813010573387146 0.6992174386978149 
v 3.038041114807129 0.061318524181842804 0.8832860589027405 
v 3.093649387359619 0.061635371297597885 0.6992051005363464 
v 3.1128249168395996 0.06193183735013008 0.5084128379821777 
v 3.1128249168395996 0.06846153736114502 0.5074664950370789 
v 3.093649387359619 0.06875800341367722 0.31667420268058777 
v 3.093649387359619 0.062230128794908524 0.3166617751121521 
v 3.038041114807129 0.0625469759106636 0.13258086144924164 
v 3.038041114807129 0.0690748542547226 0.13259325921535492 
v 2.946958541870117 0.06933122128248215 -0.03710639849305153 
v 2.946958541870117 0.06280334293842316 -0.037118807435035706 
v 2.825195550918579 0.06305274367332458 -0.1857258379459381 
v 2.825195550918579 0.06958062201738358 -0.18571342527866364 
v 2.6765871047973633 0.06977898627519608 -0.30747535824775696 
v 2.6765871047973633 0.06325110793113708 -0.30748775601387024 
v 2.5068860054016113 0.06339114159345627 -0.3985694646835327 
v 2.5068860054016113 0.06991901993751526 -0.39855706691741943 
v 1.7446684837341309 0.023865574970841408 -0.07074940204620361 
v 1.731245756149292 0.04040761664509773 -0.09181062132120132 
v 1.854926347732544 0.03954112157225609 -0.15892532467842102 
v 1.8328747749328613 0.06068482622504234 -0.21257555484771729 
v 1.6976890563964844 0.06058125197887421 -0.14066889882087708 
v 1.620987892150879 0.039310272783041 -0.0026482262182980776 
v 1.579761028289795 0.06043028086423874 -0.04383466765284538 
v 1.531822919845581 0.04009474068880081 0.10761044919490814 
v 1.5864723920822144 0.06977898627519608 -0.30747535824775696 
v 1.4378639459609985 0.06958062201738358 -0.18571342527866364 
v 1.7561736106872559 0.06991901993751526 -0.39855706691741943 
v 1.9795656204223633 0.06077050045132637 -0.25763702392578125 
v 1.9910708665847778 0.040578633546829224 -0.19919121265411377 
v 1.9958646297454834 0.024031126871705055 -0.17525368928909302 
v 2.132009267807007 0.03964501991868019 -0.21357430517673492 
v 2.132009267807007 0.06079784408211708 -0.2720183730125427 
v 2.283493995666504 0.06077050045132637 -0.25763702392578125 
v 2.132009267807007 0.07002805918455124 -0.4733400046825409 
v 2.322803258895874 0.07002474367618561 -0.4541648328304291 
v 2.5068860054016113 0.06991901993751526 -0.39855706691741943 
v 2.430184841156006 0.06068482622504234 -0.21257555484771729 
v 2.2719886302948 0.040578633546829224 -0.19919121265411377 
v 1.9402563571929932 0.07002474367618561 -0.4541648328304291 
v 1.8635551929473877 0.02452700026333332 -0.13977870345115662 
v 2.4081332683563232 0.03954112157225609 -0.15892532467842102 
v 2.267194986343384 0.024031126871705055 -0.17525368928909302 
v 2.132009267807007 0.024629078805446625 -0.19346892833709717 
v 2.0006585121154785 0.016229810193181038 -0.15034081041812897 
v 1.8731428384780884 0.01616601087152958 -0.11678443104028702 
v 1.759049892425537 0.01603841222822666 -0.049671608954668045 
v 2.132009267807007 0.01623130589723587 -0.16855724155902863 
v 2.132009267807007 0.015143210999667645 0.5083238482475281 
v 2.2624011039733887 0.016229810193181038 -0.15034081041812897 
v 2.3995044231414795 0.02452700026333332 -0.13977870345115662 
v 2.5183911323547363 0.023865574970841408 -0.07074940204620361 
v 2.531813859939575 0.04040761664509773 -0.09181062132120132 
v 2.565370559692383 0.06058125197887421 -0.14066889882087708 
v 2.6765871047973633 0.06977898627519608 -0.30747535824775696 
v 2.825195550918579 0.06958062201738358 -0.18571342527866364 
v 2.6832985877990723 0.06043028086423874 -0.04383466765284538 
v 2.7801337242126465 0.06023921072483063 0.07409221678972244 
v 2.946958541870117 0.06933122128248215 -0.03710639849305153 
v 3.038041114807129 0.0690748542547226 0.13259325921535492 
v 2.852041006088257 0.06001532822847366 0.2092766910791397 
v 2.8971028327941895 0.05976957082748413 0.355966180562973 
v 3.093649387359619 0.06875800341367722 0.31667420268058777 
v 3.1128249168395996 0.06846153736114502 0.5074664950370789 
v 2.9114842414855957 0.05951287969946861 0.5084081888198853 
v 2.8971028327941895 0.05929114669561386 0.6598915457725525 
v 3.093649387359619 0.06813010573387146 0.6992174386978149 
v 3.038041114807129 0.0678464025259018 0.8832984566688538 
v 2.852041006088257 0.05904538929462433 0.8065810799598694 
v 2.7801337242126465 0.058821506798267365 0.9417654871940613 
v 2.946958541870117 0.06755689531564713 1.0529980659484863 
v 2.825195550918579 0.06734062731266022 1.201605200767517 
v 2.6832985877990723 0.05863043665885925 1.0596923828125 
v 2.565370559692383 0.058479469269514084 1.1565266847610474 
v 2.6765871047973633 0.06714227050542831 1.3233669996261597 
v 2.5068860054016113 0.06696909666061401 1.4144487380981445 
v 2.430184841156006 0.05834275484085083 1.2284332513809204 
v 2.283493995666504 0.05829022079706192 1.273494839668274 
v 2.322803258895874 0.06689651310443878 1.4700565338134766 
v 2.132009267807007 0.06686005741357803 1.4892315864562988 
v 2.132009267807007 0.05826287716627121 1.287876009941101 
v 1.9795656204223633 0.05829022079706192 1.273494839668274 
v 1.9402563571929932 0.06689651310443878 1.4700565338134766 
v 1.7561736106872559 0.06696909666061401 1.4144487380981445 
v 1.8328747749328613 0.05834275484085083 1.2284332513809204 
v 1.6976890563964844 0.058479469269514084 1.1565266847610474 
v 1.5864723920822144 0.06714227050542831 1.3233669996261597 
v 1.4378639459609985 0.06734062731266022 1.201605200767517 
v 1.579761028289795 0.05863043665885925 1.0596923828125 
v 1.4829258918762207 0.058821506798267365 0.9417654871940613 
v 1.3161009550094604 0.06755689531564713 1.0529980659484863 
v 1.2250183820724487 0.0678464025259018 0.8832984566688538 
v 1.4110186100006104 0.05904538929462433 0.8065810799598694 
v 1.3659566640853882 0.05929114669561386 0.6598915457725525 
v 1.1694101095199585 0.06813010573387146 0.6992174386978149 
v 1.1502348184585571 0.06846153736114502 0.5074664950370789 
v 1.351575255393982 0.05951287969946861 0.5084081888198853 
v 1.3659566640853882 0.05976957082748413 0.355966180562973 
v 1.1694101095199585 0.06875800341367722 0.31667420268058777 
v 1.2250183820724487 0.0690748542547226 0.13259325921535492 
v 1.4110186100006104 0.06001532822847366 0.2092766910791397 
v 1.4829258918762207 0.06023921072483063 0.07409221678972244 
v 1.3161009550094604 0.06933122128248215 -0.03710639849305153 
v 1.4647094011306763 0.03893177583813667 0.23128803074359894 
v 1.4244413375854492 0.039667025208473206 0.3674330711364746 
v 1.4100598096847534 0.03847125172615051 0.508368194103241 
v 1.4244413375854492 0.039232347160577774 0.648348331451416 
v 1.4647094011306763 0.0380125492811203 0.784489631652832 
v 1.531822919845581 0.038804635405540466 0.9081709384918213 
v 1.620987892150879 0.03763405233621597 1.0184258222579956 
v 1.731245756149292 0.03845862299203873 1.107591986656189 
v 1.854926347732544 0.037403207272291183 1.1747030019760132 
v 1.9910708665847778 0.03828760236501694 1.2149724960327148 
v 2.132009267807007 0.03729930520057678 1.2293519973754883 
v 2.2719886302948 0.03828760236501694 1.2149724960327148 
v 2.4081332683563232 0.037403207272291183 1.1747030019760132 
v 2.531813859939575 0.03845862299203873 1.107591986656189 
v 2.6420717239379883 0.03763405233621597 1.0184258222579956 
v 2.731236696243286 0.038804635405540466 0.9081709384918213 
v 2.7983500957489014 0.0380125492811203 0.784489631652832 
v 2.838618278503418 0.039232347160577774 0.648348331451416 
v 2.852999687194824 0.03847125172615051 0.508368194103241 
v 2.838618278503418 0.039667025208473206 0.3674330711364746 
v 2.7983500957489014 0.03893177583813667 0.23128803074359894 
v 2.731236696243286 0.04009474068880081 0.10761044919490814 
v 2.6420717239379883 0.039310272783041 -0.0026482262182980776 
v 2.627690076828003 0.02430526725947857 0.01170462928712368 
v 2.710143804550171 0.023567281663417816 0.12100163102149963 
v 2.7791748046875 0.023904571309685707 0.2398882657289505 
v 2.8146491050720215 0.023155974224209785 0.37219545245170593 
v 2.8328657150268555 0.023493587970733643 0.5083397626876831 
v 2.8146491050720215 0.02270638756453991 0.643523097038269 
v 2.7791748046875 0.023051291704177856 0.7758323550224304 
v 2.710143804550171 0.02229508012533188 0.8947169184684753 
v 2.627690076828003 0.022683732211589813 1.0040160417556763 
v 2.5183911323547363 0.021996786817908287 1.086467981338501 
v 2.3995044231414795 0.022428862750530243 1.1554993391036987 
v 2.267194986343384 0.02183123491704464 1.1909723281860352 
v 2.132009267807007 0.022359920665621758 1.2091896533966064 
v 1.9958646297454834 0.02183123491704464 1.1909723281860352 
v 1.8635551929473877 0.022428862750530243 1.1554993391036987 
v 1.7446684837341309 0.021996786817908287 1.086467981338501 
v 1.6353694200515747 0.022683732211589813 1.0040160417556763 
v 1.5529156923294067 0.02229508012533188 0.8947169184684753 
v 1.4838846921920776 0.023051291704177856 0.7758323550224304 
v 1.4484103918075562 0.02270638756453991 0.643523097038269 
v 1.4301939010620117 0.023493587970733643 0.5083397626876831 
v 1.4484103918075562 0.023155974224209785 0.37219545245170593 
v 1.4838846921920776 0.023904571309685707 0.2398882657289505 
v 1.5529156923294067 0.023567281663417816 0.12100163102149963 
v 1.6353694200515747 0.02430526725947857 0.01170462928712368 
v 1.6535859107971191 0.015920253470540047 0.029905088245868683 
v 2.3899166584014893 0.01616601087152958 -0.11678443104028702 
v 2.50400972366333 0.01603841222822666 -0.049671608954668045 
v 1.5740084648132324 0.01575287990272045 0.13536815345287323 
v 1.47333824634552 0.015359800308942795 0.3769744336605072 
v 1.5068950653076172 0.015569099225103855 0.24946001172065735 
v 1.4551217555999756 0.015143210999667645 0.5083238482475281 
v 1.47333824634552 0.014928441494703293 0.6387145519256592 
v 1.5068950653076172 0.014719143509864807 0.766228973865509 
v 1.5740084648132324 0.014535361900925636 0.8803208470344543 
v 1.6535859107971191 0.014367989264428616 0.9857838749885559 
v 1.759049892425537 0.014249829575419426 1.0653605461120605 
v 1.8731428384780884 0.014122231863439083 1.132473349571228 
v 2.0006585121154785 0.014091569930315018 1.1660298109054565 
v 2.132009267807007 0.014056936837732792 1.1842461824417114 
v 2.2624011039733887 0.014091569930315018 1.1660298109054565 
v 2.3899166584014893 0.014122231863439083 1.132473349571228 
v 2.50400972366333 0.014249829575419426 1.0653605461120605 
v 2.609473705291748 0.014367989264428616 0.9857838749885559 
v 2.6890511512756348 0.014535361900925636 0.8803208470344543 
v 2.75616455078125 0.014719143509864807 0.766228973865509 
v 2.7897212505340576 0.014928441494703293 0.6387145519256592 
v 2.8079378604888916 0.015143210999667645 0.5083238482475281 
v 2.7897212505340576 0.015359800308942795 0.3769744336605072 
v 2.75616455078125 0.015569099225103855 0.24946001172065735 
v 2.6890511512756348 0.01575287990272045 0.13536815345287323 
v 2.609473705291748 0.015920253470540047 0.029905088245868683 
v 2.670834541320801 0.010208684019744396 1.0471364259719849 
v 2.645906686782837 0.00024887939798645675 1.0221898555755615 
v 2.5327725410461426 0.00011796042235800996 1.1084778308868408 
v 2.7321953773498535 0.00046397282858379185 0.9090567827224731 
v 2.132009267807007 0.004539554473012686 0.508303701877594 
v 2.760958433151245 0.009540031664073467 0.928249180316925 
v 2.836700677871704 0.010612700134515762 0.7997776865959167 
v 2.804102659225464 0.0006641554646193981 0.7863361239433289 
v 2.8740925788879395 0.009958303533494473 0.6559627056121826 
v 2.8395769596099854 0.0008603715687058866 0.6482753753662109 
v 2.894226551055908 0.011067429557442665 0.5083160996437073 
v 2.8587522506713867 0.0010933650191873312 0.5082971453666687 
v 2.8740925788879395 0.010455284267663956 0.35970744490623474 
v 2.8395769596099854 0.0013281849678605795 0.3673601746559143 
v 2.836700677871704 0.011557118035852909 0.2158958464860916 
v 2.804102659225464 0.0015575365396216512 0.22929944097995758 
v 2.760958433151245 0.010873557068407536 0.0874210000038147 
v 2.7321953773498535 0.0017577228136360645 0.10657881200313568 
v 2.670834541320801 0.01196113508194685 -0.031462930142879486 
v 2.645906686782837 0.0019396771676838398 -0.006554264109581709 
v 2.551947832107544 0.01123779732733965 -0.1215875968337059 
v 2.5327725410461426 0.002070596208795905 -0.09284225851297379 
v 2.423473358154297 0.012210210785269737 -0.19732758402824402 
v 2.410050630569458 0.0021741725504398346 -0.1647489219903946 
v 2.279658794403076 0.011419753544032574 -0.2347206473350525 
v 2.2719886302948 0.002241617301478982 -0.20022284984588623 
v 2.132009267807007 0.012319580651819706 -0.25485286116600037 
v 2.132009267807007 0.0022780736908316612 -0.2193978875875473 
v 1.9834007024765015 0.011419753544032574 -0.2347206473350525 
v 1.9910708665847778 0.002241617301478982 -0.20022284984588623 
v 1.8395861387252808 0.012210210785269737 -0.19732758402824402 
v 1.8530088663101196 0.0021741725504398346 -0.1647489219903946 
v 1.7111117839813232 0.01123779732733965 -0.1215875968337059 
v 1.7302870750427246 0.002070596208795905 -0.09284225851297379 
v 1.5922249555587769 0.01196113508194685 -0.031462930142879486 
v 1.6171528100967407 0.0019396771676838398 -0.006554264109581709 
v 1.502101182937622 0.010873557068407536 0.0874210000038147 
v 1.5308641195297241 0.0017577228136360645 0.10657881200313568 
v 1.4263588190078735 0.011557118035852909 0.2158958464860916 
v 1.4589568376541138 0.0015575365396216512 0.22929944097995758 
v 1.3889670372009277 0.010455284267663956 0.35970744490623474 
v 1.4234825372695923 0.0013281849678605795 0.3673601746559143 
v 1.3688329458236694 0.011067429557442665 0.5083160996437073 
v 1.404307246208191 0.0010933650191873312 0.5082971453666687 
v 1.3889670372009277 0.009958303533494473 0.6559627056121826 
v 1.4234825372695923 0.0008603715687058866 0.6482753753662109 
v 1.4263588190078735 0.010612700134515762 0.7997776865959167 
v 1.4589568376541138 0.0006641554646193981 0.7863361239433289 
v 1.502101182937622 0.009540031664073467 0.928249180316925 
v 1.5308641195297241 0.00046397282858379185 0.9090567827224731 
v 1.5922249555587769 0.010208684019744396 1.0471364259719849 
v 1.6171528100967407 0.00024887939798645675 1.0221898555755615 
v 1.7111117839813232 0.009175790473818779 1.137257695198059 
v 1.7302870750427246 0.00011796042235800996 1.1084778308868408 
v 1.8395861387252808 0.00992647185921669 1.213001012802124 
v 1.8530088663101196 0.000014383872439793777 1.1803845167160034 
v 1.9834007024765015 0.008993834257125854 1.250390887260437 
v 1.9910708665847778 -0.00005306071398081258 1.2158583402633667 
v 2.132009267807007 0.009850237518548965 1.27052640914917 
v 2.132009267807007 -0.00008951715426519513 1.235033392906189 
v 2.279658794403076 0.008993834257125854 1.250390887260437 
v 2.2719886302948 -0.00005306071398081258 1.2158583402633667 
v 2.423473358154297 0.00992647185921669 1.213001012802124 
v 2.410050630569458 0.000014383872439793777 1.1803845167160034 
v 2.551947832107544 0.009175790473818779 1.137257695198059 
v 1.4263588190078735 0.011557118035852909 0.2158958464860916 
v 1.3889670372009277 0.010455284267663956 0.35970744490623474 
v 1.420606255531311 0.02097333036363125 0.21303747594356537 
v 1.3774619102478027 0.021857859566807747 0.3578116297721863 
v 1.3554103374481201 0.033230945467948914 0.35399821400642395 
v 1.4004721641540527 0.03348034620285034 0.20539119839668274 
v 1.4925135374069214 0.022318383678793907 0.08073143661022186 
v 1.474297046661377 0.0337078720331192 0.06828923523426056 
v 1.5874311923980713 0.021380992606282234 -0.036238815635442734 
v 1.572090983390808 0.03390258923172951 -0.05155513808131218 
v 1.7044004201889038 0.022654954344034195 -0.1311534196138382 
v 1.6919364929199219 0.03405538201332092 -0.1493481695652008 
v 1.8367098569869995 0.021665029227733612 -0.20306216180324554 
v 1.3688329458236694 0.011067429557442665 0.5083160996437073 
v 1.4378639459609985 0.06305274367332458 -0.1857258379459381 
v 1.5864723920822144 0.06325110793113708 -0.30748775601387024 
v 1.3161009550094604 0.06280334293842316 -0.037118807435035706 
v 1.2250183820724487 0.0625469759106636 0.13258086144924164 
v 1.1694101095199585 0.062230128794908524 0.3166617751121521 
v 1.340070128440857 0.03300374001264572 0.50835782289505 
v 1.3611629009246826 0.020511310547590256 0.5083340406417847 
v 1.3889670372009277 0.009958303533494473 0.6559627056121826 
v 1.3774619102478027 0.021386723965406418 0.6579020023345947 
v 1.4263588190078735 0.010612700134515762 0.7997776865959167 
v 1.420606255531311 0.020017975941300392 0.8026718497276306 
v 1.4004721641540527 0.03249582275748253 0.810365617275238 
v 1.3554103374481201 0.032745227217674255 0.6617586016654968 
v 1.1694101095199585 0.061635371297597885 0.6992051005363464 
v 1.1502348184585571 0.06193183735013008 0.5084128379821777 
v 1.2250183820724487 0.061318524181842804 0.8832860589027405 
v 1.3161009550094604 0.06102902069687843 1.052985668182373 
v 1.474297046661377 0.03226829692721367 0.9474676251411438 
v 1.572090983390808 0.03210671618580818 1.0673120021820068 
v 1.4925135374069214 0.020926199853420258 0.934982180595398 
v 1.5874311923980713 0.019610313698649406 1.0519481897354126 
v 1.6919364929199219 0.03192078694701195 1.1651049852371216 
v 1.7044004201889038 0.02058962918817997 1.146867036819458 
v 1.8290396928787231 0.03181356564164162 1.2389291524887085 
v 1.5864723920822144 0.060614392161369324 1.3233546018600464 
v 1.7561736106872559 0.06047435849905014 1.4144363403320312 
v 1.9402563571929932 0.06036863476037979 1.4700441360473633 
v 1.977648138999939 0.03172789514064789 1.2839906215667725 
v 1.8367098569869995 0.019359415397047997 1.2187715768814087 
v 1.9814832210540771 0.02040402591228485 1.2619175910949707 
v 1.9834007024765015 0.008993834257125854 1.250390887260437 
v 1.8395861387252808 0.00992647185921669 1.213001012802124 
v 1.4378639459609985 0.060812752693891525 1.2015926837921143 
v 2.132009267807007 0.009850237518548965 1.27052640914917 
v 2.132009267807007 0.019246399402618408 1.2782143354415894 
v 2.132009267807007 0.03169872984290123 1.299330711364746 
v 2.2854113578796387 0.03172789514064789 1.2839906215667725 
v 2.322803258895874 0.06036863476037979 1.4700441360473633 
v 2.4340198040008545 0.03181356564164162 1.2389291524887085 
v 2.5068860054016113 0.06047435849905014 1.4144363403320312 
v 2.6765871047973633 0.060614392161369324 1.3233546018600464 
v 2.5711231231689453 0.03192078694701195 1.1651049852371216 
v 2.426349639892578 0.019359415397047997 1.2187715768814087 
v 2.28157639503479 0.02040402591228485 1.2619175910949707 
v 2.132009267807007 0.06033217906951904 1.4892191886901855 
v 2.558659076690674 0.02058962918817997 1.146867036819458 
v 2.6909685134887695 0.03210671618580818 1.0673120021820068 
v 2.825195550918579 0.060812752693891525 1.2015926837921143 
v 2.946958541870117 0.06102902069687843 1.052985668182373 
v 2.7887625694274902 0.03226829692721367 0.9474676251411438 
v 2.675628423690796 0.019610313698649406 1.0519481897354126 
v 2.7705459594726562 0.020926199853420258 0.934982180595398 
v 2.760958433151245 0.009540031664073467 0.928249180316925 
v 2.836700677871704 0.010612700134515762 0.7997776865959167 
v 2.8424532413482666 0.020017975941300392 0.8026718497276306 
v 2.8740925788879395 0.009958303533494473 0.6559627056121826 
v 2.8855977058410645 0.021386723965406418 0.6579020023345947 
v 2.894226551055908 0.011067429557442665 0.5083160996437073 
v 2.9018967151641846 0.020511310547590256 0.5083340406417847 
v 2.9229896068573 0.03300374001264572 0.50835782289505 
v 2.907649278640747 0.032745227217674255 0.6617586016654968 
v 2.8625874519348145 0.03249582275748253 0.810365617275238 
v 3.038041114807129 0.061318524181842804 0.8832860589027405 
v 3.093649387359619 0.061635371297597885 0.6992051005363464 
v 3.1128249168395996 0.06193183735013008 0.5084128379821777 
v 3.093649387359619 0.062230128794908524 0.3166617751121521 
v 2.907649278640747 0.033230945467948914 0.35399821400642395 
v 2.8625874519348145 0.03348034620285034 0.20539119839668274 
v 2.8855977058410645 0.021857859566807747 0.3578116297721863 
v 2.670834541320801 0.010208684019744396 1.0471364259719849 
v 3.038041114807129 0.0625469759106636 0.13258086144924164 
v 2.946958541870117 0.06280334293842316 -0.037118807435035706 
v 2.7887625694274902 0.0337078720331192 0.06828923523426056 
v 2.6909685134887695 0.03390258923172951 -0.05155513808131218 
v 2.7705459594726562 0.022318383678793907 0.08073143661022186 
v 2.8424532413482666 0.02097333036363125 0.21303747594356537 
v 2.825195550918579 0.06305274367332458 -0.1857258379459381 
v 2.6765871047973633 0.06325110793113708 -0.30748775601387024 
v 2.5711231231689453 0.03405538201332092 -0.1493481695652008 
v 2.5068860054016113 0.06339114159345627 -0.3985694646835327 
v 2.675628423690796 0.021380992606282234 -0.036238815635442734 
v 2.558659076690674 0.022654954344034195 -0.1311534196138382 
v 2.4340198040008545 0.03419573977589607 -0.22317226231098175 
v 2.426349639892578 0.021665029227733612 -0.20306216180324554 
v 2.423473358154297 0.012210210785269737 -0.19732758402824402 
v 2.279658794403076 0.011419753544032574 -0.2347206473350525 
v 2.670834541320801 0.01196113508194685 -0.031462930142879486 
v 2.551947832107544 0.01123779732733965 -0.1215875968337059 
v 2.322803258895874 0.06349686533212662 -0.45417726039886475 
v 2.2854113578796387 0.03424827754497528 -0.2682338058948517 
v 2.132009267807007 0.06353332102298737 -0.4733523428440094 
v 2.28157639503479 0.022840557619929314 -0.24620406329631805 
v 2.132009267807007 0.012319580651819706 -0.25485286116600037 
v 2.132009267807007 0.021744906902313232 -0.26250502467155457 
v 1.9834007024765015 0.011419753544032574 -0.2347206473350525 
v 2.132009267807007 0.03427744284272194 -0.28357386589050293 
v 1.9402563571929932 0.06349686533212662 -0.45417726039886475 
v 1.977648138999939 0.03424827754497528 -0.2682338058948517 
v 1.9814832210540771 0.022840557619929314 -0.24620406329631805 
v 1.8395861387252808 0.012210210785269737 -0.19732758402824402 
v 1.8290396928787231 0.03419573977589607 -0.22317226231098175 
v 1.7561736106872559 0.06339114159345627 -0.3985694646835327 
v 1.8395861387252808 0.012210210785269737 -0.19732758402824402 
v 1.8367098569869995 0.021665029227733612 -0.20306216180324554 
v 1.7111117839813232 0.01123779732733965 -0.1215875968337059 
v 1.7044004201889038 0.022654954344034195 -0.1311534196138382 
v 1.5922249555587769 0.01196113508194685 -0.031462930142879486 
v 1.5874311923980713 0.021380992606282234 -0.036238815635442734 
v 1.502101182937622 0.010873557068407536 0.0874210000038147 
v 1.4925135374069214 0.022318383678793907 0.08073143661022186 
v 1.4263588190078735 0.011557118035852909 0.2158958464860916 
v 1.420606255531311 0.02097333036363125 0.21303747594356537 
v 1.8367098569869995 0.019359415397047997 1.2187715768814087 
v 1.8395861387252808 0.00992647185921669 1.213001012802124 
v 1.7044004201889038 0.02058962918817997 1.146867036819458 
v 1.7111117839813232 0.009175790473818779 1.137257695198059 
v 1.5874311923980713 0.019610313698649406 1.0519481897354126 
v 1.5922249555587769 0.010208684019744396 1.0471364259719849 
v 1.4925135374069214 0.020926199853420258 0.934982180595398 
v 1.502101182937622 0.009540031664073467 0.928249180316925 
v 1.420606255531311 0.020017975941300392 0.8026718497276306 
v 1.4263588190078735 0.010612700134515762 0.7997776865959167 
v 2.675628423690796 0.021380992606282234 -0.036238815635442734 
v 2.670834541320801 0.01196113508194685 -0.031462930142879486 
v 2.7705459594726562 0.022318383678793907 0.08073143661022186 
v 2.760958433151245 0.010873557068407536 0.0874210000038147 
v 2.8424532413482666 0.02097333036363125 0.21303747594356537 
v 2.836700677871704 0.011557118035852909 0.2158958464860916 
v 2.8855977058410645 0.021857859566807747 0.3578116297721863 
v 2.8740925788879395 0.010455284267663956 0.35970744490623474 
v 2.9018967151641846 0.020511310547590256 0.5083340406417847 
v 2.894226551055908 0.011067429557442665 0.5083160996437073 
v 2.132009267807007 0.009850237518548965 1.27052640914917 
v 2.132009267807007 0.019246399402618408 1.2782143354415894 
v 2.279658794403076 0.008993834257125854 1.250390887260437 
v 2.28157639503479 0.02040402591228485 1.2619175910949707 
v 2.423473358154297 0.00992647185921669 1.213001012802124 
v 2.426349639892578 0.019359415397047997 1.2187715768814087 
v 2.551947832107544 0.009175790473818779 1.137257695198059 
v 2.558659076690674 0.02058962918817997 1.146867036819458 
v 2.670834541320801 0.010208684019744396 1.0471364259719849 
v 2.675628423690796 0.019610313698649406 1.0519481897354126 
vn -0.9913243651390076 0.0524497926235199 0.002268516691401601 
vn -0.9725927114486694 0.05283845588564873 -0.19170866906642914 
vn -0.9913243651390076 0.0524497926235199 0.002268516691401601 
vn -0.9725927114486694 0.05283845588564873 -0.19170866906642914 
vn -0.9164748787879944 0.049438465386629105 -0.3783014714717865 
vn -0.9164748787879944 0.049438465386629105 -0.3783014714717865 
vn -0.8249377012252808 0.04603259637951851 -0.5503124594688416 
vn -0.8249377012252808 0.04603259637951851 -0.5503124594688416 
vn -0.7010321617126465 0.050020404160022736 -0.7010990977287292 
vn -0.7010321617126465 0.050020404160022736 -0.7010990977287292 
vn -0.5503607392311096 0.04657801613211632 -0.8248785734176636 
vn -0.5503607392311096 0.04657801613211632 -0.8248785734176636 
vn -0.38081836700439453 0.05408277362585068 -0.9151754975318909 
vn -0.38081836700439453 0.05408277362585068 -0.9151754975318909 
vn -0.19309788942337036 0.04647262394428253 -0.9726504683494568 
vn -0.19309788942337036 0.04647262394428253 -0.9726504683494568 
vn -4.932186030984697e-15 0.049580249935388565 -0.9914826154708862 
vn -4.932186030984697e-15 0.049580249935388565 -0.9914826154708862 
vn 0.19309788942337036 0.04647262394428253 -0.9726504683494568 
vn 0.19309788942337036 0.04647262394428253 -0.9726504683494568 
vn 0.38081836700439453 0.05408277362585068 -0.9151754975318909 
vn 0.38081836700439453 0.05408277362585068 -0.9151754975318909 
vn -0.9913243651390076 0.0524497926235199 0.002268516691401601 
vn -0.972790539264679 0.048304636031389236 0.19190096855163574 
vn -0.9913243651390076 0.0524497926235199 0.002268516691401601 
vn -0.972790539264679 0.048304636031389236 0.19190096855163574 
vn -0.9162721037864685 0.05167524889111519 0.3784937262535095 
vn -0.9162721037864685 0.05167524889111519 0.3784937262535095 
vn -0.8247291445732117 0.04761413857340813 0.5504904985427856 
vn -0.8247291445732117 0.04761413857340813 0.5504904985427856 
vn -0.7007691264152527 0.05100389942526817 0.7012911438941956 
vn -0.7007691264152527 0.05100389942526817 0.7012911438941956 
vn -0.5497192144393921 0.05069607123732567 0.8250635266304016 
vn -0.5497192144393921 0.05069607123732567 0.8250635266304016 
vn -0.3813299834728241 0.04673480615019798 0.9153671860694885 
vn -0.3813299834728241 0.04673480615019798 0.9153671860694885 
vn -0.19228976964950562 0.04613681137561798 0.9728265404701233 
vn -0.19228976964950562 0.04613681137561798 0.9728265404701233 
vn -0.19228976964950562 0.04613681137561798 0.9728265404701233 
vn 0.001826838473789394 0.045774802565574646 0.991663932800293 
vn -0.19228976964950562 0.04613681137561798 0.9728265404701233 
vn 0.001826838473789394 0.045774802565574646 0.991663932800293 
vn 0.19135308265686035 0.04974547028541565 0.9728333950042725 
vn 0.19135308265686035 0.04974547028541565 0.9728333950042725 
vn 0.3808404803276062 0.050441402941942215 0.915374219417572 
vn 0.3808404803276062 0.050441402941942215 0.915374219417572 
vn 0.5497192144393921 0.05069607123732567 0.8250635266304016 
vn 0.5497192144393921 0.05069607123732567 0.8250635266304016 
vn 0.7007691264152527 0.05100389942526817 0.7012911438941956 
vn 0.7007691264152527 0.05100389942526817 0.7012911438941956 
vn 0.8245000243186951 0.05135240778326988 0.5504975914955139 
vn 0.8245000243186951 0.05135240778326988 0.5504975914955139 
vn 0.9162721037864685 0.05167524889111519 0.3784937262535095 
vn 0.9162721037864685 0.05167524889111519 0.3784937262535095 
vn 0.9162721037864685 0.05167524889111519 0.3784937262535095 
vn 0.9725961685180664 0.05204493924975395 0.1919080764055252 
vn 0.9162721037864685 0.05167524889111519 0.3784937262535095 
vn 0.9725961685180664 0.05204493924975395 0.1919080764055252 
vn 0.9913243651390076 0.0524497926235199 0.002268516691401601 
vn 0.9913243651390076 0.0524497926235199 0.002268516691401601 
vn 0.9725927114486694 0.05283845588564873 -0.19170866906642914 
vn 0.9725927114486694 0.05283845588564873 -0.19170866906642914 
vn 0.9166662693023682 0.04569397494196892 -0.37830859422683716 
vn 0.9166662693023682 0.04569397494196892 -0.37830859422683716 
vn 0.8249377012252808 0.04603259637951851 -0.5503124594688416 
vn 0.8249377012252808 0.04603259637951851 -0.5503124594688416 
vn 0.7012819051742554 0.04628055915236473 -0.7011061906814575 
vn 0.7012819051742554 0.04628055915236473 -0.7011061906814575 
vn 0.5503607392311096 0.04657801613211632 -0.8248785734176636 
vn 0.5503607392311096 0.04657801613211632 -0.8248785734176636 
vn 0.38081836700439453 0.05408277362585068 -0.9151754975318909 
vn 0.38081836700439453 0.05408277362585068 -0.9151754975318909 
vn 0.24590690433979034 0.8869079947471619 0.37204709649086 
vn 0.24590690433979034 0.8869079947471619 0.37204709649086 
vn 0.1676228791475296 0.8875330686569214 0.41192626953125 
vn 0.06922539323568344 0.9759393334388733 0.16806647181510925 
vn 0.10283845663070679 0.9757757782936096 0.15093617141246796 
vn 0.31237176060676575 0.8880664110183716 0.3150497376918793 
vn 0.12896478176116943 0.9757580757141113 0.12946023046970367 
vn 0.36883363127708435 0.8875311017036438 0.24848362803459167 
vn 0.022473201155662537 0.9917104840278625 0.038746584206819534 
vn 0.02996685542166233 0.9916722178459167 0.03441156819462776 
vn 0.014980272389948368 0.9916731715202332 0.04308075085282326 
vn 0.035602595657110214 0.9762357473373413 0.17661331593990326 
vn 0.0879175141453743 0.885841429233551 0.43937617540359497 
vn 0.0879175141453743 0.885841429233551 0.43937617540359497 
vn -9.174230114743914e-14 0.8863158822059631 0.4471467435359955 
vn -0.001872751978226006 0.9761016964912415 0.18088123202323914 
vn -0.03185635805130005 0.9763651490211487 0.17661355435848236 
vn -0.0018744993722066283 0.9915868043899536 0.04741404578089714 
vn -0.007490349467843771 0.9917579889297485 0.04308091476559639 
vn -0.014980272389948368 0.9916731715202332 0.04308075085282326 
vn -0.06548923254013062 0.9761970639228821 0.16806696355342865 
vn -0.08418776839971542 0.8862033486366272 0.4393768608570099 
vn 0.007490349467843771 0.9917579889297485 0.04308091476559639 
vn 0.1730225682258606 0.8846544623374939 0.41586676239967346 
vn -0.1676228791475296 0.8875330686569214 0.41192626953125 
vn -0.08418776839971542 0.8862033486366272 0.4393768608570099 
vn -0.001871428801678121 0.8843516707420349 0.4510151147842407 
vn 0.03372975438833237 0.9799293875694275 0.1552310436964035 
vn 0.06367950141429901 0.9784401655197144 0.15522821247577667 
vn 0.08419821411371231 0.9800573587417603 0.13376878201961517 
vn 0.0018738906364887953 0.9791138768196106 0.16379456222057343 
vn -1.0265779789827081e-13 0.9927214980125427 -0.0002813911996781826 
vn -0.03372975438833237 0.9799293875694275 0.1552310436964035 
vn -0.16934646666049957 0.8853649497032166 0.4158681333065033 
vn -0.24951224029064178 0.8859012722969055 0.3720451593399048 
vn -0.24951224029064178 0.8859012722969055 0.3720451593399048 
vn -0.0991118773818016 0.9761612415313721 0.15093691647052765 
vn -0.022473201155662537 0.9917104840278625 0.038746584206819534 
vn -0.02996685542166233 0.9916722178459167 0.03441156819462776 
vn -0.1252472698688507 0.976242184638977 0.1294611543416977 
vn -0.14935949444770813 0.9763851761817932 0.09929514676332474 
vn -0.03746466338634491 0.9916803240776062 0.025739913806319237 
vn -0.03747110068798065 0.9918673038482666 0.017066780477762222 
vn -0.16788408160209656 0.9759837985038757 0.06903695315122604 
vn -0.17884552478790283 0.9758727550506592 0.034381527453660965 
vn -0.04496491327881813 0.9916671514511108 0.008391750045120716 
vn -0.04496577009558678 0.9917026162147522 -0.0002833284088410437 
vn -0.17894117534160614 0.9764606952667236 -0.00031230697641149163 
vn -0.1788182109594345 0.9758556485176086 -0.035005759447813034 
vn -0.04496319591999054 0.9916622638702393 -0.008958385325968266 
vn -0.03747110068798065 0.9919250011444092 -0.013295106589794159 
vn -0.16788408160209656 0.9762392640113831 -0.0653253048658371 
vn -0.1492936909198761 0.9763336777687073 -0.09989826381206512 
vn -0.03746466338634491 0.9917710423469543 -0.021968888118863106 
vn -0.02996685542166233 0.9917958974838257 -0.030640510842204094 
vn -0.1252472698688507 0.9767273664474487 -0.12574808299541473 
vn -0.0991118773818016 0.976728081703186 -0.14722399413585663 
vn -0.022473201155662537 0.9918506741523743 -0.03497534990310669 
vn -0.014980272389948368 0.9918298125267029 -0.039309628307819366 
vn -0.06743944436311722 0.9766963124275208 -0.16435404121875763 
vn -0.03185635805130005 0.9770296216011047 -0.17289967834949493 
vn -0.009372362866997719 0.9917174577713013 -0.043643299490213394 
vn -0.0018744993722066283 0.9917599558830261 -0.04364321753382683 
vn 0.0037500758189707994 0.9767770767211914 -0.1771683394908905 
vn 0.035602595657110214 0.9769002199172974 -0.17289993166923523 
vn 0.005623471457511187 0.9917457699775696 -0.04364324361085892 
vn 0.014980272389948368 0.9918298125267029 -0.039309628307819366 
vn 0.06743944436311722 0.9766963124275208 -0.16435404121875763 
vn 0.10283845663070679 0.9763426780700684 -0.14722472429275513 
vn 0.022473201155662537 0.9918506741523743 -0.03497534990310669 
vn 0.02996685542166233 0.9917958974838257 -0.030640510842204094 
vn 0.12896478176116943 0.9762433171272278 -0.12574900686740875 
vn 0.1492936909198761 0.9763336777687073 -0.09989826381206512 
vn 0.03746466338634491 0.9917710423469543 -0.021968888118863106 
vn 0.03747110068798065 0.9919250011444092 -0.013295106589794159 
vn 0.16788408160209656 0.9762392640113831 -0.0653253048658371 
vn 0.1788182109594345 0.9758556485176086 -0.035005759447813034 
vn 0.04496319591999054 0.9916622638702393 -0.008958385325968266 
vn 0.04496577009558678 0.9917026162147522 -0.0002833284088410437 
vn 0.17894117534160614 0.9764606952667236 -0.00031230697641149163 
vn 0.17884552478790283 0.9758727550506592 0.034381527453660965 
vn 0.04496491327881813 0.9916671514511108 0.008391750045120716 
vn 0.03747110068798065 0.9918673038482666 0.017066780477762222 
vn 0.16788408160209656 0.9759837985038757 0.06903695315122604 
vn 0.14935949444770813 0.9763851761817932 0.09929514676332474 
vn 0.03746466338634491 0.9916803240776062 0.025739913806319237 
vn 0.41368305683135986 0.8858426213264465 0.17216995358467102 
vn 0.4359750747680664 0.8872601389884949 0.09048878401517868 
vn 0.4480074346065521 0.8858791589736938 -0.0004845245857723057 
vn 0.4359750747680664 0.8875977993011475 -0.0871143490076065 
vn 0.41368305683135986 0.8864908814430237 -0.16880030930042267 
vn 0.36883363127708435 0.8884695172309875 -0.2451070249080658 
vn 0.3162100315093994 0.886444091796875 -0.31578877568244934 
vn 0.2516305446624756 0.8867107033729553 -0.36867499351501465 
vn 0.17140856385231018 0.886543333530426 -0.4124992787837982 
vn 0.0879175141453743 0.8875057697296143 -0.4360046088695526 
vn -0.001875561662018299 0.8880078196525574 -0.4437732994556427 
vn -0.08418776839971542 0.8878676295280457 -0.4360039234161377 
vn -0.17140856385231018 0.886543333530426 -0.4124992787837982 
vn -0.2516305446624756 0.8867107033729553 -0.36867499351501465 
vn -0.3162100315093994 0.886444091796875 -0.31578877568244934 
vn -0.36883363127708435 0.8884695172309875 -0.2451070249080658 
vn -0.41368305683135986 0.8864908814430237 -0.16880030930042267 
vn -0.439334899187088 0.8859392404556274 -0.087117500603199 
vn -0.4480074346065521 0.8858791589736938 -0.0004845245857723057 
vn -0.439334899187088 0.8856015801429749 0.09048563241958618 
vn -0.41368305683135986 0.8858426213264465 0.17216995358467102 
vn -0.36883363127708435 0.8875311017036438 0.24848362803459167 
vn -0.31237176060676575 0.8880664110183716 0.3150497376918793 
vn -0.32111096382141113 0.8834720849990845 0.3191538155078888 
vn -0.36883363127708435 0.8875311017036438 0.24848362803459167 
vn -0.41368305683135986 0.8858426213264465 0.17216995358467102 
vn -0.439334899187088 0.8856015801429749 0.09048563241958618 
vn -0.4480074346065521 0.8858791589736938 -0.0004845245857723057 
vn -0.439334899187088 0.8859392404556274 -0.087117500603199 
vn -0.41368305683135986 0.8864908814430237 -0.16880030930042267 
vn -0.36883363127708435 0.8884695172309875 -0.2451070249080658 
vn -0.3162100315093994 0.886444091796875 -0.31578877568244934 
vn -0.24441127479076385 0.8887293338775635 -0.368671178817749 
vn -0.17140856385231018 0.886543333530426 -0.4124992787837982 
vn -0.08418776839971542 0.8878676295280457 -0.4360039234161377 
vn 0.0037478934973478317 0.886054277420044 -0.44764915108680725 
vn 0.0879175141453743 0.8875057697296143 -0.4360046088695526 
vn 0.17140856385231018 0.886543333530426 -0.4124992787837982 
vn 0.24441127479076385 0.8887293338775635 -0.368671178817749 
vn 0.3162100315093994 0.886444091796875 -0.31578877568244934 
vn 0.36883363127708435 0.8884695172309875 -0.2451070249080658 
vn 0.41368305683135986 0.8864908814430237 -0.16880030930042267 
vn 0.4359750747680664 0.8875977993011475 -0.0871143490076065 
vn 0.4480074346065521 0.8858791589736938 -0.0004845245857723057 
vn 0.4359750747680664 0.8872601389884949 0.09048878401517868 
vn 0.41368305683135986 0.8858426213264465 0.17216995358467102 
vn 0.36883363127708435 0.8875311017036438 0.24848362803459167 
vn 0.31758826971054077 0.8847436904907227 0.3191562294960022 
vn 0.11771290004253387 0.9788030982017517 0.11655058711767197 
vn -0.06367950141429901 0.9784401655197144 0.15522821247577667 
vn -0.0879305750131607 0.9797297120094299 0.13376817107200623 
vn 0.12890085577964783 0.9801326990127563 0.09066535532474518 
vn 0.15669116377830505 0.9796739220619202 0.03438875451683998 
vn 0.15479806065559387 0.9784402847290039 0.06471334397792816 
vn 0.1641732156276703 0.979051947593689 -0.0003073803673032671 
vn 0.15669116377830505 0.9797976016998291 -0.030663322657346725 
vn 0.15479806065559387 0.9786792993545532 -0.06099238246679306 
vn 0.12890085577964783 0.9804703593254089 -0.08693777024745941 
vn 0.11771290004253387 0.9792391657829285 -0.11282787472009659 
vn 0.08419821411371231 0.9805589318275452 -0.1300411820411682 
vn 0.06367950141429901 0.9790233373641968 -0.15150658786296844 
vn 0.03372975438833237 0.9805126190185547 -0.1515037566423416 
vn -1.0120893110133339e-13 0.9790226221084595 -0.16434961557388306 
vn -0.03372975438833237 0.9805126190185547 -0.1515037566423416 
vn -0.06367950141429901 0.9790233373641968 -0.15150658786296844 
vn -0.0879305750131607 0.9802312850952148 -0.13004180788993835 
vn -0.11399299651384354 0.97967928647995 -0.11282703280448914 
vn -0.1326148808002472 0.9799748659133911 -0.08693871647119522 
vn -0.15109755098819733 0.9792575240135193 -0.060991283506155014 
vn -0.15669116377830505 0.9797976016998291 -0.030663322657346725 
vn -0.1641732156276703 0.979051947593689 -0.0003073803673032671 
vn -0.15669116377830505 0.9796739220619202 0.03438875451683998 
vn -0.15109755098819733 0.97901850938797 0.0647144466638565 
vn -0.1326148808002472 0.9796372056007385 0.09066441655158997 
vn -0.11399299651384354 0.9792432188987732 0.11655142158269882 
vn 0.18252339959144592 -0.9587754011154175 0.18146732449531555 
vn 0.09729937463998795 -0.9833083152770996 0.09556929022073746 
vn 0.07301369309425354 -0.9840685129165649 0.10850905627012253 
vn 0.10843022912740707 -0.9840061664581299 0.07396316528320312 
vn 3.075325638677434e-13 -0.9927214980125427 0.0002813911996781826 
vn 0.21540716290473938 -0.9584649205207825 0.14296889305114746 
vn 0.23754440248012543 -0.9591274857521057 0.09561526030302048 
vn 0.1326320618391037 -0.9824289083480835 0.05232517421245575 
vn 0.2575138807296753 -0.9575352072715759 0.04804087057709694 
vn 0.13447436690330505 -0.9832189679145813 0.026321252807974815 
vn 0.25934553146362305 -0.9582456350326538 0.00034693823545239866 
vn 0.14195208251476288 -0.982519805431366 0.00030078706913627684 
vn 0.2575138807296753 -0.9573456048965454 -0.0516815260052681 
vn 0.1344897598028183 -0.9832326769828796 -0.025723852217197418 
vn 0.23754440248012543 -0.9587569832801819 -0.09926162660121918 
vn 0.1326320618391037 -0.982222855091095 -0.05606045946478844 
vn 0.21383552253246307 -0.9582662582397461 -0.14661307632923126 
vn 0.10843022912740707 -0.9837178587913513 -0.0777042880654335 
vn 0.18252339959144592 -0.9580784440040588 -0.18511173129081726 
vn 0.09729937463998795 -0.9829378128051758 -0.0993076041340828 
vn 0.1418979912996292 -0.9577877521514893 -0.21909645199775696 
vn 0.07301369309425354 -0.9836487770080566 -0.11225017160177231 
vn 0.09725208580493927 -0.9583000540733337 -0.2402060478925705 
vn 0.05433120205998421 -0.9827414155006409 -0.1294735074043274 
vn 0.05245465412735939 -0.9574395418167114 -0.2570098638534546 
vn 0.024351228028535843 -0.9833652973175049 -0.13377508521080017 
vn -0.001874449080787599 -0.9577406644821167 -0.26119983196258545 
vn 3.0443770876638354e-13 -0.9824601411819458 -0.14236648380756378 
vn -0.05245465412735939 -0.9574395418167114 -0.2570098638534546 
vn -0.028096619993448257 -0.9832654595375061 -0.13377489149570465 
vn -0.09725208580493927 -0.9583000540733337 -0.2402060478925705 
vn -0.050587646663188934 -0.982941210269928 -0.12947389483451843 
vn -0.1418979912996292 -0.9577877521514893 -0.21909645199775696 
vn -0.07675059884786606 -0.9833642840385437 -0.11224962770938873 
vn -0.18252339959144592 -0.9580784440040588 -0.18511173129081726 
vn -0.09729937463998795 -0.9829378128051758 -0.0993076041340828 
vn -0.21749292314052582 -0.9574430584907532 -0.1466115117073059 
vn -0.10843022912740707 -0.9837178587913513 -0.0777042880654335 
vn -0.23754440248012543 -0.9587569832801819 -0.09926162660121918 
vn -0.12891747057437897 -0.9827172756195068 -0.05606139823794365 
vn -0.2538924515247345 -0.9583122730255127 -0.05168336629867554 
vn -0.1344897598028183 -0.9832326769828796 -0.025723852217197418 
vn -0.25934553146362305 -0.9582456350326538 0.00034693823545239866 
vn -0.14195208251476288 -0.982519805431366 0.00030078706913627684 
vn -0.2538924515247345 -0.9585018754005432 0.0480390340089798 
vn -0.13447436690330505 -0.9832189679145813 0.026321252807974815 
vn -0.23754440248012543 -0.9591274857521057 0.09561526030302048 
vn -0.12891747057437897 -0.9829233288764954 0.05232423543930054 
vn -0.21540716290473938 -0.9584649205207825 0.14296889305114746 
vn -0.10843022912740707 -0.9840061664581299 0.07396316528320312 
vn -0.18252339959144592 -0.9587754011154175 0.18146732449531555 
vn -0.09729937463998795 -0.9833083152770996 0.09556929022073746 
vn -0.1418979912996292 -0.958613932132721 0.2154529094696045 
vn -0.07675059884786606 -0.983784019947052 0.1085096001625061 
vn -0.09725208580493927 -0.9592065215110779 0.2365604043006897 
vn -0.050587646663188934 -0.9834263920783997 0.125735342502594 
vn -0.050520263612270355 -0.9585138559341431 0.25336718559265137 
vn -0.028096619993448257 -0.9837669730186462 0.13003508746623993 
vn 2.977015877737854e-13 -0.9587287902832031 0.25755614042282104 
vn 3.0443770876638354e-13 -0.9829943776130676 0.13862967491149902 
vn 0.05425864830613136 -0.9583094120025635 0.2533675730228424 
vn 0.024351228028535843 -0.9838668704032898 0.1300348937511444 
vn 0.09725208580493927 -0.9592065215110779 0.2365604043006897 
vn 0.05433120205998421 -0.9832266569137573 0.12573572993278503 
vn 0.1418979912996292 -0.958613932132721 0.2154529094696045 
vn -0.6837018132209778 -0.6606331467628479 -0.28566446900367737 
vn -0.7274109721183777 -0.6595692038536072 -0.14604517817497253 
vn -0.5661264657974243 -0.7806780338287354 -0.23565538227558136 
vn -0.6026906967163086 -0.7795761227607727 -0.12047924846410751 
vn -0.3040931820869446 -0.9430714845657349 -0.06031661853194237 
vn -0.28452199697494507 -0.9433724880218506 -0.12079066783189774 
vn -0.5085636973381042 -0.7802944183349609 -0.3435046076774597 
vn -0.25914260745048523 -0.9426878690719604 -0.17227803170681 
vn -0.4312187135219574 -0.7810730934143066 -0.43527957797050476 
vn -0.2155437022447586 -0.9439515471458435 -0.21907015144824982 
vn -0.33885109424591064 -0.7803754806518555 -0.5115547776222229 
vn -0.1715099960565567 -0.9434190988540649 -0.25698322057724 
vn -0.23654510080814362 -0.7803305983543396 -0.5662382245063782 
vn -0.743054986000061 -0.6582975387573242 0.0009172126883640885 
vn -0.10665252804756165 -0.9810563325881958 -0.10793349891901016 
vn -0.08605804294347763 -0.9810316562652588 -0.12516744434833527 
vn -0.12523293495178223 -0.9809978604316711 -0.08634595572948456 
vn -0.1363108903169632 -0.9814622402191162 -0.06038960814476013 
vn -0.14930790662765503 -0.9809686541557312 -0.03005565144121647 
vn -0.3096151649951935 -0.9432035088539124 0.00037553702713921666 
vn -0.6122236847877502 -0.781454861164093 0.0006830606143921614 
vn -0.7305086255073547 -0.6566887497901917 0.14354264736175537 
vn -0.6026906967163086 -0.7800285816192627 0.11751406639814377 
vn -0.6869333386421204 -0.6583564877510071 0.28315675258636475 
vn -0.5661264657974243 -0.7815684676170349 0.2326851785182953 
vn -0.28452199697494507 -0.9438249468803406 0.11720264703035355 
vn -0.3040931820869446 -0.9432939887046814 0.056730177253484726 
vn -0.14930790662765503 -0.9810758233070374 0.026325326412916183 
vn -0.1493677943944931 -0.9814198613166809 0.0003028784121852368 
vn -0.1363108903169632 -0.9816848039627075 0.05665718764066696 
vn -0.12523293495178223 -0.9813191294670105 0.08261511474847794 
vn -0.25914260745048523 -0.9433361291885376 0.1686922311782837 
vn -0.2155437022447586 -0.9447777271270752 0.21547921001911163 
vn -0.5126860737800598 -0.77889484167099 0.34054020047187805 
vn -0.43560510873794556 -0.7802873253822327 0.4323110580444336 
vn -0.16945700347423553 -0.9447601437568665 0.2533933222293854 
vn -0.34354737401008606 -0.7802614569664001 0.508587658405304 
vn -0.11578619480133057 -0.9445737600326538 0.28261256217956543 
vn -0.08605804294347763 -0.981500506401062 0.12143618613481522 
vn -0.05800597742199898 -0.9818782806396484 0.13433653116226196 
vn -0.02995022013783455 -0.9819223880767822 0.14292429387569427 
vn -0.05991412326693535 -0.9433454275131226 0.30332425236701965 
vn -0.23441705107688904 -0.7831190824508667 0.5632657408714294 
vn -0.1229543536901474 -0.779846727848053 0.6018447875976562 
vn -0.1448952704668045 -0.6602552533149719 0.7270241379737854 
vn -0.2854783535003662 -0.6599734425544739 0.6844208240509033 
vn -0.10466248542070389 -0.9816738963127136 0.10420186817646027 
vn 0.0018705816473811865 -0.659954309463501 0.7415879964828491 
vn -0.0018714427715167403 -0.7815353870391846 0.6121233105659485 
vn -0.001873275963589549 -0.9439111948013306 0.3074479103088379 
vn 0.05991412326693535 -0.9433454275131226 0.30332425236701965 
vn 0.02995022013783455 -0.9819223880767822 0.14292429387569427 
vn 0.11578619480133057 -0.9445737600326538 0.28261256217956543 
vn 0.05426759272813797 -0.9820920825004578 0.13433612883090973 
vn 0.08605804294347763 -0.981500506401062 0.12143618613481522 
vn 0.17314079403877258 -0.9440916180610657 0.25339460372924805 
vn 0.23800122737884521 -0.782035768032074 0.5632677674293518 
vn 0.1229543536901474 -0.779846727848053 0.6018447875976562 
vn -0.0018732274184003472 -0.981743574142456 0.14721445739269257 
vn 0.34012001752853394 -0.78176349401474 0.5085847973823547 
vn 0.2155437022447586 -0.9447777271270752 0.21547921001911163 
vn 0.10466248542070389 -0.9816738963127136 0.10420186817646027 
vn 0.12151385843753815 -0.9817866683006287 0.0826142206788063 
vn 0.25914260745048523 -0.9433361291885376 0.1686922311782837 
vn 0.432331919670105 -0.7821075320243835 0.4323076009750366 
vn 0.5126860737800598 -0.77889484167099 0.34054020047187805 
vn 0.619821310043335 -0.6563493013381958 0.4129369556903839 
vn 0.6869333386421204 -0.6583564877510071 0.28315675258636475 
vn 0.5630889534950256 -0.7837610244750977 0.232681006193161 
vn 0.7305086255073547 -0.6566887497901917 0.14354264736175537 
vn 0.6026906967163086 -0.7800285816192627 0.11751406639814377 
vn 0.743054986000061 -0.6582975387573242 0.0009172126883640885 
vn 0.6122236847877502 -0.781454861164093 0.0006830606143921614 
vn 0.3096151649951935 -0.9432035088539124 0.00037553702713921666 
vn 0.30052533745765686 -0.9444369077682495 0.05672800540924072 
vn 0.28452199697494507 -0.9438249468803406 0.11720264703035355 
vn 0.1400207281112671 -0.9811624884605408 0.05665818229317665 
vn 0.14930790662765503 -0.9810758233070374 0.026325326412916183 
vn 0.1493677943944931 -0.9814198613166809 0.0003028784121852368 
vn 0.14930790662765503 -0.9809686541557312 -0.03005565144121647 
vn 0.30052533745765686 -0.9442143440246582 -0.06031879410147667 
vn 0.28452199697494507 -0.9433724880218506 -0.12079066783189774 
vn 0.6026906967163086 -0.7795761227607727 -0.12047924846410751 
vn 0.5253578424453735 -0.6597800254821777 0.523622989654541 
vn 0.1400207281112671 -0.9809399843215942 -0.06038861721754074 
vn 0.12151385843753815 -0.9814654588699341 -0.08634684234857559 
vn 0.25914260745048523 -0.9426878690719604 -0.17227803170681 
vn 0.2155437022447586 -0.9439515471458435 -0.21907015144824982 
vn 0.5117009282112122 -0.7782424092292786 -0.34350070357322693 
vn 0.5630889534950256 -0.7828705906867981 -0.23565955460071564 
vn 0.10292420536279678 -0.9814543724060059 -0.10793425142765045 
vn 0.08605804294347763 -0.9810316562652588 -0.12516744434833527 
vn 0.1715099960565567 -0.9434190988540649 -0.25698322057724 
vn 0.059947431087493896 -0.9812437295913696 -0.13806891441345215 
vn 0.4312187135219574 -0.7810730934143066 -0.43527957797050476 
vn 0.33885109424591064 -0.7803754806518555 -0.5115547776222229 
vn 0.12151029706001282 -0.9427725672721863 -0.2862008810043335 
vn 0.23654510080814362 -0.7803305983543396 -0.5662382245063782 
vn 0.2863745391368866 -0.6569769978523254 -0.6869246959686279 
vn 0.14331553876399994 -0.6578314304351807 -0.7295301556587219 
vn 0.5245198607444763 -0.6584515571594238 -0.5261292457580566 
vn 0.41238877177238464 -0.6581624746322632 -0.618264377117157 
vn 0.02811296656727791 -0.9814262390136719 -0.14665710926055908 
vn 0.06179250031709671 -0.9433988928794861 -0.3027808964252472 
vn -0.0018732274184003472 -0.9811767339706421 -0.1509464532136917 
vn 0.11961618810892105 -0.7780723571777344 -0.6048067808151245 
vn 2.0400963362220137e-13 -0.6571323275566101 -0.7440921068191528 
vn 0.0037485978100448847 -0.7791954278945923 -0.6150906682014465 
vn -0.1469787359237671 -0.6570243239402771 -0.7295286059379578 
vn -0.001873275963589549 -0.9427353143692017 -0.3110348880290985 
vn -0.031860124319791794 -0.9813117384910583 -0.14665688574314117 
vn -0.05805236101150513 -0.9436362981796265 -0.302781343460083 
vn -0.11961618810892105 -0.7780723571777344 -0.6048067808151245 
vn -0.2829296290874481 -0.6584649682044983 -0.6869274973869324 
vn -0.1177910566329956 -0.943244218826294 -0.2862017750740051 
vn -0.059947431087493896 -0.9812437295913696 -0.13806891441345215 
vn -0.2829296290874481 -0.6584649682044983 -0.6869274973869324 
vn -0.23654510080814362 -0.7803305983543396 -0.5662382245063782 
vn -0.41238877177238464 -0.6581624746322632 -0.618264377117157 
vn -0.33885109424591064 -0.7803754806518555 -0.5115547776222229 
vn -0.5245198607444763 -0.6584515571594238 -0.5261292457580566 
vn -0.4312187135219574 -0.7810730934143066 -0.43527957797050476 
vn -0.6191155910491943 -0.6554408669471741 -0.4154309928417206 
vn -0.5085636973381042 -0.7802944183349609 -0.3435046076774597 
vn -0.6837018132209778 -0.6606331467628479 -0.28566446900367737 
vn -0.5661264657974243 -0.7806780338287354 -0.23565538227558136 
vn -0.23441705107688904 -0.7831190824508667 0.5632657408714294 
vn -0.2854783535003662 -0.6599734425544739 0.6844208240509033 
vn -0.34354737401008606 -0.7802614569664001 0.508587658405304 
vn -0.4165741205215454 -0.6578723192214966 0.6157622933387756 
vn -0.43560510873794556 -0.7802873253822327 0.4323110580444336 
vn -0.5224253535270691 -0.6621080040931702 0.5236185789108276 
vn -0.5126860737800598 -0.77889484167099 0.34054020047187805 
vn -0.617095410823822 -0.6589159965515137 0.41293206810951233 
vn -0.5661264657974243 -0.7815684676170349 0.2326851785182953 
vn -0.6869333386421204 -0.6583564877510071 0.28315675258636475 
vn 0.4312187135219574 -0.7810730934143066 -0.43527957797050476 
vn 0.5245198607444763 -0.6584515571594238 -0.5261292457580566 
vn 0.5117009282112122 -0.7782424092292786 -0.34350070357322693 
vn 0.6191155910491943 -0.6554408669471741 -0.4154309928417206 
vn 0.5630889534950256 -0.7828705906867981 -0.23565955460071564 
vn 0.686302661895752 -0.6579329967498779 -0.2856593430042267 
vn 0.6026906967163086 -0.7795761227607727 -0.12047924846410751 
vn 0.7299244999885559 -0.6567876935005188 -0.14603988826274872 
vn 0.6122236847877502 -0.781454861164093 0.0006830606143921614 
vn 0.743054986000061 -0.6582975387573242 0.0009172126883640885 
vn 0.0018705816473811865 -0.659954309463501 0.7415879964828491 
vn -0.0018714427715167403 -0.7815353870391846 0.6121233105659485 
vn 0.1448952704668045 -0.6602552533149719 0.7270241379737854 
vn 0.1229543536901474 -0.779846727848053 0.6018447875976562 
vn 0.28204289078712463 -0.6614518165588379 0.6844180226325989 
vn 0.23800122737884521 -0.782035768032074 0.5632677674293518 
vn 0.413409948348999 -0.6598688364028931 0.61575847864151 
vn 0.34012001752853394 -0.78176349401474 0.5085847973823547 
vn 0.5253578424453735 -0.6597800254821777 0.523622989654541 
vn 0.432331919670105 -0.7821075320243835 0.4323076009750366 
vt 0.35493290424346924 0.004153110086917877 
vt 0.3913174867630005 0.006696839816868305 
vt 0.35493290424346924 0.0063334498554468155 
vt 0.3913174867630005 0.008756049908697605 
vt 0.4341086447238922 0.010815260000526905 
vt 0.4341086447238922 0.008756049908697605 
vt 0.4817349910736084 0.010209609754383564 
vt 0.4816141128540039 0.012389950454235077 
vt 0.5321415066719055 0.013358989730477333 
vt 0.5321415066719055 0.011178649961948395 
vt 0.5836359858512878 0.011542039923369884 
vt 0.5836359858512878 0.013601250015199184 
vt 0.6341633796691895 0.013358989730477333 
vt 0.6341633796691895 0.011178649961948395 
vt 0.6816688179969788 0.010209609754383564 
vt 0.6816688179969788 0.012389950454235077 
vt 0.7244600057601929 0.008756049908697605 
vt 0.7244600057601929 0.010936389677226543 
vt 0.7608445882797241 0.006696839816868305 
vt 0.7609654664993286 0.008877179585397243 
vt 0.7894929051399231 0.004274240229278803 
vt 0.7896137833595276 0.0063334498554468155 
vt 0.7997676134109497 0.3371394872665405 
vt 0.7980753183364868 0.2943805754184723 
vt 0.7977126836776733 0.3372606039047241 
vt 0.795899510383606 0.2943805754184723 
vt 0.794690728187561 0.2468976229429245 
vt 0.7968665361404419 0.2468976229429245 
vt 0.7962621450424194 0.1963864266872406 
vt 0.7940863370895386 0.1963864266872406 
vt 0.7940863370895386 0.1449061632156372 
vt 0.7961412668228149 0.1449061632156372 
vt 0.7968665361404419 0.09439495950937271 
vt 0.794690728187561 0.09439495950937271 
vt 0.795899510383606 0.046790871769189835 
vt 0.7980753183364868 0.046911999583244324 
vt 0.7997676134109497 0.0040319799445569515 
vt 0.7977126836776733 0.0040319799445569515 
vt 0.8076247572898865 0.3372606039047241 
vt 0.8059324622154236 0.29450172185897827 
vt 0.8098005652427673 0.3371394872665405 
vt 0.8079873919487 0.2943805754184723 
vt 0.806778609752655 0.2468976229429245 
vt 0.8046028017997742 0.2468976229429245 
vt 0.8039984107017517 0.1963864266872406 
vt 0.8061742186546326 0.1963864266872406 
vt 0.8061742186546326 0.1449061632156372 
vt 0.8039984107017517 0.1449061632156372 
vt 0.8046028017997742 0.09439495950937271 
vt 0.806778609752655 0.09439495950937271 
vt 0.8079873919487 0.046911999583244324 
vt 0.8059324622154236 0.046790871769189835 
vt 0.8076247572898865 0.0040319799445569515 
vt 0.8098005652427673 0.0040319799445569515 
vt 0.763503909111023 0.01844644919037819 
vt 0.7207127809524536 0.02050565928220749 
vt 0.7636247873306274 0.02050565928220749 
vt 0.7208336591720581 0.02256486937403679 
vt 0.6732073426246643 0.024139560759067535 
vt 0.6732073426246643 0.021959219127893448 
vt 0.6226798892021179 0.022928260266780853 
vt 0.6228007674217224 0.02510860003530979 
vt 0.5713062882423401 0.02535085938870907 
vt 0.5713062882423401 0.02329164929687977 
vt 0.5207788944244385 0.022928260266780853 
vt 0.5207788944244385 0.02510860003530979 
vt 0.4731525778770447 0.024139560759067535 
vt 0.47327345609664917 0.021959219127893448 
vt 0.43048226833343506 0.02050565928220749 
vt 0.43036139011383057 0.022686000913381577 
vt 0.3939768373966217 0.020626790821552277 
vt 0.3939768373966217 0.01844644919037819 
vt 0.5393942594528198 0.5987802743911743 
vt 0.533229410648346 0.5952675342559814 
vt 0.5175151824951172 0.6353615522384644 
vt 0.5015591382980347 0.630395233631134 
vt 0.5182404518127441 0.5869095325469971 
vt 0.5554711818695068 0.5589284896850586 
vt 0.5425370931625366 0.5477845668792725 
vt 0.5841194987297058 0.5281614661216736 
vt 0.46759212017059326 0.5585651397705078 
vt 0.4981745183467865 0.5092651844024658 
vt 0.44655919075012207 0.6131947636604309 
vt 0.49297672510147095 0.676303505897522 
vt 0.5098997950553894 0.6778781414031982 
vt 0.5167899131774902 0.6786049604415894 
vt 0.5096580386161804 0.721121609210968 
vt 0.49297672510147095 0.7231807708740234 
vt 0.5015591382980347 0.7688468098640442 
vt 0.435921847820282 0.7298429608345032 
vt 0.44668006896972656 0.7873796820640564 
vt 0.46771299839019775 0.8415247797966003 
vt 0.5183613300323486 0.8119691014289856 
vt 0.5177569389343262 0.7635170817375183 
vt 0.435921847820282 0.6709737777709961 
vt 0.5230755805969238 0.637057363986969 
vt 0.532987654209137 0.803368866443634 
vt 0.5245261192321777 0.7612156271934509 
vt 0.515460193157196 0.7205159068107605 
vt 0.5241634845733643 0.6792106032371521 
vt 0.5299656987190247 0.6392377018928528 
vt 0.5458008646965027 0.6024141907691956 
vt 0.5225920677185059 0.7196680307388306 
vt 0.7149105668067932 0.6971378326416016 
vt 0.5314162373542786 0.7587929964065552 
vt 0.5381854772567749 0.8003405928611755 
vt 0.561152458190918 0.834135890007019 
vt 0.5557129383087158 0.8388599157333374 
vt 0.5426579713821411 0.8504884243011475 
vt 0.498295396566391 0.8900979161262512 
vt 0.5370975732803345 0.9311609864234924 
vt 0.5734821557998657 0.8833146691322327 
vt 0.609866738319397 0.9088730812072754 
vt 0.5827898383140564 0.9633815884590149 
vt 0.6336798667907715 0.9853060841560364 
vt 0.6502403020858765 0.9263157844543457 
vt 0.6931523680686951 0.9349160194396973 
vt 0.6875919103622437 0.9960866570472717 
vt 0.7424709796905518 0.995481014251709 
vt 0.7369105219841003 0.9344314932823181 
vt 0.7797017097473145 0.9247410893440247 
vt 0.7963830232620239 0.9833680391311646 
vt 0.847273051738739 0.9602321982383728 
vt 0.8201961517333984 0.906329333782196 
vt 0.8564598560333252 0.8799229860305786 
vt 0.8929653167724609 0.9270426034927368 
vt 0.9317675232887268 0.8850104808807373 
vt 0.8874049186706543 0.8464911580085754 
vt 0.9117015600204468 0.807366132736206 
vt 0.9623498916625977 0.8357105851173401 
vt 0.9833828210830688 0.7810809016227722 
vt 0.9283828735351562 0.7638804912567139 
vt 0.9368444085121155 0.7179722189903259 
vt 0.9940201640129089 0.7233019471168518 
vt 0.9940201640129089 0.6644327640533447 
vt 0.9368444085121155 0.6710948944091797 
vt 0.9283828735351562 0.6253077387809753 
vt 0.9832619428634644 0.6068959832191467 
vt 0.9622290134429932 0.5527508854866028 
vt 0.9115806818008423 0.5823066234588623 
vt 0.8872840404510498 0.5436661243438721 
vt 0.9316465854644775 0.5041777491569519 
vt 0.8928444385528564 0.4631146788597107 
vt 0.8563389778137207 0.5109610557556152 
vt 0.820075273513794 0.4854026138782501 
vt 0.84703129529953 0.4308941066265106 
vt 0.7962621450424194 0.40896958112716675 
vt 0.77958083152771 0.4679598808288574 
vt 0.7367896437644958 0.45935964584350586 
vt 0.7423501014709473 0.3981890082359314 
vt 0.6873501539230347 0.39879465103149414 
vt 0.6930314898490906 0.459844172000885 
vt 0.650119423866272 0.46953457593917847 
vt 0.6334381103515625 0.41090765595436096 
vt 0.5826689600944519 0.4340434670448303 
vt 0.6097458600997925 0.4878252148628235 
vt 0.5734821557998657 0.5143526792526245 
vt 0.53697669506073 0.4672330915927887 
vt 0.6176029443740845 0.5035721063613892 
vt 0.6550754904747009 0.4867350161075592 
vt 0.6947237849235535 0.4776502847671509 
vt 0.735097348690033 0.4774080216884613 
vt 0.7747457027435303 0.48516035079956055 
vt 0.8120973110198975 0.501512885093689 
vt 0.8458225131034851 0.5248909592628479 
vt 0.8742290735244751 0.5552946329116821 
vt 0.8968334794044495 0.5909068584442139 
vt 0.9121850728988647 0.6307585835456848 
vt 0.9202839732170105 0.6730329990386963 
vt 0.9200422167778015 0.7163975238800049 
vt 0.9124268293380737 0.7589141130447388 
vt 0.896712601184845 0.7990081906318665 
vt 0.8744708299636841 0.8353471755981445 
vt 0.8457016348838806 0.8661141991615295 
vt 0.812218189239502 0.890703558921814 
vt 0.7748665809631348 0.9074195027351379 
vt 0.7352182269096375 0.9166253805160522 
vt 0.694844663143158 0.9168676733970642 
vt 0.6550754904747009 0.9091153144836426 
vt 0.6178447604179382 0.8927627801895142 
vt 0.5841194987297058 0.8693847060203552 
vt 0.5877458453178406 0.8645395040512085 
vt 0.6211084723472595 0.8861006498336792 
vt 0.6567677855491638 0.903179943561554 
vt 0.6954490542411804 0.9093576073646545 
vt 0.734613835811615 0.9104477763175964 
vt 0.7728115916252136 0.9002728462219238 
vt 0.8095588088035583 0.8852527141571045 
vt 0.8413500189781189 0.8602999448776245 
vt 0.8699983358383179 0.8314710259437561 
vt 0.8905477523803711 0.7954953908920288 
vt 0.9068664312362671 0.7572183012962341 
vt 0.9130312204360962 0.7156707048416138 
vt 0.9144818186759949 0.6737597584724426 
vt 0.9054158926010132 0.633060097694397 
vt 0.891756534576416 0.5939350724220276 
vt 0.868789553642273 0.5601398348808289 
vt 0.8420752882957458 0.5297361612319946 
vt 0.8087126612663269 0.5081750154495239 
vt 0.7730533480644226 0.49109572172164917 
vt 0.734372079372406 0.48491808772087097 
vt 0.6952072978019714 0.4838279187679291 
vt 0.6571304202079773 0.4938817024230957 
vt 0.6203832030296326 0.5090229511260986 
vt 0.588591992855072 0.5339757204055786 
vt 0.559943675994873 0.5628046989440918 
vt 0.5655041337013245 0.5676498413085938 
vt 0.5445920825004578 0.7965855598449707 
vt 0.5667129158973694 0.8290483951568604 
vt 0.593306303024292 0.5399110913276672 
vt 0.6591853499412537 0.5013917684555054 
vt 0.6237677931785583 0.515806257724762 
vt 0.6959325671195984 0.49145910143852234 
vt 0.733646810054779 0.4926703870296478 
vt 0.7709984183311462 0.49860575795173645 
vt 0.8053280711174011 0.5150794386863708 
vt 0.8374818563461304 0.5357927083969116 
vt 0.863108217716217 0.5652272701263428 
vt 0.8853499293327332 0.5976901054382324 
vt 0.8984048962593079 0.6353615522384644 
vt 0.9072290658950806 0.6746076345443726 
vt 0.9057785272598267 0.7149439454078674 
vt 0.8999763131141663 0.7550379633903503 
vt 0.8841411471366882 0.7918614745140076 
vt 0.8644378781318665 0.8266258239746094 
vt 0.8366357088088989 0.8543645739555359 
vt 0.8060533404350281 0.8784694671630859 
vt 0.7706357836723328 0.8928838968276978 
vt 0.7340094447135925 0.9026954770088196 
vt 0.6961743235588074 0.9016053080558777 
vt 0.6589435935020447 0.8956699371337891 
vt 0.6246139407157898 0.8791962265968323 
vt 0.592339277267456 0.8584830164909363 
vt 0.45163610577583313 0.15689803659915924 
vt 0.44389984011650085 0.16368131339550018 
vt 0.4651745557785034 0.20098936557769775 
vt 0.41404274106025696 0.1337622106075287 
vt 0.2830098867416382 0.30298081040382385 
vt 0.42044931650161743 0.1255253702402115 
vt 0.38599881529808044 0.09839224815368652 
vt 0.38116365671157837 0.1078403890132904 
vt 0.34598785638809204 0.08203969895839691 
vt 0.34308674931526184 0.09233575314283371 
vt 0.30452635884284973 0.07101687043905258 
vt 0.3035593330860138 0.08167631179094315 
vt 0.261976957321167 0.07210703939199448 
vt 0.26294398307800293 0.08288761228322983 
vt 0.21991106867790222 0.07889032363891602 
vt 0.22281216084957123 0.08918637037277222 
vt 0.18110890686511993 0.09742321074008942 
vt 0.18582318723201752 0.10699248313903809 
vt 0.14484520256519318 0.12092243134975433 
vt 0.15113091468811035 0.12928040325641632 
vt 0.11583424359560013 0.15399092435836792 
vt 0.1235705018043518 0.16101646423339844 
vt 0.09081228822469711 0.19069330394268036 
vt 0.09963645786046982 0.19590190052986145 
vt 0.07594417035579681 0.23320993781089783 
vt 0.08561449497938156 0.2364804446697235 
vt 0.06603209674358368 0.2775435149669647 
vt 0.0760650560259819 0.2786336839199066 
vt 0.06760352104902267 0.3230884075164795 
vt 0.0776364803314209 0.3221193552017212 
vt 0.07437274605035782 0.3682698905467987 
vt 0.08404307067394257 0.3652416467666626 
vt 0.09214196354150772 0.40993860363960266 
vt 0.10096612572669983 0.40497228503227234 
vt 0.11438369750976562 0.44894248247146606 
vt 0.1222408339381218 0.4422803223133087 
vt 0.14569135010242462 0.4804362654685974 
vt 0.1520979404449463 0.4721994400024414 
vt 0.1801418662071228 0.5075693726539612 
vt 0.18497702479362488 0.4981212615966797 
vt 0.2201528251171112 0.5239219665527344 
vt 0.2230539172887802 0.5136258602142334 
vt 0.2616143226623535 0.5349447727203369 
vt 0.26258134841918945 0.5242853164672852 
vt 0.30416372418403625 0.5337334871292114 
vt 0.3031966984272003 0.5230740308761597 
vt 0.346229612827301 0.5270712971687317 
vt 0.3433285355567932 0.5166541337966919 
vt 0.3850317895412445 0.5085384249687195 
vt 0.3803175091743469 0.498969167470932 
vt 0.4212954640388489 0.48503920435905457 
vt 0.4148888885974884 0.4766812324523926 
vt 0.4503064453601837 0.4519707262516022 
vt 0.44257017970085144 0.44494518637657166 
vt 0.47532838582992554 0.41526833176612854 
vt 0.46650421619415283 0.41005975008010864 
vt 0.49019649624824524 0.37275171279907227 
vt 0.4805261790752411 0.3694811761379242 
vt 0.5001085996627808 0.328418105840683 
vt 0.49007561802864075 0.3272068202495575 
vt 0.4985371530056 0.2828732430934906 
vt 0.48850420117378235 0.2837211489677429 
vt 0.491767942905426 0.2376917451620102 
vt 0.4820976257324219 0.2407200038433075 
vt 0.4739987254142761 0.19602303206920624 
vt 0.1801418662071228 0.5075693726539612 
vt 0.2201528251171112 0.5239219665527344 
vt 0.17917484045028687 0.5095074772834778 
vt 0.21918578445911407 0.5271924734115601 
vt 0.2173726111650467 0.5337334871292114 
vt 0.17639462649822235 0.5150794386863708 
vt 0.14363642036914825 0.48310112953186035 
vt 0.13952653110027313 0.48830971121788025 
vt 0.11281226575374603 0.45039603114128113 
vt 0.10821886360645294 0.45439332723617554 
vt 0.08924086391925812 0.4115132987499237 
vt 0.083559550344944 0.4146626889705658 
vt 0.07243867963552475 0.36887553334236145 
vt 0.2616143226623535 0.5349447727203369 
vt 0.06615297496318817 0.4908534586429596 
vt 0.03557058796286583 0.44155353307724 
vt 0.10495513677597046 0.5328855514526367 
vt 0.15064740180969238 0.5661963224411011 
vt 0.20153746008872986 0.5892109870910645 
vt 0.26076817512512207 0.5435450077056885 
vt 0.26137256622314453 0.5371251106262207 
vt 0.30416372418403625 0.5337334871292114 
vt 0.30452635884284973 0.5372462272644043 
vt 0.346229612827301 0.5270712971687317 
vt 0.3468340039253235 0.5291305184364319 
vt 0.34864720702171326 0.5353081822395325 
vt 0.3051307499408722 0.5440295338630676 
vt 0.31044942140579224 0.60205078125 
vt 0.255449503660202 0.6014451384544373 
vt 0.3643614649772644 0.5912702083587646 
vt 0.4151306450366974 0.5693457126617432 
vt 0.3895043134689331 0.5176231861114502 
vt 0.4263724088668823 0.4917013645172119 
vt 0.3864823281764984 0.511566698551178 
vt 0.4226251542568207 0.4867350161075592 
vt 0.4578009247779846 0.45851173996925354 
vt 0.45284488797187805 0.45415106415748596 
vt 0.48246026039123535 0.41938674449920654 
vt 0.4997459352016449 0.4959409236907959 
vt 0.5303283333778381 0.4474889039993286 
vt 0.5514821410179138 0.39334380626678467 
vt 0.4993833005428314 0.3757799565792084 
vt 0.4771415889263153 0.41635850071907043 
vt 0.4933393597602844 0.3737207353115082 
vt 0.49019649624824524 0.37275171279907227 
vt 0.47532838582992554 0.41526833176612854 
vt 0.4609437882900238 0.5371251106262207 
vt 0.5001085996627808 0.328418105840683 
vt 0.5020426511764526 0.32866036891937256 
vt 0.508086621761322 0.3293871581554413 
vt 0.508086621761322 0.2819041907787323 
vt 0.5622403621673584 0.276937872171402 
vt 0.4995041787624359 0.23526914417743683 
vt 0.5514821410179138 0.219037726521492 
vt 0.5304492115974426 0.1644081026315689 
vt 0.48258113861083984 0.1912989616394043 
vt 0.4937019944190979 0.23708610236644745 
vt 0.5016800165176392 0.28250986337661743 
vt 0.5622403621673584 0.3356859087944031 
vt 0.47689980268478394 0.1944483369588852 
vt 0.4579218029975891 0.15156832337379456 
vt 0.4999876916408539 0.1151081919670105 
vt 0.4610646665096283 0.07307607680559158 
vt 0.4266141653060913 0.11765191704034805 
vt 0.453328400850296 0.15556560456752777 
vt 0.4225042760372162 0.12286051362752914 
vt 0.42044931650161743 0.1255253702402115 
vt 0.38599881529808044 0.09839224815368652 
vt 0.3869658410549164 0.09645417332649231 
vt 0.34598785638809204 0.08203969895839691 
vt 0.346954882144928 0.07876919209957123 
vt 0.30452635884284973 0.07101687043905258 
vt 0.3047681152820587 0.06883653253316879 
vt 0.3053725063800812 0.06241663917899132 
vt 0.34876808524131775 0.07222817093133926 
vt 0.3897460699081421 0.09088218957185745 
vt 0.41537240147590637 0.03976532816886902 
vt 0.3646032214164734 0.016629500314593315 
vt 0.3106911778450012 0.004516500048339367 
vt 0.255691260099411 0.003910849802196026 
vt 0.26100993156433105 0.061932120472192764 
vt 0.21749348938465118 0.07065348327159882 
vt 0.2616143226623535 0.068715400993824 
vt 0.45163610577583313 0.15689803659915924 
vt 0.20177921652793884 0.014691419899463654 
vt 0.15101003646850586 0.036615949124097824 
vt 0.17663638293743134 0.0883384570479393 
vt 0.13964740931987762 0.11426027864217758 
vt 0.17953747510910034 0.09439495950937271 
vt 0.21930666267871857 0.07683110982179642 
vt 0.10519689321517944 0.06883653253316879 
vt 0.06627385318279266 0.10989960283041 
vt 0.10833974927663803 0.14732876420021057 
vt 0.03569146618247032 0.15847273170948029 
vt 0.14351554214954376 0.1192266121506691 
vt 0.1132957860827446 0.15181058645248413 
vt 0.08368042856454849 0.18657489120960236 
vt 0.08899910748004913 0.18960313498973846 
vt 0.09081228822469711 0.19069330394268036 
vt 0.07594417035579681 0.23320993781089783 
vt 0.14484520256519318 0.12092243134975433 
vt 0.11583424359560013 0.15399092435836792 
vt 0.014658520929515362 0.21261784434318542 
vt 0.06675737351179123 0.23018169403076172 
vt 0.0039002900011837482 0.27027571201324463 
vt 0.07280132174491882 0.23224090039730072 
vt 0.06603209674358368 0.2775435149669647 
vt 0.06397715210914612 0.27730125188827515 
vt 0.06760352104902267 0.3230884075164795 
vt 0.058054082095623016 0.2765744924545288 
vt 0.0039002900011837482 0.3290237784385681 
vt 0.058054082095623016 0.3240574300289154 
vt 0.0643397867679596 0.32345178723335266 
vt 0.07437274605035782 0.3682698905467987 
vt 0.06663648784160614 0.37069249153137207 
vt 0.014537641778588295 0.3869239091873169 
vt 0.8175368309020996 0.16174323856830597 
vt 0.8205587863922119 0.16222776472568512 
vt 0.8165698051452637 0.12237598747015 
vt 0.8201961517333984 0.12261825054883957 
vt 0.8165698051452637 0.08252421766519547 
vt 0.8194708824157715 0.08228196203708649 
vt 0.8165698051452637 0.04364148899912834 
vt 0.8201961517333984 0.042793579399585724 
vt 0.8175368309020996 0.006212320178747177 
vt 0.8205587863922119 0.005364410113543272 
vt 0.8318005800247192 0.005364410113543272 
vt 0.8288994431495667 0.006212320178747177 
vt 0.8314379453659058 0.042793579399585724 
vt 0.8279324173927307 0.04364148899912834 
vt 0.8308335542678833 0.08228196203708649 
vt 0.8279324173927307 0.08252421766519547 
vt 0.8314379453659058 0.12261825054883957 
vt 0.8279324173927307 0.12237598747015 
vt 0.8318005800247192 0.16222776472568512 
vt 0.8288994431495667 0.16174323856830597 
vt 0.015262915752828121 0.16162210702896118 
vt 0.018284890800714493 0.16077420115470886 
vt 0.01562555320560932 0.12419293820858002 
vt 0.019251922145485878 0.1233450323343277 
vt 0.01622994802892208 0.08470456302165985 
vt 0.019251922145485878 0.08458343148231506 
vt 0.01562555320560932 0.04436827078461647 
vt 0.019251922145485878 0.04461053013801575 
vt 0.015262915752828121 0.004758759867399931 
vt 0.018284890800714493 0.005243279971182346 
vt 0.00692226504907012 0.006212320178747177 
vt 0.0039002900011837482 0.005364410113543272 
vt 0.007889296859502792 0.04364148899912834 
vt 0.004262926988303661 0.042793579399585724 
vt 0.007889296859502792 0.08252421766519547 
vt 0.0049882009625434875 0.08228196203708649 
vt 0.007889296859502792 0.12237598747015 
vt 0.004262926988303661 0.12261825054883957 
vt 0.00692226504907012 0.16174323856830597 
vt 0.0039002900011837482 0.1623488962650299 
s on 
f 1/1/1 2/2/2 3/3/3 
f 2/2/2 2/2/2 3/3/3 
f 3/3/3 2/2/2 4/4/4 
f 2/2/2 2/2/2 4/4/4 
f 4/4/4 2/2/2 5/5/5 
f 2/2/2 6/6/6 5/5/5 
f 5/5/5 6/6/6 5/5/5 
f 6/6/6 7/7/7 5/5/5 
f 5/5/5 7/7/7 8/8/8 
f 7/7/7 7/7/7 8/8/8 
f 8/8/8 7/7/7 9/9/9 
f 7/7/7 10/10/10 9/9/9 
f 9/9/9 10/10/10 9/9/9 
f 10/10/10 11/11/11 9/9/9 
f 9/9/9 11/11/11 12/12/12 
f 11/11/11 11/11/11 12/12/12 
f 12/12/12 11/11/11 13/13/13 
f 11/11/11 14/14/14 13/13/13 
f 13/13/13 14/14/14 13/13/13 
f 14/14/14 15/15/15 13/13/13 
f 13/13/13 15/15/15 16/16/16 
f 15/15/15 17/17/17 16/16/16 
f 16/16/16 17/17/17 18/18/18 
f 17/17/17 19/19/19 18/18/18 
f 18/18/18 19/19/19 20/20/20 
f 19/19/19 21/21/21 20/20/20 
f 20/20/20 21/21/21 22/22/22 
f 21/21/21 22/22/22 22/22/22 
f 22/22/22 22/22/22 23/23/23 
f 22/22/22 23/23/23 23/23/23 
f 23/23/23 23/23/23 24/24/24 
f 23/23/23 25/25/25 24/24/24 
f 24/24/24 25/25/25 24/24/24 
f 25/25/25 26/26/26 24/24/24 
f 24/24/24 26/26/26 24/24/24 
f 26/26/26 27/27/27 24/24/24 
f 24/24/24 27/27/27 28/28/28 
f 27/27/27 27/27/27 28/28/28 
f 28/28/28 27/27/27 29/29/29 
f 27/27/27 30/30/30 29/29/29 
f 29/29/29 30/30/30 29/29/29 
f 30/30/30 31/31/31 29/29/29 
f 29/29/29 31/31/31 32/32/32 
f 31/31/31 31/31/31 32/32/32 
f 32/32/32 31/31/31 33/33/33 
f 31/31/31 34/34/34 33/33/33 
f 33/33/33 34/34/34 33/33/33 
f 34/34/34 35/35/35 33/33/33 
f 33/33/33 35/35/35 36/36/36 
f 35/35/35 35/35/35 36/36/36 
f 36/36/36 35/35/35 37/37/37 
f 35/35/35 38/38/38 37/37/37 
f 37/37/37 38/38/38 38/38/38 
f 38/38/38 39/39/39 38/38/38 
f 38/38/38 39/39/39 39/39/39 
f 39/39/39 40/40/40 39/39/39 
f 39/39/39 40/40/40 41/41/41 
f 40/40/40 40/40/40 41/41/41 
f 41/41/41 40/40/40 42/42/42 
f 40/40/40 40/40/40 42/42/42 
f 42/42/42 40/40/40 43/43/43 
f 40/40/40 44/44/44 43/43/43 
f 43/43/43 44/44/44 43/43/43 
f 44/44/44 45/45/45 43/43/43 
f 43/43/43 45/45/45 46/46/46 
f 45/45/45 45/45/45 46/46/46 
f 46/46/46 45/45/45 47/47/47 
f 45/45/45 48/48/48 47/47/47 
f 47/47/47 48/48/48 47/47/47 
f 48/48/48 49/49/49 47/47/47 
f 47/47/47 49/49/49 50/50/50 
f 49/49/49 49/49/49 50/50/50 
f 50/50/50 49/49/49 51/51/51 
f 49/49/49 52/52/52 51/51/51 
f 51/51/51 52/52/52 51/51/51 
f 52/52/52 53/53/53 51/51/51 
f 51/51/51 53/53/53 54/54/54 
f 53/53/53 54/54/54 54/54/54 
f 54/54/54 54/54/54 55/55/55 
f 54/54/54 55/55/55 55/55/55 
f 55/55/55 55/55/55 56/56/56 
f 55/55/55 57/57/57 56/56/56 
f 56/56/56 57/57/57 56/56/56 
f 57/57/57 58/58/58 56/56/56 
f 56/56/56 58/58/58 56/56/56 
f 58/58/58 59/59/59 56/56/56 
f 56/56/56 59/59/59 60/60/60 
f 59/59/59 59/59/59 60/60/60 
f 60/60/60 59/59/59 61/61/61 
f 59/59/59 62/62/62 61/61/61 
f 61/61/61 62/62/62 61/61/61 
f 62/62/62 63/63/63 61/61/61 
f 61/61/61 63/63/63 64/64/64 
f 63/63/63 63/63/63 64/64/64 
f 64/64/64 63/63/63 65/65/65 
f 63/63/63 66/66/66 65/65/65 
f 65/65/65 66/66/66 65/65/65 
f 66/66/66 67/67/67 65/65/65 
f 65/65/65 67/67/67 68/68/68 
f 67/67/67 67/67/67 68/68/68 
f 68/68/68 67/67/67 69/69/69 
f 67/67/67 70/70/70 69/69/69 
f 69/69/69 70/70/70 69/69/69 
f 70/70/70 71/71/71 69/69/69 
f 69/69/69 71/71/71 72/72/72 
f 71/71/71 72/72/72 72/72/72 
f 72/72/72 72/72/72 73/73/73 
f 72/72/72 73/73/73 73/73/73 
f 73/73/73 73/73/73 74/74/74 
f 73/73/73 75/75/75 74/74/74 
f 74/74/74 75/75/75 74/74/74 
f 75/75/75 76/76/76 74/74/74 
f 74/74/74 76/76/76 74/74/74 
f 76/76/76 77/77/77 74/74/74 
f 74/74/74 77/77/77 78/78/78 
f 77/77/77 79/79/79 78/78/78 
f 78/78/78 79/79/79 80/80/80 
f 79/79/79 80/80/80 80/80/80 
f 80/80/80 80/80/80 73/73/73 
f 80/80/80 73/73/73 73/73/73 
f 73/73/73 73/73/73 78/78/78 
f 73/73/73 74/74/74 78/78/78 
f 78/78/78 74/74/74 74/74/74 
f 74/74/74 81/81/81 74/74/74 
f 74/74/74 81/81/81 81/81/81 
f 81/81/81 82/82/82 81/81/81 
f 81/81/81 82/82/82 77/77/77 
f 82/82/82 79/79/79 77/77/77 
f 77/77/77 79/79/79 79/79/79 
f 79/79/79 81/81/81 79/79/79 
f 79/79/79 81/81/81 81/81/81 
f 81/81/81 77/77/77 81/81/81 
f 81/81/81 77/77/77 83/83/83 
f 77/77/77 76/76/76 83/83/83 
f 83/83/83 76/76/76 84/84/84 
f 76/76/76 75/75/75 84/84/84 
f 84/84/84 75/75/75 85/85/85 
f 75/75/75 86/86/86 85/85/85 
f 85/85/85 86/86/86 85/85/85 
f 86/86/86 87/87/87 85/85/85 
f 85/85/85 87/87/87 88/88/88 
f 87/87/87 89/89/89 88/88/88 
f 88/88/88 89/89/89 90/90/90 
f 89/89/89 89/89/89 90/90/90 
f 90/90/90 89/89/89 91/91/91 
f 89/89/89 89/89/89 91/91/91 
f 91/91/91 89/89/89 92/92/92 
f 89/89/89 89/89/89 92/92/92 
f 92/92/92 89/89/89 93/93/93 
f 89/89/89 89/89/89 93/93/93 
f 93/93/93 89/89/89 94/94/94 
f 89/89/89 87/87/87 94/94/94 
f 94/94/94 87/87/87 87/87/87 
f 87/87/87 83/83/83 87/87/87 
f 87/87/87 83/83/83 83/83/83 
f 83/83/83 84/84/84 83/83/83 
f 83/83/83 84/84/84 95/95/95 
f 84/84/84 88/88/88 95/95/95 
f 95/95/95 88/88/88 90/90/90 
f 88/88/88 90/90/90 90/90/90 
f 90/90/90 90/90/90 88/88/88 
f 90/90/90 88/88/88 88/88/88 
f 88/88/88 88/88/88 85/85/85 
f 88/88/88 84/84/84 85/85/85 
f 85/85/85 84/84/84 84/84/84 
f 84/84/84 73/73/73 84/84/84 
f 84/84/84 73/73/73 73/73/73 
f 73/73/73 96/96/96 73/73/73 
f 73/73/73 96/96/96 75/75/75 
f 96/96/96 86/86/86 75/75/75 
f 75/75/75 86/86/86 86/86/86 
f 86/86/86 93/93/93 86/86/86 
f 86/86/86 93/93/93 93/93/93 
f 93/93/93 94/94/94 93/93/93 
f 93/93/93 94/94/94 97/97/97 
f 94/94/94 94/94/94 97/97/97 
f 97/97/97 94/94/94 98/98/98 
f 94/94/94 87/87/87 98/98/98 
f 98/98/98 87/87/87 99/99/99 
f 87/87/87 86/86/86 99/99/99 
f 99/99/99 86/86/86 100/100/100 
f 86/86/86 101/101/101 100/100/100 
f 100/100/100 101/101/101 102/102/102 
f 101/101/101 96/96/96 102/102/102 
f 102/102/102 96/96/96 73/73/73 
f 96/96/96 73/73/73 73/73/73 
f 73/73/73 73/73/73 101/101/101 
f 73/73/73 101/101/101 101/101/101 
f 101/101/101 101/101/101 96/96/96 
f 101/101/101 86/86/86 96/96/96 
f 96/96/96 86/86/86 86/86/86 
f 86/86/86 98/98/98 86/86/86 
f 86/86/86 98/98/98 98/98/98 
f 98/98/98 99/99/99 98/98/98 
f 98/98/98 99/99/99 103/103/103 
f 99/99/99 100/100/100 103/103/103 
f 103/103/103 100/100/100 104/104/104 
f 100/100/100 102/102/102 104/104/104 
f 104/104/104 102/102/102 102/102/102 
f 102/102/102 104/104/104 102/102/102 
f 102/102/102 104/104/104 104/104/104 
f 104/104/104 105/105/105 104/104/104 
f 104/104/104 105/105/105 103/103/103 
f 105/105/105 105/105/105 103/103/103 
f 103/103/103 105/105/105 98/98/98 
f 105/105/105 106/106/106 98/98/98 
f 98/98/98 106/106/106 97/97/97 
f 106/106/106 107/107/107 97/97/97 
f 97/97/97 107/107/107 97/97/97 
f 107/107/107 108/108/108 97/97/97 
f 97/97/97 108/108/108 97/97/97 
f 108/108/108 109/109/109 97/97/97 
f 97/97/97 109/109/109 93/93/93 
f 109/109/109 109/109/109 93/93/93 
f 93/93/93 109/109/109 92/92/92 
f 109/109/109 109/109/109 92/92/92 
f 92/92/92 109/109/109 110/110/110 
f 109/109/109 109/109/109 110/110/110 
f 110/110/110 109/109/109 111/111/111 
f 109/109/109 112/112/112 111/111/111 
f 111/111/111 112/112/112 111/111/111 
f 112/112/112 113/113/113 111/111/111 
f 111/111/111 113/113/113 114/114/114 
f 113/113/113 113/113/113 114/114/114 
f 114/114/114 113/113/113 115/115/115 
f 113/113/113 116/116/116 115/115/115 
f 115/115/115 116/116/116 115/115/115 
f 116/116/116 117/117/117 115/115/115 
f 115/115/115 117/117/117 118/118/118 
f 117/117/117 117/117/117 118/118/118 
f 118/118/118 117/117/117 119/119/119 
f 117/117/117 120/120/120 119/119/119 
f 119/119/119 120/120/120 119/119/119 
f 120/120/120 121/121/121 119/119/119 
f 119/119/119 121/121/121 122/122/122 
f 121/121/121 121/121/121 122/122/122 
f 122/122/122 121/121/121 123/123/123 
f 121/121/121 124/124/124 123/123/123 
f 123/123/123 124/124/124 123/123/123 
f 124/124/124 125/125/125 123/123/123 
f 123/123/123 125/125/125 126/126/126 
f 125/125/125 125/125/125 126/126/126 
f 126/126/126 125/125/125 127/127/127 
f 125/125/125 128/128/128 127/127/127 
f 127/127/127 128/128/128 127/127/127 
f 128/128/128 129/129/129 127/127/127 
f 127/127/127 129/129/129 130/130/130 
f 129/129/129 129/129/129 130/130/130 
f 130/130/130 129/129/129 131/131/131 
f 129/129/129 132/132/132 131/131/131 
f 131/131/131 132/132/132 131/131/131 
f 132/132/132 133/133/133 131/131/131 
f 131/131/131 133/133/133 134/134/134 
f 133/133/133 133/133/133 134/134/134 
f 134/134/134 133/133/133 135/135/135 
f 133/133/133 136/136/136 135/135/135 
f 135/135/135 136/136/136 135/135/135 
f 136/136/136 137/137/137 135/135/135 
f 135/135/135 137/137/137 138/138/138 
f 137/137/137 137/137/137 138/138/138 
f 138/138/138 137/137/137 139/139/139 
f 137/137/137 140/140/140 139/139/139 
f 139/139/139 140/140/140 139/139/139 
f 140/140/140 141/141/141 139/139/139 
f 139/139/139 141/141/141 142/142/142 
f 141/141/141 141/141/141 142/142/142 
f 142/142/142 141/141/141 143/143/143 
f 141/141/141 144/144/144 143/143/143 
f 143/143/143 144/144/144 143/143/143 
f 144/144/144 145/145/145 143/143/143 
f 143/143/143 145/145/145 146/146/146 
f 145/145/145 145/145/145 146/146/146 
f 146/146/146 145/145/145 147/147/147 
f 145/145/145 148/148/148 147/147/147 
f 147/147/147 148/148/148 147/147/147 
f 148/148/148 149/149/149 147/147/147 
f 147/147/147 149/149/149 150/150/150 
f 149/149/149 149/149/149 150/150/150 
f 150/150/150 149/149/149 151/151/151 
f 149/149/149 152/152/152 151/151/151 
f 151/151/151 152/152/152 151/151/151 
f 152/152/152 153/153/153 151/151/151 
f 151/151/151 153/153/153 154/154/154 
f 153/153/153 153/153/153 154/154/154 
f 154/154/154 153/153/153 155/155/155 
f 153/153/153 156/156/156 155/155/155 
f 155/155/155 156/156/156 155/155/155 
f 156/156/156 157/157/157 155/155/155 
f 155/155/155 157/157/157 158/158/158 
f 157/157/157 157/157/157 158/158/158 
f 158/158/158 157/157/157 82/82/82 
f 157/157/157 157/157/157 82/82/82 
f 82/82/82 157/157/157 79/79/79 
f 157/157/157 157/157/157 79/79/79 
f 79/79/79 157/157/157 80/80/80 
f 157/157/157 157/157/157 80/80/80 
f 80/80/80 157/157/157 159/159/159 
f 157/157/157 156/156/156 159/159/159 
f 159/159/159 156/156/156 160/160/160 
f 156/156/156 153/153/153 160/160/160 
f 160/160/160 153/153/153 161/161/161 
f 153/153/153 152/152/152 161/161/161 
f 161/161/161 152/152/152 162/162/162 
f 152/152/152 149/149/149 162/162/162 
f 162/162/162 149/149/149 163/163/163 
f 149/149/149 148/148/148 163/163/163 
f 163/163/163 148/148/148 164/164/164 
f 148/148/148 145/145/145 164/164/164 
f 164/164/164 145/145/145 165/165/165 
f 145/145/145 144/144/144 165/165/165 
f 165/165/165 144/144/144 166/166/166 
f 144/144/144 141/141/141 166/166/166 
f 166/166/166 141/141/141 167/167/167 
f 141/141/141 140/140/140 167/167/167 
f 167/167/167 140/140/140 168/168/168 
f 140/140/140 137/137/137 168/168/168 
f 168/168/168 137/137/137 169/169/169 
f 137/137/137 136/136/136 169/169/169 
f 169/169/169 136/136/136 170/170/170 
f 136/136/136 133/133/133 170/170/170 
f 170/170/170 133/133/133 171/171/171 
f 133/133/133 132/132/132 171/171/171 
f 171/171/171 132/132/132 172/172/172 
f 132/132/132 129/129/129 172/172/172 
f 172/172/172 129/129/129 173/173/173 
f 129/129/129 128/128/128 173/173/173 
f 173/173/173 128/128/128 174/174/174 
f 128/128/128 125/125/125 174/174/174 
f 174/174/174 125/125/125 175/175/175 
f 125/125/125 124/124/124 175/175/175 
f 175/175/175 124/124/124 176/176/176 
f 124/124/124 121/121/121 176/176/176 
f 176/176/176 121/121/121 177/177/177 
f 121/121/121 120/120/120 177/177/177 
f 177/177/177 120/120/120 178/178/178 
f 120/120/120 117/117/117 178/178/178 
f 178/178/178 117/117/117 179/179/179 
f 117/117/117 116/116/116 179/179/179 
f 179/179/179 116/116/116 180/180/180 
f 116/116/116 113/113/113 180/180/180 
f 180/180/180 113/113/113 181/181/181 
f 113/113/113 112/112/112 181/181/181 
f 181/181/181 112/112/112 108/108/108 
f 112/112/112 109/109/109 108/108/108 
f 108/108/108 109/109/109 109/109/109 
f 109/109/109 108/108/108 109/109/109 
f 109/109/109 108/108/108 108/108/108 
f 108/108/108 107/107/107 108/108/108 
f 108/108/108 107/107/107 181/181/181 
f 107/107/107 182/182/182 181/181/181 
f 181/181/181 182/182/182 181/181/181 
f 182/182/182 183/183/183 181/181/181 
f 181/181/181 183/183/183 180/180/180 
f 183/183/183 183/183/183 180/180/180 
f 180/180/180 183/183/183 179/179/179 
f 183/183/183 184/184/184 179/179/179 
f 179/179/179 184/184/184 179/179/179 
f 184/184/184 185/185/185 179/179/179 
f 179/179/179 185/185/185 178/178/178 
f 185/185/185 185/185/185 178/178/178 
f 178/178/178 185/185/185 177/177/177 
f 185/185/185 186/186/186 177/177/177 
f 177/177/177 186/186/186 177/177/177 
f 186/186/186 187/187/187 177/177/177 
f 177/177/177 187/187/187 176/176/176 
f 187/187/187 187/187/187 176/176/176 
f 176/176/176 187/187/187 175/175/175 
f 187/187/187 188/188/188 175/175/175 
f 175/175/175 188/188/188 175/175/175 
f 188/188/188 189/189/189 175/175/175 
f 175/175/175 189/189/189 174/174/174 
f 189/189/189 189/189/189 174/174/174 
f 174/174/174 189/189/189 173/173/173 
f 189/189/189 190/190/190 173/173/173 
f 173/173/173 190/190/190 173/173/173 
f 190/190/190 191/191/191 173/173/173 
f 173/173/173 191/191/191 172/172/172 
f 191/191/191 191/191/191 172/172/172 
f 172/172/172 191/191/191 171/171/171 
f 191/191/191 192/192/192 171/171/171 
f 171/171/171 192/192/192 171/171/171 
f 192/192/192 193/193/193 171/171/171 
f 171/171/171 193/193/193 170/170/170 
f 193/193/193 193/193/193 170/170/170 
f 170/170/170 193/193/193 169/169/169 
f 193/193/193 194/194/194 169/169/169 
f 169/169/169 194/194/194 169/169/169 
f 194/194/194 195/195/195 169/169/169 
f 169/169/169 195/195/195 168/168/168 
f 195/195/195 195/195/195 168/168/168 
f 168/168/168 195/195/195 167/167/167 
f 195/195/195 196/196/196 167/167/167 
f 167/167/167 196/196/196 167/167/167 
f 196/196/196 197/197/197 167/167/167 
f 167/167/167 197/197/197 166/166/166 
f 197/197/197 197/197/197 166/166/166 
f 166/166/166 197/197/197 165/165/165 
f 197/197/197 198/198/198 165/165/165 
f 165/165/165 198/198/198 165/165/165 
f 198/198/198 199/199/199 165/165/165 
f 165/165/165 199/199/199 164/164/164 
f 199/199/199 199/199/199 164/164/164 
f 164/164/164 199/199/199 163/163/163 
f 199/199/199 200/200/200 163/163/163 
f 163/163/163 200/200/200 163/163/163 
f 200/200/200 201/201/201 163/163/163 
f 163/163/163 201/201/201 162/162/162 
f 201/201/201 201/201/201 162/162/162 
f 162/162/162 201/201/201 161/161/161 
f 201/201/201 202/202/202 161/161/161 
f 161/161/161 202/202/202 161/161/161 
f 202/202/202 203/203/203 161/161/161 
f 161/161/161 203/203/203 160/160/160 
f 203/203/203 203/203/203 160/160/160 
f 160/160/160 203/203/203 159/159/159 
f 203/203/203 204/204/204 159/159/159 
f 159/159/159 204/204/204 159/159/159 
f 204/204/204 205/205/205 159/159/159 
f 159/159/159 205/205/205 80/80/80 
f 205/205/205 205/205/205 80/80/80 
f 80/80/80 205/205/205 78/78/78 
f 205/205/205 206/206/206 78/78/78 
f 78/78/78 206/206/206 73/73/73 
f 206/206/206 207/207/207 73/73/73 
f 73/73/73 207/207/207 102/102/102 
f 207/207/207 102/102/102 102/102/102 
f 102/102/102 102/102/102 106/106/106 
f 102/102/102 106/106/106 106/106/106 
f 106/106/106 106/106/106 208/208/208 
f 106/106/106 105/105/105 208/208/208 
f 208/208/208 105/105/105 209/209/209 
f 105/105/105 104/104/104 209/209/209 
f 209/209/209 104/104/104 104/104/104 
f 104/104/104 106/106/106 104/104/104 
f 104/104/104 106/106/106 106/106/106 
f 106/106/106 208/208/208 106/106/106 
f 106/106/106 208/208/208 107/107/107 
f 208/208/208 209/209/209 107/107/107 
f 107/107/107 209/209/209 182/182/182 
f 209/209/209 182/182/182 182/182/182 
f 182/182/182 182/182/182 206/206/206 
f 182/182/182 206/206/206 206/206/206 
f 206/206/206 206/206/206 207/207/207 
f 206/206/206 210/210/210 207/207/207 
f 207/207/207 210/210/210 102/102/102 
f 210/210/210 210/210/210 102/102/102 
f 102/102/102 210/210/210 104/104/104 
f 210/210/210 210/210/210 104/104/104 
f 104/104/104 210/210/210 211/211/211 
f 210/210/210 212/212/212 211/211/211 
f 211/211/211 212/212/212 204/204/204 
f 212/212/212 212/212/212 204/204/204 
f 204/204/204 212/212/212 205/205/205 
f 212/212/212 210/210/210 205/205/205 
f 205/205/205 210/210/210 206/206/206 
f 210/210/210 206/206/206 206/206/206 
f 206/206/206 206/206/206 204/204/204 
f 206/206/206 204/204/204 204/204/204 
f 204/204/204 204/204/204 211/211/211 
f 204/204/204 203/203/203 211/211/211 
f 211/211/211 203/203/203 213/213/213 
f 203/203/203 202/202/202 213/213/213 
f 213/213/213 202/202/202 214/214/214 
f 202/202/202 201/201/201 214/214/214 
f 214/214/214 201/201/201 215/215/215 
f 201/201/201 200/200/200 215/215/215 
f 215/215/215 200/200/200 216/216/216 
f 200/200/200 199/199/199 216/216/216 
f 216/216/216 199/199/199 217/217/217 
f 199/199/199 198/198/198 217/217/217 
f 217/217/217 198/198/198 218/218/218 
f 198/198/198 197/197/197 218/218/218 
f 218/218/218 197/197/197 219/219/219 
f 197/197/197 196/196/196 219/219/219 
f 219/219/219 196/196/196 196/196/196 
f 196/196/196 213/213/213 196/196/196 
f 196/196/196 213/213/213 213/213/213 
f 213/213/213 214/214/214 213/213/213 
f 213/213/213 214/214/214 211/211/211 
f 214/214/214 214/214/214 211/211/211 
f 211/211/211 214/214/214 104/104/104 
f 214/214/214 216/216/216 104/104/104 
f 104/104/104 216/216/216 218/218/218 
f 216/216/216 217/217/217 218/218/218 
f 218/218/218 217/217/217 217/217/217 
f 217/217/217 214/214/214 217/217/217 
f 217/217/217 214/214/214 214/214/214 
f 214/214/214 215/215/215 214/214/214 
f 214/214/214 215/215/215 216/216/216 
f 215/215/215 216/216/216 216/216/216 
f 216/216/216 216/216/216 218/218/218 
f 216/216/216 218/218/218 218/218/218 
f 218/218/218 218/218/218 220/220/220 
f 218/218/218 219/219/219 220/220/220 
f 220/220/220 219/219/219 220/220/220 
f 219/219/219 196/196/196 220/220/220 
f 220/220/220 196/196/196 220/220/220 
f 196/196/196 195/195/195 220/220/220 
f 220/220/220 195/195/195 221/221/221 
f 195/195/195 194/194/194 221/221/221 
f 221/221/221 194/194/194 222/222/222 
f 194/194/194 193/193/193 222/222/222 
f 222/222/222 193/193/193 223/223/223 
f 193/193/193 192/192/192 223/223/223 
f 223/223/223 192/192/192 224/224/224 
f 192/192/192 191/191/191 224/224/224 
f 224/224/224 191/191/191 225/225/225 
f 191/191/191 190/190/190 225/225/225 
f 225/225/225 190/190/190 225/225/225 
f 190/190/190 226/226/226 225/225/225 
f 225/225/225 226/226/226 224/224/224 
f 226/226/226 104/104/104 224/224/224 
f 224/224/224 104/104/104 222/222/222 
f 104/104/104 220/220/220 222/222/222 
f 222/222/222 220/220/220 221/221/221 
f 220/220/220 221/221/221 221/221/221 
f 221/221/221 221/221/221 218/218/218 
f 221/221/221 218/218/218 218/218/218 
f 218/218/218 218/218/218 104/104/104 
f 218/218/218 220/220/220 104/104/104 
f 104/104/104 220/220/220 220/220/220 
f 220/220/220 222/222/222 220/220/220 
f 220/220/220 222/222/222 222/222/222 
f 222/222/222 223/223/223 222/222/222 
f 222/222/222 223/223/223 224/224/224 
f 223/223/223 224/224/224 224/224/224 
f 224/224/224 224/224/224 190/190/190 
f 224/224/224 190/190/190 190/190/190 
f 190/190/190 190/190/190 226/226/226 
f 190/190/190 189/189/189 226/226/226 
f 226/226/226 189/189/189 227/227/227 
f 189/189/189 188/188/188 227/227/227 
f 227/227/227 188/188/188 228/228/228 
f 188/188/188 187/187/187 228/228/228 
f 228/228/228 187/187/187 229/229/229 
f 187/187/187 186/186/186 229/229/229 
f 229/229/229 186/186/186 230/230/230 
f 186/186/186 185/185/185 230/230/230 
f 230/230/230 185/185/185 231/231/231 
f 185/185/185 184/184/184 231/231/231 
f 231/231/231 184/184/184 232/232/232 
f 184/184/184 183/183/183 232/232/232 
f 232/232/232 183/183/183 183/183/183 
f 183/183/183 227/227/227 183/183/183 
f 183/183/183 227/227/227 227/227/227 
f 227/227/227 228/228/228 227/227/227 
f 227/227/227 228/228/228 226/226/226 
f 228/228/228 228/228/228 226/226/226 
f 226/226/226 228/228/228 104/104/104 
f 228/228/228 230/230/230 104/104/104 
f 104/104/104 230/230/230 232/232/232 
f 230/230/230 231/231/231 232/232/232 
f 232/232/232 231/231/231 231/231/231 
f 231/231/231 228/228/228 231/231/231 
f 231/231/231 228/228/228 228/228/228 
f 228/228/228 229/229/229 228/228/228 
f 228/228/228 229/229/229 230/230/230 
f 229/229/229 230/230/230 230/230/230 
f 230/230/230 230/230/230 104/104/104 
f 230/230/230 104/104/104 104/104/104 
f 104/104/104 104/104/104 209/209/209 
f 104/104/104 232/232/232 209/209/209 
f 209/209/209 232/232/232 233/233/233 
f 232/232/232 183/183/183 233/233/233 
f 233/233/233 183/183/183 233/233/233 
f 183/183/183 182/182/182 233/233/233 
f 233/233/233 182/182/182 209/209/209 
f 182/182/182 209/209/209 209/209/209 
f 209/209/209 209/209/209 234/234/234 
f 209/209/209 234/234/234 234/234/234 
f 234/234/234 234/234/234 235/235/235 
f 234/234/234 236/236/236 235/235/235 
f 235/235/235 236/236/236 237/237/237 
f 236/236/236 238/238/238 237/237/237 
f 237/237/237 238/238/238 238/238/238 
f 238/238/238 234/234/234 238/238/238 
f 238/238/238 234/234/234 234/234/234 
f 234/234/234 235/235/235 234/234/234 
f 234/234/234 235/235/235 239/239/239 
f 235/235/235 237/237/237 239/239/239 
f 239/239/239 237/237/237 240/240/240 
f 237/237/237 241/241/241 240/240/240 
f 240/240/240 241/241/241 242/242/242 
f 241/241/241 243/243/243 242/242/242 
f 242/242/242 243/243/243 244/244/244 
f 243/243/243 245/245/245 244/244/244 
f 244/244/244 245/245/245 246/246/246 
f 245/245/245 247/247/247 246/246/246 
f 246/246/246 247/247/247 248/248/248 
f 247/247/247 249/249/249 248/248/248 
f 248/248/248 249/249/249 250/250/250 
f 249/249/249 251/251/251 250/250/250 
f 250/250/250 251/251/251 252/252/252 
f 251/251/251 253/253/253 252/252/252 
f 252/252/252 253/253/253 254/254/254 
f 253/253/253 255/255/255 254/254/254 
f 254/254/254 255/255/255 256/256/256 
f 255/255/255 257/257/257 256/256/256 
f 256/256/256 257/257/257 258/258/258 
f 257/257/257 259/259/259 258/258/258 
f 258/258/258 259/259/259 260/260/260 
f 259/259/259 261/261/261 260/260/260 
f 260/260/260 261/261/261 262/262/262 
f 261/261/261 263/263/263 262/262/262 
f 262/262/262 263/263/263 264/264/264 
f 263/263/263 265/265/265 264/264/264 
f 264/264/264 265/265/265 266/266/266 
f 265/265/265 267/267/267 266/266/266 
f 266/266/266 267/267/267 268/268/268 
f 267/267/267 269/269/269 268/268/268 
f 268/268/268 269/269/269 270/270/270 
f 269/269/269 269/269/269 270/270/270 
f 270/270/270 269/269/269 271/271/271 
f 269/269/269 267/267/267 271/271/271 
f 271/271/271 267/267/267 267/267/267 
f 267/267/267 237/237/237 267/267/267 
f 267/267/267 237/237/237 237/237/237 
f 237/237/237 243/243/243 237/237/237 
f 237/237/237 243/243/243 241/241/241 
f 243/243/243 241/241/241 241/241/241 
f 241/241/241 241/241/241 243/243/243 
f 241/241/241 243/243/243 243/243/243 
f 243/243/243 243/243/243 245/245/245 
f 243/243/243 247/247/247 245/245/245 
f 245/245/245 247/247/247 247/247/247 
f 247/247/247 247/247/247 247/247/247 
f 247/247/247 247/247/247 247/247/247 
f 247/247/247 251/251/251 247/247/247 
f 247/247/247 251/251/251 249/249/249 
f 251/251/251 249/249/249 249/249/249 
f 249/249/249 249/249/249 251/251/251 
f 249/249/249 251/251/251 251/251/251 
f 251/251/251 251/251/251 253/253/253 
f 251/251/251 255/255/255 253/253/253 
f 253/253/253 255/255/255 255/255/255 
f 255/255/255 255/255/255 255/255/255 
f 255/255/255 255/255/255 255/255/255 
f 255/255/255 259/259/259 255/255/255 
f 255/255/255 259/259/259 257/257/257 
f 259/259/259 257/257/257 257/257/257 
f 257/257/257 257/257/257 263/263/263 
f 257/257/257 263/263/263 263/263/263 
f 263/263/263 263/263/263 265/265/265 
f 263/263/263 267/267/267 265/265/265 
f 265/265/265 267/267/267 267/267/267 
f 267/267/267 270/270/270 267/267/267 
f 267/267/267 270/270/270 270/270/270 
f 270/270/270 271/271/271 270/270/270 
f 270/270/270 271/271/271 272/272/272 
f 271/271/271 273/273/273 272/272/272 
f 272/272/272 273/273/273 274/274/274 
f 273/273/273 275/275/275 274/274/274 
f 274/274/274 275/275/275 276/276/276 
f 275/275/275 277/277/277 276/276/276 
f 276/276/276 277/277/277 278/278/278 
f 277/277/277 279/279/279 278/278/278 
f 278/278/278 279/279/279 280/280/280 
f 279/279/279 281/281/281 280/280/280 
f 280/280/280 281/281/281 282/282/282 
f 281/281/281 283/283/283 282/282/282 
f 282/282/282 283/283/283 284/284/284 
f 283/283/283 285/285/285 284/284/284 
f 284/284/284 285/285/285 286/286/286 
f 285/285/285 287/287/287 286/286/286 
f 286/286/286 287/287/287 288/288/288 
f 287/287/287 289/289/289 288/288/288 
f 288/288/288 289/289/289 290/290/290 
f 289/289/289 291/291/291 290/290/290 
f 290/290/290 291/291/291 292/292/292 
f 291/291/291 293/293/293 292/292/292 
f 292/292/292 293/293/293 294/294/294 
f 293/293/293 295/295/295 294/294/294 
f 294/294/294 295/295/295 296/296/296 
f 295/295/295 297/297/297 296/296/296 
f 296/296/296 297/297/297 298/298/298 
f 297/297/297 297/297/297 298/298/298 
f 298/298/298 297/297/297 236/236/236 
f 297/297/297 295/295/295 236/236/236 
f 236/236/236 295/295/295 295/295/295 
f 295/295/295 271/271/271 295/295/295 
f 295/295/295 271/271/271 271/271/271 
f 271/271/271 275/275/275 271/271/271 
f 271/271/271 275/275/275 273/273/273 
f 275/275/275 273/273/273 273/273/273 
f 273/273/273 273/273/273 275/275/275 
f 273/273/273 275/275/275 275/275/275 
f 275/275/275 275/275/275 277/277/277 
f 275/275/275 279/279/279 277/277/277 
f 277/277/277 279/279/279 279/279/279 
f 279/279/279 279/279/279 279/279/279 
f 279/279/279 279/279/279 279/279/279 
f 279/279/279 283/283/283 279/279/279 
f 279/279/279 283/283/283 281/281/281 
f 283/283/283 281/281/281 281/281/281 
f 281/281/281 281/281/281 285/285/285 
f 281/281/281 285/285/285 285/285/285 
f 285/285/285 285/285/285 287/287/287 
f 285/285/285 283/283/283 287/287/287 
f 287/287/287 283/283/283 238/238/238 
f 283/283/283 279/279/279 238/238/238 
f 238/238/238 279/279/279 238/238/238 
f 279/279/279 275/275/275 238/238/238 
f 238/238/238 275/275/275 238/238/238 
f 275/275/275 271/271/271 238/238/238 
f 238/238/238 271/271/271 238/238/238 
f 271/271/271 267/267/267 238/238/238 
f 238/238/238 267/267/267 238/238/238 
f 267/267/267 263/263/263 238/238/238 
f 238/238/238 263/263/263 238/238/238 
f 263/263/263 261/261/261 238/238/238 
f 238/238/238 261/261/261 238/238/238 
f 261/261/261 259/259/259 238/238/238 
f 238/238/238 259/259/259 238/238/238 
f 259/259/259 255/255/255 238/238/238 
f 238/238/238 255/255/255 238/238/238 
f 255/255/255 251/251/251 238/238/238 
f 238/238/238 251/251/251 238/238/238 
f 251/251/251 247/247/247 238/238/238 
f 238/238/238 247/247/247 238/238/238 
f 247/247/247 243/243/243 238/238/238 
f 238/238/238 243/243/243 237/237/237 
f 243/243/243 237/237/237 237/237/237 
f 237/237/237 237/237/237 289/289/289 
f 237/237/237 289/289/289 289/289/289 
f 289/289/289 289/289/289 291/291/291 
f 289/289/289 287/287/287 291/291/291 
f 291/291/291 287/287/287 291/291/291 
f 287/287/287 238/238/238 291/291/291 
f 291/291/291 238/238/238 295/295/295 
f 238/238/238 236/236/236 295/295/295 
f 295/295/295 236/236/236 236/236/236 
f 236/236/236 291/291/291 236/236/236 
f 236/236/236 291/291/291 291/291/291 
f 291/291/291 295/295/295 291/291/291 
f 291/291/291 295/295/295 293/293/293 
f 295/295/295 293/293/293 293/293/293 
f 293/293/293 293/293/293 234/234/234 
f 293/293/293 234/234/234 234/234/234 
f 234/234/234 234/234/234 236/236/236 
f 234/234/234 298/298/298 236/236/236 
f 236/236/236 298/298/298 298/298/298 
f 298/298/298 299/299/299 298/298/298 
f 298/298/298 299/299/299 299/299/299 
f 299/299/299 300/300/300 299/299/299 
f 299/299/299 300/300/300 301/301/301 
f 300/300/300 302/302/302 301/301/301 
f 301/301/301 302/302/302 301/301/301 
f 302/302/302 303/303/303 301/301/301 
f 301/301/301 303/303/303 301/301/301 
f 303/303/303 304/304/304 301/301/301 
f 301/301/301 304/304/304 305/305/305 
f 304/304/304 306/306/306 305/305/305 
f 305/305/305 306/306/306 307/307/307 
f 306/306/306 308/308/308 307/307/307 
f 307/307/307 308/308/308 309/309/309 
f 308/308/308 310/310/310 309/309/309 
f 309/309/309 310/310/310 311/311/311 
f 310/310/310 311/311/311 311/311/311 
f 311/311/311 311/311/311 302/302/302 
f 311/311/311 302/302/302 302/302/302 
f 302/302/302 302/302/302 312/312/312 
f 302/302/302 300/300/300 312/312/312 
f 312/312/312 300/300/300 300/300/300 
f 300/300/300 313/313/313 300/300/300 
f 300/300/300 313/313/313 313/313/313 
f 313/313/313 314/314/314 313/313/313 
f 313/313/313 314/314/314 308/308/308 
f 314/314/314 310/310/310 308/308/308 
f 308/308/308 310/310/310 310/310/310 
f 310/310/310 313/313/313 310/310/310 
f 310/310/310 313/313/313 313/313/313 
f 313/313/313 308/308/308 313/313/313 
f 313/313/313 308/308/308 315/315/315 
f 308/308/308 306/306/306 315/315/315 
f 315/315/315 306/306/306 315/315/315 
f 306/306/306 304/304/304 315/315/315 
f 315/315/315 304/304/304 316/316/316 
f 304/304/304 304/304/304 316/316/316 
f 316/316/316 304/304/304 317/317/317 
f 304/304/304 303/303/303 317/317/317 
f 317/317/317 303/303/303 318/318/318 
f 303/303/303 302/302/302 318/318/318 
f 318/318/318 302/302/302 319/319/319 
f 302/302/302 312/312/312 319/319/319 
f 319/319/319 312/312/312 319/319/319 
f 312/312/312 320/320/320 319/319/319 
f 319/319/319 320/320/320 321/321/321 
f 320/320/320 322/322/322 321/321/321 
f 321/321/321 322/322/322 321/321/321 
f 322/322/322 323/323/323 321/321/321 
f 321/321/321 323/323/323 321/321/321 
f 323/323/323 324/324/324 321/321/321 
f 321/321/321 324/324/324 325/325/325 
f 324/324/324 326/326/326 325/325/325 
f 325/325/325 326/326/326 318/318/318 
f 326/326/326 327/327/327 318/318/318 
f 318/318/318 327/327/327 317/317/317 
f 327/327/327 317/317/317 317/317/317 
f 317/317/317 317/317/317 321/321/321 
f 317/317/317 321/321/321 321/321/321 
f 321/321/321 321/321/321 319/319/319 
f 321/321/321 325/325/325 319/319/319 
f 319/319/319 325/325/325 318/318/318 
f 325/325/325 318/318/318 318/318/318 
f 318/318/318 318/318/318 326/326/326 
f 318/318/318 326/326/326 326/326/326 
f 326/326/326 326/326/326 328/328/328 
f 326/326/326 324/324/324 328/328/328 
f 328/328/328 324/324/324 329/329/329 
f 324/324/324 330/330/330 329/329/329 
f 329/329/329 330/330/330 331/331/331 
f 330/330/330 332/332/332 331/331/331 
f 331/331/331 332/332/332 331/331/331 
f 332/332/332 333/333/333 331/331/331 
f 331/331/331 333/333/333 334/334/334 
f 333/333/333 335/335/335 334/334/334 
f 334/334/334 335/335/335 334/334/334 
f 335/335/335 336/336/336 334/334/334 
f 334/334/334 336/336/336 337/337/337 
f 336/336/336 336/336/336 337/337/337 
f 337/337/337 336/336/336 338/338/338 
f 336/336/336 336/336/336 338/338/338 
f 338/338/338 336/336/336 339/339/339 
f 336/336/336 336/336/336 339/339/339 
f 339/339/339 336/336/336 340/340/340 
f 336/336/336 341/341/341 340/340/340 
f 340/340/340 341/341/341 342/342/342 
f 341/341/341 341/341/341 342/342/342 
f 342/342/342 341/341/341 343/343/343 
f 341/341/341 344/344/344 343/343/343 
f 343/343/343 344/344/344 344/344/344 
f 344/344/344 324/324/324 344/344/344 
f 344/344/344 324/324/324 324/324/324 
f 324/324/324 323/323/323 324/324/324 
f 324/324/324 323/323/323 330/330/330 
f 323/323/323 332/332/332 330/330/330 
f 330/330/330 332/332/332 332/332/332 
f 332/332/332 329/329/329 332/332/332 
f 332/332/332 329/329/329 329/329/329 
f 329/329/329 331/331/331 329/329/329 
f 329/329/329 331/331/331 345/345/345 
f 331/331/331 331/331/331 345/345/345 
f 345/345/345 331/331/331 337/337/337 
f 331/331/331 334/334/334 337/337/337 
f 337/337/337 334/334/334 334/334/334 
f 334/334/334 336/336/336 334/334/334 
f 334/334/334 336/336/336 336/336/336 
f 336/336/336 335/335/335 336/336/336 
f 336/336/336 335/335/335 341/341/341 
f 335/335/335 341/341/341 341/341/341 
f 341/341/341 341/341/341 343/343/343 
f 341/341/341 343/343/343 343/343/343 
f 343/343/343 343/343/343 342/342/342 
f 343/343/343 346/346/346 342/342/342 
f 342/342/342 346/346/346 342/342/342 
f 346/346/346 347/347/347 342/342/342 
f 342/342/342 347/347/347 348/348/348 
f 347/347/347 349/349/349 348/348/348 
f 348/348/348 349/349/349 350/350/350 
f 349/349/349 351/351/351 350/350/350 
f 350/350/350 351/351/351 352/352/352 
f 351/351/351 351/351/351 352/352/352 
f 352/352/352 351/351/351 353/353/353 
f 351/351/351 351/351/351 353/353/353 
f 353/353/353 351/351/351 354/354/354 
f 351/351/351 351/351/351 354/354/354 
f 354/354/354 351/351/351 355/355/355 
f 351/351/351 351/351/351 355/355/355 
f 355/355/355 351/351/351 356/356/356 
f 351/351/351 349/349/349 356/356/356 
f 356/356/356 349/349/349 347/347/347 
f 349/349/349 347/347/347 347/347/347 
f 347/347/347 347/347/347 342/342/342 
f 347/347/347 342/342/342 342/342/342 
f 342/342/342 342/342/342 340/340/340 
f 342/342/342 348/348/348 340/340/340 
f 340/340/340 348/348/348 339/339/339 
f 348/348/348 348/348/348 339/339/339 
f 339/339/339 348/348/348 357/357/357 
f 348/348/348 350/350/350 357/357/357 
f 357/357/357 350/350/350 350/350/350 
f 350/350/350 355/355/355 350/350/350 
f 350/350/350 355/355/355 355/355/355 
f 355/355/355 358/358/358 355/355/355 
f 355/355/355 358/358/358 354/354/354 
f 358/358/358 359/359/359 354/354/354 
f 354/354/354 359/359/359 353/353/353 
f 359/359/359 359/359/359 353/353/353 
f 353/353/353 359/359/359 360/360/360 
f 359/359/359 359/359/359 360/360/360 
f 360/360/360 359/359/359 361/361/361 
f 359/359/359 359/359/359 361/361/361 
f 361/361/361 359/359/359 362/362/362 
f 359/359/359 363/363/363 362/362/362 
f 362/362/362 363/363/363 364/364/364 
f 363/363/363 365/365/365 364/364/364 
f 364/364/364 365/365/365 364/364/364 
f 365/365/365 366/366/366 364/364/364 
f 364/364/364 366/366/366 367/367/367 
f 366/366/366 368/368/368 367/367/367 
f 367/367/367 368/368/368 369/369/369 
f 368/368/368 370/370/370 369/369/369 
f 369/369/369 370/370/370 369/369/369 
f 370/370/370 371/371/371 369/369/369 
f 369/369/369 371/371/371 369/369/369 
f 371/371/371 372/372/372 369/369/369 
f 369/369/369 372/372/372 369/369/369 
f 372/372/372 373/373/373 369/369/369 
f 369/369/369 373/373/373 367/367/367 
f 373/373/373 374/374/374 367/367/367 
f 367/367/367 374/374/374 364/364/364 
f 374/374/374 374/374/374 364/364/364 
f 364/364/364 374/374/374 362/362/362 
f 374/374/374 374/374/374 362/362/362 
f 362/362/362 374/374/374 361/361/361 
f 374/374/374 374/374/374 361/361/361 
f 361/361/361 374/374/374 375/375/375 
f 374/374/374 374/374/374 375/375/375 
f 375/375/375 374/374/374 376/376/376 
f 374/374/374 373/373/373 376/376/376 
f 376/376/376 373/373/373 376/376/376 
f 373/373/373 372/372/372 376/376/376 
f 376/376/376 372/372/372 377/377/377 
f 372/372/372 372/372/372 377/377/377 
f 377/377/377 372/372/372 378/378/378 
f 372/372/372 379/379/379 378/378/378 
f 378/378/378 379/379/379 380/380/380 
f 379/379/379 379/379/379 380/380/380 
f 380/380/380 379/379/379 381/381/381 
f 379/379/379 379/379/379 381/381/381 
f 381/381/381 379/379/379 371/371/371 
f 379/379/379 372/372/372 371/371/371 
f 371/371/371 372/372/372 372/372/372 
f 372/372/372 359/359/359 372/372/372 
f 372/372/372 359/359/359 359/359/359 
f 359/359/359 358/358/358 359/359/359 
f 359/359/359 358/358/358 363/363/363 
f 358/358/358 363/363/363 363/363/363 
f 363/363/363 363/363/363 363/363/363 
f 363/363/363 363/363/363 363/363/363 
f 363/363/363 363/363/363 365/365/365 
f 363/363/363 382/382/382 365/365/365 
f 365/365/365 382/382/382 382/382/382 
f 382/382/382 378/378/378 382/382/382 
f 382/382/382 378/378/378 378/378/378 
f 378/378/378 380/380/380 378/378/378 
f 378/378/378 380/380/380 383/383/383 
f 380/380/380 380/380/380 383/383/383 
f 383/383/383 380/380/380 384/384/384 
f 380/380/380 385/385/385 384/384/384 
f 384/384/384 385/385/385 386/386/386 
f 385/385/385 385/385/385 386/386/386 
f 386/386/386 385/385/385 387/387/387 
f 385/385/385 385/385/385 387/387/387 
f 387/387/387 385/385/385 388/388/388 
f 385/385/385 380/380/380 388/388/388 
f 388/388/388 380/380/380 381/381/381 
f 380/380/380 381/381/381 381/381/381 
f 381/381/381 381/381/381 384/384/384 
f 381/381/381 384/384/384 384/384/384 
f 384/384/384 384/384/384 389/389/389 
f 384/384/384 386/386/386 389/389/389 
f 389/389/389 386/386/386 390/390/390 
f 386/386/386 391/391/391 390/390/390 
f 390/390/390 391/391/391 392/392/392 
f 391/391/391 392/392/392 392/392/392 
f 392/392/392 392/392/392 387/387/387 
f 392/392/392 387/387/387 387/387/387 
f 387/387/387 387/387/387 386/386/386 
f 387/387/387 393/393/393 386/386/386 
f 386/386/386 393/393/393 391/391/391 
f 393/393/393 394/394/394 391/391/391 
f 391/391/391 394/394/394 395/395/395 
f 394/394/394 394/394/394 395/395/395 
f 395/395/395 394/394/394 396/396/396 
f 394/394/394 397/397/397 396/396/396 
f 396/396/396 397/397/397 398/398/398 
f 397/397/397 398/398/398 398/398/398 
f 398/398/398 398/398/398 399/399/399 
f 398/398/398 399/399/399 399/399/399 
f 399/399/399 399/399/399 393/393/393 
f 399/399/399 400/400/400 393/393/393 
f 393/393/393 400/400/400 394/394/394 
f 400/400/400 397/397/397 394/394/394 
f 394/394/394 397/397/397 397/397/397 
f 397/397/397 391/391/391 397/397/397 
f 397/397/397 391/391/391 391/391/391 
f 391/391/391 395/395/395 391/391/391 
f 391/391/391 395/395/395 392/392/392 
f 395/395/395 395/395/395 392/392/392 
f 392/392/392 395/395/395 401/401/401 
f 395/395/395 402/402/402 401/401/401 
f 401/401/401 402/402/402 403/403/403 
f 402/402/402 403/403/403 403/403/403 
f 403/403/403 403/403/403 395/395/395 
f 403/403/403 395/395/395 395/395/395 
f 395/395/395 395/395/395 402/402/402 
f 395/395/395 396/396/396 402/402/402 
f 402/402/402 396/396/396 404/404/404 
f 396/396/396 398/398/398 404/404/404 
f 404/404/404 398/398/398 404/404/404 
f 398/398/398 405/405/405 404/404/404 
f 404/404/404 405/405/405 406/406/406 
f 405/405/405 407/407/407 406/406/406 
f 406/406/406 407/407/407 407/407/407 
f 407/407/407 406/406/406 407/407/407 
f 407/407/407 406/406/406 406/406/406 
f 406/406/406 408/408/408 406/406/406 
f 406/406/406 408/408/408 404/404/404 
f 408/408/408 408/408/408 404/404/404 
f 404/404/404 408/408/408 402/402/402 
f 408/408/408 408/408/408 402/402/402 
f 402/402/402 408/408/408 403/403/403 
f 408/408/408 408/408/408 403/403/403 
f 403/403/403 408/408/408 409/409/409 
f 408/408/408 408/408/408 409/409/409 
f 409/409/409 408/408/408 410/410/410 
f 408/408/408 406/406/406 410/410/410 
f 410/410/410 406/406/406 411/411/411 
f 406/406/406 407/407/407 411/411/411 
f 411/411/411 407/407/407 411/411/411 
f 407/407/407 412/412/412 411/411/411 
f 411/411/411 412/412/412 411/411/411 
f 412/412/412 311/311/311 411/411/411 
f 411/411/411 311/311/311 413/413/413 
f 311/311/311 310/310/310 413/413/413 
f 413/413/413 310/310/310 413/413/413 
f 310/310/310 314/314/314 413/413/413 
f 413/413/413 314/314/314 413/413/413 
f 314/314/314 414/414/414 413/413/413 
f 413/413/413 414/414/414 413/413/413 
f 414/414/414 409/409/409 413/413/413 
f 413/413/413 409/409/409 413/413/413 
f 409/409/409 410/410/410 413/413/413 
f 413/413/413 410/410/410 411/411/411 
f 410/410/410 411/411/411 411/411/411 
f 411/411/411 411/411/411 415/415/415 
f 411/411/411 415/415/415 415/415/415 
f 415/415/415 415/415/415 416/416/416 
f 415/415/415 417/417/417 416/416/416 
f 416/416/416 417/417/417 418/418/418 
f 417/417/417 419/419/419 418/418/418 
f 418/418/418 419/419/419 420/420/420 
f 419/419/419 421/421/421 420/420/420 
f 420/420/420 421/421/421 422/422/422 
f 421/421/421 423/423/423 422/422/422 
f 422/422/422 423/423/423 424/424/424 
f 423/423/423 424/424/424 424/424/424 
f 424/424/424 424/424/424 425/425/425 
f 424/424/424 425/425/425 425/425/425 
f 425/425/425 425/425/425 426/426/426 
f 425/425/425 427/427/427 426/426/426 
f 426/426/426 427/427/427 428/428/428 
f 427/427/427 429/429/429 428/428/428 
f 428/428/428 429/429/429 430/430/430 
f 429/429/429 431/431/431 430/430/430 
f 430/430/430 431/431/431 432/432/432 
f 431/431/431 433/433/433 432/432/432 
f 432/432/432 433/433/433 434/434/434 
f 433/433/433 434/434/434 434/434/434 
f 434/434/434 434/434/434 435/435/435 
f 434/434/434 435/435/435 435/435/435 
f 435/435/435 435/435/435 436/436/436 
f 435/435/435 437/437/437 436/436/436 
f 436/436/436 437/437/437 438/438/438 
f 437/437/437 439/439/439 438/438/438 
f 438/438/438 439/439/439 440/440/440 
f 439/439/439 441/441/441 440/440/440 
f 440/440/440 441/441/441 442/442/442 
f 441/441/441 443/443/443 442/442/442 
f 442/442/442 443/443/443 444/444/444 
f 443/443/443 444/444/444 444/444/444 
f 444/444/444 444/444/444 445/445/445 
f 444/444/444 445/445/445 445/445/445 
f 445/445/445 445/445/445 446/446/446 
f 445/445/445 447/447/447 446/446/446 
f 446/446/446 447/447/447 448/448/448 
f 447/447/447 449/449/449 448/448/448 
f 448/448/448 449/449/449 450/450/450 
f 449/449/449 451/451/451 450/450/450 
f 450/450/450 451/451/451 452/452/452 
f 451/451/451 453/453/453 452/452/452 
f 452/452/452 453/453/453 454/454/454 

