mtllib model_4.mtl
o model_4
v -0.20175491273403168 0.24561657011508942 -1.1845674514770508 
v 0.0004923790111206472 0.24561657011508942 -1.1845674514770508 
v -0.171466663479805 0.22551484405994415 -1.2073956727981567 
v 0.0004923790111206472 0.22551484405994415 -1.2073956727981567 
v 0.1714743673801422 0.22551484405994415 -1.2073956727981567 
v 0.2017626166343689 0.24561657011508942 -1.1845674514770508 
v 0.2017626166343689 0.25467944145202637 -1.16688072681427 
v 0.0004923790111206472 0.26182347536087036 -1.1659116744995117 
v 0.0004923790111206472 0.40253549814224243 -1.0061146020889282 
v -0.20175491273403168 0.25467944145202637 -1.16688072681427 
v 0.9873027801513672 0.25704172253608704 -1.1568034887313843 
v 0.9843716621398926 0.39928632974624634 -1.0029112100601196 
v 0.7469509243965149 0.2556025981903076 -1.1693416833877563 
v 0.7469509243965149 0.40253549814224243 -1.0061146020889282 
v 0.2017626166343689 0.40253549814224243 -1.0061146020889282 
v 0.7469509243965149 0.43494924902915955 -0.9688032269477844 
v 0.996096134185791 0.43494924902915955 -0.9688032269477844 
v 1.0000042915344238 0.46813836693763733 -0.9317392706871033 
v 0.7469509243965149 0.46813836693763733 -0.9317392706871033 
v 0.996096134185791 0.5002383589744568 -0.8954108357429504 
v 0.7469509243965149 0.5002383589744568 -0.8954108357429504 
v 0.9843716621398926 0.5283138155937195 -0.855631411075592 
v 0.7469509243965149 0.5323383808135986 -0.8590822815895081 
v 0.9843716621398926 0.9116493463516235 -0.42017799615859985 
v 0.7469509243965149 0.9159876704216003 -0.4226458668708801 
v 0.2017626166343689 0.5323383808135986 -0.8590822815895081 
v 0.2017626166343689 0.5002383589744568 -0.8954108357429504 
v 0.2017626166343689 0.46813836693763733 -0.9317392706871033 
v 0.2017626166343689 0.43494924902915955 -0.9688032269477844 
v 0.0004923790111206472 0.43494924902915955 -0.9688032269477844 
v -0.20175491273403168 0.40253549814224243 -1.0061146020889282 
v -0.7469432353973389 0.40253549814224243 -1.0061146020889282 
v -0.7469432353973389 0.2556025981903076 -1.1693416833877563 
v -0.9843639731407166 0.39928632974624634 -1.0029112100601196 
v -0.9872950911521912 0.256727933883667 -1.15778648853302 
v -0.7469432353973389 0.43494924902915955 -0.9688032269477844 
v -0.996088445186615 0.43494924902915955 -0.9688032269477844 
v -0.9999966025352478 0.46813836693763733 -0.9317392706871033 
v -0.7469432353973389 0.46813836693763733 -0.9317392706871033 
v -0.996088445186615 0.5002383589744568 -0.8954108357429504 
v -0.20175491273403168 0.43494924902915955 -0.9688032269477844 
v 0.0004923790111206472 0.46813836693763733 -0.9317392706871033 
v 0.0004923790111206472 0.5002383589744568 -0.8954108357429504 
v -0.20175491273403168 0.46813836693763733 -0.9317392706871033 
v -0.7469432353973389 0.5002383589744568 -0.8954108357429504 
v -0.9843639731407166 0.5283138155937195 -0.855631411075592 
v -0.7469432353973389 0.5323383808135986 -0.8590822815895081 
v -0.9843639731407166 0.9116493463516235 -0.42017799615859985 
v -0.7469432353973389 0.9159876704216003 -0.4226458668708801 
v -0.20175491273403168 0.5323383808135986 -0.8590822815895081 
v -0.20175491273403168 0.5002383589744568 -0.8954108357429504 
v 0.0004923790111206472 0.5323383808135986 -0.8590822815895081 
v 0.2017626166343689 0.9159876704216003 -0.4226458668708801 
v 0.7469509243965149 0.9484013915061951 -0.38533443212509155 
v 0.996096134185791 0.9484013915061951 -0.38533443212509155 
v 1.0000042915344238 0.9815905094146729 -0.3482705056667328 
v 0.7469509243965149 0.9815905094146729 -0.3482705056667328 
v 0.996096134185791 1.0140042304992676 -0.3109590709209442 
v 0.7469509243965149 1.0140042304992676 -0.3109590709209442 
v 0.9843716621398926 1.042855143547058 -0.2714272141456604 
v 0.7469509243965149 1.0461043119430542 -0.274630606174469 
v 0.986325740814209 1.1340051889419556 -0.17054621875286102 
v 0.7469509243965149 1.1360174417495728 -0.17227163910865784 
v 0.9843716621398926 1.1986849308013916 -0.09370987117290497 
v 0.7469509243965149 1.202709436416626 -0.09716075658798218 
v 0.766491711139679 1.5193530321121216 0.2631818354129791 
v 0.7469509243965149 1.5189095735549927 0.2698221504688263 
v 0.2017626166343689 1.202709436416626 -0.09716075658798218 
v 0.2017626166343689 1.5215493440628052 0.2700626850128174 
v 0.0004923790111206472 1.5215493440628052 0.2700626850128174 
v 0.0004923790111206472 1.202709436416626 -0.09716075658798218 
v 0.2017626166343689 1.1360174417495728 -0.17227163910865784 
v 0.2017626166343689 1.0461043119430542 -0.274630606174469 
v 0.2017626166343689 1.0140042304992676 -0.3109590709209442 
v 0.2017626166343689 0.9815905094146729 -0.3482705056667328 
v 0.2017626166343689 0.9484013915061951 -0.38533443212509155 
v 0.0004923790111206472 0.9484013915061951 -0.38533443212509155 
v 0.0004923790111206472 0.9159876704216003 -0.4226458668708801 
v -0.20175491273403168 0.9159876704216003 -0.4226458668708801 
v -0.7469432353973389 0.9484013915061951 -0.38533443212509155 
v -0.996088445186615 0.9484013915061951 -0.38533443212509155 
v -0.9999966025352478 0.9815905094146729 -0.3482705056667328 
v -0.7469432353973389 0.9815905094146729 -0.3482705056667328 
v -0.996088445186615 1.0140042304992676 -0.3109590709209442 
v -0.20175491273403168 0.9484013915061951 -0.38533443212509155 
v 0.0004923790111206472 0.9815905094146729 -0.3482705056667328 
v 0.0004923790111206472 1.0140042304992676 -0.3109590709209442 
v -0.20175491273403168 0.9815905094146729 -0.3482705056667328 
v -0.7469432353973389 1.0140042304992676 -0.3109590709209442 
v -0.9843639731407166 1.042855143547058 -0.2714272141456604 
v -0.7469432353973389 1.0461043119430542 -0.274630606174469 
v -0.986318051815033 1.1340051889419556 -0.17054621875286102 
v -0.20175491273403168 1.0140042304992676 -0.3109590709209442 
v 0.0004923790111206472 1.0461043119430542 -0.274630606174469 
v 0.0004923790111206472 1.1360174417495728 -0.17227163910865784 
v -0.20175491273403168 1.1360174417495728 -0.17227163910865784 
v -0.20175491273403168 1.202709436416626 -0.09716075658798218 
v -0.7469432353973389 1.202709436416626 -0.09716075658798218 
v -0.7469432353973389 1.5189095735549927 0.2698221504688263 
v -0.7664840221405029 1.5193530321121216 0.2631818354129791 
v -0.9843639731407166 1.1986849308013916 -0.09370987117290497 
v -0.7469432353973389 1.1360174417495728 -0.17227163910865784 
v -0.20175491273403168 1.0461043119430542 -0.274630606174469 
v -0.20175491273403168 1.5215493440628052 0.2700626850128174 
v -0.7469432353973389 0.40253549814224243 -1.0061146020889282 
v -0.996088445186615 0.43494924902915955 -0.9688032269477844 
v -0.9843639731407166 0.39928632974624634 -1.0029112100601196 
v -0.7469432353973389 0.9159876704216003 -0.4226458668708801 
v -0.9843639731407166 0.9116493463516235 -0.42017799615859985 
v -0.996088445186615 0.9484013915061951 -0.38533443212509155 
v 0.996096134185791 0.43494924902915955 -0.9688032269477844 
v 0.7469509243965149 0.40253549814224243 -1.0061146020889282 
v 0.9843716621398926 0.39928632974624634 -1.0029112100601196 
v 0.996096134185791 0.9484013915061951 -0.38533443212509155 
v 0.9843716621398926 0.9116493463516235 -0.42017799615859985 
v 0.7469509243965149 0.9159876704216003 -0.4226458668708801 
v -0.20175491273403168 1.3084330558776855 0.46156519651412964 
v -0.20175491273403168 1.443864345550537 0.34251701831817627 
v 0.0004923790111206472 1.3084330558776855 0.46156519651412964 
v 0.0004923790111206472 1.443864345550537 0.34251701831817627 
v -0.5759612321853638 1.3084330558776855 0.46156519651412964 
v -0.7469432353973389 1.443864345550537 0.34251701831817627 
v -0.20175491273403168 1.5215493440628052 0.2700626850128174 
v -0.6218820810317993 1.3116822242736816 0.45836180448532104 
v -0.7537825107574463 1.4423136711120605 0.3430120050907135 
v -0.6707341074943542 1.3290172815322876 0.443080335855484 
v -0.7606217861175537 1.4370522499084473 0.3479408621788025 
v -0.702976405620575 1.3548630475997925 0.41966673731803894 
v -0.7625758647918701 1.4305537939071655 0.3543476164340973 
v -0.7469432353973389 1.5189095735549927 0.2698221504688263 
v 0.0004923790111206472 1.5215493440628052 0.2700626850128174 
v 0.2017626166343689 1.5215493440628052 0.2700626850128174 
v 0.2017626166343689 1.443864345550537 0.34251701831817627 
v 0.7469509243965149 1.443864345550537 0.34251701831817627 
v 0.5759689211845398 1.3084330558776855 0.46156519651412964 
v 0.6218898296356201 1.3116822242736816 0.45836180448532104 
v 0.7537901997566223 1.4423136711120605 0.3430120050907135 
v 0.6707417964935303 1.3290172815322876 0.443080335855484 
v 0.7606294751167297 1.4370522499084473 0.3479408621788025 
v 0.7029841542243958 1.3548630475997925 0.41966673731803894 
v 0.7625835537910461 1.4305537939071655 0.3543476164340973 
v 0.2017626166343689 1.3084330558776855 0.46156519651412964 
v 0.7469509243965149 1.5189095735549927 0.2698221504688263 
v 0.9931650161743164 0.23861753940582275 -1.142257571220398 
v 0.9882798194885254 0.2876702845096588 -0.9109612107276917 
v 0.9882798194885254 0.14385688304901123 -1.0697684288024902 
v 0.9882798194885254 0.03750234469771385 -0.9827471375465393 
v 0.9882798194885254 0.1796172559261322 -0.8212315440177917 
v 0.9882798194885254 0.3200840651988983 -0.8736497759819031 
v 0.9882798194885254 0.2128063589334488 -0.7841675877571106 
v 0.9882798194885254 0.3532731831073761 -0.8365858197212219 
v 0.9882798194885254 0.2452201098203659 -0.7468562126159668 
v 0.9882798194885254 0.3856869339942932 -0.7992743253707886 
v 0.9882798194885254 0.2784092128276825 -0.7097922563552856 
v 0.9843716621398926 0.39928632974624634 -1.0029112100601196 
v 0.9843716621398926 0.38040053844451904 -0.9871348142623901 
v 0.9882798194885254 0.415601909160614 -0.9517963528633118 
v 0.9882798194885254 0.39996537566185 -0.9392232894897461 
v 0.9882798194885254 0.39996537566185 -0.9392232894897461 
v 0.9882798194885254 0.4299052953720093 -0.8989559412002563 
v 0.9882798194885254 0.4455418288707733 -0.9115289449691772 
v 0.9882798194885254 0.480115681886673 -0.8781564235687256 
v 0.9882798194885254 0.4647929072380066 -0.864600419998169 
v 0.9882798194885254 0.415601909160614 -0.9517963528633118 
v 0.9882798194885254 0.480115681886673 -0.8781564235687256 
v 0.9843716621398926 0.5283138155937195 -0.855631411075592 
v 0.9882798194885254 0.4647929072380066 -0.864600419998169 
v 0.9843716621398926 0.5102034211158752 -0.8401025533676147 
v 0.9882798194885254 0.41778692603111267 -0.7629458904266357 
v 0.9882798194885254 0.31050920486450195 -0.6734638214111328 
v 0.9882798194885254 0.6969642639160156 -0.23359039425849915 
v 0.9882798194885254 0.8028391003608704 -0.3247910141944885 
v 0.9882798194885254 0.8360282182693481 -0.2877270579338074 
v 0.9843716621398926 0.893852710723877 -0.40366607904434204 
v 0.9882798194885254 0.9137312769889832 -0.35477155447006226 
v 0.9882798194885254 0.9290540814399719 -0.3683275580406189 
v 0.9843716621398926 0.9116493463516235 -0.42017799615859985 
v 0.9843716621398926 0.5102034211158752 -0.8401025533676147 
v 0.9843716621398926 0.893852710723877 -0.40366607904434204 
v 0.9843716621398926 0.9116493463516235 -0.42017799615859985 
v 0.9843716621398926 0.5283138155937195 -0.855631411075592 
v 0.9882798194885254 0.7293779850006104 -0.19627894461154938 
v 0.9882798194885254 0.8684419393539429 -0.2504156231880188 
v 0.9882798194885254 0.7628808617591858 -0.15823201835155487 
v 0.9882798194885254 0.9016310572624207 -0.21335166692733765 
v 0.9882798194885254 0.7960699796676636 -0.12116807699203491 
v 0.9882798194885254 0.9137312769889832 -0.35477155447006226 
v 0.9882798194885254 0.9433574676513672 -0.31548720598220825 
v 0.9882798194885254 0.9589940309524536 -0.32806023955345154 
v 0.9882798194885254 0.9946569800376892 -0.29395219683647156 
v 0.9882798194885254 0.9785588383674622 -0.2801487147808075 
v 0.9882798194885254 0.9290540814399719 -0.3683275580406189 
v 0.9882798194885254 0.9946569800376892 -0.29395219683647156 
v 0.9843716621398926 1.042855143547058 -0.2714272141456604 
v 0.9882798194885254 0.9785588383674622 -0.2801487147808075 
v 0.9843716621398926 1.0247446298599243 -0.25589829683303833 
v 0.9882798194885254 0.9340448379516602 -0.17604023218154907 
v 0.9882798194885254 0.8284837603569031 -0.08385664224624634 
v 0.9882798194885254 1.0239579677581787 -0.07368127256631851 
v 0.9882798194885254 0.9194860458374023 0.019237807020545006 
v 0.9882798194885254 1.0600043535232544 0.028541624546051025 
v 0.9882798194885254 1.1281076669692993 -0.03110620006918907 
v 0.986325740814209 1.116208553314209 -0.1540343016386032 
v 0.9843716621398926 1.186611294746399 -0.08335728943347931 
v 0.9843716621398926 1.1986849308013916 -0.09370987117290497 
v 0.986325740814209 1.1340051889419556 -0.17054621875286102 
v 0.9843716621398926 1.0247446298599243 -0.25589829683303833 
v 0.986325740814209 1.116208553314209 -0.1540343016386032 
v 0.986325740814209 1.1340051889419556 -0.17054621875286102 
v 0.9843716621398926 1.042855143547058 -0.2714272141456604 
v 0.9843716621398926 0.38040053844451904 -0.9871348142623901 
v 0.9843716621398926 0.39928632974624634 -1.0029112100601196 
v 0.9873027801513672 0.25704172253608704 -1.1568034887313843 
v -0.991203248500824 0.23629151284694672 -1.1415151357650757 
v -0.9882721304893494 0.14385688304901123 -1.0697684288024902 
v -0.9882721304893494 0.2876702845096588 -0.9109612107276917 
v -0.9882721304893494 0.03750234469771385 -0.9827471375465393 
v -0.9882721304893494 0.1796172559261322 -0.8212315440177917 
v -0.9882721304893494 0.3200840651988983 -0.8736497759819031 
v -0.9882721304893494 0.2128063589334488 -0.7841675877571106 
v -0.9882721304893494 0.3532731831073761 -0.8365858197212219 
v -0.9882721304893494 0.2452201098203659 -0.7468562126159668 
v -0.9882721304893494 0.3856869339942932 -0.7992743253707886 
v -0.9882721304893494 0.2784092128276825 -0.7097922563552856 
v -0.9882721304893494 0.41778692603111267 -0.7629458904266357 
v -0.9882721304893494 0.31050920486450195 -0.6734638214111328 
v -0.9882721304893494 0.6969642639160156 -0.23359039425849915 
v -0.9882721304893494 0.8028391003608704 -0.3247910141944885 
v -0.9882721304893494 0.8360282182693481 -0.2877270579338074 
v -0.9882721304893494 0.7293779850006104 -0.19627894461154938 
v -0.9882721304893494 0.8684419393539429 -0.2504156231880188 
v -0.9882721304893494 0.7628808617591858 -0.15823201835155487 
v -0.9882721304893494 0.9016310572624207 -0.21335166692733765 
v -0.9882721304893494 0.7960699796676636 -0.12116807699203491 
v -0.9882721304893494 0.9340448379516602 -0.17604023218154907 
v -0.9882721304893494 0.8284837603569031 -0.08385664224624634 
v -0.9882721304893494 1.0239579677581787 -0.07368127256631851 
v -0.9882721304893494 0.9194860458374023 0.019237807020545006 
v -0.9882721304893494 1.0600043535232544 0.028541624546051025 
v -0.9882721304893494 1.1281076669692993 -0.03110620006918907 
v -0.986318051815033 1.1141963005065918 -0.1523088663816452 
v -0.9843639731407166 1.1858359575271606 -0.0831097960472107 
v -0.986318051815033 1.1340051889419556 -0.17054621875286102 
v -0.9843639731407166 1.1986849308013916 -0.09370987117290497 
v -0.986318051815033 1.1340051889419556 -0.17054621875286102 
v -0.9843639731407166 1.042855143547058 -0.2714272141456604 
v -0.986318051815033 1.1141963005065918 -0.1523088663816452 
v -0.9843639731407166 1.0227323770523071 -0.2541728615760803 
v -0.9843639731407166 1.042855143547058 -0.2714272141456604 
v -0.9882721304893494 0.9946569800376892 -0.29395219683647156 
v -0.9843639731407166 1.0227323770523071 -0.2541728615760803 
v -0.9882721304893494 0.9770081043243408 -0.27965372800827026 
v -0.9882721304893494 0.9946569800376892 -0.29395219683647156 
v -0.9882721304893494 0.9589940309524536 -0.32806023955345154 
v -0.9882721304893494 0.9770081043243408 -0.27965372800827026 
v -0.9882721304893494 0.9421204924583435 -0.31400924921035767 
v -0.9882721304893494 0.9121806025505066 -0.3542765974998474 
v -0.9882721304893494 0.9290540814399719 -0.3683275580406189 
v -0.9882721304893494 0.9290540814399719 -0.3683275580406189 
v -0.9882721304893494 0.9121806025505066 -0.3542765974998474 
v -0.9843639731407166 0.9116493463516235 -0.42017799615859985 
v -0.9843639731407166 0.8923020362854004 -0.4031711220741272 
v -0.9843639731407166 0.9116493463516235 -0.42017799615859985 
v -0.9843639731407166 0.5283138155937195 -0.855631411075592 
v -0.9843639731407166 0.8923020362854004 -0.4031711220741272 
v -0.9843639731407166 0.5086527466773987 -0.8396075963973999 
v -0.9843639731407166 0.5283138155937195 -0.855631411075592 
v -0.9882721304893494 0.480115681886673 -0.8781564235687256 
v -0.9843639731407166 0.5086527466773987 -0.8396075963973999 
v -0.9882721304893494 0.46324220299720764 -0.8641054034233093 
v -0.9882721304893494 0.480115681886673 -0.8781564235687256 
v -0.9882721304893494 0.4455418288707733 -0.9115289449691772 
v -0.9882721304893494 0.46324220299720764 -0.8641054034233093 
v -0.9882721304893494 0.4283545911312103 -0.8984609842300415 
v -0.9882721304893494 0.39872846007347107 -0.9377453327178955 
v -0.9882721304893494 0.415601909160614 -0.9517963528633118 
v -0.9882721304893494 0.415601909160614 -0.9517963528633118 
v -0.9882721304893494 0.39872846007347107 -0.9377453327178955 
v -0.9843639731407166 0.39928632974624634 -1.0029112100601196 
v -0.9843639731407166 0.3788498640060425 -0.9866398572921753 
v -0.9843639731407166 0.3788498640060425 -0.9866398572921753 
v -0.9872950911521912 0.256727933883667 -1.15778648853302 
v -0.9843639731407166 0.39928632974624634 -1.0029112100601196 
v -0.9775246381759644 0.0030162720941007137 -0.9435779452323914 
v -0.9599379301071167 0.0413580983877182 -0.9439020752906799 
v -0.9775246381759644 0.23317201435565948 -1.14593505859375 
v -0.9745935201644897 0.24703475832939148 -1.1319466829299927 
v -0.9716624021530151 0.26315099000930786 -1.1403403282165527 
v -0.9716624021530151 0.26315099000930786 -1.1403403282165527 
v -0.9775246381759644 0.23317201435565948 -1.14593505859375 
v -0.9872950911521912 0.256727933883667 -1.15778648853302 
v -0.9599379301071167 0.0413580983877182 -0.9439020752906799 
v -0.7801625728607178 0.24409931898117065 -1.1277602910995483 
v -0.9745935201644897 0.24703475832939148 -1.1319466829299927 
v -0.9716624021530151 0.26315099000930786 -1.1403403282165527 
v -0.7821166515350342 0.26313287019729614 -1.1457501649856567 
v -0.7205631732940674 0.26313287019729614 -1.1457501649856567 
v -0.7195861339569092 0.24533623456954956 -1.1292383670806885 
v -0.7019993662834167 0.26313287019729614 -1.1457501649856567 
v -0.7010223269462585 0.24533623456954956 -1.1292383670806885 
v -0.702976405620575 0.0337706096470356 -0.9382308125495911 
v -0.6853896975517273 0.031130829825997353 -0.9384713172912598 
v -0.7264254093170166 0.031130829825997353 -0.9384713172912598 
v -0.7664840221405029 0.0565330870449543 -0.9552446007728577 
v 0.7831014394760132 0.24409931898117065 -1.1277602910995483 
v 0.9726471900939941 0.2628191113471985 -1.1467331647872925 
v 0.9726471900939941 0.24875137209892273 -1.1292452812194824 
v 0.9726471900939941 0.2628191113471985 -1.1467331647872925 
v 0.7850555181503296 0.26313287019729614 -1.1457501649856567 
v 0.7831014394760132 0.24409931898117065 -1.1277602910995483 
v 0.7225249409675598 0.2634466588497162 -1.144767165184021 
v 0.7215479016304016 0.2456500083208084 -1.1282552480697632 
v 0.7010300755500793 0.24533623456954956 -1.1292383670806885 
v 0.703961193561554 0.034545958042144775 -0.9384782910346985 
v 0.6853973865509033 0.031130829825997353 -0.9384713172912598 
v 0.7020071148872375 0.2634466588497162 -1.144767165184021 
v 0.7264330983161926 0.031130829825997353 -0.9384713172912598 
v 0.766491711139679 0.0565330870449543 -0.9552446007728577 
v 0.9599456787109375 0.0413580983877182 -0.9439020752906799 
v 0.9726471900939941 0.24875137209892273 -1.1292452812194824 
v 0.9873027801513672 0.25704172253608704 -1.1568034887313843 
v 0.9833946228027344 0.23955883085727692 -1.1393085718154907 
v 0.9726471900939941 0.2628191113471985 -1.1467331647872925 
v 0.9726471900939941 0.24875137209892273 -1.1292452812194824 
v 0.9599456787109375 0.0413580983877182 -0.9439020752906799 
v 0.976555347442627 0.0030162720941007137 -0.9435779452323914 
v -0.20175491273403168 0.23802907764911652 -1.178896188735962 
v 0.0004923790111206472 0.23802907764911652 -1.178896188735962 
v -0.171466663479805 0.2182411253452301 -1.2007414102554321 
v 0.0004923790111206472 0.2182411253452301 -1.2007414102554321 
v 0.1714743673801422 0.2182411253452301 -1.2007414102554321 
v 0.2017626166343689 0.23802907764911652 -1.178896188735962 
v 0.2017626166343689 0.25423598289489746 -1.1602404117584229 
v 0.0004923790111206472 0.25423598289489746 -1.1602404117584229 
v 0.0004923790111206472 0.3952617645263672 -0.9994603991508484 
v -0.20175491273403168 0.25423598289489746 -1.1602404117584229 
v -0.20175491273403168 0.3952617645263672 -0.9994603991508484 
v -0.7469432353973389 0.3952617645263672 -0.9994603991508484 
v -0.7469432353973389 0.25423598289489746 -1.1602404117584229 
v -0.9794787168502808 0.3952617645263672 -0.9994603991508484 
v -0.9765475988388062 0.25565698742866516 -1.1531120538711548 
v -0.996088445186615 0.42845088243484497 -0.9623964428901672 
v -0.7469432353973389 0.42845088243484497 -0.9623964428901672 
v -0.9999966025352478 0.4608646333217621 -0.9250849485397339 
v -0.7469432353973389 0.4608646333217621 -0.9250849485397339 
v -0.996088445186615 0.49296462535858154 -0.888756513595581 
v -0.7469432353973389 0.49296462535858154 -0.888756513595581 
v -0.9794787168502808 0.5250646471977234 -0.8524280786514282 
v -0.7469432353973389 0.5250646471977234 -0.8524280786514282 
v -0.9794787168502808 0.9084001779556274 -0.41697460412979126 
v -0.7469432353973389 0.9084001779556274 -0.41697460412979126 
v -0.996088445186615 0.9415892958641052 -0.3799106478691101 
v -0.7469432353973389 0.9415892958641052 -0.3799106478691101 
v -0.9999966025352478 0.9743168354034424 -0.3416162431240082 
v -0.7469432353973389 0.9743168354034424 -0.3416162431240082 
v -0.996088445186615 1.0064167976379395 -0.30528777837753296 
v -0.7469432353973389 1.0064167976379395 -0.30528777837753296 
v -0.9794787168502808 1.039605975151062 -0.2682238519191742 
v -0.7469432353973389 1.039605975151062 -0.2682238519191742 
v -0.9794787168502808 1.1295191049575806 -0.16586486995220184 
v -0.7469432353973389 1.1295191049575806 -0.16586486995220184 
v -0.9794787168502808 1.1954357624053955 -0.09050651639699936 
v -0.7469432353973389 1.1954357624053955 -0.09050651639699936 
v -0.7664840221405029 1.5120792388916016 0.26983609795570374 
v -0.7469432353973389 1.5120792388916016 0.26983609795570374 
v -0.20175491273403168 1.1954357624053955 -0.09050651639699936 
v -0.20175491273403168 1.5120792388916016 0.26983609795570374 
v 0.0004923790111206472 1.5120792388916016 0.26983609795570374 
v 0.0004923790111206472 1.1954357624053955 -0.09050651639699936 
v -0.20175491273403168 1.1295191049575806 -0.16586486995220184 
v -0.20175491273403168 1.039605975151062 -0.2682238519191742 
v -0.20175491273403168 1.0064167976379395 -0.30528777837753296 
v -0.20175491273403168 0.9743168354034424 -0.3416162431240082 
v -0.20175491273403168 0.9415892958641052 -0.3799106478691101 
v -0.20175491273403168 0.9084001779556274 -0.41697460412979126 
v -0.20175491273403168 0.5250646471977234 -0.8524280786514282 
v -0.20175491273403168 0.49296462535858154 -0.888756513595581 
v -0.20175491273403168 0.4608646333217621 -0.9250849485397339 
v -0.20175491273403168 0.42845088243484497 -0.9623964428901672 
v 0.0004923790111206472 0.42845088243484497 -0.9623964428901672 
v 0.2017626166343689 0.3952617645263672 -0.9994603991508484 
v 0.7469509243965149 0.3952617645263672 -0.9994603991508484 
v 0.7469509243965149 0.25423598289489746 -1.1602404117584229 
v 0.9794864654541016 0.3952617645263672 -0.9994603991508484 
v 0.9794864654541016 0.2553431987762451 -1.1540950536727905 
v 0.996096134185791 0.42845088243484497 -0.9623964428901672 
v 0.7469509243965149 0.42845088243484497 -0.9623964428901672 
v 0.2017626166343689 0.42845088243484497 -0.9623964428901672 
v 1.0000042915344238 0.4608646333217621 -0.9250849485397339 
v 0.7469509243965149 0.4608646333217621 -0.9250849485397339 
v 0.996096134185791 0.49296462535858154 -0.888756513595581 
v 0.7469509243965149 0.49296462535858154 -0.888756513595581 
v 0.9794864654541016 0.5250646471977234 -0.8524280786514282 
v 0.2017626166343689 0.4608646333217621 -0.9250849485397339 
v 0.0004923790111206472 0.4608646333217621 -0.9250849485397339 
v 0.0004923790111206472 0.49296462535858154 -0.888756513595581 
v 0.2017626166343689 0.49296462535858154 -0.888756513595581 
v 0.7469509243965149 0.5250646471977234 -0.8524280786514282 
v 0.9794864654541016 0.9084001779556274 -0.41697460412979126 
v 0.7469509243965149 0.9084001779556274 -0.41697460412979126 
v 0.996096134185791 0.9415892958641052 -0.3799106478691101 
v 0.2017626166343689 0.5250646471977234 -0.8524280786514282 
v 0.0004923790111206472 0.5250646471977234 -0.8524280786514282 
v 0.0004923790111206472 0.9084001779556274 -0.41697460412979126 
v 0.0004923790111206472 0.9415892958641052 -0.3799106478691101 
v 0.0004923790111206472 0.9743168354034424 -0.3416162431240082 
v 0.0004923790111206472 1.0064167976379395 -0.30528777837753296 
v 0.0004923790111206472 1.039605975151062 -0.2682238519191742 
v 0.0004923790111206472 1.1295191049575806 -0.16586486995220184 
v 0.2017626166343689 1.1295191049575806 -0.16586486995220184 
v 0.2017626166343689 1.1954357624053955 -0.09050651639699936 
v 0.7469509243965149 1.1954357624053955 -0.09050651639699936 
v 0.7469509243965149 1.5120792388916016 0.26983609795570374 
v 0.766491711139679 1.5120792388916016 0.26983609795570374 
v 0.9794864654541016 1.1954357624053955 -0.09050651639699936 
v 0.7469509243965149 1.1295191049575806 -0.16586486995220184 
v 0.9794864654541016 1.1295191049575806 -0.16586486995220184 
v 0.2017626166343689 1.5120792388916016 0.26983609795570374 
v 0.2017626166343689 1.039605975151062 -0.2682238519191742 
v 0.2017626166343689 1.0064167976379395 -0.30528777837753296 
v 0.2017626166343689 0.9743168354034424 -0.3416162431240082 
v 0.2017626166343689 0.9415892958641052 -0.3799106478691101 
v 0.2017626166343689 0.9084001779556274 -0.41697460412979126 
v 0.7469509243965149 0.9415892958641052 -0.3799106478691101 
v 1.0000042915344238 0.9743168354034424 -0.3416162431240082 
v 0.7469509243965149 0.9743168354034424 -0.3416162431240082 
v 0.996096134185791 1.0064167976379395 -0.30528777837753296 
v 0.7469509243965149 1.0064167976379395 -0.30528777837753296 
v 0.9794864654541016 1.039605975151062 -0.2682238519191742 
v 0.7469509243965149 1.039605975151062 -0.2682238519191742 
v -0.20175491273403168 1.3017324209213257 0.4539557993412018 
v 0.0004923790111206472 1.3017324209213257 0.4539557993412018 
v -0.20175491273403168 1.4371638298034668 0.3349076807498932 
v 0.0004923790111206472 1.4371638298034668 0.3349076807498932 
v -0.5759612321853638 1.3017324209213257 0.4539557993412018 
v -0.7469432353973389 1.4371638298034668 0.3349076807498932 
v -0.6218820810317993 1.3049817085266113 0.4507523775100708 
v -0.7537825107574463 1.4367022514343262 0.33613812923431396 
v -0.6707341074943542 1.3230921030044556 0.4352235198020935 
v -0.7606217861175537 1.4311269521713257 0.3400839865207672 
v -0.702976405620575 1.3484761714935303 0.41304028034210205 
v -0.7625758647918701 1.4238532781600952 0.3467382490634918 
v -0.7469432353973389 1.5120792388916016 0.26983609795570374 
v -0.20175491273403168 1.5120792388916016 0.26983609795570374 
v 0.0004923790111206472 1.5120792388916016 0.26983609795570374 
v 0.2017626166343689 1.5120792388916016 0.26983609795570374 
v 0.2017626166343689 1.4371638298034668 0.3349076807498932 
v 0.7469509243965149 1.4371638298034668 0.3349076807498932 
v 0.5759689211845398 1.3017324209213257 0.4539557993412018 
v 0.6218898296356201 1.3049817085266113 0.4507523775100708 
v 0.7537901997566223 1.4367022514343262 0.33613812923431396 
v 0.6707417964935303 1.3230921030044556 0.4352235198020935 
v 0.7606294751167297 1.4311269521713257 0.3400839865207672 
v 0.7029841542243958 1.3484761714935303 0.41304028034210205 
v 0.7625835537910461 1.4238532781600952 0.3467382490634918 
v 0.2017626166343689 1.3017324209213257 0.4539557993412018 
v 0.7469509243965149 1.5120792388916016 0.26983609795570374 
v 0.9853487014770508 0.23691903054714203 -1.1395491361618042 
v 0.9794864654541016 0.2876702845096588 -0.9109612107276917 
v 0.9794864654541016 0.14385688304901123 -1.0697684288024902 
v 0.9794864654541016 0.03750234469771385 -0.9827471375465393 
v 0.9794864654541016 0.1796172559261322 -0.8212315440177917 
v 0.9794864654541016 0.3200840651988983 -0.8736497759819031 
v 0.9794864654541016 0.2128063589334488 -0.7841675877571106 
v 0.9794864654541016 0.3532731831073761 -0.8365858197212219 
v 0.9794864654541016 0.2452201098203659 -0.7468562126159668 
v 0.9794864654541016 0.3856869339942932 -0.7992743253707886 
v 0.9794864654541016 0.2784092128276825 -0.7097922563552856 
v 0.9794864654541016 0.41778692603111267 -0.7629458904266357 
v 0.9794864654541016 0.31050920486450195 -0.6734638214111328 
v 0.9794864654541016 0.6969642639160156 -0.23359039425849915 
v 0.9794864654541016 0.8028391003608704 -0.3247910141944885 
v 0.9794864654541016 0.8360282182693481 -0.2877270579338074 
v 0.9794864654541016 0.7293779850006104 -0.19627894461154938 
v 0.9794864654541016 0.8684419393539429 -0.2504156231880188 
v 0.9794864654541016 0.7628808617591858 -0.15823201835155487 
v 0.9794864654541016 0.9016310572624207 -0.21335166692733765 
v 0.9794864654541016 0.7960699796676636 -0.12116807699203491 
v 0.9794864654541016 0.9340448379516602 -0.17604023218154907 
v 0.9794864654541016 0.8284837603569031 -0.08385664224624634 
v 0.9794864654541016 1.0239579677581787 -0.07368127256631851 
v 0.9794864654541016 0.9194860458374023 0.019237807020545006 
v 0.9794864654541016 1.0600043535232544 0.028541624546051025 
v 0.9794864654541016 1.1281076669692993 -0.03110620006918907 
v 0.9794864654541016 1.1114087104797363 -0.15033593773841858 
v 0.9794864654541016 1.1841374635696411 -0.08040137588977814 
v 0.9794864654541016 1.1295191049575806 -0.16586486995220184 
v 0.9794864654541016 1.1954357624053955 -0.09050651639699936 
v 0.9794864654541016 1.039605975151062 -0.2682238519191742 
v 0.9794864654541016 1.0214954614639282 -0.25269490480422974 
v 0.9794864654541016 0.9785588383674622 -0.2801487147808075 
v 0.9794864654541016 0.9433574676513672 -0.31548720598220825 
v 0.9794864654541016 0.9137312769889832 -0.35477155447006226 
v 0.9794864654541016 0.9946569800376892 -0.29395219683647156 
v 0.9794864654541016 0.9589940309524536 -0.32806023955345154 
v 0.9794864654541016 0.9290540814399719 -0.3683275580406189 
v 0.9794864654541016 0.9084001779556274 -0.41697460412979126 
v 0.9794864654541016 0.8910651206970215 -0.4016931653022766 
v 0.9794864654541016 0.5250646471977234 -0.8524280786514282 
v 0.9794864654541016 0.5066404938697815 -0.8378821015357971 
v 0.9794864654541016 0.480115681886673 -0.8781564235687256 
v 0.9794864654541016 0.4647929072380066 -0.864600419998169 
v 0.9794864654541016 0.4299052953720093 -0.8989559412002563 
v 0.9794864654541016 0.4455418288707733 -0.9115289449691772 
v 0.9794864654541016 0.415601909160614 -0.9517963528633118 
v 0.9794864654541016 0.39996537566185 -0.9392232894897461 
v 0.9794864654541016 0.3952617645263672 -0.9994603991508484 
v 0.9794864654541016 0.3776129484176636 -0.9851619005203247 
v 0.9794864654541016 0.3776129484176636 -0.9851619005203247 
v 0.9794864654541016 0.2553431987762451 -1.1540950536727905 
v 0.9794864654541016 0.3952617645263672 -0.9994603991508484 
v -0.980455756187439 0.23629151284694672 -1.1415151357650757 
v -0.9794787168502808 0.2876702845096588 -0.9109612107276917 
v -0.9794787168502808 0.14385688304901123 -1.0697684288024902 
v -0.9794787168502808 0.03750234469771385 -0.9827471375465393 
v -0.9794787168502808 0.1796172559261322 -0.8212315440177917 
v -0.9794787168502808 0.3200840651988983 -0.8736497759819031 
v -0.9794787168502808 0.2128063589334488 -0.7841675877571106 
v -0.9794787168502808 0.3532731831073761 -0.8365858197212219 
v -0.9794787168502808 0.2452201098203659 -0.7468562126159668 
v -0.9794787168502808 0.3952617645263672 -0.9994603991508484 
v -0.9794787168502808 0.37637603282928467 -0.9836839437484741 
v -0.9794787168502808 0.415601909160614 -0.9517963528633118 
v -0.9794787168502808 0.39872846007347107 -0.9377453327178955 
v -0.9794787168502808 0.4455418288707733 -0.9115289449691772 
v -0.9794787168502808 0.4283545911312103 -0.8984609842300415 
v -0.9794787168502808 0.3856869339942932 -0.7992743253707886 
v -0.9794787168502808 0.2784092128276825 -0.7097922563552856 
v -0.9794787168502808 0.41778692603111267 -0.7629458904266357 
v -0.9794787168502808 0.31050920486450195 -0.6734638214111328 
v -0.9794787168502808 0.6969642639160156 -0.23359039425849915 
v -0.9794787168502808 0.8028391003608704 -0.3247910141944885 
v -0.9794787168502808 0.8360282182693481 -0.2877270579338074 
v -0.9794787168502808 0.7293779850006104 -0.19627894461154938 
v -0.9794787168502808 0.8684419393539429 -0.2504156231880188 
v -0.9794787168502808 0.7628808617591858 -0.15823201835155487 
v -0.9794787168502808 0.9016310572624207 -0.21335166692733765 
v -0.9794787168502808 0.7960699796676636 -0.12116807699203491 
v -0.9794787168502808 0.9340448379516602 -0.17604023218154907 
v -0.9794787168502808 0.8284837603569031 -0.08385664224624634 
v -0.9794787168502808 1.0239579677581787 -0.07368127256631851 
v -0.9794787168502808 0.9194860458374023 0.019237807020545006 
v -0.9794787168502808 1.0600043535232544 0.028541624546051025 
v -0.9794787168502808 1.1281076669692993 -0.03110620006918907 
v -0.9794787168502808 1.1101717948913574 -0.1488579958677292 
v -0.9794787168502808 1.1833621263504028 -0.08015388250350952 
v -0.9794787168502808 1.1954357624053955 -0.09050651639699936 
v -0.9794787168502808 1.1295191049575806 -0.16586486995220184 
v -0.9794787168502808 1.0202585458755493 -0.25121694803237915 
v -0.9794787168502808 0.9770081043243408 -0.27965372800827026 
v -0.9794787168502808 0.9421204924583435 -0.31400924921035767 
v -0.9794787168502808 0.9121806025505066 -0.3542765974998474 
v -0.9794787168502808 0.8890528678894043 -0.3999677300453186 
v -0.9794787168502808 0.5054035186767578 -0.8364041447639465 
v -0.9794787168502808 0.46324220299720764 -0.8641054034233093 
v -0.9794787168502808 0.480115681886673 -0.8781564235687256 
v -0.9794787168502808 0.4455418288707733 -0.9115289449691772 
v -0.9794787168502808 0.5250646471977234 -0.8524280786514282 
v -0.9794787168502808 0.9084001779556274 -0.41697460412979126 
v -0.9794787168502808 0.9290540814399719 -0.3683275580406189 
v -0.9794787168502808 0.9589940309524536 -0.32806023955345154 
v -0.9794787168502808 0.9946569800376892 -0.29395219683647156 
v -0.9794787168502808 1.039605975151062 -0.2682238519191742 
v -0.9794787168502808 0.37637603282928467 -0.9836839437484741 
v -0.9794787168502808 0.3952617645263672 -0.9994603991508484 
v -0.9765475988388062 0.25565698742866516 -1.1531120538711548 
v -0.9560297727584839 0.0360603891313076 -0.9497929811477661 
v -0.9667772054672241 0.016528991982340813 -0.9413923621177673 
v -0.975570559501648 0.2356639951467514 -1.1434810161590576 
v -0.9560297727584839 0.0360603891313076 -0.9497929811477661 
v -0.9677542448043823 0.24173703789710999 -1.1378376483917236 
v -0.975570559501648 0.2356639951467514 -1.1434810161590576 
v -0.9687312841415405 0.25785329937934875 -1.1462312936782837 
v -0.9765475988388062 0.25565698742866516 -1.1531120538711548 
v -0.9560297727584839 0.0360603891313076 -0.9497929811477661 
v -0.9677542448043823 0.24173703789710999 -1.1378376483917236 
v -0.7801625728607178 0.23771248757839203 -1.1343867778778076 
v -0.9687312841415405 0.25785329937934875 -1.1462312936782837 
v -0.7821166515350342 0.2567460834980011 -1.152376651763916 
v -0.7205631732940674 0.2567460834980011 -1.152376651763916 
v -0.7195861339569092 0.23894941806793213 -1.1358647346496582 
v -0.7019993662834167 0.2567460834980011 -1.152376651763916 
v -0.7010223269462585 0.23894941806793213 -1.1358647346496582 
v -0.702976405620575 0.025075891986489296 -0.9387048482894897 
v -0.6853896975517273 0.025075891986489296 -0.9387048482894897 
v -0.7664840221405029 0.05092160776257515 -0.9621185064315796 
v -0.7264254093170166 0.025075891986489296 -0.9387048482894897 
v 0.7831014394760132 0.23771248757839203 -1.1343867778778076 
v 0.9687390327453613 0.24313989281654358 -1.1361191272735596 
v 0.9697160720825195 0.2567460834980011 -1.152376651763916 
v 0.9746012687683105 0.2409617006778717 -1.1375901699066162 
v 0.9794864654541016 0.2553431987762451 -1.1540950536727905 
v 0.9697160720825195 0.2567460834980011 -1.152376651763916 
v 0.7831014394760132 0.23771248757839203 -1.1343867778778076 
v 0.7850555181503296 0.2567460834980011 -1.152376651763916 
v 0.7225249409675598 0.2567460834980011 -1.152376651763916 
v 0.7215479016304016 0.23894941806793213 -1.1358647346496582 
v 0.7010300755500793 0.2397247701883316 -1.1361122131347656 
v 0.703961193561554 0.025075891986489296 -0.9387048482894897 
v 0.6853973865509033 0.025075891986489296 -0.9387048482894897 
v 0.7020071148872375 0.2567460834980011 -1.152376651763916 
v 0.7264330983161926 0.025075891986489296 -0.9387048482894897 
v 0.766491711139679 0.05092160776257515 -0.9621185064315796 
v 0.9560375213623047 0.0360603891313076 -0.9497929811477661 
v 0.9687390327453613 0.24313989281654358 -1.1361191272735596 
v 0.9746012687683105 0.2409617006778717 -1.1375901699066162 
v 0.9667849540710449 0.015292053110897541 -0.9399144649505615 
v -0.171466663479805 0.22551484405994415 -1.2073956727981567 
v -0.171466663479805 0.2182411253452301 -1.2007414102554321 
v 0.0004923790111206472 0.22551484405994415 -1.2073956727981567 
v 0.0004923790111206472 0.2182411253452301 -1.2007414102554321 
v 0.1714743673801422 0.22551484405994415 -1.2073956727981567 
v 0.1714743673801422 0.2182411253452301 -1.2007414102554321 
v -0.171466663479805 0.2182411253452301 -1.2007414102554321 
v -0.171466663479805 0.22551484405994415 -1.2073956727981567 
v -0.20175491273403168 0.23802907764911652 -1.178896188735962 
v -0.20175491273403168 0.24561657011508942 -1.1845674514770508 
v -0.9843639731407166 0.39928632974624634 -1.0029112100601196 
v -0.996088445186615 0.42845088243484497 -0.9623964428901672 
v -0.9794787168502808 0.3952617645263672 -0.9994603991508484 
v -0.9843639731407166 0.39928632974624634 -1.0029112100601196 
v -0.996088445186615 0.42845088243484497 -0.9623964428901672 
v -0.996088445186615 0.43494924902915955 -0.9688032269477844 
v -0.9999966025352478 0.4608646333217621 -0.9250849485397339 
v -0.9999966025352478 0.46813836693763733 -0.9317392706871033 
v -0.996088445186615 0.49296462535858154 -0.888756513595581 
v -0.996088445186615 0.5002383589744568 -0.8954108357429504 
v -0.9794787168502808 0.5250646471977234 -0.8524280786514282 
v -0.9794787168502808 0.5250646471977234 -0.8524280786514282 
v -0.9843639731407166 0.5283138155937195 -0.855631411075592 
v -0.996088445186615 0.5002383589744568 -0.8954108357429504 
v -0.9843639731407166 0.9116493463516235 -0.42017799615859985 
v -0.996088445186615 0.9415892958641052 -0.3799106478691101 
v -0.9794787168502808 0.9084001779556274 -0.41697460412979126 
v -0.9843639731407166 0.9116493463516235 -0.42017799615859985 
v -0.996088445186615 0.9415892958641052 -0.3799106478691101 
v -0.996088445186615 0.9484013915061951 -0.38533443212509155 
v -0.9999966025352478 0.9743168354034424 -0.3416162431240082 
v -0.9999966025352478 0.9815905094146729 -0.3482705056667328 
v -0.996088445186615 1.0064167976379395 -0.30528777837753296 
v -0.996088445186615 1.0140042304992676 -0.3109590709209442 
v -0.9794787168502808 1.039605975151062 -0.2682238519191742 
v -0.9794787168502808 1.039605975151062 -0.2682238519191742 
v -0.9843639731407166 1.042855143547058 -0.2714272141456604 
v -0.996088445186615 1.0140042304992676 -0.3109590709209442 
v -0.9843639731407166 1.1986849308013916 -0.09370987117290497 
v -0.7664840221405029 1.5120792388916016 0.26983609795570374 
v -0.9794787168502808 1.1954357624053955 -0.09050651639699936 
v -0.7664840221405029 1.5120792388916016 0.26983609795570374 
v -0.7664840221405029 1.5193530321121216 0.2631818354129791 
v -0.9843639731407166 1.1986849308013916 -0.09370987117290497 
v -0.7664840221405029 1.5193530321121216 0.2631818354129791 
v -0.7469432353973389 1.5120792388916016 0.26983609795570374 
v -0.7664840221405029 1.5120792388916016 0.26983609795570374 
v -0.7469432353973389 1.5120792388916016 0.26983609795570374 
v -0.7469432353973389 1.5189095735549927 0.2698221504688263 
v -0.7664840221405029 1.5193530321121216 0.2631818354129791 
v -0.20175491273403168 0.23802907764911652 -1.178896188735962 
v -0.20175491273403168 0.24561657011508942 -1.1845674514770508 
v -0.20175491273403168 0.25423598289489746 -1.1602404117584229 
v -0.20175491273403168 0.25467944145202637 -1.16688072681427 
v 0.2017626166343689 0.23802907764911652 -1.178896188735962 
v 0.2017626166343689 0.24561657011508942 -1.1845674514770508 
v 0.1714743673801422 0.2182411253452301 -1.2007414102554321 
v 0.1714743673801422 0.22551484405994415 -1.2073956727981567 
v 0.9794864654541016 0.3952617645263672 -0.9994603991508484 
v 0.996096134185791 0.42845088243484497 -0.9623964428901672 
v 0.996096134185791 0.43494924902915955 -0.9688032269477844 
v 1.0000042915344238 0.46813836693763733 -0.9317392706871033 
v 1.0000042915344238 0.4608646333217621 -0.9250849485397339 
v 0.996096134185791 0.5002383589744568 -0.8954108357429504 
v 0.996096134185791 0.49296462535858154 -0.888756513595581 
v 0.9843716621398926 0.5283138155937195 -0.855631411075592 
v 0.9794864654541016 0.3952617645263672 -0.9994603991508484 
v 0.9843716621398926 0.39928632974624634 -1.0029112100601196 
v 0.996096134185791 0.43494924902915955 -0.9688032269477844 
v 0.9843716621398926 0.5283138155937195 -0.855631411075592 
v 0.996096134185791 0.49296462535858154 -0.888756513595581 
v 0.9794864654541016 0.5250646471977234 -0.8524280786514282 
v 0.9794864654541016 0.9084001779556274 -0.41697460412979126 
v 0.996096134185791 0.9484013915061951 -0.38533443212509155 
v 0.996096134185791 0.9415892958641052 -0.3799106478691101 
v 1.0000042915344238 0.9815905094146729 -0.3482705056667328 
v 1.0000042915344238 0.9743168354034424 -0.3416162431240082 
v 0.996096134185791 1.0140042304992676 -0.3109590709209442 
v 0.996096134185791 1.0064167976379395 -0.30528777837753296 
v 0.9843716621398926 1.042855143547058 -0.2714272141456604 
v 0.9794864654541016 0.9084001779556274 -0.41697460412979126 
v 0.9843716621398926 0.9116493463516235 -0.42017799615859985 
v 0.996096134185791 0.9484013915061951 -0.38533443212509155 
v 0.9843716621398926 1.042855143547058 -0.2714272141456604 
v 0.996096134185791 1.0064167976379395 -0.30528777837753296 
v 0.9794864654541016 1.039605975151062 -0.2682238519191742 
v 0.7469509243965149 1.5189095735549927 0.2698221504688263 
v 0.7469509243965149 1.5120792388916016 0.26983609795570374 
v 0.766491711139679 1.5120792388916016 0.26983609795570374 
v 0.766491711139679 1.5120792388916016 0.26983609795570374 
v 0.7469509243965149 1.5189095735549927 0.2698221504688263 
v 0.766491711139679 1.5193530321121216 0.2631818354129791 
v 0.766491711139679 1.5193530321121216 0.2631818354129791 
v 0.766491711139679 1.5120792388916016 0.26983609795570374 
v 0.9794864654541016 1.1954357624053955 -0.09050651639699936 
v 0.9794864654541016 1.1954357624053955 -0.09050651639699936 
v 0.766491711139679 1.5193530321121216 0.2631818354129791 
v 0.9843716621398926 1.1986849308013916 -0.09370987117290497 
v 0.2017626166343689 0.25423598289489746 -1.1602404117584229 
v 0.2017626166343689 0.23802907764911652 -1.178896188735962 
v 0.2017626166343689 0.25467944145202637 -1.16688072681427 
v 0.2017626166343689 0.24561657011508942 -1.1845674514770508 
v 0.0004923790111206472 1.3017324209213257 0.4539557993412018 
v -0.20175491273403168 1.3084330558776855 0.46156519651412964 
v -0.20175491273403168 1.3017324209213257 0.4539557993412018 
v -0.5759612321853638 1.3084330558776855 0.46156519651412964 
v 0.0004923790111206472 1.3084330558776855 0.46156519651412964 
v 0.2017626166343689 1.3017324209213257 0.4539557993412018 
v 0.2017626166343689 1.3084330558776855 0.46156519651412964 
v 0.5759689211845398 1.3017324209213257 0.4539557993412018 
v 0.5759689211845398 1.3084330558776855 0.46156519651412964 
v 0.6218898296356201 1.3049817085266113 0.4507523775100708 
v 0.6218898296356201 1.3116822242736816 0.45836180448532104 
v 0.6707417964935303 1.3230921030044556 0.4352235198020935 
v 0.6707417964935303 1.3290172815322876 0.443080335855484 
v -0.5759612321853638 1.3017324209213257 0.4539557993412018 
v -0.6218820810317993 1.3116822242736816 0.45836180448532104 
v -0.6218820810317993 1.3049817085266113 0.4507523775100708 
v -0.6707341074943542 1.3290172815322876 0.443080335855484 
v -0.6707341074943542 1.3230921030044556 0.4352235198020935 
v -0.7469432353973389 1.4371638298034668 0.3349076807498932 
v -0.7469432353973389 1.443864345550537 0.34251701831817627 
v -0.7537825107574463 1.4367022514343262 0.33613812923431396 
v -0.7537825107574463 1.4423136711120605 0.3430120050907135 
v -0.7606217861175537 1.4311269521713257 0.3400839865207672 
v -0.7606217861175537 1.4370522499084473 0.3479408621788025 
v -0.7625758647918701 1.4238532781600952 0.3467382490634918 
v -0.7625758647918701 1.4305537939071655 0.3543476164340973 
v -0.7625758647918701 1.4238532781600952 0.3467382490634918 
v -0.7625758647918701 1.4305537939071655 0.3543476164340973 
v -0.702976405620575 1.3484761714935303 0.41304028034210205 
v -0.702976405620575 1.3548630475997925 0.41966673731803894 
v -0.6707341074943542 1.3230921030044556 0.4352235198020935 
v -0.6707341074943542 1.3290172815322876 0.443080335855484 
v -0.7537825107574463 1.4367022514343262 0.33613812923431396 
v -0.7537825107574463 1.4423136711120605 0.3430120050907135 
v -0.7606217861175537 1.4311269521713257 0.3400839865207672 
v -0.7606217861175537 1.4370522499084473 0.3479408621788025 
v -0.7469432353973389 1.5120792388916016 0.26983609795570374 
v -0.7469432353973389 1.5189095735549927 0.2698221504688263 
v -0.7469432353973389 1.4371638298034668 0.3349076807498932 
v -0.7469432353973389 1.443864345550537 0.34251701831817627 
v 0.7537901997566223 1.4367022514343262 0.33613812923431396 
v 0.7537901997566223 1.4423136711120605 0.3430120050907135 
v 0.7469509243965149 1.4371638298034668 0.3349076807498932 
v 0.7469509243965149 1.443864345550537 0.34251701831817627 
v 0.6707417964935303 1.3230921030044556 0.4352235198020935 
v 0.6707417964935303 1.3290172815322876 0.443080335855484 
v 0.7029841542243958 1.3484761714935303 0.41304028034210205 
v 0.7029841542243958 1.3548630475997925 0.41966673731803894 
v 0.7625835537910461 1.4238532781600952 0.3467382490634918 
v 0.7625835537910461 1.4305537939071655 0.3543476164340973 
v 0.7625835537910461 1.4238532781600952 0.3467382490634918 
v 0.7625835537910461 1.4305537939071655 0.3543476164340973 
v 0.7606294751167297 1.4311269521713257 0.3400839865207672 
v 0.7606294751167297 1.4370522499084473 0.3479408621788025 
v 0.7606294751167297 1.4311269521713257 0.3400839865207672 
v 0.7606294751167297 1.4370522499084473 0.3479408621788025 
v 0.7537901997566223 1.4367022514343262 0.33613812923431396 
v 0.7537901997566223 1.4423136711120605 0.3430120050907135 
v 0.7469509243965149 1.4371638298034668 0.3349076807498932 
v 0.7469509243965149 1.443864345550537 0.34251701831817627 
v 0.7469509243965149 1.5120792388916016 0.26983609795570374 
v 0.7469509243965149 1.5189095735549927 0.2698221504688263 
v 0.9794864654541016 0.03750234469771385 -0.9827471375465393 
v 0.9882798194885254 0.03750234469771385 -0.9827471375465393 
v 0.9794864654541016 0.14385688304901123 -1.0697684288024902 
v 0.9882798194885254 0.14385688304901123 -1.0697684288024902 
v 0.9853487014770508 0.23691903054714203 -1.1395491361618042 
v 0.9931650161743164 0.23861753940582275 -1.142257571220398 
v 0.9873027801513672 0.25704172253608704 -1.1568034887313843 
v 0.9794864654541016 0.2553431987762451 -1.1540950536727905 
v 0.9794864654541016 1.1954357624053955 -0.09050651639699936 
v 0.9794864654541016 1.1841374635696411 -0.08040137588977814 
v 0.9843716621398926 1.1986849308013916 -0.09370987117290497 
v 0.9843716621398926 1.186611294746399 -0.08335728943347931 
v 0.9882798194885254 1.1281076669692993 -0.03110620006918907 
v 0.9794864654541016 1.1281076669692993 -0.03110620006918907 
v 0.9794864654541016 1.0600043535232544 0.028541624546051025 
v 0.9882798194885254 1.0600043535232544 0.028541624546051025 
v 0.9843716621398926 0.39928632974624634 -1.0029112100601196 
v 0.9794864654541016 0.415601909160614 -0.9517963528633118 
v 0.9794864654541016 0.3952617645263672 -0.9994603991508484 
v 0.9843716621398926 0.39928632974624634 -1.0029112100601196 
v 0.9794864654541016 0.415601909160614 -0.9517963528633118 
v 0.9882798194885254 0.415601909160614 -0.9517963528633118 
v 0.9794864654541016 0.4455418288707733 -0.9115289449691772 
v 0.9882798194885254 0.4455418288707733 -0.9115289449691772 
v 0.9794864654541016 0.5250646471977234 -0.8524280786514282 
v 0.9794864654541016 0.480115681886673 -0.8781564235687256 
v 0.9882798194885254 0.480115681886673 -0.8781564235687256 
v 0.9882798194885254 0.4455418288707733 -0.9115289449691772 
v 0.9794864654541016 0.4455418288707733 -0.9115289449691772 
v 0.9794864654541016 0.5250646471977234 -0.8524280786514282 
v 0.9882798194885254 0.480115681886673 -0.8781564235687256 
v 0.9843716621398926 0.5283138155937195 -0.855631411075592 
v 0.9843716621398926 0.9116493463516235 -0.42017799615859985 
v 0.9794864654541016 0.9084001779556274 -0.41697460412979126 
v 0.9794864654541016 0.9290540814399719 -0.3683275580406189 
v 0.9843716621398926 0.9116493463516235 -0.42017799615859985 
v 0.9882798194885254 0.9290540814399719 -0.3683275580406189 
v 0.9794864654541016 0.9290540814399719 -0.3683275580406189 
v 0.9794864654541016 0.9589940309524536 -0.32806023955345154 
v 0.9882798194885254 0.9589940309524536 -0.32806023955345154 
v 0.9794864654541016 1.039605975151062 -0.2682238519191742 
v 0.9794864654541016 0.9946569800376892 -0.29395219683647156 
v 0.9882798194885254 0.9946569800376892 -0.29395219683647156 
v 0.9882798194885254 0.9589940309524536 -0.32806023955345154 
v 0.9794864654541016 0.9589940309524536 -0.32806023955345154 
v 0.9794864654541016 1.039605975151062 -0.2682238519191742 
v 0.9882798194885254 0.9946569800376892 -0.29395219683647156 
v 0.9843716621398926 1.042855143547058 -0.2714272141456604 
v 0.9882798194885254 0.03750234469771385 -0.9827471375465393 
v 0.9882798194885254 0.1796172559261322 -0.8212315440177917 
v 0.9794864654541016 0.03750234469771385 -0.9827471375465393 
v 0.9794864654541016 0.1796172559261322 -0.8212315440177917 
v 0.9882798194885254 0.2128063589334488 -0.7841675877571106 
v 0.9794864654541016 0.2128063589334488 -0.7841675877571106 
v 0.9882798194885254 0.2452201098203659 -0.7468562126159668 
v 0.9794864654541016 0.2452201098203659 -0.7468562126159668 
v 0.9882798194885254 0.2784092128276825 -0.7097922563552856 
v 0.9794864654541016 0.2784092128276825 -0.7097922563552856 
v 0.9882798194885254 0.31050920486450195 -0.6734638214111328 
v 0.9794864654541016 0.31050920486450195 -0.6734638214111328 
v 0.9882798194885254 0.6969642639160156 -0.23359039425849915 
v 0.9794864654541016 0.6969642639160156 -0.23359039425849915 
v 0.9882798194885254 0.7293779850006104 -0.19627894461154938 
v 0.9794864654541016 0.7293779850006104 -0.19627894461154938 
v 0.9882798194885254 0.7628808617591858 -0.15823201835155487 
v 0.9794864654541016 0.7628808617591858 -0.15823201835155487 
v 0.9882798194885254 0.7960699796676636 -0.12116807699203491 
v 0.9794864654541016 0.7960699796676636 -0.12116807699203491 
v 0.9882798194885254 0.8284837603569031 -0.08385664224624634 
v 0.9794864654541016 0.8284837603569031 -0.08385664224624634 
v 0.9882798194885254 0.9194860458374023 0.019237807020545006 
v 0.9794864654541016 0.9194860458374023 0.019237807020545006 
v 0.9794864654541016 1.0600043535232544 0.028541624546051025 
v 0.9882798194885254 1.0600043535232544 0.028541624546051025 
v 0.9794864654541016 0.9194860458374023 0.019237807020545006 
v 0.9882798194885254 0.9194860458374023 0.019237807020545006 
v -0.9765475988388062 0.25565698742866516 -1.1531120538711548 
v -0.9872950911521912 0.256727933883667 -1.15778648853302 
v -0.980455756187439 0.23629151284694672 -1.1415151357650757 
v -0.991203248500824 0.23629151284694672 -1.1415151357650757 
v -0.9882721304893494 0.14385688304901123 -1.0697684288024902 
v -0.9794787168502808 0.14385688304901123 -1.0697684288024902 
v -0.9794787168502808 0.03750234469771385 -0.9827471375465393 
v -0.9882721304893494 0.03750234469771385 -0.9827471375465393 
v -0.9794787168502808 1.0600043535232544 0.028541624546051025 
v -0.9882721304893494 1.0600043535232544 0.028541624546051025 
v -0.9794787168502808 1.1281076669692993 -0.03110620006918907 
v -0.9882721304893494 1.1281076669692993 -0.03110620006918907 
v -0.9794787168502808 1.1833621263504028 -0.08015388250350952 
v -0.9843639731407166 1.1858359575271606 -0.0831097960472107 
v -0.9843639731407166 1.1986849308013916 -0.09370987117290497 
v -0.9794787168502808 1.1954357624053955 -0.09050651639699936 
v -0.9794787168502808 0.3952617645263672 -0.9994603991508484 
v -0.9882721304893494 0.415601909160614 -0.9517963528633118 
v -0.9794787168502808 0.415601909160614 -0.9517963528633118 
v -0.9882721304893494 0.4455418288707733 -0.9115289449691772 
v -0.9794787168502808 0.4455418288707733 -0.9115289449691772 
v -0.9794787168502808 0.3952617645263672 -0.9994603991508484 
v -0.9882721304893494 0.415601909160614 -0.9517963528633118 
v -0.9843639731407166 0.39928632974624634 -1.0029112100601196 
v -0.9843639731407166 0.5283138155937195 -0.855631411075592 
v -0.9794787168502808 0.5250646471977234 -0.8524280786514282 
v -0.9794787168502808 0.480115681886673 -0.8781564235687256 
v -0.9843639731407166 0.5283138155937195 -0.855631411075592 
v -0.9882721304893494 0.480115681886673 -0.8781564235687256 
v -0.9794787168502808 0.480115681886673 -0.8781564235687256 
v -0.9794787168502808 0.4455418288707733 -0.9115289449691772 
v -0.9882721304893494 0.4455418288707733 -0.9115289449691772 
v -0.9794787168502808 0.9084001779556274 -0.41697460412979126 
v -0.9794787168502808 0.9290540814399719 -0.3683275580406189 
v -0.9882721304893494 0.9290540814399719 -0.3683275580406189 
v -0.9882721304893494 0.9589940309524536 -0.32806023955345154 
v -0.9794787168502808 0.9589940309524536 -0.32806023955345154 
v -0.9794787168502808 0.9084001779556274 -0.41697460412979126 
v -0.9882721304893494 0.9290540814399719 -0.3683275580406189 
v -0.9843639731407166 0.9116493463516235 -0.42017799615859985 
v -0.9843639731407166 1.042855143547058 -0.2714272141456604 
v -0.9794787168502808 1.039605975151062 -0.2682238519191742 
v -0.9794787168502808 0.9946569800376892 -0.29395219683647156 
v -0.9843639731407166 1.042855143547058 -0.2714272141456604 
v -0.9882721304893494 0.9946569800376892 -0.29395219683647156 
v -0.9794787168502808 0.9946569800376892 -0.29395219683647156 
v -0.9794787168502808 0.9589940309524536 -0.32806023955345154 
v -0.9882721304893494 0.9589940309524536 -0.32806023955345154 
v -0.9794787168502808 0.03750234469771385 -0.9827471375465393 
v -0.9882721304893494 0.03750234469771385 -0.9827471375465393 
v -0.9794787168502808 0.1796172559261322 -0.8212315440177917 
v -0.9882721304893494 0.1796172559261322 -0.8212315440177917 
v -0.9794787168502808 0.2128063589334488 -0.7841675877571106 
v -0.9882721304893494 0.2128063589334488 -0.7841675877571106 
v -0.9794787168502808 0.2452201098203659 -0.7468562126159668 
v -0.9882721304893494 0.2452201098203659 -0.7468562126159668 
v -0.9794787168502808 0.2784092128276825 -0.7097922563552856 
v -0.9882721304893494 0.2784092128276825 -0.7097922563552856 
v -0.9794787168502808 0.31050920486450195 -0.6734638214111328 
v -0.9882721304893494 0.31050920486450195 -0.6734638214111328 
v -0.9794787168502808 0.6969642639160156 -0.23359039425849915 
v -0.9882721304893494 0.6969642639160156 -0.23359039425849915 
v -0.9794787168502808 0.7293779850006104 -0.19627894461154938 
v -0.9882721304893494 0.7293779850006104 -0.19627894461154938 
v -0.9794787168502808 0.7628808617591858 -0.15823201835155487 
v -0.9882721304893494 0.7628808617591858 -0.15823201835155487 
v -0.9794787168502808 0.7960699796676636 -0.12116807699203491 
v -0.9882721304893494 0.7960699796676636 -0.12116807699203491 
v -0.9794787168502808 0.8284837603569031 -0.08385664224624634 
v -0.9882721304893494 0.8284837603569031 -0.08385664224624634 
v -0.9794787168502808 0.9194860458374023 0.019237807020545006 
v -0.9882721304893494 0.9194860458374023 0.019237807020545006 
v -0.9794787168502808 0.9194860458374023 0.019237807020545006 
v -0.9882721304893494 0.9194860458374023 0.019237807020545006 
v -0.9794787168502808 1.0600043535232544 0.028541624546051025 
v -0.9882721304893494 1.0600043535232544 0.028541624546051025 
v -0.9775246381759644 0.0030162720941007137 -0.9435779452323914 
v -0.9560297727584839 0.0360603891313076 -0.9497929811477661 
v -0.9667772054672241 0.016528991982340813 -0.9413923621177673 
v -0.9560297727584839 0.0360603891313076 -0.9497929811477661 
v -0.9599379301071167 0.0413580983877182 -0.9439020752906799 
v -0.9775246381759644 0.0030162720941007137 -0.9435779452323914 
v -0.9687312841415405 0.25785329937934875 -1.1462312936782837 
v -0.9716624021530151 0.26315099000930786 -1.1403403282165527 
v -0.9765475988388062 0.25565698742866516 -1.1531120538711548 
v -0.9872950911521912 0.256727933883667 -1.15778648853302 
v -0.9560297727584839 0.0360603891313076 -0.9497929811477661 
v -0.9599379301071167 0.0413580983877182 -0.9439020752906799 
v -0.7664840221405029 0.05092160776257515 -0.9621185064315796 
v -0.7664840221405029 0.0565330870449543 -0.9552446007728577 
v -0.7664840221405029 0.0565330870449543 -0.9552446007728577 
v -0.7264254093170166 0.025075891986489296 -0.9387048482894897 
v -0.7664840221405029 0.05092160776257515 -0.9621185064315796 
v -0.7264254093170166 0.025075891986489296 -0.9387048482894897 
v -0.7264254093170166 0.031130829825997353 -0.9384713172912598 
v -0.7664840221405029 0.0565330870449543 -0.9552446007728577 
v -0.7019993662834167 0.2567460834980011 -1.152376651763916 
v -0.7019993662834167 0.26313287019729614 -1.1457501649856567 
v -0.7205631732940674 0.2567460834980011 -1.152376651763916 
v -0.7205631732940674 0.26313287019729614 -1.1457501649856567 
v -0.7821166515350342 0.2567460834980011 -1.152376651763916 
v -0.7821166515350342 0.26313287019729614 -1.1457501649856567 
v -0.9687312841415405 0.25785329937934875 -1.1462312936782837 
v -0.9716624021530151 0.26315099000930786 -1.1403403282165527 
v -0.6853896975517273 0.025075891986489296 -0.9387048482894897 
v -0.6853896975517273 0.031130829825997353 -0.9384713172912598 
v -0.7010223269462585 0.23894941806793213 -1.1358647346496582 
v -0.7010223269462585 0.24533623456954956 -1.1292383670806885 
v -0.7019993662834167 0.2567460834980011 -1.152376651763916 
v -0.7019993662834167 0.26313287019729614 -1.1457501649856567 
v 0.9697160720825195 0.2567460834980011 -1.152376651763916 
v 0.9726471900939941 0.2628191113471985 -1.1467331647872925 
v 0.7850555181503296 0.2567460834980011 -1.152376651763916 
v 0.7850555181503296 0.26313287019729614 -1.1457501649856567 
v 0.7225249409675598 0.2567460834980011 -1.152376651763916 
v 0.7225249409675598 0.2634466588497162 -1.144767165184021 
v 0.7020071148872375 0.2567460834980011 -1.152376651763916 
v 0.7020071148872375 0.2634466588497162 -1.144767165184021 
v 0.766491711139679 0.05092160776257515 -0.9621185064315796 
v 0.766491711139679 0.0565330870449543 -0.9552446007728577 
v 0.9560375213623047 0.0360603891313076 -0.9497929811477661 
v 0.9599456787109375 0.0413580983877182 -0.9439020752906799 
v 0.7020071148872375 0.2567460834980011 -1.152376651763916 
v 0.7020071148872375 0.2634466588497162 -1.144767165184021 
v 0.7010300755500793 0.2397247701883316 -1.1361122131347656 
v 0.7010300755500793 0.24533623456954956 -1.1292383670806885 
v 0.6853973865509033 0.025075891986489296 -0.9387048482894897 
v 0.6853973865509033 0.031130829825997353 -0.9384713172912598 
v 0.9873027801513672 0.25704172253608704 -1.1568034887313843 
v 0.9697160720825195 0.2567460834980011 -1.152376651763916 
v 0.9794864654541016 0.2553431987762451 -1.1540950536727905 
v 0.9697160720825195 0.2567460834980011 -1.152376651763916 
v 0.9726471900939941 0.2628191113471985 -1.1467331647872925 
v 0.9873027801513672 0.25704172253608704 -1.1568034887313843 
v 0.9599456787109375 0.0413580983877182 -0.9439020752906799 
v 0.9667849540710449 0.015292053110897541 -0.9399144649505615 
v 0.9560375213623047 0.0360603891313076 -0.9497929811477661 
v 0.9667849540710449 0.015292053110897541 -0.9399144649505615 
v 0.976555347442627 0.0030162720941007137 -0.9435779452323914 
v 0.9599456787109375 0.0413580983877182 -0.9439020752906799 
v 0.7264330983161926 0.031130829825997353 -0.9384713172912598 
v 0.766491711139679 0.05092160776257515 -0.9621185064315796 
v 0.7264330983161926 0.025075891986489296 -0.9387048482894897 
v 0.766491711139679 0.05092160776257515 -0.9621185064315796 
v 0.766491711139679 0.0565330870449543 -0.9552446007728577 
v 0.7264330983161926 0.031130829825997353 -0.9384713172912598 
v 0.77137690782547 0.0043726288713514805 0.9904600977897644 
v 0.7938488721847534 0.005334845744073391 0.9533265233039856 
v 0.766491711139679 -0.00011065384023822844 0.9496490359306335 
v 0.0004923790111206472 0.0028219074010849 0.990955114364624 
v -0.771369218826294 0.0043726288713514805 0.9904600977897644 
v 0.0004923790111206472 -0.00011065384023822844 0.9496490359306335 
v -0.7664840221405029 -0.00011065384023822844 0.9496490359306335 
v -0.7948181629180908 0.004559484776109457 0.953574001789093 
v 0.0004923790111206472 0.0028219074010849 0.990955114364624 
v 0.0004923790111206472 -0.00011065384023822844 0.9496490359306335 
v 0.77137690782547 0.0043726288713514805 0.9904600977897644 
v 0.766491711139679 -0.00011065384023822844 0.9496490359306335 
v -0.771369218826294 0.0043726288713514805 0.9904600977897644 
v -0.7752773761749268 0.033153750002384186 0.962860107421875 
v -0.7948181629180908 0.004559484776109457 0.953574001789093 
v -0.8768895268440247 0.003888912033289671 0.7534089088439941 
v -0.7625758647918701 -0.00002795845466607716 0.5109547972679138 
v -0.9765475988388062 0.0037009550724178553 0.5119308233261108 
v -0.9775246381759644 0.0025546944234520197 -0.942347526550293 
v -0.7488973140716553 0.0023887448478490114 -0.9455439448356628 
v 0.0004923790111206472 0.0023887448478490114 -0.9455439448356628 
v 0.0004923790111206472 -0.00002795845466607716 0.5109547972679138 
v -0.7645299434661865 0.00030785001581534743 0.750219464302063 
v 0.0004923790111206472 0.00030785001581534743 0.750219464302063 
v -0.7664840221405029 -0.00011065384023822844 0.9496490359306335 
v 0.0004923790111206472 -0.00011065384023822844 0.9496490359306335 
v -0.7948181629180908 0.004559484776109457 0.953574001789093 
v 0.7645376324653625 0.00030785001581534743 0.750219464302063 
v 0.7625835537910461 -0.00002795845466607716 0.5109547972679138 
v 0.8768972754478455 0.003888912033289671 0.7534089088439941 
v 0.976555347442627 0.0037009550724178553 0.5119308233261108 
v 0.976555347442627 0.0025546944234520197 -0.942347526550293 
v 0.7489050030708313 0.0023887448478490114 -0.9455439448356628 
v 0.8768972754478455 0.003888912033289671 0.7534089088439941 
v 0.7938488721847534 0.005334845744073391 0.9533265233039856 
v 0.7645376324653625 0.00030785001581534743 0.750219464302063 
v 0.766491711139679 -0.00011065384023822844 0.9496490359306335 
v 0.0004923790111206472 -0.00011065384023822844 0.9496490359306335 
v 0.0004923790111206472 0.00030785001581534743 0.750219464302063 
v 0.766491711139679 -0.00011065384023822844 0.9496490359306335 
v 0.7645376324653625 0.00030785001581534743 0.750219464302063 
v 0.77137690782547 0.0043726288713514805 0.9904600977897644 
v 0.7938488721847534 0.005334845744073391 0.9533265233039856 
v 0.7752850651741028 0.033153750002384186 0.962860107421875 
v 0.7752850651741028 0.033153750002384186 0.962860107421875 
v 0.7752850651741028 0.18402907252311707 0.9591097831726074 
v 0.6267750263214111 0.03464043512940407 0.8042485117912292 
v 0.6297061443328857 0.18474039435386658 0.8007456660270691 
v 0.7743080258369446 0.27623775601387024 0.9589218497276306 
v 0.6297061443328857 0.2761736810207367 0.8008051514625549 
v 0.7752850651741028 0.033153750002384186 0.962860107421875 
v 0.7752850651741028 0.18402907252311707 0.9591097831726074 
v 0.77137690782547 0.0043726288713514805 0.9904600977897644 
v 0.7733309864997864 0.184599369764328 0.9903385639190674 
v 0.77137690782547 0.27649426460266113 0.9891675710678101 
v 0.7743080258369446 0.27623775601387024 0.9589218497276306 
v -0.771369218826294 0.0043726288713514805 0.9904600977897644 
v 0.0004923790111206472 0.0028219074010849 0.990955114364624 
v -0.7733232975006104 0.184599369764328 0.9903385639190674 
v 0.0004923790111206472 0.18476535379886627 0.9935349822044373 
v 0.0004923790111206472 0.2761986553668976 0.9935944676399231 
v 0.7733309864997864 0.184599369764328 0.9903385639190674 
v 0.77137690782547 0.27649426460266113 0.9891675710678101 
v -0.771369218826294 0.27649426460266113 0.9891675710678101 
v 0.77137690782547 0.0043726288713514805 0.9904600977897644 
v -0.7752773761749268 0.033153750002384186 0.962860107421875 
v -0.7752773761749268 0.18402907252311707 0.9591097831726074 
v -0.6316525340080261 0.03434482589364052 0.8086754083633423 
v -0.6345836520195007 0.18475854396820068 0.8061555624008179 
v -0.7743003368377686 0.27623775601387024 0.9589218497276306 
v -0.6345836520195007 0.2761918306350708 0.8062150478363037 
v -0.7752773761749268 0.033153750002384186 0.962860107421875 
v -0.7752773761749268 0.18402907252311707 0.9591097831726074 
v -0.771369218826294 0.0043726288713514805 0.9904600977897644 
v -0.7733232975006104 0.184599369764328 0.9903385639190674 
v -0.771369218826294 0.27649426460266113 0.9891675710678101 
v -0.7743003368377686 0.27623775601387024 0.9589218497276306 
v 0.5847622752189636 0.2989877164363861 0.8455133438110352 
v 0.5847622752189636 0.26902684569358826 0.8453285098075867 
v 0.48510420322418213 0.2991117537021637 0.9288747906684875 
v 0.45481598377227783 0.25945764780044556 0.9545297026634216 
v 0.6384994983673096 0.2690297067165375 0.7998360991477966 
v 0.5847622752189636 0.26902684569358826 0.8453285098075867 
v 0.6384994983673096 0.2989905774593353 0.8000209927558899 
v 0.5847622752189636 0.2989877164363861 0.8455133438110352 
v 0.45481598377227783 0.25945764780044556 0.9545297026634216 
v 0.5847622752189636 0.26902684569358826 0.8453285098075867 
v 0.45481598377227783 0.02955452725291252 0.9542607665061951 
v 0.5847622752189636 0.029653677716851234 0.8448328971862793 
v 0.635568380355835 0.03368106484413147 0.795889675617218 
v 0.6384994983673096 0.2690297067165375 0.7998360991477966 
v 0.7899407148361206 0.036051809787750244 0.6694898009300232 
v 0.791894793510437 0.2692222595214844 0.6719653010368347 
v 0.9775323867797852 0.2478921115398407 0.514137864112854 
v 0.9775323867797852 0.29911914467811584 0.5140334367752075 
v 0.791894793510437 0.29918310046195984 0.6721500754356384 
v 0.9785094261169434 0.030560417100787163 0.513105571269989 
v 0.9785094261169434 0.030560417100787163 0.513105571269989 
v 0.7899407148361206 0.036051809787750244 0.6694898009300232 
v 0.8681039214134216 0.037080854177474976 0.7449804544448853 
v 0.635568380355835 0.03368106484413147 0.795889675617218 
v 0.7840784788131714 0.03788111358880997 0.937522292137146 
v 0.6267750263214111 0.03464043512940407 0.8042485117912292 
v 0.7752850651741028 0.033153750002384186 0.962860107421875 
v 0.7752850651741028 0.033153750002384186 0.962860107421875 
v 0.7840784788131714 0.03788111358880997 0.937522292137146 
v 0.7938488721847534 0.005334845744073391 0.9533265233039856 
v 0.8768972754478455 0.003888912033289671 0.7534089088439941 
v 0.8681039214134216 0.037080854177474976 0.7449804544448853 
v 0.9785094261169434 0.030560417100787163 0.513105571269989 
v 0.976555347442627 0.0037009550724178553 0.5119308233261108 
v -0.7752773761749268 0.033153750002384186 0.962860107421875 
v -0.6316525340080261 0.03434482589364052 0.8086754083633423 
v -0.7840707302093506 0.03773333877325058 0.9397357106208801 
v -0.6355606913566589 0.03368106484413147 0.795889675617218 
v -0.8700502514839172 0.037080854177474976 0.7449804544448853 
v -0.7899329662322998 0.036051809787750244 0.6694898009300232 
v -0.9785016775131226 0.030560417100787163 0.513105571269989 
v -0.9765475988388062 0.0037009550724178553 0.5119308233261108 
v -0.9785016775131226 0.030560417100787163 0.513105571269989 
v -0.8768895268440247 0.003888912033289671 0.7534089088439941 
v -0.8700502514839172 0.037080854177474976 0.7449804544448853 
v -0.7948181629180908 0.004559484776109457 0.953574001789093 
v -0.7840707302093506 0.03773333877325058 0.9397357106208801 
v -0.7752773761749268 0.033153750002384186 0.962860107421875 
v -0.9775246381759644 0.0025546944234520197 -0.942347526550293 
v -0.9775246381759644 0.3094552457332611 -0.9417436718940735 
v -0.7488973140716553 0.0023887448478490114 -0.9455439448356628 
v -0.7469432353973389 0.30912333726882935 -0.948136568069458 
v 0.0004923790111206472 0.0023887448478490114 -0.9455439448356628 
v -0.20175491273403168 0.30912333726882935 -0.948136568069458 
v -0.171466663479805 0.2791624963283539 -0.9483213424682617 
v 0.0004923790111206472 0.2791624963283539 -0.9483213424682617 
v 0.1714743673801422 0.2791624963283539 -0.9483213424682617 
v 0.2017626166343689 0.30912333726882935 -0.948136568069458 
v 0.7469509243965149 0.30912333726882935 -0.948136568069458 
v 0.7469509243965149 0.34080085158348083 -0.9452502727508545 
v 0.9833946228027344 0.3096393048763275 -0.9331374168395996 
v 0.7489050030708313 0.0023887448478490114 -0.9455439448356628 
v -0.9872950911521912 0.33446842432022095 -0.9356470704078674 
v -0.7469432353973389 0.34080085158348083 -0.9452502727508545 
v -0.20175491273403168 0.33878856897354126 -0.9435248970985413 
v 0.2017626166343689 0.33878856897354126 -0.9435248970985413 
v 0.9873027801513672 0.3347821533679962 -0.9346641302108765 
v 0.976555347442627 0.0025546944234520197 -0.942347526550293 
v -0.5847545862197876 0.029653677716851234 0.8448328971862793 
v -0.5847545862197876 0.26902684569358826 0.8453285098075867 
v -0.4548082649707794 0.02955452725291252 0.9542607665061951 
v -0.4548082649707794 0.25945764780044556 0.9545297026634216 
v -0.4850965142250061 0.2991117537021637 0.9288747906684875 
v -0.5847545862197876 0.2989877164363861 0.8455133438110352 
v -0.6384918093681335 0.2989905774593353 0.8000209927558899 
v -0.6384918093681335 0.2690297067165375 0.7998360991477966 
v -0.6384918093681335 0.2690297067165375 0.7998360991477966 
v -0.5847545862197876 0.26902684569358826 0.8453285098075867 
v -0.6355606913566589 0.03368106484413147 0.795889675617218 
v -0.5847545862197876 0.029653677716851234 0.8448328971862793 
v -0.7918870449066162 0.29918310046195984 0.6721500754356384 
v -0.7918870449066162 0.2692222595214844 0.6719653010368347 
v -0.9775246381759644 0.29911914467811584 0.5140334367752075 
v -0.9775246381759644 0.2478921115398407 0.514137864112854 
v -0.7899329662322998 0.036051809787750244 0.6694898009300232 
v -0.9785016775131226 0.030560417100787163 0.513105571269989 
v -0.6384918093681335 0.2690297067165375 0.7998360991477966 
v -0.6355606913566589 0.03368106484413147 0.795889675617218 
v 0.976555347442627 0.0025546944234520197 -0.942347526550293 
v 0.9785094261169434 0.02824975736439228 -0.9180553555488586 
v 0.976555347442627 0.0037009550724178553 0.5119308233261108 
v 0.9785094261169434 0.030560417100787163 0.513105571269989 
v 0.9785094261169434 0.10912388563156128 -0.9189579486846924 
v 0.9775323867797852 0.2478921115398407 0.514137864112854 
v 0.9775323867797852 0.29911914467811584 0.5140334367752075 
v 0.9785094261169434 0.29899346828460693 -0.7282770276069641 
v -0.9775246381759644 0.0025546944234520197 -0.942347526550293 
v -0.9765475988388062 0.0037009550724178553 0.5119308233261108 
v -0.9785016775131226 0.02824975736439228 -0.9180553555488586 
v -0.9785016775131226 0.030560417100787163 0.513105571269989 
v -0.9785016775131226 0.10912388563156128 -0.9189579486846924 
v -0.9775246381759644 0.2478921115398407 0.514137864112854 
v -0.9775246381759644 0.29911914467811584 0.5140334367752075 
v -0.9785016775131226 0.29899346828460693 -0.7282770276069641 
v 0.766491711139679 0.009320289827883244 0.9845482707023621 
v 0.766491711139679 0.009359369054436684 0.9498756527900696 
v 0.787009596824646 0.01013472955673933 0.9496281743049622 
v 0.0004923790111206472 0.009320289827883244 0.9845482707023621 
v 0.0004923790111206472 0.009359369054436684 0.9498756527900696 
v -0.7664840221405029 0.009320289827883244 0.9845482707023621 
v -0.7664840221405029 0.009359369054436684 0.9498756527900696 
v -0.7870018482208252 0.009359369054436684 0.9498756527900696 
v 0.0004923790111206472 0.009320289827883244 0.9845482707023621 
v 0.0004923790111206472 0.009359369054436684 0.9498756527900696 
v 0.766491711139679 0.009320289827883244 0.9845482707023621 
v 0.766491711139679 0.009359369054436684 0.9498756527900696 
v -0.7664840221405029 0.009320289827883244 0.9845482707023621 
v -0.7664840221405029 0.029738591983914375 0.962867021560669 
v -0.7870018482208252 0.009359369054436684 0.9498756527900696 
v -0.8700502514839172 0.00977792963385582 0.7504460215568542 
v -0.7625758647918701 0.009128309786319733 0.5101984739303589 
v -0.9697083234786987 0.009128309786319733 0.5101984739303589 
v -0.9667772054672241 0.010971891693770885 -0.9320366382598877 
v -0.7488973140716553 0.009550915099680424 -0.9391649961471558 
v 0.0004923790111206472 0.009550915099680424 -0.9391649961471558 
v 0.0004923790111206472 0.009128309786319733 0.5101984739303589 
v -0.7645299434661865 0.00977792963385582 0.7504460215568542 
v 0.0004923790111206472 0.00977792963385582 0.7504460215568542 
v -0.7664840221405029 0.009359369054436684 0.9498756527900696 
v 0.0004923790111206472 0.009359369054436684 0.9498756527900696 
v -0.7870018482208252 0.009359369054436684 0.9498756527900696 
v 0.7645376324653625 0.00977792963385582 0.7504460215568542 
v 0.7625835537910461 0.009128309786319733 0.5101984739303589 
v 0.870058000087738 0.00977792963385582 0.7504460215568542 
v 0.9697160720825195 0.009128309786319733 0.5101984739303589 
v 0.9667849540710449 0.009421226568520069 -0.9315416812896729 
v 0.7489050030708313 0.009550915099680424 -0.9391649961471558 
v 0.870058000087738 0.00977792963385582 0.7504460215568542 
v 0.787009596824646 0.01013472955673933 0.9496281743049622 
v 0.7645376324653625 0.00977792963385582 0.7504460215568542 
v 0.766491711139679 0.009359369054436684 0.9498756527900696 
v 0.0004923790111206472 0.009359369054436684 0.9498756527900696 
v 0.0004923790111206472 0.00977792963385582 0.7504460215568542 
v 0.766491711139679 0.009359369054436684 0.9498756527900696 
v 0.7645376324653625 0.00977792963385582 0.7504460215568542 
v 0.766491711139679 0.009320289827883244 0.9845482707023621 
v 0.787009596824646 0.01013472955673933 0.9496281743049622 
v 0.766491711139679 0.029738591983914375 0.962867021560669 
v 0.766491711139679 0.029738591983914375 0.962867021560669 
v 0.766491711139679 0.18419499695301056 0.9623062014579773 
v 0.6228668689727783 0.029526779428124428 0.8069638609886169 
v 0.6228668689727783 0.18429695069789886 0.807386040687561 
v 0.766491711139679 0.27640366554260254 0.9621182680130005 
v 0.6228668689727783 0.27650561928749084 0.8071980476379395 
v 0.766491711139679 0.029738591983914375 0.962867021560669 
v 0.766491711139679 0.18419499695301056 0.9623062014579773 
v 0.766491711139679 0.009320289827883244 0.9845482707023621 
v 0.766491711139679 0.1842675358057022 0.9839457273483276 
v 0.766491711139679 0.2764761447906494 0.983757734298706 
v 0.766491711139679 0.27640366554260254 0.9621182680130005 
v -0.7664840221405029 0.009320289827883244 0.9845482707023621 
v 0.0004923790111206472 0.009320289827883244 0.9845482707023621 
v -0.7664840221405029 0.1842675358057022 0.9839457273483276 
v 0.0004923790111206472 0.1842675358057022 0.9839457273483276 
v 0.0004923790111206472 0.2764761447906494 0.983757734298706 
v 0.766491711139679 0.1842675358057022 0.9839457273483276 
v 0.766491711139679 0.2764761447906494 0.983757734298706 
v 0.766491711139679 0.009320289827883244 0.9845482707023621 
v -0.7664840221405029 0.2764761447906494 0.983757734298706 
v -0.7664840221405029 0.029738591983914375 0.962867021560669 
v -0.7664840221405029 0.18419499695301056 0.9623062014579773 
v -0.6277443170547485 0.029544923454523087 0.812373697757721 
v -0.6277443170547485 0.18431510031223297 0.8127959370613098 
v -0.7664840221405029 0.27640366554260254 0.9621182680130005 
v -0.6277443170547485 0.27652376890182495 0.8126078844070435 
v -0.7664840221405029 0.029738591983914375 0.962867021560669 
v -0.7664840221405029 0.18419499695301056 0.9623062014579773 
v -0.7664840221405029 0.009320289827883244 0.9845482707023621 
v -0.7664840221405029 0.1842675358057022 0.9839457273483276 
v -0.7664840221405029 0.2764761447906494 0.983757734298706 
v -0.7664840221405029 0.27640366554260254 0.9621182680130005 
v 0.5789000391960144 0.29911741614341736 0.8378900289535522 
v 0.5789000391960144 0.2691565454006195 0.8377051949501038 
v 0.4792419672012329 0.29924145340919495 0.9212514758110046 
v 0.4489537477493286 0.2595873475074768 0.9469063878059387 
v 0.6326372623443604 0.2694731652736664 0.7931958436965942 
v 0.5789000391960144 0.2691565454006195 0.8377051949501038 
v 0.6326372623443604 0.29943400621414185 0.793380618095398 
v 0.5789000391960144 0.29911741614341736 0.8378900289535522 
v 0.4489537477493286 0.2595873475074768 0.9469063878059387 
v 0.5789000391960144 0.2691565454006195 0.8377051949501038 
v 0.4489537477493286 0.029684215784072876 0.9466374516487122 
v 0.5789000391960144 0.029321778565645218 0.8384401202201843 
v 0.6326372623443604 0.029324624687433243 0.7929477095603943 
v 0.6326372623443604 0.2694731652736664 0.7931958436965942 
v 0.7860325574874878 0.029203420504927635 0.6640938520431519 
v 0.7860325574874878 0.2693519592285156 0.6643419861793518 
v 0.9697160720825195 0.24850152432918549 0.5106939673423767 
v 0.9697160720825195 0.29972854256629944 0.5105895400047302 
v 0.7860325574874878 0.2993128299713135 0.6645267605781555 
v 0.9697160720825195 0.029619134962558746 0.5101566314697266 
v 0.9697160720825195 0.029619134962558746 0.5101566314697266 
v 0.7860325574874878 0.029203420504927635 0.6640938520431519 
v 0.8632186651229858 0.029309328645467758 0.7420454621315002 
v 0.6326372623443604 0.029324624687433243 0.7929477095603943 
v 0.7801703214645386 0.029647983610630035 0.9358177185058594 
v 0.6228668689727783 0.029526779428124428 0.8069638609886169 
v 0.766491711139679 0.029738591983914375 0.962867021560669 
v 0.766491711139679 0.029738591983914375 0.962867021560669 
v 0.7801703214645386 0.029647983610630035 0.9358177185058594 
v 0.787009596824646 0.01013472955673933 0.9496281743049622 
v 0.870058000087738 0.00977792963385582 0.7504460215568542 
v 0.8632186651229858 0.029309328645467758 0.7420454621315002 
v 0.9697160720825195 0.029619134962558746 0.5101566314697266 
v 0.9697160720825195 0.009128309786319733 0.5101984739303589 
v -0.7664840221405029 0.029738591983914375 0.962867021560669 
v -0.6277443170547485 0.029544923454523087 0.812373697757721 
v -0.7791855335235596 0.029500149190425873 0.9380311369895935 
v -0.6326295733451843 0.029324624687433243 0.7929477095603943 
v -0.8651650547981262 0.02962310053408146 0.743028461933136 
v -0.786024808883667 0.029203420504927635 0.6640938520431519 
v -0.9697083234786987 0.029619134962558746 0.5101566314697266 
v -0.9697083234786987 0.009128309786319733 0.5101984739303589 
v -0.9697083234786987 0.029619134962558746 0.5101566314697266 
v -0.8700502514839172 0.00977792963385582 0.7504460215568542 
v -0.8651650547981262 0.02962310053408146 0.743028461933136 
v -0.7870018482208252 0.009359369054436684 0.9498756527900696 
v -0.7791855335235596 0.029500149190425873 0.9380311369895935 
v -0.7664840221405029 0.029738591983914375 0.962867021560669 
v -0.9667772054672241 0.010971891693770885 -0.9320366382598877 
v -0.975570559501648 0.3096211850643158 -0.9385472536087036 
v -0.7488973140716553 0.009550915099680424 -0.9391649961471558 
v -0.7469432353973389 0.3096211850643158 -0.9385472536087036 
v 0.0004923790111206472 0.009550915099680424 -0.9391649961471558 
v -0.20175491273403168 0.3096211850643158 -0.9385472536087036 
v -0.171466663479805 0.27888497710227966 -0.9384846091270447 
v 0.0004923790111206472 0.27888497710227966 -0.9384846091270447 
v 0.1714743673801422 0.27888497710227966 -0.9384846091270447 
v 0.2017626166343689 0.3096211850643158 -0.9385472536087036 
v 0.7469509243965149 0.3096211850643158 -0.9385472536087036 
v 0.7469509243965149 0.33430248498916626 -0.9388434886932373 
v 0.9746012687683105 0.30949148535728455 -0.9309239387512207 
v 0.7489050030708313 0.009550915099680424 -0.9391649961471558 
v -0.9765475988388062 0.3309054672718048 -0.9334266781806946 
v -0.7469432353973389 0.33430248498916626 -0.9388434886932373 
v -0.20175491273403168 0.33430248498916626 -0.9388434886932373 
v 0.2017626166343689 0.33430248498916626 -0.9388434886932373 
v 0.9794864654541016 0.3309054672718048 -0.9334266781806946 
v 0.9667849540710449 0.009421226568520069 -0.9315416812896729 
v -0.6326295733451843 0.2694731652736664 0.7931958436965942 
v -0.6326295733451843 0.29943400621414185 0.793380618095398 
v -0.5788923501968384 0.2691565454006195 0.8377051949501038 
v -0.5788923501968384 0.29911741614341736 0.8378900289535522 
v -0.4792342782020569 0.29924145340919495 0.9212514758110046 
v -0.4489460289478302 0.2595873475074768 0.9469063878059387 
v -0.4489460289478302 0.029684215784072876 0.9466374516487122 
v -0.5788923501968384 0.029321778565645218 0.8384401202201843 
v -0.6326295733451843 0.2694731652736664 0.7931958436965942 
v -0.6326295733451843 0.029324624687433243 0.7929477095603943 
v -0.5788923501968384 0.2691565454006195 0.8377051949501038 
v -0.5788923501968384 0.029321778565645218 0.8384401202201843 
v -0.786024808883667 0.2993128299713135 0.6645267605781555 
v -0.9697083234786987 0.29972854256629944 0.5105895400047302 
v -0.786024808883667 0.2693519592285156 0.6643419861793518 
v -0.9697083234786987 0.24850152432918549 0.5106939673423767 
v -0.786024808883667 0.029203420504927635 0.6640938520431519 
v -0.9697083234786987 0.029619134962558746 0.5101566314697266 
v -0.6326295733451843 0.2694731652736664 0.7931958436965942 
v -0.6326295733451843 0.029324624687433243 0.7929477095603943 
v 0.9667849540710449 0.009421226568520069 -0.9315416812896729 
v 0.9697160720825195 0.02824975736439228 -0.9180553555488586 
v 0.9697160720825195 0.009128309786319733 0.5101984739303589 
v 0.9697160720825195 0.029619134962558746 0.5101566314697266 
v 0.9697160720825195 0.10912388563156128 -0.9189579486846924 
v 0.9697160720825195 0.24850152432918549 0.5106939673423767 
v 0.9697160720825195 0.29972854256629944 0.5105895400047302 
v 0.9697160720825195 0.29899346828460693 -0.7282770276069641 
v -0.9667772054672241 0.010971891693770885 -0.9320366382598877 
v -0.9697083234786987 0.009128309786319733 0.5101984739303589 
v -0.9697083234786987 0.02824975736439228 -0.9180553555488586 
v -0.9697083234786987 0.029619134962558746 0.5101566314697266 
v -0.9697083234786987 0.10912388563156128 -0.9189579486846924 
v -0.9697083234786987 0.24850152432918549 0.5106939673423767 
v -0.9697083234786987 0.29972854256629944 0.5105895400047302 
v -0.9697083234786987 0.29899346828460693 -0.7282770276069641 
v 0.6228668689727783 0.029526779428124428 0.8069638609886169 
v 0.6228668689727783 0.18429695069789886 0.807386040687561 
v 0.6267750263214111 0.03464043512940407 0.8042485117912292 
v 0.6297061443328857 0.18474039435386658 0.8007456660270691 
v 0.6228668689727783 0.27650561928749084 0.8071980476379395 
v 0.6297061443328857 0.2761736810207367 0.8008051514625549 
v 0.6228668689727783 0.27650561928749084 0.8071980476379395 
v 0.6297061443328857 0.2761736810207367 0.8008051514625549 
v 0.766491711139679 0.27640366554260254 0.9621182680130005 
v 0.7743080258369446 0.27623775601387024 0.9589218497276306 
v 0.766491711139679 0.2764761447906494 0.983757734298706 
v 0.77137690782547 0.27649426460266113 0.9891675710678101 
v -0.771369218826294 0.27649426460266113 0.9891675710678101 
v -0.7664840221405029 0.2764761447906494 0.983757734298706 
v 0.0004923790111206472 0.2761986553668976 0.9935944676399231 
v 0.0004923790111206472 0.2764761447906494 0.983757734298706 
v 0.77137690782547 0.27649426460266113 0.9891675710678101 
v 0.766491711139679 0.2764761447906494 0.983757734298706 
v -0.6316525340080261 0.03434482589364052 0.8086754083633423 
v -0.6277443170547485 0.029544923454523087 0.812373697757721 
v -0.6345836520195007 0.18475854396820068 0.8061555624008179 
v -0.6277443170547485 0.18431510031223297 0.8127959370613098 
v -0.6345836520195007 0.2761918306350708 0.8062150478363037 
v -0.6277443170547485 0.27652376890182495 0.8126078844070435 
v -0.6345836520195007 0.2761918306350708 0.8062150478363037 
v -0.6277443170547485 0.27652376890182495 0.8126078844070435 
v -0.7743003368377686 0.27623775601387024 0.9589218497276306 
v -0.7664840221405029 0.27640366554260254 0.9621182680130005 
v -0.771369218826294 0.27649426460266113 0.9891675710678101 
v -0.7664840221405029 0.2764761447906494 0.983757734298706 
v 0.48510420322418213 0.2991117537021637 0.9288747906684875 
v 0.4792419672012329 0.29924145340919495 0.9212514758110046 
v 0.5847622752189636 0.2989877164363861 0.8455133438110352 
v 0.5789000391960144 0.29911741614341736 0.8378900289535522 
v 0.6384994983673096 0.2989905774593353 0.8000209927558899 
v 0.6326372623443604 0.29943400621414185 0.793380618095398 
v 0.4792419672012329 0.29924145340919495 0.9212514758110046 
v 0.48510420322418213 0.2991117537021637 0.9288747906684875 
v 0.4489537477493286 0.2595873475074768 0.9469063878059387 
v 0.45481598377227783 0.25945764780044556 0.9545297026634216 
v 0.6326372623443604 0.2694731652736664 0.7931958436965942 
v 0.6384994983673096 0.2690297067165375 0.7998360991477966 
v 0.6326372623443604 0.29943400621414185 0.793380618095398 
v 0.6384994983673096 0.2989905774593353 0.8000209927558899 
v 0.6326372623443604 0.029324624687433243 0.7929477095603943 
v 0.5789000391960144 0.029321778565645218 0.8384401202201843 
v 0.5847622752189636 0.029653677716851234 0.8448328971862793 
v 0.45481598377227783 0.02955452725291252 0.9542607665061951 
v 0.4489537477493286 0.029684215784072876 0.9466374516487122 
v 0.6326372623443604 0.029324624687433243 0.7929477095603943 
v 0.5847622752189636 0.029653677716851234 0.8448328971862793 
v 0.635568380355835 0.03368106484413147 0.795889675617218 
v 0.4489537477493286 0.2595873475074768 0.9469063878059387 
v 0.4489537477493286 0.029684215784072876 0.9466374516487122 
v 0.45481598377227783 0.25945764780044556 0.9545297026634216 
v 0.45481598377227783 0.02955452725291252 0.9542607665061951 
v 0.9697160720825195 0.29972854256629944 0.5105895400047302 
v 0.7860325574874878 0.2993128299713135 0.6645267605781555 
v 0.9775323867797852 0.29911914467811584 0.5140334367752075 
v 0.791894793510437 0.29918310046195984 0.6721500754356384 
v 0.7860325574874878 0.2993128299713135 0.6645267605781555 
v 0.7860325574874878 0.2693519592285156 0.6643419861793518 
v 0.791894793510437 0.29918310046195984 0.6721500754356384 
v 0.791894793510437 0.2692222595214844 0.6719653010368347 
v 0.7860325574874878 0.2693519592285156 0.6643419861793518 
v 0.6326372623443604 0.2694731652736664 0.7931958436965942 
v 0.791894793510437 0.2692222595214844 0.6719653010368347 
v 0.6384994983673096 0.2690297067165375 0.7998360991477966 
v 0.635568380355835 0.03368106484413147 0.795889675617218 
v 0.6326372623443604 0.029324624687433243 0.7929477095603943 
v 0.6228668689727783 0.029526779428124428 0.8069638609886169 
v 0.6228668689727783 0.029526779428124428 0.8069638609886169 
v 0.635568380355835 0.03368106484413147 0.795889675617218 
v 0.6267750263214111 0.03464043512940407 0.8042485117912292 
v -0.6277443170547485 0.029544923454523087 0.812373697757721 
v -0.6326295733451843 0.029324624687433243 0.7929477095603943 
v -0.6316525340080261 0.03434482589364052 0.8086754083633423 
v -0.6355606913566589 0.03368106484413147 0.795889675617218 
v -0.20175491273403168 0.3096211850643158 -0.9385472536087036 
v -0.171466663479805 0.27888497710227966 -0.9384846091270447 
v -0.20175491273403168 0.30912333726882935 -0.948136568069458 
v -0.171466663479805 0.2791624963283539 -0.9483213424682617 
v -0.171466663479805 0.27888497710227966 -0.9384846091270447 
v 0.0004923790111206472 0.27888497710227966 -0.9384846091270447 
v -0.171466663479805 0.2791624963283539 -0.9483213424682617 
v 0.0004923790111206472 0.2791624963283539 -0.9483213424682617 
v 0.1714743673801422 0.27888497710227966 -0.9384846091270447 
v 0.1714743673801422 0.2791624963283539 -0.9483213424682617 
v -0.20175491273403168 0.33430248498916626 -0.9388434886932373 
v -0.20175491273403168 0.33878856897354126 -0.9435248970985413 
v -0.20175491273403168 0.3096211850643158 -0.9385472536087036 
v -0.20175491273403168 0.30912333726882935 -0.948136568069458 
v 0.1714743673801422 0.27888497710227966 -0.9384846091270447 
v 0.1714743673801422 0.2791624963283539 -0.9483213424682617 
v 0.2017626166343689 0.3096211850643158 -0.9385472536087036 
v 0.2017626166343689 0.30912333726882935 -0.948136568069458 
v 0.2017626166343689 0.3096211850643158 -0.9385472536087036 
v 0.2017626166343689 0.30912333726882935 -0.948136568069458 
v 0.2017626166343689 0.33430248498916626 -0.9388434886932373 
v 0.2017626166343689 0.33878856897354126 -0.9435248970985413 
v -0.4489460289478302 0.2595873475074768 0.9469063878059387 
v -0.4548082649707794 0.25945764780044556 0.9545297026634216 
v -0.4792342782020569 0.29924145340919495 0.9212514758110046 
v -0.4850965142250061 0.2991117537021637 0.9288747906684875 
v -0.4792342782020569 0.29924145340919495 0.9212514758110046 
v -0.4850965142250061 0.2991117537021637 0.9288747906684875 
v -0.5788923501968384 0.29911741614341736 0.8378900289535522 
v -0.5847545862197876 0.2989877164363861 0.8455133438110352 
v -0.6326295733451843 0.29943400621414185 0.793380618095398 
v -0.6384918093681335 0.2989905774593353 0.8000209927558899 
v -0.6326295733451843 0.29943400621414185 0.793380618095398 
v -0.6384918093681335 0.2989905774593353 0.8000209927558899 
v -0.6326295733451843 0.2694731652736664 0.7931958436965942 
v -0.6384918093681335 0.2690297067165375 0.7998360991477966 
v -0.6355606913566589 0.03368106484413147 0.795889675617218 
v -0.5788923501968384 0.029321778565645218 0.8384401202201843 
v -0.6326295733451843 0.029324624687433243 0.7929477095603943 
v -0.6355606913566589 0.03368106484413147 0.795889675617218 
v -0.5788923501968384 0.029321778565645218 0.8384401202201843 
v -0.5847545862197876 0.029653677716851234 0.8448328971862793 
v -0.4489460289478302 0.029684215784072876 0.9466374516487122 
v -0.4548082649707794 0.02955452725291252 0.9542607665061951 
v -0.4489460289478302 0.029684215784072876 0.9466374516487122 
v -0.4548082649707794 0.02955452725291252 0.9542607665061951 
v -0.4489460289478302 0.2595873475074768 0.9469063878059387 
v -0.4548082649707794 0.25945764780044556 0.9545297026634216 
v -0.786024808883667 0.2693519592285156 0.6643419861793518 
v -0.7918870449066162 0.2692222595214844 0.6719653010368347 
v -0.786024808883667 0.2993128299713135 0.6645267605781555 
v -0.7918870449066162 0.29918310046195984 0.6721500754356384 
v -0.786024808883667 0.2993128299713135 0.6645267605781555 
v -0.7918870449066162 0.29918310046195984 0.6721500754356384 
v -0.9697083234786987 0.29972854256629944 0.5105895400047302 
v -0.9775246381759644 0.29911914467811584 0.5140334367752075 
v -0.6326295733451843 0.2694731652736664 0.7931958436965942 
v -0.6384918093681335 0.2690297067165375 0.7998360991477966 
v -0.786024808883667 0.2693519592285156 0.6643419861793518 
v -0.7918870449066162 0.2692222595214844 0.6719653010368347 
v 0.9667849540710449 0.009421226568520069 -0.9315416812896729 
v 0.976555347442627 0.0025546944234520197 -0.942347526550293 
v 0.9697160720825195 0.02824975736439228 -0.9180553555488586 
v 0.9785094261169434 0.02824975736439228 -0.9180553555488586 
v 0.9697160720825195 0.02824975736439228 -0.9180553555488586 
v 0.9785094261169434 0.02824975736439228 -0.9180553555488586 
v 0.9697160720825195 0.10912388563156128 -0.9189579486846924 
v 0.9785094261169434 0.10912388563156128 -0.9189579486846924 
v 0.9697160720825195 0.29899346828460693 -0.7282770276069641 
v 0.9785094261169434 0.29899346828460693 -0.7282770276069641 
v 0.9697160720825195 0.29972854256629944 0.5105895400047302 
v 0.9775323867797852 0.29911914467811584 0.5140334367752075 
v 0.9697160720825195 0.10912388563156128 -0.9189579486846924 
v 0.9785094261169434 0.10912388563156128 -0.9189579486846924 
v 0.9697160720825195 0.29899346828460693 -0.7282770276069641 
v 0.9785094261169434 0.29899346828460693 -0.7282770276069641 
v -0.9697083234786987 0.02824975736439228 -0.9180553555488586 
v -0.9785016775131226 0.02824975736439228 -0.9180553555488586 
v -0.9667772054672241 0.010971891693770885 -0.9320366382598877 
v -0.9775246381759644 0.0025546944234520197 -0.942347526550293 
v -0.9697083234786987 0.10912388563156128 -0.9189579486846924 
v -0.9785016775131226 0.10912388563156128 -0.9189579486846924 
v -0.9697083234786987 0.02824975736439228 -0.9180553555488586 
v -0.9785016775131226 0.02824975736439228 -0.9180553555488586 
v -0.9697083234786987 0.29899346828460693 -0.7282770276069641 
v -0.9785016775131226 0.29899346828460693 -0.7282770276069641 
v -0.9697083234786987 0.10912388563156128 -0.9189579486846924 
v -0.9785016775131226 0.10912388563156128 -0.9189579486846924 
v -0.9697083234786987 0.29972854256629944 0.5105895400047302 
v -0.9775246381759644 0.29911914467811584 0.5140334367752075 
v -0.9697083234786987 0.29899346828460693 -0.7282770276069641 
v -0.9785016775131226 0.29899346828460693 -0.7282770276069641 
vn 7.920697924585982e-14 0.8436410427093506 -0.5369066596031189 
vn 1.2279961119146532e-13 0.7548791766166687 -0.6558631062507629 
vn 1.2404537304017832e-13 0.7520062923431396 -0.6591551899909973 
vn 1.2404537304017832e-13 0.7520062923431396 -0.6591551899909973 
vn 1.2404537304017832e-13 0.7520062923431396 -0.6591551899909973 
vn 7.920697924585982e-14 0.8436410427093506 -0.5369066596031189 
vn 0.0018875712994486094 0.7908976674079895 -0.6119446754455566 
vn 1.2404537304017832e-13 0.7520062923431396 -0.6591551899909973 
vn 0.003785367589443922 0.7462227940559387 -0.6656848192214966 
vn -0.005662484560161829 0.7909103035926819 -0.611905038356781 
vn 0.03018847294151783 0.7347971200942993 -0.677614152431488 
vn 0.024560293182730675 0.7074212431907654 -0.7063646912574768 
vn 0.009452061727643013 0.7404043078422546 -0.6720945835113525 
vn 0.0037777165416628122 0.7433069348335266 -0.6689391732215881 
vn 0.0037777165416628122 0.7433069348335266 -0.6689391732215881 
vn 1.2404537304017832e-13 0.7520062923431396 -0.6591551899909973 
vn 0.003775141667574644 0.725515604019165 -0.6881946325302124 
vn 1.2404537304017832e-13 0.7520062923431396 -0.6591551899909973 
vn 1.2404537304017832e-13 0.7520062923431396 -0.6591551899909973 
vn 0.0037752394564449787 0.7773451805114746 -0.6290622353553772 
vn 0.007555876858532429 0.7520280480384827 -0.659087061882019 
vn 0.011347179301083088 0.7801350951194763 -0.6255074739456177 
vn 0.007555876858532429 0.7520280480384827 -0.659087061882019 
vn 0.020758412778377533 0.7135176658630371 -0.7003290057182312 
vn 0.005672605242580175 0.7491311430931091 -0.6623966693878174 
vn 1.2404537304017832e-13 0.7520062923431396 -0.6591551899909973 
vn 1.2404537304017832e-13 0.7520062923431396 -0.6591551899909973 
vn 1.2404537304017832e-13 0.7520062923431396 -0.6591551899909973 
vn 1.2404537304017832e-13 0.7520062923431396 -0.6591551899909973 
vn 1.2404537304017832e-13 0.7520062923431396 -0.6591551899909973 
vn 0.0037777165416628122 0.7433069348335266 -0.6689391732215881 
vn -0.0037777165416628122 0.7433069348335266 -0.6689391732215881 
vn -0.013231788761913776 0.7404357194900513 -0.6719961762428284 
vn -0.020784612745046616 0.7073643803596497 -0.7065427899360657 
vn -0.03018847294151783 0.7347971200942993 -0.677614152431488 
vn 1.2404537304017832e-13 0.7520062923431396 -0.6591551899909973 
vn -0.003775141667574644 0.725515604019165 -0.6881946325302124 
vn 1.2404537304017832e-13 0.7520062923431396 -0.6591551899909973 
vn 1.2404537304017832e-13 0.7520062923431396 -0.6591551899909973 
vn 0.0037752394564449787 0.7773451805114746 -0.6290622353553772 
vn 1.2404537304017832e-13 0.7520062923431396 -0.6591551899909973 
vn 1.2404537304017832e-13 0.7520062923431396 -0.6591551899909973 
vn 1.2404537304017832e-13 0.7520062923431396 -0.6591551899909973 
vn 1.2404537304017832e-13 0.7520062923431396 -0.6591551899909973 
vn -0.007555876858532429 0.7520280480384827 -0.659087061882019 
vn -0.011347179301083088 0.7801350951194763 -0.6255074739456177 
vn -0.007555876858532429 0.7520280480384827 -0.659087061882019 
vn -0.016986142843961716 0.7134695649147034 -0.7004796266555786 
vn -0.0018909238278865814 0.7491203546524048 -0.662430465221405 
vn 1.2404537304017832e-13 0.7520062923431396 -0.6591551899909973 
vn 1.2404537304017832e-13 0.7520062923431396 -0.6591551899909973 
vn 1.2404537304017832e-13 0.7520062923431396 -0.6591551899909973 
vn 1.2404537304017832e-13 0.7520062923431396 -0.6591551899909973 
vn 1.2404537304017832e-13 0.7520062923431396 -0.6591551899909973 
vn 0.003775141667574644 0.725515604019165 -0.6881946325302124 
vn 1.2404537304017832e-13 0.7520062923431396 -0.6591551899909973 
vn 1.2404537304017832e-13 0.7520062923431396 -0.6591551899909973 
vn 0.0037752394564449787 0.7773451805114746 -0.6290622353553772 
vn 0.007555876858532429 0.7520280480384827 -0.659087061882019 
vn 0.009449143894016743 0.7746200561523438 -0.6323555111885071 
vn 0.005672605242580175 0.7491311430931091 -0.6623966693878174 
vn 0.015139628201723099 0.7549673914909363 -0.6555867791175842 
vn 0.007555876858532429 0.7520280480384827 -0.659087061882019 
vn 0.015139628201723099 0.7549673914909363 -0.6555867791175842 
vn 0.007555876858532429 0.7520280480384827 -0.659087061882019 
vn -0.17774583399295807 0.743277370929718 -0.6449373960494995 
vn -0.1065044179558754 0.7534728050231934 -0.6487946510314941 
vn 1.2404537304017832e-13 0.7520062923431396 -0.6591551899909973 
vn 1.2279961119146532e-13 0.7548791766166687 -0.6558631062507629 
vn 1.2279961119146532e-13 0.7548791766166687 -0.6558631062507629 
vn 1.2404537304017832e-13 0.7520062923431396 -0.6591551899909973 
vn 1.2404537304017832e-13 0.7520062923431396 -0.6591551899909973 
vn 1.2404537304017832e-13 0.7520062923431396 -0.6591551899909973 
vn 1.2404537304017832e-13 0.7520062923431396 -0.6591551899909973 
vn 1.2404537304017832e-13 0.7520062923431396 -0.6591551899909973 
vn 1.2404537304017832e-13 0.7520062923431396 -0.6591551899909973 
vn 1.2404537304017832e-13 0.7520062923431396 -0.6591551899909973 
vn 1.2404537304017832e-13 0.7520062923431396 -0.6591551899909973 
vn 1.2404537304017832e-13 0.7520062923431396 -0.6591551899909973 
vn 1.2404537304017832e-13 0.7520062923431396 -0.6591551899909973 
vn -0.003775141667574644 0.725515604019165 -0.6881946325302124 
vn 1.2404537304017832e-13 0.7520062923431396 -0.6591551899909973 
vn 1.2404537304017832e-13 0.7520062923431396 -0.6591551899909973 
vn 0.0037752394564449787 0.7773451805114746 -0.6290622353553772 
vn 1.2404537304017832e-13 0.7520062923431396 -0.6591551899909973 
vn 1.2404537304017832e-13 0.7520062923431396 -0.6591551899909973 
vn 1.2404537304017832e-13 0.7520062923431396 -0.6591551899909973 
vn 1.2404537304017832e-13 0.7520062923431396 -0.6591551899909973 
vn -0.007555876858532429 0.7520280480384827 -0.659087061882019 
vn -0.013227397575974464 0.7746555805206299 -0.6322442293167114 
vn -0.009453787468373775 0.7491527199745178 -0.6623291373252869 
vn -0.015139628201723099 0.7549673914909363 -0.6555867791175842 
vn 1.2404537304017832e-13 0.7520062923431396 -0.6591551899909973 
vn 1.2404537304017832e-13 0.7520062923431396 -0.6591551899909973 
vn 1.2404537304017832e-13 0.7520062923431396 -0.6591551899909973 
vn 1.2404537304017832e-13 0.7520062923431396 -0.6591551899909973 
vn 1.2404537304017832e-13 0.7520062923431396 -0.6591551899909973 
vn -0.007555876858532429 0.7520280480384827 -0.659087061882019 
vn 0.10285219550132751 0.7531743049621582 -0.64972984790802 
vn 0.1811758279800415 0.7437602877616882 -0.6434244513511658 
vn -0.015139628201723099 0.7549673914909363 -0.6555867791175842 
vn -0.007555876858532429 0.7520280480384827 -0.659087061882019 
vn 1.2404537304017832e-13 0.7520062923431396 -0.6591551899909973 
vn 1.2279961119146532e-13 0.7548791766166687 -0.6558631062507629 
vn -0.0037777165416628122 0.7433069348335266 -0.6689391732215881 
vn -0.003775141667574644 0.725515604019165 -0.6881946325302124 
vn -0.020784612745046616 0.7073643803596497 -0.7065427899360657 
vn -0.0018909238278865814 0.7491203546524048 -0.662430465221405 
vn -0.016986142843961716 0.7134695649147034 -0.7004796266555786 
vn -0.003775141667574644 0.725515604019165 -0.6881946325302124 
vn 0.003775141667574644 0.725515604019165 -0.6881946325302124 
vn 0.0037777165416628122 0.7433069348335266 -0.6689391732215881 
vn 0.024560293182730675 0.7074212431907654 -0.7063646912574768 
vn 0.003775141667574644 0.725515604019165 -0.6881946325302124 
vn 0.020758412778377533 0.7135176658630371 -0.7003290057182312 
vn 0.005672605242580175 0.7491311430931091 -0.6623966693878174 
vn 0.003776323748752475 0.6607941389083862 0.750557005405426 
vn 0.0037741255946457386 0.6705756187438965 0.7418308854103088 
vn 0.003776323748752475 0.6607941389083862 0.750557005405426 
vn 0.0037741255946457386 0.6705756187438965 0.7418308854103088 
vn 0.003776323748752475 0.6607941389083862 0.750557005405426 
vn -0.0037741255946457386 0.6705756187438965 0.7418308854103088 
vn 0.0018881344003602862 0.6802436709403992 0.7329829931259155 
vn 0.003776323748752475 0.6607941389083862 0.750557005405426 
vn 0.003776323748752475 0.6607941389083862 0.750557005405426 
vn 0.003776323748752475 0.6607941389083862 0.750557005405426 
vn 0.003776323748752475 0.6607941389083862 0.750557005405426 
vn 0.003776323748752475 0.6607941389083862 0.750557005405426 
vn 0.003776323748752475 0.6607941389083862 0.750557005405426 
vn -0.00188738526776433 0.6929498910903931 0.720982551574707 
vn 0.0018881344003602862 0.6802436709403992 0.7329829931259155 
vn 0.0018881344003602862 0.6802436709403992 0.7329829931259155 
vn 0.0037741255946457386 0.6705756187438965 0.7418308854103088 
vn 0.0037741255946457386 0.6705756187438965 0.7418308854103088 
vn 0.003776323748752475 0.6607941389083862 0.750557005405426 
vn 0.003776323748752475 0.6607941389083862 0.750557005405426 
vn 0.003776323748752475 0.6607941389083862 0.750557005405426 
vn 0.003776323748752475 0.6607941389083862 0.750557005405426 
vn 0.003776323748752475 0.6607941389083862 0.750557005405426 
vn 0.003776323748752475 0.6607941389083862 0.750557005405426 
vn 0.003776323748752475 0.6607941389083862 0.750557005405426 
vn 0.003776323748752475 0.6607941389083862 0.750557005405426 
vn 0.005662122275680304 0.6929450631141663 0.7209674715995789 
vn 0.9942747354507446 0.08846670389175415 -0.05992775782942772 
vn 0.9999403357505798 0.010406002402305603 -0.0033215421717613935 
vn 0.999854564666748 -0.012272034771740437 0.011843454092741013 
vn 0.999997615814209 -0.0020812402945011854 0.0006643211818300188 
vn 0.999997615814209 -0.0020812402945011854 0.0006643211818300188 
vn 0.9999691247940063 -0.00021511361410375684 -0.00785852875560522 
vn 0.999997615814209 -0.0020812402945011854 0.0006643211818300188 
vn 0.999997615814209 -0.0020812402945011854 0.0006643211818300188 
vn 0.999997615814209 -0.0020812402945011854 0.0006643211818300188 
vn 0.999997615814209 -0.0020812402945011854 0.0006643211818300188 
vn 0.999997615814209 -0.0020812402945011854 0.0006643211818300188 
vn 0.995894193649292 -0.02543756738305092 -0.08687751740217209 
vn 0.9971283674240112 -0.029185179620981216 -0.06988007575273514 
vn 0.9989140033721924 -0.024178754538297653 -0.03982687368988991 
vn 0.9967476725578308 -0.04998524487018585 -0.06321056187152863 
vn 0.999997615814209 -0.0020812402945011854 0.0006643211818300188 
vn 0.999997615814209 -0.0020812402945011854 0.0006643211818300188 
vn 0.999997615814209 -0.0020812402945011854 0.0006643211818300188 
vn 0.999997615814209 -0.0020812402945011854 0.0006643211818300188 
vn 0.999997615814209 -0.0020812402945011854 0.0006643211818300188 
vn 0.9989140033721924 -0.024178754538297653 -0.03982687368988991 
vn 0.9952097535133362 0.06287287175655365 0.07486307621002197 
vn 0.9969112873077393 0.0662071630358696 0.04224281385540962 
vn 0.9977428913116455 0.0555855855345726 0.03767475113272667 
vn 0.9971106052398682 0.06806769967079163 0.033722180873155594 
vn 0.9999403357505798 0.010406002402305603 -0.0033215421717613935 
vn 0.999997615814209 -0.0020812402945011854 0.0006643211818300188 
vn 0.999997615814209 -0.0020812402945011854 0.0006643211818300188 
vn 0.999854564666748 0.012272034771740437 -0.011843454092741013 
vn 0.9999691247940063 -0.00021511361410375684 -0.00785852875560522 
vn 0.9970902800559998 -0.03334662318229675 -0.06854873895645142 
vn 0.996614396572113 -0.05414271354675293 -0.0618729330599308 
vn 0.9968618750572205 -0.04582682251930237 -0.06454697996377945 
vn 0.998856782913208 0.0007961629307828844 -0.047796014696359634 
vn 0.9994826912879944 0.022461773827672005 -0.02301725745201111 
vn 0.9994826912879944 0.022461773827672005 -0.02301725745201111 
vn 0.998856782913208 0.0007961629307828844 -0.047796014696359634 
vn 0.9994826912879944 0.022461773827672005 -0.02301725745201111 
vn 0.999997615814209 -0.0020812402945011854 0.0006643211818300188 
vn 0.999997615814209 -0.0020812402945011854 0.0006643211818300188 
vn 0.999997615814209 -0.0020812402945011854 0.0006643211818300188 
vn 0.999997615814209 -0.0020812402945011854 0.0006643211818300188 
vn 0.999997615814209 -0.0020812402945011854 0.0006643211818300188 
vn 0.999997615814209 -0.0020812402945011854 0.0006643211818300188 
vn 0.999997615814209 -0.0020812402945011854 0.0006643211818300188 
vn 0.999997615814209 -0.0020812402945011854 0.0006643211818300188 
vn 0.999997615814209 -0.0020812402945011854 0.0006643211818300188 
vn 0.999997615814209 -0.0020812402945011854 0.0006643211818300188 
vn 0.999997615814209 -0.0020812402945011854 0.0006643211818300188 
vn 0.9952097535133362 0.06287287175655365 0.07486307621002197 
vn 0.9969112873077393 0.0662071630358696 0.04224281385540962 
vn 0.9977428913116455 0.0555855855345726 0.03767475113272667 
vn 0.9968628883361816 0.07221947610378265 0.032383181154727936 
vn 0.9999403357505798 0.010406002402305603 -0.0033215421717613935 
vn 0.999997615814209 -0.0020812402945011854 0.0006643211818300188 
vn 0.9999499917030334 0.0039473711512982845 -0.009187021292746067 
vn 0.999997615814209 -0.0020812402945011854 0.0006643211818300188 
vn 0.999997615814209 -0.0020812402945011854 0.0006643211818300188 
vn 0.9997782111167908 0.01643405668437481 -0.013171344064176083 
vn 0.9995967149734497 0.027052508667111397 -0.008635020814836025 
vn 0.9987092614173889 0.04555220529437065 -0.022466760128736496 
vn 0.9989191889762878 0.04139404743909836 -0.021141165867447853 
vn 0.9997782111167908 0.01643405668437481 -0.013171344064176083 
vn 0.99945467710495 0.0160048920661211 -0.028881637379527092 
vn 0.9998263120651245 0.005813688971102238 -0.01770872250199318 
vn 0.9997782111167908 0.01643405668437481 -0.013171344064176083 
vn 0.9992551803588867 0.013709980994462967 -0.03607132285833359 
vn 0.9986907839775085 0.05058033764362335 0.007638401351869106 
vn 0.998146653175354 0.06075106933712959 -0.0035459876526147127 
vn 0.9675629138946533 0.19721698760986328 -0.15788421034812927 
vn -0.9976789355278015 0.06217257305979729 -0.027773259207606316 
vn -0.9999785423278809 -0.0062436810694634914 0.0019929506815969944 
vn -0.9999403357505798 0.010406002402305603 -0.0033215421717613935 
vn -0.999997615814209 -0.0020812402945011854 0.0006643211818300188 
vn -0.999997615814209 -0.0020812402945011854 0.0006643211818300188 
vn -0.9999691247940063 -0.00021511361410375684 -0.00785852875560522 
vn -0.999997615814209 -0.0020812402945011854 0.0006643211818300188 
vn -0.999997615814209 -0.0020812402945011854 0.0006643211818300188 
vn -0.999997615814209 -0.0020812402945011854 0.0006643211818300188 
vn -0.999997615814209 -0.0020812402945011854 0.0006643211818300188 
vn -0.999997615814209 -0.0020812402945011854 0.0006643211818300188 
vn -0.9999403357505798 0.010406002402305603 -0.0033215421717613935 
vn -0.999997615814209 -0.0020812402945011854 0.0006643211818300188 
vn -0.999997615814209 -0.0020812402945011854 0.0006643211818300188 
vn -0.999854564666748 0.012272034771740437 -0.011843454092741013 
vn -0.9999691247940063 -0.00021511361410375684 -0.00785852875560522 
vn -0.999997615814209 -0.0020812402945011854 0.0006643211818300188 
vn -0.999997615814209 -0.0020812402945011854 0.0006643211818300188 
vn -0.999997615814209 -0.0020812402945011854 0.0006643211818300188 
vn -0.999997615814209 -0.0020812402945011854 0.0006643211818300188 
vn -0.999997615814209 -0.0020812402945011854 0.0006643211818300188 
vn -0.9999403357505798 0.010406002402305603 -0.0033215421717613935 
vn -0.999997615814209 -0.0020812402945011854 0.0006643211818300188 
vn -0.9999499917030334 0.0039473711512982845 -0.009187021292746067 
vn -0.999997615814209 -0.0020812402945011854 0.0006643211818300188 
vn -0.999997615814209 -0.0020812402945011854 0.0006643211818300188 
vn -0.9997782111167908 0.01643405668437481 -0.013171344064176083 
vn -0.9996827244758606 0.020595761016011238 -0.014498982578516006 
vn -0.9987307190895081 0.04670030623674393 -0.01886989176273346 
vn -0.9997782111167908 0.01643405668437481 -0.013171344064176083 
vn -0.998501718044281 0.05085733160376549 -0.02019588276743889 
vn -0.9997782111167908 0.01643405668437481 -0.013171344064176083 
vn -0.99945467710495 0.0160048920661211 -0.028881637379527092 
vn -0.9996837377548218 0.0035178593825548887 -0.024901287630200386 
vn -0.99945467710495 0.0160048920661211 -0.028881637379527092 
vn -0.9959332942962646 0.07980574667453766 0.04180774837732315 
vn -0.9970031380653381 0.056010257452726364 0.05336330831050873 
vn -0.9969037771224976 0.06921382993459702 0.03731288015842438 
vn -0.9979144334793091 0.051429081708192825 0.039011016488075256 
vn -0.999997615814209 -0.0020812402945011854 0.0006643211818300188 
vn -0.999997615814209 -0.0020812402945011854 0.0006643211818300188 
vn -0.999997615814209 -0.0020812402945011854 0.0006643211818300188 
vn -0.999997615814209 -0.0020812402945011854 0.0006643211818300188 
vn -0.999997615814209 -0.0020812402945011854 0.0006643211818300188 
vn -0.999997615814209 -0.0020812402945011854 0.0006643211818300188 
vn -0.9958643913269043 -0.060586728155612946 -0.06770085543394089 
vn -0.9967476725578308 -0.04998524487018585 -0.06321056187152863 
vn -0.9971283674240112 -0.029185179620981216 -0.06988007575273514 
vn -0.9976887702941895 -0.02273271419107914 -0.06403432786464691 
vn -0.9994826912879944 0.022461773827672005 -0.02301725745201111 
vn -0.9988822340965271 0.04641486331820488 0.008943955413997173 
vn -0.9994826912879944 0.022461773827672005 -0.02301725745201111 
vn -0.9994826912879944 0.022461773827672005 -0.02301725745201111 
vn -0.9988822340965271 0.04641486331820488 0.008943955413997173 
vn -0.9964621663093567 0.05829915031790733 0.06053413078188896 
vn -0.9964473843574524 0.0715053454041481 0.04449191689491272 
vn -0.9979144334793091 0.051429081708192825 0.039011016488075256 
vn -0.999997615814209 -0.0020812402945011854 0.0006643211818300188 
vn -0.999997615814209 -0.0020812402945011854 0.0006643211818300188 
vn -0.999997615814209 -0.0020812402945011854 0.0006643211818300188 
vn -0.999997615814209 -0.0020812402945011854 0.0006643211818300188 
vn -0.999997615814209 -0.0020812402945011854 0.0006643211818300188 
vn -0.999997615814209 -0.0020812402945011854 0.0006643211818300188 
vn -0.995361864566803 -0.058717139065265656 -0.07620406895875931 
vn -0.9968618750572205 -0.04582682251930237 -0.06454697996377945 
vn -0.9971283674240112 -0.029185179620981216 -0.06988007575273514 
vn -0.9976887702941895 -0.02273271419107914 -0.06403432786464691 
vn -0.9991101026535034 0.04182662442326546 -0.005430459510535002 
vn -0.9905511140823364 0.1162533387541771 -0.07275696098804474 
vn -0.9993103742599487 0.03537297993898392 -0.01129087246954441 
vn -0.8218054175376892 0.37547871470451355 0.4285455644130707 
vn -0.8290159702301025 0.3684901297092438 0.42065107822418213 
vn -0.9848255515098572 0.11663331091403961 0.12851174175739288 
vn -0.9873892664909363 0.13730807602405548 0.07879628241062164 
vn -0.9800958633422852 0.19703921675682068 0.024240776896476746 
vn -0.7461594939231873 0.023079924285411835 0.6653667092323303 
vn -0.7461594939231873 0.023079924285411835 0.6653667092323303 
vn -0.7461594939231873 0.023079924285411835 0.6653667092323303 
vn -0.009434734471142292 0.6770201325416565 0.7359033823013306 
vn -9.398095501692363e-14 0.673812985420227 0.7389012575149536 
vn -0.005662730894982815 0.578597366809845 0.8155931234359741 
vn -0.0075482395477592945 0.4862292408943176 0.873798131942749 
vn 0.013208399526774883 0.6770058274269104 0.7358584403991699 
vn -0.001886979560367763 0.6770344972610474 0.7359482049942017 
vn -9.398095501692363e-14 0.673812985420227 0.7389012575149536 
vn -0.001886979560367763 0.6770344972610474 0.7359482049942017 
vn -9.398095501692363e-14 0.673812985420227 0.7389012575149536 
vn 0.013217643834650517 0.6673011183738708 0.7446700930595398 
vn 0.10363242775201797 0.6655348539352417 0.7391365170478821 
vn -0.013208619318902493 0.6640406847000122 0.7475790977478027 
vn 0.049040038138628006 0.6701762080192566 0.7405794858932495 
vn -0.001886979560367763 0.6770344972610474 0.7359482049942017 
vn -0.015110966749489307 0.7701733112335205 0.6376549601554871 
vn -0.015108871273696423 0.7267501950263977 0.6867349743843079 
vn -0.015110966749489307 0.7701733112335205 0.6376549601554871 
vn 0.005660905968397856 0.6770297288894653 0.7359333038330078 
vn -0.001886979560367763 0.6770344972610474 0.7359482049942017 
vn -0.001886979560367763 0.6770344972610474 0.7359482049942017 
vn -9.398095501692363e-14 0.673812985420227 0.7389012575149536 
vn -9.398095501692363e-14 0.673812985420227 0.7389012575149536 
vn -0.05850249528884888 0.643679141998291 0.7630555033683777 
vn -0.10738369077444077 0.6654020547866821 0.7387204766273499 
vn -0.001886979560367763 0.6770344972610474 0.7359482049942017 
vn 0.06040087714791298 0.4818494915962219 0.8741692304611206 
vn -0.013208619318902493 0.6640406847000122 0.7475790977478027 
vn -9.398095501692363e-14 0.673812985420227 0.7389012575149536 
vn -0.015108871273696423 0.7267501950263977 0.6867349743843079 
vn 0.6292539834976196 0.47148311138153076 0.6178531646728516 
vn 0.7687543034553528 0.4264102876186371 0.476645290851593 
vn 0.7037550210952759 0.4774389863014221 0.5260992050170898 
vn 0.8038421273231506 0.4215013384819031 0.4197309613227844 
vn 0.8171827793121338 0.35280245542526245 0.45578768849372864 
vn 0.8171827793121338 0.35280245542526245 0.45578768849372864 
vn 0.0018834020011126995 -0.7520076632499695 0.6591509580612183 
vn 0.0018834020011126995 -0.7520076632499695 0.6591509580612183 
vn 0.0018834020011126995 -0.7520076632499695 0.6591509580612183 
vn 0.0018834020011126995 -0.7520076632499695 0.6591509580612183 
vn 0.0018834020011126995 -0.7520076632499695 0.6591509580612183 
vn 0.0018834020011126995 -0.7520076632499695 0.6591509580612183 
vn 0.0018834020011126995 -0.7520076632499695 0.6591509580612183 
vn 0.0018834020011126995 -0.7520076632499695 0.6591509580612183 
vn 0.0018834020011126995 -0.7520076632499695 0.6591509580612183 
vn 0.0018834020011126995 -0.7520076632499695 0.6591509580612183 
vn 0.0018834020011126995 -0.7520076632499695 0.6591509580612183 
vn 0.0018834020011126995 -0.7520076632499695 0.6591509580612183 
vn 0.0018797018565237522 -0.7491203546524048 0.6624305248260498 
vn 0.0018797018565237522 -0.7491203546524048 0.6624305248260498 
vn 0.013155550695955753 -0.7404349446296692 0.6719985008239746 
vn 0.0018834020011126995 -0.7520076632499695 0.6591509580612183 
vn 0.0018834020011126995 -0.7520076632499695 0.6591509580612183 
vn 0.0018834020011126995 -0.7520076632499695 0.6591509580612183 
vn 0.0018834020011126995 -0.7520076632499695 0.6591509580612183 
vn 0.0018834020011126995 -0.7520076632499695 0.6591509580612183 
vn 0.0018834020011126995 -0.7520076632499695 0.6591509580612183 
vn 0.0018834020011126995 -0.7520076632499695 0.6591509580612183 
vn 0.0018834020011126995 -0.7520076632499695 0.6591509580612183 
vn 0.0018834020011126995 -0.7520076632499695 0.6591509580612183 
vn 0.0018834020011126995 -0.7520076632499695 0.6591509580612183 
vn 0.0018834020011126995 -0.7520076632499695 0.6591509580612183 
vn 0.0018834020011126995 -0.7520076632499695 0.6591509580612183 
vn 0.0018834020011126995 -0.7520076632499695 0.6591509580612183 
vn 0.0018834020011126995 -0.7520076632499695 0.6591509580612183 
vn 0.0018834020011126995 -0.7520076632499695 0.6591509580612183 
vn 0.0018834020011126995 -0.7520076632499695 0.6591509580612183 
vn 0.0018834020011126995 -0.7520076632499695 0.6591509580612183 
vn 0.0018834020011126995 -0.7520076632499695 0.6591509580612183 
vn 0.0018834020011126995 -0.7520076632499695 0.6591509580612183 
vn 0.0018834020011126995 -0.7520076632499695 0.6591509580612183 
vn 0.0018834020011126995 -0.7520076632499695 0.6591509580612183 
vn 0.0018834020011126995 -0.7520076632499695 0.6591509580612183 
vn 0.0018834020011126995 -0.7520076632499695 0.6591509580612183 
vn 0.0018834020011126995 -0.7520076632499695 0.6591509580612183 
vn 0.0018834020011126995 -0.7520076632499695 0.6591509580612183 
vn 0.0018834020011126995 -0.7520076632499695 0.6591509580612183 
vn 0.0018834020011126995 -0.7520076632499695 0.6591509580612183 
vn 0.0018834020011126995 -0.7520076632499695 0.6591509580612183 
vn 0.0018834020011126995 -0.7520076632499695 0.6591509580612183 
vn 0.0018834020011126995 -0.7520076632499695 0.6591509580612183 
vn 0.0018834020011126995 -0.7520076632499695 0.6591509580612183 
vn 0.0018834020011126995 -0.7520076632499695 0.6591509580612183 
vn 0.0018834020011126995 -0.7520076632499695 0.6591509580612183 
vn 0.0018834020011126995 -0.7520076632499695 0.6591509580612183 
vn 0.0018834020011126995 -0.7520076632499695 0.6591509580612183 
vn 0.0018834020011126995 -0.7520076632499695 0.6591509580612183 
vn 0.0018834020011126995 -0.7520076632499695 0.6591509580612183 
vn 0.0018834020011126995 -0.7520076632499695 0.6591509580612183 
vn 0.0018834020011126995 -0.7520076632499695 0.6591509580612183 
vn 0.0018834020011126995 -0.7520076632499695 0.6591509580612183 
vn 0.0018834020011126995 -0.7520076632499695 0.6591509580612183 
vn -0.005638942122459412 -0.7491309642791748 0.6623971462249756 
vn -0.005638942122459412 -0.7491309642791748 0.6623971462249756 
vn -0.01691243052482605 -0.7404763698577881 0.6718688607215881 
vn 0.0018834020011126995 -0.7520076632499695 0.6591509580612183 
vn 0.0018834020011126995 -0.7520076632499695 0.6591509580612183 
vn 0.0018834020011126995 -0.7520076632499695 0.6591509580612183 
vn 0.0018834020011126995 -0.7520076632499695 0.6591509580612183 
vn 0.0018834020011126995 -0.7520076632499695 0.6591509580612183 
vn 0.0018834020011126995 -0.7520076632499695 0.6591509580612183 
vn 0.0018834020011126995 -0.7520076632499695 0.6591509580612183 
vn 0.0018834020011126995 -0.7520076632499695 0.6591509580612183 
vn 0.0018834020011126995 -0.7520076632499695 0.6591509580612183 
vn 0.0018834020011126995 -0.7520076632499695 0.6591509580612183 
vn 0.0018834020011126995 -0.7520076632499695 0.6591509580612183 
vn 0.0018834020011126995 -0.7520076632499695 0.6591509580612183 
vn 0.0018834020011126995 -0.7520076632499695 0.6591509580612183 
vn 0.0018834020011126995 -0.7520076632499695 0.6591509580612183 
vn 0.0018834020011126995 -0.7520076632499695 0.6591509580612183 
vn 0.0018834020011126995 -0.7520076632499695 0.6591509580612183 
vn 0.0018834020011126995 -0.7520076632499695 0.6591509580612183 
vn 0.0018834020011126995 -0.7520076632499695 0.6591509580612183 
vn 0.0018834020011126995 -0.7520076632499695 0.6591509580612183 
vn 0.0018834020011126995 -0.7520076632499695 0.6591509580612183 
vn 0.0018834020011126995 -0.7520076632499695 0.6591509580612183 
vn 0.0018834020011126995 -0.7520076632499695 0.6591509580612183 
vn 0.0018834020011126995 -0.7520076632499695 0.6591509580612183 
vn 0.0018834020011126995 -0.7520076632499695 0.6591509580612183 
vn 0.0018834020011126995 -0.7520076632499695 0.6591509580612183 
vn 0.0018834020011126995 -0.7520076632499695 0.6591509580612183 
vn 0.0018834020011126995 -0.7520076632499695 0.6591509580612183 
vn 0.0018834020011126995 -0.7520076632499695 0.6591509580612183 
vn 0.0018834020011126995 -0.7520076632499695 0.6591509580612183 
vn 0.0018834020011126995 -0.7520076632499695 0.6591509580612183 
vn 0.0018834020011126995 -0.7520076632499695 0.6591509580612183 
vn 0.0018834020011126995 -0.7520076632499695 0.6591509580612183 
vn 0.0018834020011126995 -0.7520076632499695 0.6591509580612183 
vn 0.0018834020011126995 -0.7520076632499695 0.6591509580612183 
vn 0.0018834020011126995 -0.7520076632499695 0.6591509580612183 
vn 0.0018834020011126995 -0.7520076632499695 0.6591509580612183 
vn 0.0018834020011126995 -0.7520076632499695 0.6591509580612183 
vn 0.0018834020011126995 -0.7520076632499695 0.6591509580612183 
vn 0.0018834020011126995 -0.7520076632499695 0.6591509580612183 
vn 0.0018834020011126995 -0.7520076632499695 0.6591509580612183 
vn 0.0018834020011126995 -0.7520076632499695 0.6591509580612183 
vn 0.0018834020011126995 -0.7520076632499695 0.6591509580612183 
vn 0.0018834020011126995 -0.7520076632499695 0.6591509580612183 
vn 0.0018834020011126995 -0.7520076632499695 0.6591509580612183 
vn 0.0018834020011126995 -0.7520076632499695 0.6591509580612183 
vn -0.0018856911920011044 -0.6607959270477295 -0.7505626082420349 
vn -0.0018856911920011044 -0.6607959270477295 -0.7505626082420349 
vn -0.0018856911920011044 -0.6607959270477295 -0.7505626082420349 
vn -0.0018856911920011044 -0.6607959270477295 -0.7505626082420349 
vn -0.0018856911920011044 -0.6607959270477295 -0.7505626082420349 
vn -0.0018856911920011044 -0.6607959270477295 -0.7505626082420349 
vn -0.0018856911920011044 -0.6607959270477295 -0.7505626082420349 
vn -0.0018856911920011044 -0.6607959270477295 -0.7505626082420349 
vn -0.0018856911920011044 -0.6607959270477295 -0.7505626082420349 
vn -0.0018856911920011044 -0.6607959270477295 -0.7505626082420349 
vn -0.0018856911920011044 -0.6607959270477295 -0.7505626082420349 
vn -0.0018856911920011044 -0.6607959270477295 -0.7505626082420349 
vn -0.0018856911920011044 -0.6607959270477295 -0.7505626082420349 
vn -0.0018856911920011044 -0.6607959270477295 -0.7505626082420349 
vn -0.0018856911920011044 -0.6607959270477295 -0.7505626082420349 
vn -0.0018856911920011044 -0.6607959270477295 -0.7505626082420349 
vn -0.0018856911920011044 -0.6607959270477295 -0.7505626082420349 
vn -0.0018856911920011044 -0.6607959270477295 -0.7505626082420349 
vn -0.0018856911920011044 -0.6607959270477295 -0.7505626082420349 
vn -0.0018856911920011044 -0.6607959270477295 -0.7505626082420349 
vn -0.0018856911920011044 -0.6607959270477295 -0.7505626082420349 
vn -0.0018856911920011044 -0.6607959270477295 -0.7505626082420349 
vn -0.0018856911920011044 -0.6607959270477295 -0.7505626082420349 
vn -0.0018856911920011044 -0.6607959270477295 -0.7505626082420349 
vn -0.0018856911920011044 -0.6607959270477295 -0.7505626082420349 
vn -0.0018856911920011044 -0.6607959270477295 -0.7505626082420349 
vn -0.0018856911920011044 -0.6607959270477295 -0.7505626082420349 
vn -0.9949134588241577 -0.08661669492721558 0.051426902413368225 
vn -0.9999691247940063 -0.00021511361410375684 -0.00785852875560522 
vn -0.9996827244758606 0.020595761016011238 -0.014498982578516006 
vn -0.999997615814209 -0.0020812402945011854 0.0006643211818300188 
vn -0.999997615814209 -0.0020812402945011854 0.0006643211818300188 
vn -0.999997615814209 -0.0020812402945011854 0.0006643211818300188 
vn -0.999997615814209 -0.0020812402945011854 0.0006643211818300188 
vn -0.999997615814209 -0.0020812402945011854 0.0006643211818300188 
vn -0.999997615814209 -0.0020812402945011854 0.0006643211818300188 
vn -0.999997615814209 -0.0020812402945011854 0.0006643211818300188 
vn -0.999997615814209 -0.0020812402945011854 0.0006643211818300188 
vn -0.999997615814209 -0.0020812402945011854 0.0006643211818300188 
vn -0.999997615814209 -0.0020812402945011854 0.0006643211818300188 
vn -0.999997615814209 -0.0020812402945011854 0.0006643211818300188 
vn -0.999997615814209 -0.0020812402945011854 0.0006643211818300188 
vn -0.999997615814209 -0.0020812402945011854 0.0006643211818300188 
vn -0.999997615814209 -0.0020812402945011854 0.0006643211818300188 
vn -0.999997615814209 -0.0020812402945011854 0.0006643211818300188 
vn -0.999997615814209 -0.0020812402945011854 0.0006643211818300188 
vn -0.999997615814209 -0.0020812402945011854 0.0006643211818300188 
vn -0.999997615814209 -0.0020812402945011854 0.0006643211818300188 
vn -0.999997615814209 -0.0020812402945011854 0.0006643211818300188 
vn -0.999997615814209 -0.0020812402945011854 0.0006643211818300188 
vn -0.999997615814209 -0.0020812402945011854 0.0006643211818300188 
vn -0.999997615814209 -0.0020812402945011854 0.0006643211818300188 
vn -0.999997615814209 -0.0020812402945011854 0.0006643211818300188 
vn -0.999997615814209 -0.0020812402945011854 0.0006643211818300188 
vn -0.999997615814209 -0.0020812402945011854 0.0006643211818300188 
vn -0.999997615814209 -0.0020812402945011854 0.0006643211818300188 
vn -0.999997615814209 -0.0020812402945011854 0.0006643211818300188 
vn -0.999997615814209 -0.0020812402945011854 0.0006643211818300188 
vn -0.999997615814209 -0.0020812402945011854 0.0006643211818300188 
vn -0.999997615814209 -0.0020812402945011854 0.0006643211818300188 
vn -0.999997615814209 -0.0020812402945011854 0.0006643211818300188 
vn -0.999997615814209 -0.0020812402945011854 0.0006643211818300188 
vn -0.999997615814209 -0.0020812402945011854 0.0006643211818300188 
vn -0.999997615814209 -0.0020812402945011854 0.0006643211818300188 
vn -0.999997615814209 -0.0020812402945011854 0.0006643211818300188 
vn -0.999997615814209 -0.0020812402945011854 0.0006643211818300188 
vn -0.999997615814209 -0.0020812402945011854 0.0006643211818300188 
vn -0.999997615814209 -0.0020812402945011854 0.0006643211818300188 
vn -0.999997615814209 -0.0020812402945011854 0.0006643211818300188 
vn -0.999997615814209 -0.0020812402945011854 0.0006643211818300188 
vn -0.999997615814209 -0.0020812402945011854 0.0006643211818300188 
vn -0.999997615814209 -0.0020812402945011854 0.0006643211818300188 
vn -0.999997615814209 -0.0020812402945011854 0.0006643211818300188 
vn -0.999997615814209 -0.0020812402945011854 0.0006643211818300188 
vn -0.999997615814209 -0.0020812402945011854 0.0006643211818300188 
vn -0.999997615814209 -0.0020812402945011854 0.0006643211818300188 
vn -0.999997615814209 -0.0020812402945011854 0.0006643211818300188 
vn -0.999997615814209 -0.0020812402945011854 0.0006643211818300188 
vn -0.999854564666748 -0.016864215955138206 -0.0025433131959289312 
vn -0.9728347063064575 -0.18556779623031616 0.13840925693511963 
vn -0.999997615814209 -0.0020812402945011854 0.0006643211818300188 
vn 0.9975372552871704 -0.05113891884684563 0.048002056777477264 
vn 0.999997615814209 0.0020812402945011854 -0.0006643211818300188 
vn 0.9999785423278809 0.0062436810694634914 -0.0019929506815969944 
vn 0.999997615814209 -0.0020812402945011854 0.0006643211818300188 
vn 0.999997615814209 -0.0020812402945011854 0.0006643211818300188 
vn 0.999997615814209 -0.0020812402945011854 0.0006643211818300188 
vn 0.999997615814209 -0.0020812402945011854 0.0006643211818300188 
vn 0.999997615814209 -0.0020812402945011854 0.0006643211818300188 
vn 0.999997615814209 -0.0020812402945011854 0.0006643211818300188 
vn 0.999997615814209 -0.0020812402945011854 0.0006643211818300188 
vn 0.999997615814209 -0.0020812402945011854 0.0006643211818300188 
vn 0.999997615814209 -0.0020812402945011854 0.0006643211818300188 
vn 0.999997615814209 -0.0020812402945011854 0.0006643211818300188 
vn 0.999997615814209 -0.0020812402945011854 0.0006643211818300188 
vn 0.999997615814209 -0.0020812402945011854 0.0006643211818300188 
vn 0.999997615814209 -0.0020812402945011854 0.0006643211818300188 
vn 0.999997615814209 -0.0020812402945011854 0.0006643211818300188 
vn 0.999997615814209 -0.0020812402945011854 0.0006643211818300188 
vn 0.999997615814209 -0.0020812402945011854 0.0006643211818300188 
vn 0.999997615814209 -0.0020812402945011854 0.0006643211818300188 
vn 0.999997615814209 -0.0020812402945011854 0.0006643211818300188 
vn 0.999997615814209 -0.0020812402945011854 0.0006643211818300188 
vn 0.999997615814209 -0.0020812402945011854 0.0006643211818300188 
vn 0.999997615814209 -0.0020812402945011854 0.0006643211818300188 
vn 0.999997615814209 -0.0020812402945011854 0.0006643211818300188 
vn 0.999997615814209 -0.0020812402945011854 0.0006643211818300188 
vn 0.999997615814209 -0.0020812402945011854 0.0006643211818300188 
vn 0.999997615814209 -0.0020812402945011854 0.0006643211818300188 
vn 0.999997615814209 -0.0020812402945011854 0.0006643211818300188 
vn 0.999997615814209 -0.0020812402945011854 0.0006643211818300188 
vn 0.999997615814209 -0.0020812402945011854 0.0006643211818300188 
vn 0.999997615814209 -0.0020812402945011854 0.0006643211818300188 
vn 0.999997615814209 -0.0020812402945011854 0.0006643211818300188 
vn 0.999997615814209 -0.0020812402945011854 0.0006643211818300188 
vn 0.999997615814209 -0.0020812402945011854 0.0006643211818300188 
vn 0.999997615814209 -0.0020812402945011854 0.0006643211818300188 
vn 0.999997615814209 -0.0020812402945011854 0.0006643211818300188 
vn 0.999997615814209 -0.0020812402945011854 0.0006643211818300188 
vn 0.999997615814209 -0.0020812402945011854 0.0006643211818300188 
vn 0.999997615814209 -0.0020812402945011854 0.0006643211818300188 
vn 0.999997615814209 -0.0020812402945011854 0.0006643211818300188 
vn 0.999997615814209 -0.0020812402945011854 0.0006643211818300188 
vn 0.999997615814209 -0.0020812402945011854 0.0006643211818300188 
vn 0.999997615814209 -0.0020812402945011854 0.0006643211818300188 
vn 0.999997615814209 -0.0020812402945011854 0.0006643211818300188 
vn 0.999997615814209 -0.0020812402945011854 0.0006643211818300188 
vn 0.999997615814209 -0.0020812402945011854 0.0006643211818300188 
vn 0.999997615814209 -0.0020812402945011854 0.0006643211818300188 
vn 0.999997615814209 -0.0020812402945011854 0.0006643211818300188 
vn 0.999997615814209 -0.0020812402945011854 0.0006643211818300188 
vn 0.999997615814209 -0.0020812402945011854 0.0006643211818300188 
vn 0.999997615814209 -0.0020812402945011854 0.0006643211818300188 
vn 0.9999691247940063 -0.004377594217658043 -0.006529886741191149 
vn 0.9999403357505798 -0.010406002402305603 0.0033215421717613935 
vn 0.9845036864280701 -0.12194555252790451 0.12602299451828003 
vn 0.5572044849395752 -0.5512495636940002 -0.6210043430328369 
vn 0.5511020421981812 -0.5526000261306763 -0.6252351999282837 
vn 0.6950398683547974 -0.39092138409614563 -0.6034066081047058 
vn 0.5572044849395752 -0.5512495636940002 -0.6210043430328369 
vn 0.6980637907981873 -0.37875130772590637 -0.6076626777648926 
vn 0.6950398683547974 -0.39092138409614563 -0.6034066081047058 
vn 0.6750047206878662 -0.30791592597961426 -0.6704892516136169 
vn 0.6750047206878662 -0.30791592597961426 -0.6704892516136169 
vn -0.001886979560367763 -0.6770344972610474 -0.7359482049942017 
vn 0.005657929927110672 -0.5606421828269958 -0.8280382752418518 
vn -0.00565735250711441 -0.6738076210021973 -0.7388845086097717 
vn 0.005663945805281401 -0.4670281708240509 -0.8842237591743469 
vn -0.016981836408376694 -0.6769867539405823 -0.7357986569404602 
vn -0.001886979560367763 -0.6770344972610474 -0.7359482049942017 
vn -0.001886979560367763 -0.6770344972610474 -0.7359482049942017 
vn -0.001886979560367763 -0.6770344972610474 -0.7359482049942017 
vn -0.001886979560367763 -0.6770344972610474 -0.7359482049942017 
vn -0.001886979560367763 -0.6770344972610474 -0.7359482049942017 
vn -0.001886979560367763 -0.6770344972610474 -0.7359482049942017 
vn -0.001886979560367763 -0.6770344972610474 -0.7359482049942017 
vn -0.001886979560367763 -0.6770344972610474 -0.7359482049942017 
vn -0.001886979560367763 -0.6770344972610474 -0.7359482049942017 
vn -0.2293637990951538 -0.6963006258010864 -0.680115282535553 
vn -0.1240304708480835 -0.7359704375267029 -0.6655547022819519 
vn -0.4311341643333435 -0.6375769376754761 -0.6384498476982117 
vn -0.21117441356182098 -0.7007861733436584 -0.6813979744911194 
vn -0.1240304708480835 -0.7359704375267029 -0.6655547022819519 
vn -0.001886979560367763 -0.6770344972610474 -0.7359482049942017 
vn -0.001886979560367763 -0.6770344972610474 -0.7359482049942017 
vn -0.001886979560367763 -0.6770344972610474 -0.7359482049942017 
vn -0.001886979560367763 -0.6770344972610474 -0.7359482049942017 
vn -0.001886979560367763 -0.6770344972610474 -0.7359482049942017 
vn -0.001886979560367763 -0.6770344972610474 -0.7359482049942017 
vn -0.001886979560367763 -0.6770344972610474 -0.7359482049942017 
vn -0.001886979560367763 -0.6770344972610474 -0.7359482049942017 
vn -0.001886979560367763 -0.6770344972610474 -0.7359482049942017 
vn -0.001886979560367763 -0.6770344972610474 -0.7359482049942017 
vn -0.3441391587257385 -0.6174091100692749 -0.7073708176612854 
vn -0.2293637990951538 -0.6963006258010864 -0.680115282535553 
vn -0.4311341643333435 -0.6375769376754761 -0.6384498476982117 
vn -0.5326480269432068 -0.5463548898696899 -0.6463603377342224 
vn -0.0018856911920011044 -0.6607959270477295 -0.7505626082420349 
vn -0.0018856911920011044 -0.6607959270477295 -0.7505626082420349 
vn -0.0018856911920011044 -0.6607959270477295 -0.7505626082420349 
vn -0.0018856911920011044 -0.6607959270477295 -0.7505626082420349 
vn -0.0018856911920011044 -0.6607959270477295 -0.7505626082420349 
vn -0.0018856911920011044 -0.6607959270477295 -0.7505626082420349 
vn -0.7064030766487122 -0.4663066864013672 -0.5324963331222534 
vn -0.7064030766487122 -0.4663066864013672 -0.5324963331222534 
vn -0.7064030766487122 -0.4663066864013672 -0.5324963331222534 
vn -0.7064030766487122 -0.4663066864013672 -0.5324963331222534 
vn -0.68931645154953 -0.668000340461731 0.2803887128829956 
vn -0.68931645154953 -0.668000340461731 0.2803887128829956 
vn -0.68931645154953 -0.668000340461731 0.2803887128829956 
vn -0.9724539518356323 -0.15424856543540955 -0.1747586876153946 
vn -0.9871659278869629 -0.10489708185195923 -0.12041597068309784 
vn -0.9871659278869629 -0.10489708185195923 -0.12041597068309784 
vn -0.999997615814209 0.0020812402945011854 -0.0006643211818300188 
vn -0.999997615814209 0.0020812402945011854 -0.0006643211818300188 
vn -0.9781768321990967 0.13513585925102234 0.15782365202903748 
vn -0.9795997142791748 0.1328798085451126 0.15075573325157166 
vn -0.9471673369407654 0.21180923283100128 0.24085436761379242 
vn -0.70224928855896 -0.4611951410770416 0.5423508286476135 
vn -0.70224928855896 -0.4611951410770416 0.5423508286476135 
vn -0.70224928855896 -0.4611951410770416 0.5423508286476135 
vn -0.68931645154953 -0.668000340461731 0.2803887128829956 
vn -0.68931645154953 -0.668000340461731 0.2803887128829956 
vn -0.68931645154953 -0.668000340461731 0.2803887128829956 
vn -0.9724539518356323 -0.15424856543540955 -0.1747586876153946 
vn -0.9882462024688721 -0.10262619704008102 -0.11330153793096542 
vn -0.9882462024688721 -0.10262619704008102 -0.11330153793096542 
vn -0.999997615814209 0.0020812402945011854 -0.0006643211818300188 
vn -0.999997615814209 0.0020812402945011854 -0.0006643211818300188 
vn -0.9795997142791748 0.1328798085451126 0.15075573325157166 
vn -0.980667233467102 0.1275544911623001 0.14839692413806915 
vn -0.9471673369407654 0.21180923283100128 0.24085436761379242 
vn -0.70224928855896 -0.4611951410770416 0.5423508286476135 
vn -0.70224928855896 -0.4611951410770416 0.5423508286476135 
vn -0.70224928855896 -0.4611951410770416 0.5423508286476135 
vn -0.6746206879615784 -0.3096425533294678 0.6700805425643921 
vn -0.6746206879615784 -0.3096425533294678 0.6700805425643921 
vn -0.6746206879615784 -0.3096425533294678 0.6700805425643921 
vn -0.9115591645240784 0.2736937403678894 0.30684104561805725 
vn -0.9115591645240784 0.2736937403678894 0.30684104561805725 
vn -0.9115591645240784 0.2736937403678894 0.30684104561805725 
vn 0.003776323748752475 0.6607941389083862 0.750557005405426 
vn 0.003776323748752475 0.6607941389083862 0.750557005405426 
vn 0.003776323748752475 0.6607941389083862 0.750557005405426 
vn -0.3214740455150604 -0.060009703040122986 0.9450145363807678 
vn -0.3214740455150604 -0.060009703040122986 0.9450145363807678 
vn -0.3214740455150604 -0.060009703040122986 0.9450145363807678 
vn -0.999997615814209 -0.0020812402945011854 0.0006643211818300188 
vn -0.999997615814209 -0.0020812402945011854 0.0006643211818300188 
vn -0.999997615814209 -0.0020812402945011854 0.0006643211818300188 
vn -0.999997615814209 -0.0020812402945011854 0.0006643211818300188 
vn 0.7089496850967407 -0.4654605984687805 -0.5298455357551575 
vn 0.7089496850967407 -0.4654605984687805 -0.5298455357551575 
vn 0.7089496850967407 -0.4654605984687805 -0.5298455357551575 
vn 0.7089496850967407 -0.4654605984687805 -0.5298455357551575 
vn 0.9482794404029846 -0.21071182191371918 -0.2374163269996643 
vn 0.9789381623268127 -0.13394027948379517 -0.15407808125019073 
vn 0.980667233467102 -0.1275544911623001 -0.14839692413806915 
vn 0.999997615814209 0.0020812402945011854 -0.0006643211818300188 
vn 0.999997615814209 0.0020812402945011854 -0.0006643211818300188 
vn 0.9877131581306458 0.1037619560956955 0.11685973405838013 
vn 0.9877131581306458 0.1037619560956955 0.11685973405838013 
vn 0.9716383218765259 0.15536870062351227 0.1782679259777069 
vn 0.7049488425254822 -0.5953019857406616 0.3855673670768738 
vn 0.7049488425254822 -0.5953019857406616 0.3855673670768738 
vn 0.7049488425254822 -0.5953019857406616 0.3855673670768738 
vn 0.6886428594589233 -0.3622811436653137 0.6281105875968933 
vn 0.6886428594589233 -0.3622811436653137 0.6281105875968933 
vn 0.6886428594589233 -0.3622811436653137 0.6281105875968933 
vn 0.9482794404029846 -0.21071182191371918 -0.2374163269996643 
vn 0.980667233467102 -0.1275544911623001 -0.14839692413806915 
vn 0.9789381623268127 -0.13394027948379517 -0.15407808125019073 
vn 0.999997615814209 0.0020812402945011854 -0.0006643211818300188 
vn 0.999997615814209 0.0020812402945011854 -0.0006643211818300188 
vn 0.9877131581306458 0.1037619560956955 0.11685973405838013 
vn 0.9877131581306458 0.1037619560956955 0.11685973405838013 
vn 0.9716383218765259 0.15536870062351227 0.1782679259777069 
vn 0.7049488425254822 -0.5953019857406616 0.3855673670768738 
vn 0.7049488425254822 -0.5953019857406616 0.3855673670768738 
vn 0.7049488425254822 -0.5953019857406616 0.3855673670768738 
vn 0.6886428594589233 -0.3622811436653137 0.6281105875968933 
vn 0.6886428594589233 -0.3622811436653137 0.6281105875968933 
vn 0.6886428594589233 -0.3622811436653137 0.6281105875968933 
vn -0.0018870332278311253 -0.0645662173628807 0.9979111552238464 
vn -0.0018870332278311253 -0.0645662173628807 0.9979111552238464 
vn -0.0018870332278311253 -0.0645662173628807 0.9979111552238464 
vn 0.23536601662635803 0.6416035294532776 0.7300320863723755 
vn 0.23536601662635803 0.6416035294532776 0.7300320863723755 
vn 0.23536601662635803 0.6416035294532776 0.7300320863723755 
vn 0.9152517318725586 0.26741349697113037 0.301337331533432 
vn 0.9152517318725586 0.26741349697113037 0.301337331533432 
vn 0.9152517318725586 0.26741349697113037 0.301337331533432 
vn 0.6699724793434143 -0.29860639572143555 0.6796841621398926 
vn 0.6699724793434143 -0.29860639572143555 0.6796841621398926 
vn 0.6699724793434143 -0.29860639572143555 0.6796841621398926 
vn 0.999997615814209 -0.0020812402945011854 0.0006643211818300188 
vn 0.999997615814209 -0.0020812402945011854 0.0006643211818300188 
vn 0.999997615814209 -0.0020812402945011854 0.0006643211818300188 
vn 0.999997615814209 -0.0020812402945011854 0.0006643211818300188 
vn 0.0018834020011126995 -0.7520076632499695 0.6591509580612183 
vn 0.0018834020011126995 -0.7520076632499695 0.6591509580612183 
vn 0.0018834020011126995 -0.7520076632499695 0.6591509580612183 
vn -0.05061826854944229 -0.7500888109207153 0.6593963503837585 
vn 0.0018834020011126995 -0.7520076632499695 0.6591509580612183 
vn 0.0018834020011126995 -0.7520076632499695 0.6591509580612183 
vn 0.0018834020011126995 -0.7520076632499695 0.6591509580612183 
vn 0.04688643664121628 -0.749950647354126 0.659829318523407 
vn 0.04688643664121628 -0.749950647354126 0.659829318523407 
vn 0.26893576979637146 -0.7235976457595825 0.6356722116470337 
vn 0.26893576979637146 -0.7235976457595825 0.6356722116470337 
vn 0.5857142210006714 -0.6084480285644531 0.5354709625244141 
vn 0.5857142210006714 -0.6084480285644531 0.5354709625244141 
vn -0.05061826854944229 -0.7500888109207153 0.6593963503837585 
vn -0.26893576979637146 -0.7235976457595825 0.6356722116470337 
vn -0.26893576979637146 -0.7235976457595825 0.6356722116470337 
vn -0.5857142210006714 -0.6084480285644531 0.5354709625244141 
vn -0.5857142210006714 -0.6084480285644531 0.5354709625244141 
vn -0.1863098442554474 0.7382566928863525 -0.6482782959938049 
vn -0.1863098442554474 0.7382566928863525 -0.6482782959938049 
vn -0.1863098442554474 0.7382566928863525 -0.6482782959938049 
vn -0.1863098442554474 0.7382566928863525 -0.6482782959938049 
vn -0.9887006878852844 0.11234206706285477 -0.09924811124801636 
vn -0.9887006878852844 0.11234206706285477 -0.09924811124801636 
vn -0.9887006878852844 0.11234206706285477 -0.09924811124801636 
vn -0.9887006878852844 0.11234206706285477 -0.09924811124801636 
vn -0.8623924851417542 -0.3809257745742798 0.33342835307121277 
vn -0.8623924851417542 -0.3809257745742798 0.33342835307121277 
vn -0.7963577508926392 -0.4546850323677063 0.3988427221775055 
vn -0.7963577508926392 -0.4546850323677063 0.3988427221775055 
vn -0.5857142210006714 -0.6084480285644531 0.5354709625244141 
vn -0.5857142210006714 -0.6084480285644531 0.5354709625244141 
vn -0.7032977938652039 0.5347326397895813 -0.46843641996383667 
vn -0.7032977938652039 0.5347326397895813 -0.46843641996383667 
vn -0.7032977938652039 0.5347326397895813 -0.46843641996383667 
vn -0.7032977938652039 0.5347326397895813 -0.46843641996383667 
vn -0.999997615814209 -0.0020812402945011854 0.0006643211818300188 
vn -0.999997615814209 -0.0020812402945011854 0.0006643211818300188 
vn -0.999997615814209 -0.0020812402945011854 0.0006643211818300188 
vn -0.999997615814209 -0.0020812402945011854 0.0006643211818300188 
vn 0.1863098442554474 0.7382566928863525 -0.6482782959938049 
vn 0.1863098442554474 0.7382566928863525 -0.6482782959938049 
vn 0.1863098442554474 0.7382566928863525 -0.6482782959938049 
vn 0.1863098442554474 0.7382566928863525 -0.6482782959938049 
vn 0.5857142210006714 -0.6084480285644531 0.5354709625244141 
vn 0.5857142210006714 -0.6084480285644531 0.5354709625244141 
vn 0.7974452376365662 -0.45578354597091675 0.3954011797904968 
vn 0.7974452376365662 -0.45578354597091675 0.3954011797904968 
vn 0.8623924851417542 -0.3809257745742798 0.33342835307121277 
vn 0.8623924851417542 -0.3809257745742798 0.33342835307121277 
vn 0.9887006878852844 0.11234206706285477 -0.09924811124801636 
vn 0.9887006878852844 0.11234206706285477 -0.09924811124801636 
vn 0.9887006878852844 0.11234206706285477 -0.09924811124801636 
vn 0.9887006878852844 0.11234206706285477 -0.09924811124801636 
vn 0.7018768787384033 0.5336689949035645 -0.4717687964439392 
vn 0.7018768787384033 0.5336689949035645 -0.4717687964439392 
vn 0.7018768787384033 0.5336689949035645 -0.4717687964439392 
vn 0.7018768787384033 0.5336689949035645 -0.4717687964439392 
vn 0.999997615814209 -0.0020812402945011854 0.0006643211818300188 
vn 0.999997615814209 -0.0020812402945011854 0.0006643211818300188 
vn 0.999997615814209 -0.0020812402945011854 0.0006643211818300188 
vn 0.999997615814209 -0.0020812402945011854 0.0006643211818300188 
vn 0.003772426163777709 -0.6341598033905029 -0.7731921672821045 
vn 0.003772426163777709 -0.6341598033905029 -0.7731921672821045 
vn -0.0018868284532800317 -0.6205517053604126 -0.7841626405715942 
vn -0.0018868284532800317 -0.6205517053604126 -0.7841626405715942 
vn -0.1521545946598053 -0.6167654395103455 -0.7723007202148438 
vn -0.14651042222976685 -0.6204574108123779 -0.7704325914382935 
vn -0.17059199512004852 -0.6327245235443115 -0.755352258682251 
vn -0.17799915373325348 -0.6322937607765198 -0.7540026903152466 
vn 0.003776323748752475 0.6607941389083862 0.750557005405426 
vn 0.003776323748752475 0.6607941389083862 0.750557005405426 
vn 0.003776323748752475 0.6607941389083862 0.750557005405426 
vn 0.003776323748752475 0.6607941389083862 0.750557005405426 
vn 0.003776323748752475 0.6607941389083862 0.750557005405426 
vn 0.003776323748752475 0.6607941389083862 0.750557005405426 
vn 0.003776323748752475 0.6607941389083862 0.750557005405426 
vn 0.003776323748752475 0.6607941389083862 0.750557005405426 
vn -0.6896454691886902 0.6691101789474487 -0.27691179513931274 
vn -0.6896454691886902 0.6691101789474487 -0.27691179513931274 
vn -0.6896454691886902 0.6691101789474487 -0.27691179513931274 
vn -0.002184688812121749 0.951486349105835 -0.3076816201210022 
vn 0.001889180624857545 0.8872844576835632 -0.4612177312374115 
vn 0.001889180624857545 0.8872844576835632 -0.4612177312374115 
vn -0.0018909238278865814 0.7491203546524048 -0.662430465221405 
vn -0.0018909238278865814 0.7491203546524048 -0.662430465221405 
vn 0.0037807945627719164 0.4960387647151947 -0.8682916164398193 
vn -0.0018908201018348336 0.5982946157455444 -0.8012733459472656 
vn 0.0018911174265667796 0.6052739024162292 -0.7960144281387329 
vn -0.0018909238278865814 0.7491203546524048 -0.662430465221405 
vn -0.0018909238278865814 0.7491203546524048 -0.662430465221405 
vn -0.6606325507164001 0.26290708780288696 -0.7031670808792114 
vn -0.6606325507164001 0.26290708780288696 -0.7031670808792114 
vn -0.6606325507164001 0.26290708780288696 -0.7031670808792114 
vn -0.6889463067054749 0.6668237447738647 -0.2840748727321625 
vn -0.6889463067054749 0.6668237447738647 -0.2840748727321625 
vn -0.6889463067054749 0.6668237447738647 -0.2840748727321625 
vn -0.0019445375073701143 0.9500190615653992 -0.31218424439430237 
vn 5.3868625597523756e-14 0.8852575421333313 -0.4651002287864685 
vn 5.3868625597523756e-14 0.8852575421333313 -0.4651002287864685 
vn -0.0018909238278865814 0.7491203546524048 -0.662430465221405 
vn -0.0018909238278865814 0.7491203546524048 -0.662430465221405 
vn 2.091258210438346e-13 0.49982479214668274 -0.8661260008811951 
vn 1.7952378136582708e-13 0.6017890572547913 -0.7986544966697693 
vn 0.0018911174265667796 0.6052739024162292 -0.7960144281387329 
vn -0.0018909238278865814 0.7491203546524048 -0.662430465221405 
vn -0.0018909238278865814 0.7491203546524048 -0.662430465221405 
vn -0.6606325507164001 0.26290708780288696 -0.7031670808792114 
vn -0.6606325507164001 0.26290708780288696 -0.7031670808792114 
vn -0.6606325507164001 0.26290708780288696 -0.7031670808792114 
vn 0.0018834020011126995 -0.7520076632499695 0.6591509580612183 
vn 0.0018834020011126995 -0.7520076632499695 0.6591509580612183 
vn 0.0018834020011126995 -0.7520076632499695 0.6591509580612183 
vn 0.0018834020011126995 -0.7520076632499695 0.6591509580612183 
vn 0.0018834020011126995 -0.7520076632499695 0.6591509580612183 
vn 0.0018834020011126995 -0.7520076632499695 0.6591509580612183 
vn 0.0018834020011126995 -0.7520076632499695 0.6591509580612183 
vn 0.0018834020011126995 -0.7520076632499695 0.6591509580612183 
vn 0.0018834020011126995 -0.7520076632499695 0.6591509580612183 
vn 0.0018834020011126995 -0.7520076632499695 0.6591509580612183 
vn 0.0018834020011126995 -0.7520076632499695 0.6591509580612183 
vn 0.0018834020011126995 -0.7520076632499695 0.6591509580612183 
vn 0.0018834020011126995 -0.7520076632499695 0.6591509580612183 
vn 0.0018834020011126995 -0.7520076632499695 0.6591509580612183 
vn 0.0018834020011126995 -0.7520076632499695 0.6591509580612183 
vn 0.0018834020011126995 -0.7520076632499695 0.6591509580612183 
vn 0.0018834020011126995 -0.7520076632499695 0.6591509580612183 
vn 0.0018834020011126995 -0.7520076632499695 0.6591509580612183 
vn 0.0018834020011126995 -0.7520076632499695 0.6591509580612183 
vn 0.0018834020011126995 -0.7520076632499695 0.6591509580612183 
vn 0.0018834020011126995 -0.7520076632499695 0.6591509580612183 
vn 0.0018834020011126995 -0.7520076632499695 0.6591509580612183 
vn 0.0018834020011126995 -0.7520076632499695 0.6591509580612183 
vn 0.0018834020011126995 -0.7520076632499695 0.6591509580612183 
vn -0.0018870332278311253 -0.0645662173628807 0.9979111552238464 
vn -0.0018870332278311253 -0.0645662173628807 0.9979111552238464 
vn -0.0018870332278311253 -0.0645662173628807 0.9979111552238464 
vn -0.0018870332278311253 -0.0645662173628807 0.9979111552238464 
vn 0.24436531960964203 -0.5365167260169983 -0.8077341318130493 
vn 0.17626525461673737 -0.5592870712280273 -0.8100170493125916 
vn 0.030184602364897728 -0.6066058278083801 -0.7944288849830627 
vn -0.003771411720663309 -0.613673746585846 -0.7895500659942627 
vn 0.0018853817600756884 -0.6273806095123291 -0.778709888458252 
vn 0.0018853817600756884 -0.6273806095123291 -0.778709888458252 
vn 0.003772426163777709 -0.6341598033905029 -0.7731921672821045 
vn 0.003772426163777709 -0.6341598033905029 -0.7731921672821045 
vn 0.003776323748752475 0.6607941389083862 0.750557005405426 
vn 0.003776323748752475 0.6607941389083862 0.750557005405426 
vn 0.003776323748752475 0.6607941389083862 0.750557005405426 
vn 0.003776323748752475 0.6607941389083862 0.750557005405426 
vn 0.003776323748752475 0.6607941389083862 0.750557005405426 
vn 0.003776323748752475 0.6607941389083862 0.750557005405426 
vn 0.003776323748752475 0.6607941389083862 0.750557005405426 
vn 0.003776323748752475 0.6607941389083862 0.750557005405426 
vn 2.703748479986924e-14 0.922471821308136 -0.3860631287097931 
vn 6.733522295515951e-14 0.864096999168396 -0.5033243894577026 
vn 0.0018903466407209635 0.868465006351471 -0.4957459270954132 
vn -0.0018909238278865814 0.7491203546524048 -0.662430465221405 
vn -0.0018909238278865814 0.7491203546524048 -0.662430465221405 
vn 0.6612695455551147 0.7289090156555176 -0.17723897099494934 
vn 0.6612695455551147 0.7289090156555176 -0.17723897099494934 
vn 0.6612695455551147 0.7289090156555176 -0.17723897099494934 
vn 0.6882137060165405 0.36209723353385925 -0.6286867260932922 
vn 0.6882137060165405 0.36209723353385925 -0.6286867260932922 
vn 0.6882137060165405 0.36209723353385925 -0.6286867260932922 
vn -0.0018898396519944072 0.42232567071914673 -0.9064416885375977 
vn -0.0018883090233430266 0.5699261426925659 -0.8216932415962219 
vn -0.0018883090233430266 0.5699261426925659 -0.8216932415962219 
vn -0.0018909238278865814 0.7491203546524048 -0.662430465221405 
vn -0.0018909238278865814 0.7491203546524048 -0.662430465221405 
vn 2.8385652931905286e-14 0.9207761883735657 -0.39009007811546326 
vn 0.0018903466407209635 0.868465006351471 -0.4957459270954132 
vn 6.733522295515951e-14 0.864096999168396 -0.5033243894577026 
vn -0.0018909238278865814 0.7491203546524048 -0.662430465221405 
vn -0.0018909238278865814 0.7491203546524048 -0.662430465221405 
vn 0.6645376682281494 0.726161777973175 -0.17629007995128632 
vn 0.6645376682281494 0.726161777973175 -0.17629007995128632 
vn 0.6645376682281494 0.726161777973175 -0.17629007995128632 
vn 0.6882137060165405 0.36209723353385925 -0.6286867260932922 
vn 0.6882137060165405 0.36209723353385925 -0.6286867260932922 
vn 0.6882137060165405 0.36209723353385925 -0.6286867260932922 
vn 0.0018883873708546162 0.42628219723701477 -0.9045876860618591 
vn -0.0018883090233430266 0.5699261426925659 -0.8216932415962219 
vn -0.0018883090233430266 0.5699261426925659 -0.8216932415962219 
vn -0.0018909238278865814 0.7491203546524048 -0.662430465221405 
vn -0.0018909238278865814 0.7491203546524048 -0.662430465221405 
vn 0.0018834020011126995 -0.7520076632499695 0.6591509580612183 
vn 0.0018834020011126995 -0.7520076632499695 0.6591509580612183 
vn 0.0018834020011126995 -0.7520076632499695 0.6591509580612183 
vn 0.0018834020011126995 -0.7520076632499695 0.6591509580612183 
vn 0.0018834020011126995 -0.7520076632499695 0.6591509580612183 
vn 0.0018834020011126995 -0.7520076632499695 0.6591509580612183 
vn 0.0018834020011126995 -0.7520076632499695 0.6591509580612183 
vn 0.0018834020011126995 -0.7520076632499695 0.6591509580612183 
vn 0.0018834020011126995 -0.7520076632499695 0.6591509580612183 
vn 0.0018834020011126995 -0.7520076632499695 0.6591509580612183 
vn 0.0018834020011126995 -0.7520076632499695 0.6591509580612183 
vn 0.0018834020011126995 -0.7520076632499695 0.6591509580612183 
vn 0.0018834020011126995 -0.7520076632499695 0.6591509580612183 
vn 0.0018834020011126995 -0.7520076632499695 0.6591509580612183 
vn 0.0018834020011126995 -0.7520076632499695 0.6591509580612183 
vn 0.0018834020011126995 -0.7520076632499695 0.6591509580612183 
vn 0.0018834020011126995 -0.7520076632499695 0.6591509580612183 
vn 0.0018834020011126995 -0.7520076632499695 0.6591509580612183 
vn 0.0018834020011126995 -0.7520076632499695 0.6591509580612183 
vn 0.0018834020011126995 -0.7520076632499695 0.6591509580612183 
vn 0.0018834020011126995 -0.7520076632499695 0.6591509580612183 
vn 0.0018834020011126995 -0.7520076632499695 0.6591509580612183 
vn 0.0018834020011126995 -0.7520076632499695 0.6591509580612183 
vn 0.0018834020011126995 -0.7520076632499695 0.6591509580612183 
vn -0.0018870332278311253 -0.0645662173628807 0.9979111552238464 
vn -0.0018870332278311253 -0.0645662173628807 0.9979111552238464 
vn -0.0018870332278311253 -0.0645662173628807 0.9979111552238464 
vn -0.0018870332278311253 -0.0645662173628807 0.9979111552238464 
vn -0.7749021649360657 0.5499057173728943 0.3116568624973297 
vn -0.7749021649360657 0.5499057173728943 0.3116568624973297 
vn -0.7749021649360657 0.5499057173728943 0.3116568624973297 
vn 0.6812867522239685 -0.3168688416481018 0.6598803400993347 
vn 0.6812867522239685 -0.3168688416481018 0.6598803400993347 
vn 0.6812867522239685 -0.3168688416481018 0.6598803400993347 
vn 0.27846336364746094 0.7796880602836609 -0.5608420372009277 
vn 0.2894628345966339 0.779524028301239 -0.5554751753807068 
vn 0.2992250919342041 0.7721577882766724 -0.5605673789978027 
vn 0.3040194809436798 0.7701493501663208 -0.5607506036758423 
vn 0.09889227896928787 -0.7197972536087036 0.6871035099029541 
vn 0.09889227896928787 -0.7197972536087036 0.6871035099029541 
vn 0.0969695895910263 -0.7318702936172485 0.6745085120201111 
vn 0.0969695895910263 -0.7318702936172485 0.6745085120201111 
vn -0.6550600528717041 -0.554570734500885 0.513173520565033 
vn -0.6550600528717041 -0.554570734500885 0.513173520565033 
vn -0.6550600528717041 -0.554570734500885 0.513173520565033 
vn -0.41059407591819763 -0.03617497533559799 0.9110999703407288 
vn -0.41059407591819763 -0.03617497533559799 0.9110999703407288 
vn -0.41059407591819763 -0.03617497533559799 0.9110999703407288 
vn -0.01513432152569294 0.7375105619430542 -0.6751652956008911 
vn -0.01513432152569294 0.7375105619430542 -0.6751652956008911 
vn -0.007568394299596548 0.7374482750892639 -0.6753605604171753 
vn -0.007568394299596548 0.7374482750892639 -0.6753605604171753 
vn -0.007568394299596548 0.7374482750892639 -0.6753605604171753 
vn -0.007568394299596548 0.7374482750892639 -0.6753605604171753 
vn -0.02269531600177288 0.7376144528388977 -0.674839973449707 
vn -0.02269531600177288 0.7376144528388977 -0.674839973449707 
vn 0.9972887635231018 0.00640931585803628 -0.07330772280693054 
vn 0.9972887635231018 0.00640931585803628 -0.07330772280693054 
vn 0.9984809160232544 0.04096028953790665 -0.03685269504785538 
vn 0.9984809160232544 0.04096028953790665 -0.03685269504785538 
vn 0.9986907839775085 0.03680116683244705 -0.035530127584934235 
vn 0.9986907839775085 0.03680116683244705 -0.035530127584934235 
vn 1.3109351386549062e-13 0.7344692349433899 -0.6786412596702576 
vn 1.3109351386549062e-13 0.7344692349433899 -0.6786412596702576 
vn 1.3023817321908965e-13 0.7374274730682373 -0.67542564868927 
vn 1.3023817321908965e-13 0.7374274730682373 -0.67542564868927 
vn 0.007568394299596548 0.7374482750892639 -0.6753605604171753 
vn 0.007568394299596548 0.7374482750892639 -0.6753605604171753 
vn 0.01513432152569294 0.7375105619430542 -0.6751652956008911 
vn 0.01513432152569294 0.7375105619430542 -0.6751652956008911 
vn -0.0969695895910263 -0.7318702936172485 0.6745085120201111 
vn -0.0969695895910263 -0.7318702936172485 0.6745085120201111 
vn -0.10255833715200424 -0.7200552225112915 0.6862953305244446 
vn -0.0952192023396492 -0.7195486426353455 0.6878822445869446 
vn -0.9985594153404236 0.04210815951228142 -0.033256545662879944 
vn -0.9985594153404236 0.04210815951228142 -0.033256545662879944 
vn -0.9985594153404236 0.04210815951228142 -0.033256545662879944 
vn -0.9985594153404236 0.04210815951228142 -0.033256545662879944 
vn -0.9972887635231018 0.00640931585803628 -0.07330772280693054 
vn -0.9967476725578308 0.00411977106705308 -0.08048059791326523 
vn -0.2022760957479477 -0.5755478143692017 -0.792356014251709 
vn -0.2022760957479477 -0.5755478143692017 -0.792356014251709 
vn -0.2022760957479477 -0.5755478143692017 -0.792356014251709 
vn -0.17518030107021332 0.7643161416053772 -0.6205897927284241 
vn -0.17518030107021332 0.7643161416053772 -0.6205897927284241 
vn -0.17518030107021332 0.7643161416053772 -0.6205897927284241 
vn -0.8055773377418518 -0.14824409782886505 0.5736449360847473 
vn -0.8055773377418518 -0.14824409782886505 0.5736449360847473 
vn -0.8055773377418518 -0.14824409782886505 0.5736449360847473 
vn 0.5926494598388672 0.25115975737571716 0.7653003931045532 
vn 0.5926494598388672 0.25115975737571716 0.7653003931045532 
vn 0.5926494598388672 0.25115975737571716 0.7653003931045532 
vn 0.5206363797187805 -0.03724876418709755 0.8529651761054993 
vn 0.5206363797187805 -0.03724876418709755 0.8529651761054993 
vn 0.5206363797187805 -0.03724876418709755 0.8529651761054993 
vn 0.5965434312820435 -0.5902283787727356 0.5438435077667236 
vn 0.5965434312820435 -0.5902283787727356 0.5438435077667236 
vn 0.5965434312820435 -0.5902283787727356 0.5438435077667236 
vn 0.1653100550174713 -0.9832804799079895 0.07636218518018723 
vn 0.1653100550174713 -0.9832804799079895 0.07636218518018723 
vn 0.1653100550174713 -0.9832804799079895 0.07636218518018723 
vn -0.0018787009175866842 -0.997641384601593 0.06860896199941635 
vn -0.0502217635512352 -0.9945341348648071 0.09153515845537186 
vn -0.0018787009175866842 -0.997641384601593 0.06860896199941635 
vn -0.06460487097501755 -0.9937811493873596 0.09068800508975983 
vn -0.1570136696100235 -0.9842466115951538 0.08126748353242874 
vn -0.0018787009175866842 -0.997641384601593 0.06860896199941635 
vn -0.0018787009175866842 -0.997641384601593 0.06860896199941635 
vn 0.0037497419398278 -0.9954924583435059 0.0947614312171936 
vn 0.0037497419398278 -0.9954924583435059 0.0947614312171936 
vn -0.7799532413482666 0.37599506974220276 0.5003001689910889 
vn -0.7799532413482666 0.37599506974220276 0.5003001689910889 
vn -0.7799532413482666 0.37599506974220276 0.5003001689910889 
vn -0.03004106879234314 -0.999508261680603 0.008935659192502499 
vn -0.007506903260946274 -0.9999662041664124 0.003204141743481159 
vn -0.015009140595793724 -0.999880850315094 0.0034715572837740183 
vn -0.0018804754363372922 -0.9999969601631165 -0.001248879125341773 
vn -0.0018804754363372922 -0.9999969601631165 -0.001248879125341773 
vn -0.0018804754363372922 -0.9999969601631165 -0.001248879125341773 
vn -0.0018804754363372922 -0.9999969601631165 -0.001248879125341773 
vn -0.022502046078443527 -0.9997386932373047 0.003917069640010595 
vn -0.0018804754363372922 -0.9999969601631165 -0.001248879125341773 
vn -0.08525124937295914 -0.9963536858558655 -0.003263154998421669 
vn -0.0018804754363372922 -0.9999969601631165 -0.001248879125341773 
vn -0.1296561360359192 -0.991532027721405 0.007247064262628555 
vn 0.02066953480243683 -0.9997857213020325 -0.0005870265886187553 
vn 0.007506903260946274 -0.9999662041664124 0.003204141743481159 
vn 0.029980964958667755 -0.9995396733283997 0.0045403954572975636 
vn 0.015009140595793724 -0.999880850315094 0.0034715572837740183 
vn -0.0018804754363372922 -0.9999969601631165 -0.001248879125341773 
vn -0.0018804754363372922 -0.9999969601631165 -0.001248879125341773 
vn 0.03937675058841705 -0.9990471601486206 0.018793679773807526 
vn 0.13294048607349396 -0.9911158680915833 0.0038961279205977917 
vn 0.046815961599349976 -0.9987055063247681 0.01986410655081272 
vn 0.17545221745967865 -0.9844873547554016 0.0005003935657441616 
vn -0.0018804754363372922 -0.9999969601631165 -0.001248879125341773 
vn -0.0018804754363372922 -0.9999969601631165 -0.001248879125341773 
vn -0.0018804754363372922 -0.9999969601631165 -0.001248879125341773 
vn -0.0018804754363372922 -0.9999969601631165 -0.001248879125341773 
vn 0.7856656908988953 0.37005823850631714 0.4957680404186249 
vn 0.7856656908988953 0.37005823850631714 0.4957680404186249 
vn 0.7856656908988953 0.37005823850631714 0.4957680404186249 
vn 0.7301514744758606 -0.01522767636924982 -0.6831152439117432 
vn 0.7345367670059204 -0.009258029982447624 -0.6785054206848145 
vn 0.7331474423408508 -0.0275941900908947 -0.6795093417167664 
vn 0.7351763844490051 -0.01351220440119505 -0.6777408719062805 
vn 0.7357988953590393 0.004634286742657423 -0.6771839261054993 
vn 0.7370521426200867 0.0005786995752714574 -0.6758353114128113 
vn 0.9899216890335083 0.0016399415908381343 0.14160610735416412 
vn 0.9969570636749268 0.004207585472613573 0.0778391882777214 
vn 0.9929056763648987 -0.0010245849844068289 0.118900366127491 
vn 0.9975744485855103 0.006080980412662029 0.06934130191802979 
vn 0.9941290020942688 0.009188751690089703 0.1078103706240654 
vn 0.9931901693344116 0.007305726874619722 0.1162753477692604 
vn -9.840592967227946e-14 -0.003439103253185749 0.9999935626983643 
vn 0.003773372620344162 -0.012179852463304996 0.9999182224273682 
vn -9.881409790890236e-14 0.00966891460120678 0.9999527931213379 
vn -0.0018870257772505283 -0.00780898192897439 0.9999672770500183 
vn 0.0018875868991017342 0.0009297063224948943 0.9999973177909851 
vn -9.881409790890236e-14 0.00966891460120678 0.9999527931213379 
vn 0.005657929927110672 0.022770188748836517 0.999724268913269 
vn -0.00942978635430336 0.022761162370443344 0.9996959567070007 
vn -9.840592967227946e-14 -0.003439103253185749 0.9999935626983643 
vn -0.7301514744758606 -0.01522767636924982 -0.6831152439117432 
vn -0.7345367670059204 -0.009258029982447624 -0.6785054206848145 
vn -0.7325531244277954 -0.023339970037341118 -0.6803092956542969 
vn -0.7351763844490051 -0.01351220440119505 -0.6777408719062805 
vn -0.7382807731628418 0.00550031429156661 -0.6744707822799683 
vn -0.7370521426200867 0.0005786995752714574 -0.6758353114128113 
vn -0.9899216890335083 0.0016399415908381343 0.14160610735416412 
vn -0.9969570636749268 0.004207585472613573 0.0778391882777214 
vn -0.9929056763648987 -0.0010245849844068289 0.118900366127491 
vn -0.9975744485855103 0.006080980412662029 0.06934130191802979 
vn -0.9941290020942688 0.009188751690089703 0.1078103706240654 
vn -0.9931901693344116 0.007305726874619722 0.1162753477692604 
vn 0.6453040838241577 0.0006876253173686564 0.7639250755310059 
vn 0.6453040838241577 0.0006876253173686564 0.7639250755310059 
vn 0.6453040838241577 0.0006876253173686564 0.7639250755310059 
vn 0.6453040838241577 0.0006876253173686564 0.7639250755310059 
vn 0.6453040838241577 0.0006876253173686564 0.7639250755310059 
vn 0.6453040838241577 0.0006876253173686564 0.7639250755310059 
vn 0.6453040838241577 0.0006876253173686564 0.7639250755310059 
vn 0.6453040838241577 0.0006876253173686564 0.7639250755310059 
vn 0.6453040838241577 0.0006876253173686564 0.7639250755310059 
vn 0.6480547785758972 -0.008987858891487122 0.7615402936935425 
vn 0.6453040838241577 0.0006876253173686564 0.7639250755310059 
vn 0.6689763069152832 -0.0014374101301655173 0.7432820200920105 
vn 0.6592164039611816 -0.012079075910151005 0.7518559098243713 
vn 0.6394730806350708 -0.015612020157277584 0.7686545848846436 
vn 0.640950620174408 -0.01153708714991808 0.7674950361251831 
vn 0.6424149870872498 -0.007462133187800646 0.7663202285766602 
vn 0.6467286944389343 0.004762277938425541 0.7627049088478088 
vn 0.648781955242157 0.013115568086504936 0.7608609795570374 
vn 0.6453040838241577 0.0006876253173686564 0.7639250755310059 
vn 0.6381937265396118 -0.0018732707249000669 0.7698732018470764 
vn 0.009443473070859909 0.999639630317688 -0.025110973045229912 
vn -0.0018924816977232695 0.9999274015426636 -0.011859308928251266 
vn -0.0018924816977232695 0.9999274015426636 -0.011859308928251266 
vn -0.009440403431653976 0.9999258518218994 -0.007627285085618496 
vn -0.08241555094718933 0.9943609833717346 0.0667303055524826 
vn -0.018906909972429276 0.9998140335083008 -0.003680997993797064 
vn -0.12309520691633224 0.9852119088172913 0.11918099969625473 
vn 0.8169451355934143 0.43160688877105713 0.38251253962516785 
vn 0.8298875093460083 0.42172348499298096 0.3652886152267456 
vn 0.8322033286094666 0.42367956042289734 0.3576772212982178 
vn 0.8636587262153625 0.32917243242263794 0.38175755739212036 
vn 0.8579369783401489 0.339407742023468 0.3856763541698456 
vn 0.923015832901001 -0.03534366562962532 0.3831350803375244 
vn 0.9220940470695496 -0.07247979193925858 0.3801172375679016 
vn 0.13397161662578583 0.9824886322021484 0.12948618829250336 
vn 0.0263974629342556 0.9996510744094849 0.00016510693239979446 
vn 0.08632148802280426 0.9934556484222412 0.07479002326726913 
vn 0.013214427046477795 0.9998820424079895 -0.007764527574181557 
vn 0.005677128676325083 0.9999125599861145 -0.011905926279723644 
vn 0.005677128676325083 0.9999125599861145 -0.011905926279723644 
vn -0.01321845967322588 0.9995931386947632 -0.025256535038352013 
vn -0.9220940470695496 -0.07247979193925858 0.3801172375679016 
vn -0.9215975999832153 -0.04359080642461777 0.3856910765171051 
vn -0.8822486400604248 0.27505820989608765 0.38207346200942993 
vn -0.8758797645568848 0.29348480701446533 0.3830156922340393 
vn -0.8289049863815308 0.4157850444316864 0.3742178976535797 
vn -0.8227634429931641 0.428651362657547 0.3732532560825348 
vn -0.8144400119781494 0.429617702960968 0.3900202214717865 
vn -0.013212693855166435 -0.0009024107130244374 -0.9999118447303772 
vn -0.024557361379265785 0.13421696424484253 -0.9906471967697144 
vn -0.011326615698635578 -0.005279185250401497 -0.999921441078186 
vn -0.013216440565884113 0.04277888312935829 -0.9989966750144958 
vn -0.001888001337647438 -0.009668353013694286 -0.9999510049819946 
vn 0.0018885515164583921 0.05584331229329109 -0.9984372854232788 
vn -0.01888229139149189 -0.022718751803040504 -0.9995630979537964 
vn -0.001888001337647438 -0.009668353013694286 -0.9999510049819946 
vn 0.01888229139149189 -0.022718751803040504 -0.9995630979537964 
vn 0.0018885515164583921 0.05584331229329109 -0.9984372854232788 
vn 0.03398949280381203 0.03857168182730675 -0.9986770749092102 
vn 0.03209701180458069 0.08216542750597 -0.9961012601852417 
vn 0.0434182770550251 -0.026844743639230728 -0.9986957907676697 
vn 0.015097973868250847 0.0034755156375467777 -0.9998795390129089 
vn -0.026419205591082573 0.22873152792453766 -0.973130464553833 
vn -0.02264740690588951 0.08643437176942825 -0.9959995746612549 
vn 0.0056679509580135345 0.1557367742061615 -0.987781822681427 
vn -0.0018893282394856215 0.1557319015264511 -0.9877970814704895 
vn 0.039613060653209686 -0.07053566724061966 -0.9967218637466431 
vn 0.009436740539968014 0.02966546267271042 -0.9995148777961731 
vn -0.6662300229072571 -0.0006510216044262052 0.7457456588745117 
vn -0.6453040838241577 0.0006876253173686564 0.7639250755310059 
vn -0.6453040838241577 0.0006876253173686564 0.7639250755310059 
vn -0.6453040838241577 0.0006876253173686564 0.7639250755310059 
vn -0.6453040838241577 0.0006876253173686564 0.7639250755310059 
vn -0.6453040838241577 0.0006876253173686564 0.7639250755310059 
vn -0.6453040838241577 0.0006876253173686564 0.7639250755310059 
vn -0.6453040838241577 0.0006876253173686564 0.7639250755310059 
vn -0.6394730806350708 -0.015612020157277584 0.7686545848846436 
vn -0.654991626739502 -0.015372426249086857 0.7554793953895569 
vn -0.686607837677002 -0.002158032963052392 0.7270244359970093 
vn -0.6662300229072571 -0.0006510216044262052 0.7457456588745117 
vn -0.6453040838241577 0.0006876253173686564 0.7639250755310059 
vn -0.6424149870872498 -0.007462133187800646 0.7663202285766602 
vn -0.648781955242157 0.013115568086504936 0.7608609795570374 
vn -0.6439036130905151 0.0055224220268428326 0.7650863528251648 
vn -0.6381130814552307 -0.01078004203736782 0.7698667645454407 
vn -0.6410347819328308 -0.0026285573840141296 0.7675069570541382 
vn -0.6394730806350708 -0.015612020157277584 0.7686545848846436 
vn -0.635138988494873 -0.018931448459625244 0.7721654772758484 
vn 0.9964777231216431 -0.08380472660064697 0.0029907540883868933 
vn 0.9988335371017456 -0.048284027725458145 -0.000444332166807726 
vn 0.998146653175354 -0.06075106933712959 0.0035459876526147127 
vn 0.9995682239532471 -0.029347941279411316 0.0014436976052820683 
vn 0.999997615814209 -0.0020812402945011854 0.0006643211818300188 
vn 0.9999785423278809 0.0062436810694634914 -0.0019929506815969944 
vn 0.9998830556869507 0.014568125829100609 -0.004650070331990719 
vn 0.999997615814209 -0.0020812402945011854 0.0006643211818300188 
vn -0.9985594153404236 -0.053588688373565674 -0.002710607135668397 
vn -0.9980824589729309 -0.061898477375507355 -0.00004870111297350377 
vn -0.9994345903396606 -0.033508170396089554 0.002772679552435875 
vn -0.9995682239532471 -0.029347941279411316 0.0014436976052820683 
vn -0.999997615814209 -0.0020812402945011854 0.0006643211818300188 
vn -0.9999785423278809 0.0062436810694634914 -0.0019929506815969944 
vn -0.9998830556869507 0.014568125829100609 -0.004650070331990719 
vn -0.999997615814209 -0.0020812402945011854 0.0006643211818300188 
vn -0.005673481151461601 0.9999679327011108 0.005574217066168785 
vn -0.005673481151461601 0.9999679327011108 0.005574217066168785 
vn -0.005673481151461601 0.9999679327011108 0.005574217066168785 
vn 0.003775685327127576 0.9999916553497314 0.0012321567628532648 
vn 0.003775685327127576 0.9999916553497314 0.0012321567628532648 
vn 0.003775685327127576 0.9999916553497314 0.0012321567628532648 
vn 0.003775685327127576 0.9999916553497314 0.0012321567628532648 
vn 0.003775685327127576 0.9999916553497314 0.0012321567628532648 
vn 0.003775685327127576 0.9999916553497314 0.0012321567628532648 
vn 0.003775685327127576 0.9999916553497314 0.0012321567628532648 
vn 0.0018912545638158917 0.9999819397926331 0.005618251394480467 
vn 0.0018912545638158917 0.9999819397926331 0.005618251394480467 
vn 0.7493486404418945 -0.4874380826950073 -0.44819673895835876 
vn 0.7493486404418945 -0.4874380826950073 -0.44819673895835876 
vn 0.7493486404418945 -0.4874380826950073 -0.44819673895835876 
vn 0.003775685327127576 0.9999916553497314 0.0012321567628532648 
vn 0.003775685327127576 0.9999916553497314 0.0012321567628532648 
vn 0.003775685327127576 0.9999916553497314 0.0012321567628532648 
vn 0.01132474560290575 0.9999348521232605 0.0010542299132794142 
vn 0.003775685327127576 0.9999916553497314 0.0012321567628532648 
vn 0.003775685327127576 0.9999916553497314 0.0012321567628532648 
vn 0.003775685327127576 0.9999916553497314 0.0012321567628532648 
vn 0.003775685327127576 0.9999916553497314 0.0012321567628532648 
vn 0.003775685327127576 0.9999916553497314 0.0012321567628532648 
vn 0.003775685327127576 0.9999916553497314 0.0012321567628532648 
vn 0.003775685327127576 0.9999916553497314 0.0012321567628532648 
vn 0.003775685327127576 0.9999916553497314 0.0012321567628532648 
vn 0.003775685327127576 0.9999916553497314 0.0012321567628532648 
vn 0.003775685327127576 0.9999916553497314 0.0012321567628532648 
vn 0.003775685327127576 0.9999916553497314 0.0012321567628532648 
vn 0.003775685327127576 0.9999916553497314 0.0012321567628532648 
vn 0.003775685327127576 0.9999916553497314 0.0012321567628532648 
vn 0.003775685327127576 0.9999916553497314 0.0012321567628532648 
vn 0.0037837717682123184 0.9999874830245972 -0.0031376215629279613 
vn -0.003775685327127576 0.9999916553497314 0.0012321567628532648 
vn -0.0037837717682123184 0.9999874830245972 -0.0031376215629279613 
vn -0.003775685327127576 0.9999916553497314 0.0012321567628532648 
vn -0.003775685327127576 0.9999916553497314 0.0012321567628532648 
vn -0.003775685327127576 0.9999916553497314 0.0012321567628532648 
vn -0.003775685327127576 0.9999916553497314 0.0012321567628532648 
vn 0.003775685327127576 0.9999916553497314 0.0012321567628532648 
vn -0.7509568929672241 -0.4835771322250366 -0.44968491792678833 
vn -0.7509568929672241 -0.4835771322250366 -0.44968491792678833 
vn -0.7509568929672241 -0.4835771322250366 -0.44968491792678833 
vn -0.7351347208023071 0.00008696123404661193 0.6779207587242126 
vn -0.7351347208023071 0.00008696123404661193 0.6779207587242126 
vn -0.7351347208023071 0.00008696123404661193 0.6779207587242126 
vn -0.7351347208023071 0.00008696123404661193 0.6779207587242126 
vn -0.7351347208023071 0.00008696123404661193 0.6779207587242126 
vn -0.7351347208023071 0.00008696123404661193 0.6779207587242126 
vn -0.999997615814209 -0.0020812402945011854 0.0006643211818300188 
vn -0.999997615814209 -0.0020812402945011854 0.0006643211818300188 
vn -0.999997615814209 -0.0020812402945011854 0.0006643211818300188 
vn -0.999997615814209 -0.0020812402945011854 0.0006643211818300188 
vn -0.999997615814209 -0.0020812402945011854 0.0006643211818300188 
vn -0.999997615814209 -0.0020812402945011854 0.0006643211818300188 
vn 0.0018875868991017342 -0.0009297063224948943 -0.9999973177909851 
vn 0.0018875868991017342 -0.0009297063224948943 -0.9999973177909851 
vn 0.0018875868991017342 -0.0009297063224948943 -0.9999973177909851 
vn 0.0018875868991017342 -0.0009297063224948943 -0.9999973177909851 
vn 0.0018875868991017342 -0.0009297063224948943 -0.9999973177909851 
vn 0.0018875868991017342 -0.0009297063224948943 -0.9999973177909851 
vn 0.0018875868991017342 -0.0009297063224948943 -0.9999973177909851 
vn 0.0018875868991017342 -0.0009297063224948943 -0.9999973177909851 
vn 0.0018875868991017342 -0.0009297063224948943 -0.9999973177909851 
vn 0.732639729976654 0.0009471711236983538 0.6806156635284424 
vn 0.732639729976654 0.0009471711236983538 0.6806156635284424 
vn 0.732639729976654 0.0009471711236983538 0.6806156635284424 
vn 0.732639729976654 0.0009471711236983538 0.6806156635284424 
vn 0.732639729976654 0.0009471711236983538 0.6806156635284424 
vn 0.732639729976654 0.0009471711236983538 0.6806156635284424 
vn 0.999997615814209 -0.0020812402945011854 0.0006643211818300188 
vn 0.999997615814209 -0.0020812402945011854 0.0006643211818300188 
vn 0.999997615814209 -0.0020812402945011854 0.0006643211818300188 
vn 0.999997615814209 -0.0020812402945011854 0.0006643211818300188 
vn 0.999997615814209 -0.0020812402945011854 0.0006643211818300188 
vn 0.999997615814209 -0.0020812402945011854 0.0006643211818300188 
vn -0.6417085528373718 -0.0016520152566954494 -0.7669464349746704 
vn -0.6417085528373718 -0.0016520152566954494 -0.7669464349746704 
vn -0.6417085528373718 -0.0016520152566954494 -0.7669464349746704 
vn -0.6417085528373718 -0.0016520152566954494 -0.7669464349746704 
vn -0.6417085528373718 -0.0016520152566954494 -0.7669464349746704 
vn -0.6417085528373718 -0.0016520152566954494 -0.7669464349746704 
vn -0.6417085528373718 -0.0016520152566954494 -0.7669464349746704 
vn -0.6417085528373718 -0.0016520152566954494 -0.7669464349746704 
vn -0.6417085528373718 -0.0016520152566954494 -0.7669464349746704 
vn -0.6417085528373718 -0.0016520152566954494 -0.7669464349746704 
vn -0.6417085528373718 -0.0016520152566954494 -0.7669464349746704 
vn -0.6417085528373718 -0.0016520152566954494 -0.7669464349746704 
vn -0.6417085528373718 -0.0016520152566954494 -0.7669464349746704 
vn -0.6417085528373718 -0.0016520152566954494 -0.7669464349746704 
vn -0.6417085528373718 -0.0016520152566954494 -0.7669464349746704 
vn -0.6417085528373718 -0.0016520152566954494 -0.7669464349746704 
vn -0.6417085528373718 -0.0016520152566954494 -0.7669464349746704 
vn -0.6417085528373718 -0.0016520152566954494 -0.7669464349746704 
vn -0.6417085528373718 -0.0016520152566954494 -0.7669464349746704 
vn -0.6417085528373718 -0.0016520152566954494 -0.7669464349746704 
vn -0.0018804754363372922 -0.9999969601631165 -0.001248879125341773 
vn -0.0018804754363372922 -0.9999969601631165 -0.001248879125341773 
vn -0.0018804754363372922 -0.9999969601631165 -0.001248879125341773 
vn -0.0018804754363372922 -0.9999969601631165 -0.001248879125341773 
vn -0.0018804754363372922 -0.9999969601631165 -0.001248879125341773 
vn -0.0018804754363372922 -0.9999969601631165 -0.001248879125341773 
vn -0.0018804754363372922 -0.9999969601631165 -0.001248879125341773 
vn -0.7548534274101257 -0.531329870223999 -0.3845575153827667 
vn -0.7817959785461426 -0.5131711363792419 -0.3541892170906067 
vn -0.7755918502807617 -0.519026517868042 -0.3592608869075775 
vn -0.8283171057701111 -0.4225524663925171 -0.36788567900657654 
vn -0.824998140335083 -0.42749470472335815 -0.3696295917034149 
vn -0.9239217638969421 -0.027893759310245514 -0.38156309723854065 
vn -0.9243443608283997 -0.005065029952675104 -0.38152551651000977 
vn -0.0018804754363372922 -0.9999969601631165 -0.001248879125341773 
vn -0.0018804754363372922 -0.9999969601631165 -0.001248879125341773 
vn -0.0018804754363372922 -0.9999969601631165 -0.001248879125341773 
vn -0.0018804754363372922 -0.9999969601631165 -0.001248879125341773 
vn -0.0018804754363372922 -0.9999969601631165 -0.001248879125341773 
vn -0.0018804754363372922 -0.9999969601631165 -0.001248879125341773 
vn -0.0018804754363372922 -0.9999969601631165 -0.001248879125341773 
vn 0.9229511022567749 -0.0061319684609770775 -0.3848681151866913 
vn 0.9221346378326416 -0.024766767397522926 -0.38607534766197205 
vn 0.861237645149231 -0.3514059782028198 -0.3671284317970276 
vn 0.8541821837425232 -0.36562472581863403 -0.3697175085544586 
vn 0.7736389636993408 -0.5170307159423828 -0.366280734539032 
vn 0.7696772813796997 -0.5246835947036743 -0.3637356162071228 
vn 0.7526847720146179 -0.5322686433792114 -0.3874987065792084 
vn 0.028285713866353035 0.02264842763543129 0.9993427991867065 
vn 0.009428812190890312 -0.12112942337989807 0.9925915002822876 
vn 0.011326615698635578 0.005279185250401497 0.999921441078186 
vn 0.007549224887043238 -0.003448201809078455 0.9999650716781616 
vn 0.0018875868991017342 0.0009297063224948943 0.9999973177909851 
vn 0.0018875868991017342 0.0009297063224948943 0.9999973177909851 
vn 0.0018875868991017342 0.0009297063224948943 0.9999973177909851 
vn 0.0018875868991017342 0.0009297063224948943 0.9999973177909851 
vn 0.0018875868991017342 0.0009297063224948943 0.9999973177909851 
vn 0.0018875868991017342 0.0009297063224948943 0.9999973177909851 
vn -0.013212693855166435 0.0009024107130244374 0.9999118447303772 
vn -0.018876904621720314 0.005242845509201288 0.999807596206665 
vn -0.02264401689171791 0.06634186953306198 0.9975395202636719 
vn -0.013212693855166435 0.0009024107130244374 0.9999118447303772 
vn -8.913949764953466e-14 -0.2243519276380539 0.9745076894760132 
vn 0.009437786415219307 0.0009160584886558354 0.9999545812606812 
vn 0.0018875868991017342 0.0009297063224948943 0.9999973177909851 
vn 0.0018875868991017342 0.0009297063224948943 0.9999973177909851 
vn -0.02264375053346157 0.13587982952594757 0.9904660582542419 
vn -0.030192147940397263 -0.0035847704857587814 0.9995372295379639 
vn 0.644542932510376 -0.0008925960282795131 -0.7645672559738159 
vn 0.644542932510376 -0.0008925960282795131 -0.7645672559738159 
vn 0.644542932510376 -0.0008925960282795131 -0.7645672559738159 
vn 0.644542932510376 -0.0008925960282795131 -0.7645672559738159 
vn 0.644542932510376 -0.0008925960282795131 -0.7645672559738159 
vn 0.644542932510376 -0.0008925960282795131 -0.7645672559738159 
vn 0.644542932510376 -0.0008925960282795131 -0.7645672559738159 
vn 0.644542932510376 -0.0008925960282795131 -0.7645672559738159 
vn 0.644542932510376 -0.0008925960282795131 -0.7645672559738159 
vn 0.644542932510376 -0.0008925960282795131 -0.7645672559738159 
vn 0.644542932510376 -0.0008925960282795131 -0.7645672559738159 
vn 0.644542932510376 -0.0008925960282795131 -0.7645672559738159 
vn 0.644542932510376 -0.0008925960282795131 -0.7645672559738159 
vn 0.644542932510376 -0.0008925960282795131 -0.7645672559738159 
vn 0.644542932510376 -0.0008925960282795131 -0.7645672559738159 
vn 0.644542932510376 -0.0008925960282795131 -0.7645672559738159 
vn 0.644542932510376 -0.0008925960282795131 -0.7645672559738159 
vn 0.644542932510376 -0.0008925960282795131 -0.7645672559738159 
vn 0.644542932510376 -0.0008925960282795131 -0.7645672559738159 
vn 0.644542932510376 -0.0008925960282795131 -0.7645672559738159 
vn -0.991223156452179 0.13209055364131927 0.005359106231480837 
vn -0.9971450567245483 0.075508713722229 -0.0003267992869950831 
vn -0.999997615814209 0.0020812402945011854 -0.0006643211818300188 
vn -0.999997615814209 -0.0020812402945011854 0.0006643211818300188 
vn -0.999997615814209 -0.0020812402945011854 0.0006643211818300188 
vn -0.999997615814209 -0.0020812402945011854 0.0006643211818300188 
vn -0.999997615814209 -0.0020812402945011854 0.0006643211818300188 
vn -0.999997615814209 -0.0020812402945011854 0.0006643211818300188 
vn 0.9930822849273682 0.11740079522132874 0.0021455525420606136 
vn 0.999997615814209 0.0020812402945011854 -0.0006643211818300188 
vn 0.9974502325057983 0.07135850936174393 0.001005200669169426 
vn 0.999997615814209 -0.0020812402945011854 0.0006643211818300188 
vn 0.999997615814209 -0.0020812402945011854 0.0006643211818300188 
vn 0.999997615814209 -0.0020812402945011854 0.0006643211818300188 
vn 0.999997615814209 -0.0020812402945011854 0.0006643211818300188 
vn 0.999997615814209 -0.0020812402945011854 0.0006643211818300188 
vn -0.6778390407562256 -0.00045469525502994657 -0.7352098226547241 
vn -0.6778390407562256 -0.00045469525502994657 -0.7352098226547241 
vn -0.6778390407562256 -0.00045469525502994657 -0.7352098226547241 
vn -0.6778390407562256 -0.00045469525502994657 -0.7352098226547241 
vn -0.6778390407562256 -0.00045469525502994657 -0.7352098226547241 
vn -0.6778390407562256 -0.00045469525502994657 -0.7352098226547241 
vn 0.003775685327127576 0.9999916553497314 0.0012321567628532648 
vn 0.003775685327127576 0.9999916553497314 0.0012321567628532648 
vn 0.003775685327127576 0.9999916553497314 0.0012321567628532648 
vn 0.003775685327127576 0.9999916553497314 0.0012321567628532648 
vn 0.003775685327127576 0.9999916553497314 0.0012321567628532648 
vn 0.003775685327127576 0.9999916553497314 0.0012321567628532648 
vn 0.003775685327127576 0.9999916553497314 0.0012321567628532648 
vn 0.003775685327127576 0.9999916553497314 0.0012321567628532648 
vn 0.003775685327127576 0.9999916553497314 0.0012321567628532648 
vn 0.003775685327127576 0.9999916553497314 0.0012321567628532648 
vn 0.003775685327127576 0.9999916553497314 0.0012321567628532648 
vn 0.003775685327127576 0.9999916553497314 0.0012321567628532648 
vn 0.6805476546287537 0.000345341075444594 -0.7327033877372742 
vn 0.6805476546287537 0.000345341075444594 -0.7327033877372742 
vn 0.6805476546287537 0.000345341075444594 -0.7327033877372742 
vn 0.6805476546287537 0.000345341075444594 -0.7327033877372742 
vn 0.6805476546287537 0.000345341075444594 -0.7327033877372742 
vn 0.6805476546287537 0.000345341075444594 -0.7327033877372742 
vn 0.003775685327127576 0.9999916553497314 0.0012321567628532648 
vn 0.003775685327127576 0.9999916553497314 0.0012321567628532648 
vn 0.003775685327127576 0.9999916553497314 0.0012321567628532648 
vn 0.003775685327127576 0.9999916553497314 0.0012321567628532648 
vn 0.003775685327127576 0.9999916553497314 0.0012321567628532648 
vn 0.003775685327127576 0.9999916553497314 0.0012321567628532648 
vn -0.003775685327127576 0.9999916553497314 0.0012321567628532648 
vn -0.003775685327127576 0.9999916553497314 0.0012321567628532648 
vn 0.003775685327127576 0.9999916553497314 0.0012321567628532648 
vn 0.003775685327127576 0.9999916553497314 0.0012321567628532648 
vn 0.003775685327127576 0.9999916553497314 0.0012321567628532648 
vn 0.003775685327127576 0.9999916553497314 0.0012321567628532648 
vn -0.5397037863731384 0.7081037759780884 0.4553111493587494 
vn -0.5397037863731384 0.7081037759780884 0.4553111493587494 
vn -0.5397037863731384 0.7081037759780884 0.4553111493587494 
vn -0.5397037863731384 0.7081037759780884 0.4553111493587494 
vn 0.7637348771095276 0.0012680271174758673 -0.6455284953117371 
vn 0.7637348771095276 0.0012680271174758673 -0.6455284953117371 
vn 0.7637348771095276 0.0012680271174758673 -0.6455284953117371 
vn 0.7637348771095276 0.0012680271174758673 -0.6455284953117371 
vn -0.0018804754363372922 -0.9999969601631165 -0.001248879125341773 
vn -0.0018804754363372922 -0.9999969601631165 -0.001248879125341773 
vn -0.0018804754363372922 -0.9999969601631165 -0.001248879125341773 
vn -0.0018804754363372922 -0.9999969601631165 -0.001248879125341773 
vn -0.0018804754363372922 -0.9999969601631165 -0.001248879125341773 
vn 0.5251976251602173 -0.7042227983474731 0.4777415096759796 
vn 0.5251976251602173 -0.7042227983474731 0.4777415096759796 
vn 0.5251976251602173 -0.7042227983474731 0.4777415096759796 
vn -0.7637348771095276 -0.0012680271174758673 0.6455284953117371 
vn -0.7637348771095276 -0.0012680271174758673 0.6455284953117371 
vn -0.7637348771095276 -0.0012680271174758673 0.6455284953117371 
vn -0.7637348771095276 -0.0012680271174758673 0.6455284953117371 
vn 0.003775685327127576 0.9999916553497314 0.0012321567628532648 
vn 0.003775685327127576 0.9999916553497314 0.0012321567628532648 
vn 0.003775685327127576 0.9999916553497314 0.0012321567628532648 
vn 0.003775685327127576 0.9999916553497314 0.0012321567628532648 
vn -0.7637348771095276 -0.0012680271174758673 0.6455284953117371 
vn -0.7637348771095276 -0.0012680271174758673 0.6455284953117371 
vn -0.7637348771095276 -0.0012680271174758673 0.6455284953117371 
vn -0.7637348771095276 -0.0012680271174758673 0.6455284953117371 
vn 0.003775685327127576 0.9999916553497314 0.0012321567628532648 
vn 0.003775685327127576 0.9999916553497314 0.0012321567628532648 
vn 0.003775685327127576 0.9999916553497314 0.0012321567628532648 
vn 0.003775685327127576 0.9999916553497314 0.0012321567628532648 
vn -0.5991485714912415 0.6928053498268127 -0.40129929780960083 
vn -0.5991485714912415 0.6928053498268127 -0.40129929780960083 
vn -0.5991485714912415 0.6928053498268127 -0.40129929780960083 
vn -0.6352634429931641 -0.05213893949985504 -0.7705330848693848 
vn -0.6352634429931641 -0.05213893949985504 -0.7705330848693848 
vn -0.6352634429931641 -0.05213893949985504 -0.7705330848693848 
vn 0.8506760001182556 0.4759562909603119 -0.22319428622722626 
vn 0.7536373138427734 0.6080604195594788 -0.24958547949790955 
vn 0.831872820854187 0.5040534734725952 -0.23220127820968628 
vn 0.7095122933387756 0.6561523079872131 -0.2570134997367859 
vn 0.7057940363883972 0.7084166407585144 0.0004318840510677546 
vn 0.7057940363883972 0.7084166407585144 0.0004318840510677546 
vn 0.7057940363883972 0.7084166407585144 0.0004318840510677546 
vn 0.7057940363883972 0.7084166407585144 0.0004318840510677546 
vn 0.003775685327127576 0.9999916553497314 0.0012321567628532648 
vn 0.003775685327127576 0.9999916553497314 0.0012321567628532648 
vn 0.003775685327127576 0.9999916553497314 0.0012321567628532648 
vn 0.003775685327127576 0.9999916553497314 0.0012321567628532648 
vn 0.003775685327127576 0.9999916553497314 0.0012321567628532648 
vn 0.003775685327127576 0.9999916553497314 0.0012321567628532648 
vn 0.999997615814209 -0.0020812402945011854 0.0006643211818300188 
vn 0.999997615814209 -0.0020812402945011854 0.0006643211818300188 
vn 0.999997615814209 -0.0020812402945011854 0.0006643211818300188 
vn 0.999997615814209 -0.0020812402945011854 0.0006643211818300188 
vn -0.7057940363883972 0.7084166407585144 0.0004318840510677546 
vn -0.7057940363883972 0.7084166407585144 0.0004318840510677546 
vn -0.7057940363883972 0.7084166407585144 0.0004318840510677546 
vn -0.7057940363883972 0.7084166407585144 0.0004318840510677546 
vn -0.999997615814209 -0.0020812402945011854 0.0006643211818300188 
vn -0.999997615814209 -0.0020812402945011854 0.0006643211818300188 
vn -0.999997615814209 -0.0020812402945011854 0.0006643211818300188 
vn -0.999997615814209 -0.0020812402945011854 0.0006643211818300188 
vn 0.5397037863731384 0.7081037759780884 0.4553111493587494 
vn 0.5397037863731384 0.7081037759780884 0.4553111493587494 
vn 0.5397037863731384 0.7081037759780884 0.4553111493587494 
vn 0.5397037863731384 0.7081037759780884 0.4553111493587494 
vn 0.003775685327127576 0.9999916553497314 0.0012321567628532648 
vn 0.003775685327127576 0.9999916553497314 0.0012321567628532648 
vn 0.003775685327127576 0.9999916553497314 0.0012321567628532648 
vn 0.003775685327127576 0.9999916553497314 0.0012321567628532648 
vn 0.003775685327127576 0.9999916553497314 0.0012321567628532648 
vn 0.003775685327127576 0.9999916553497314 0.0012321567628532648 
vn -0.7637348771095276 0.0012680271174758673 -0.6455284953117371 
vn -0.7637348771095276 0.0012680271174758673 -0.6455284953117371 
vn -0.7637348771095276 0.0012680271174758673 -0.6455284953117371 
vn -0.7637348771095276 0.0012680271174758673 -0.6455284953117371 
vn -0.454061895608902 -0.7067145705223083 0.5425693988800049 
vn -0.454061895608902 -0.7067145705223083 0.5425693988800049 
vn -0.454061895608902 -0.7067145705223083 0.5425693988800049 
vn -0.0486474335193634 -0.9979461431503296 -0.0416644848883152 
vn -0.028101686388254166 -0.9993636608123779 -0.021943319588899612 
vn -0.028101686388254166 -0.9993636608123779 -0.021943319588899612 
vn -0.0018804754363372922 -0.9999969601631165 -0.001248879125341773 
vn -0.0018804754363372922 -0.9999969601631165 -0.001248879125341773 
vn 0.7637348771095276 -0.0012680271174758673 0.6455284953117371 
vn 0.7637348771095276 -0.0012680271174758673 0.6455284953117371 
vn 0.7637348771095276 -0.0012680271174758673 0.6455284953117371 
vn 0.7637348771095276 -0.0012680271174758673 0.6455284953117371 
vn 0.7637348771095276 -0.0012680271174758673 0.6455284953117371 
vn 0.7637348771095276 -0.0012680271174758673 0.6455284953117371 
vn 0.7637348771095276 -0.0012680271174758673 0.6455284953117371 
vn 0.7637348771095276 -0.0012680271174758673 0.6455284953117371 
vn 0.003775685327127576 0.9999916553497314 0.0012321567628532648 
vn 0.003775685327127576 0.9999916553497314 0.0012321567628532648 
vn 0.003775685327127576 0.9999916553497314 0.0012321567628532648 
vn 0.003775685327127576 0.9999916553497314 0.0012321567628532648 
vn 0.003775685327127576 0.9999916553497314 0.0012321567628532648 
vn 0.003775685327127576 0.9999916553497314 0.0012321567628532648 
vn 0.003775685327127576 0.9999916553497314 0.0012321567628532648 
vn 0.003775685327127576 0.9999916553497314 0.0012321567628532648 
vn -0.4095142185688019 0.5621994137763977 -0.7184908986091614 
vn -0.27261391282081604 0.6152846813201904 -0.7396659255027771 
vn -0.08658753335475922 0.6682030558586121 -0.7389224171638489 
vn -0.00188819516915828 0.6820821762084961 -0.7312724590301514 
vn 0.0018875868991017342 -0.0009297063224948943 -0.9999973177909851 
vn 0.0018875868991017342 -0.0009297063224948943 -0.9999973177909851 
vn 0.0018875868991017342 -0.0009297063224948943 -0.9999973177909851 
vn 0.0018875868991017342 -0.0009297063224948943 -0.9999973177909851 
vn 0.003775685327127576 0.9999916553497314 0.0012321567628532648 
vn 0.003775685327127576 0.9999916553497314 0.0012321567628532648 
vn 0.003775685327127576 0.9999916553497314 0.0012321567628532648 
vn 0.003775685327127576 0.9999916553497314 0.0012321567628532648 
vn 0.0018901526927947998 0.7072222232818604 -0.7069880962371826 
vn 0.0018901526927947998 0.7072222232818604 -0.7069880962371826 
vn 0.0018901526927947998 0.7072222232818604 -0.7069880962371826 
vn 0.0018901526927947998 0.7072222232818604 -0.7069880962371826 
vn 1.7456449155107967e-13 0.6156550049781799 -0.7880151867866516 
vn 0.049090493470430374 0.6367777585983276 -0.769482433795929 
vn 0.13620232045650482 0.6649672389030457 -0.7343477606773376 
vn 0.159910649061203 0.6737934350967407 -0.7214083671569824 
vn 0.0018875868991017342 -0.0009297063224948943 -0.9999973177909851 
vn 0.0018875868991017342 -0.0009297063224948943 -0.9999973177909851 
vn 0.0018875868991017342 -0.0009297063224948943 -0.9999973177909851 
vn 0.0018875868991017342 -0.0009297063224948943 -0.9999973177909851 
vn 0.0018901526927947998 0.7072222232818604 -0.7069880962371826 
vn 0.0018901526927947998 0.7072222232818604 -0.7069880962371826 
vn 0.0018901526927947998 0.7072222232818604 -0.7069880962371826 
vn 0.0018901526927947998 0.7072222232818604 -0.7069880962371826 
vn 0.003775685327127576 0.9999916553497314 0.0012321567628532648 
vn 0.003775685327127576 0.9999916553497314 0.0012321567628532648 
vn 0.003775685327127576 0.9999916553497314 0.0012321567628532648 
vn 0.003775685327127576 0.9999916553497314 0.0012321567628532648 
vt 0.39102935791015625 0.4052470326423645 
vt 0.35050642490386963 0.4052470326423645 
vt 0.3849811553955078 0.40067625045776367 
vt 0.35050642490386963 0.40067625045776367 
vt 0.31603169441223145 0.40067625045776367 
vt 0.309983491897583 0.4052470326423645 
vt 0.309983491897583 0.40897583961486816 
vt 0.35050642490386963 0.4090961217880249 
vt 0.35050642490386963 0.4420539438724518 
vt 0.39102935791015625 0.40897583961486816 
vt 0.15188352763652802 0.41090038418769836 
vt 0.1524883508682251 0.4426553547382355 
vt 0.20026913285255432 0.4084947109222412 
vt 0.20026913285255432 0.4420539438724518 
vt 0.309983491897583 0.4420539438724518 
vt 0.20026913285255432 0.4497521221637726 
vt 0.15006907284259796 0.4497521221637726 
vt 0.14922232925891876 0.45733001828193665 
vt 0.20026913285255432 0.45733001828193665 
vt 0.15006907284259796 0.4649079144001007 
vt 0.20026913285255432 0.4649079144001007 
vt 0.1524883508682251 0.4729669392108917 
vt 0.20026913285255432 0.47236552834510803 
vt 0.1524883508682251 0.5626987814903259 
vt 0.20026913285255432 0.5620973706245422 
vt 0.309983491897583 0.47236552834510803 
vt 0.309983491897583 0.4649079144001007 
vt 0.309983491897583 0.45733001828193665 
vt 0.309983491897583 0.4497521221637726 
vt 0.35050642490386963 0.4497521221637726 
vt 0.39102935791015625 0.4420539438724518 
vt 0.5007436871528625 0.4420539438724518 
vt 0.5007436871528625 0.4084947109222412 
vt 0.5485244989395142 0.4426553547382355 
vt 0.5492502450942993 0.4107801020145416 
vt 0.5007436871528625 0.4497521221637726 
vt 0.5509437918663025 0.4497521221637726 
vt 0.5517905354499817 0.45733001828193665 
vt 0.5007436871528625 0.45733001828193665 
vt 0.5509437918663025 0.4649079144001007 
vt 0.39102935791015625 0.4497521221637726 
vt 0.35050642490386963 0.45733001828193665 
vt 0.35050642490386963 0.4649079144001007 
vt 0.39102935791015625 0.45733001828193665 
vt 0.5007436871528625 0.4649079144001007 
vt 0.5485244989395142 0.4729669392108917 
vt 0.5007436871528625 0.47236552834510803 
vt 0.5486454367637634 0.5626987814903259 
vt 0.5007436871528625 0.5620973706245422 
vt 0.39102935791015625 0.47236552834510803 
vt 0.39102935791015625 0.4649079144001007 
vt 0.35050642490386963 0.47236552834510803 
vt 0.309983491897583 0.5620973706245422 
vt 0.20026913285255432 0.569795548915863 
vt 0.15006907284259796 0.569795548915863 
vt 0.14922232925891876 0.5774937272071838 
vt 0.20026913285255432 0.5774937272071838 
vt 0.15006907284259796 0.5851919054985046 
vt 0.20026913285255432 0.5851919054985046 
vt 0.1524883508682251 0.5933712124824524 
vt 0.20026913285255432 0.5927698016166687 
vt 0.15200449526309967 0.614180326461792 
vt 0.20026913285255432 0.6138194799423218 
vt 0.1524883508682251 0.6299375295639038 
vt 0.20026913285255432 0.6292158365249634 
vt 0.19627732038497925 0.7034310698509216 
vt 0.20026913285255432 0.7047542333602905 
vt 0.309983491897583 0.6292158365249634 
vt 0.309983491897583 0.7047542333602905 
vt 0.35050642490386963 0.7047542333602905 
vt 0.35050642490386963 0.6292158365249634 
vt 0.309983491897583 0.6138194799423218 
vt 0.309983491897583 0.5927698016166687 
vt 0.309983491897583 0.5851919054985046 
vt 0.309983491897583 0.5774937272071838 
vt 0.309983491897583 0.569795548915863 
vt 0.35050642490386963 0.569795548915863 
vt 0.35050642490386963 0.5620973706245422 
vt 0.39102935791015625 0.5620973706245422 
vt 0.5007436871528625 0.569795548915863 
vt 0.5509437918663025 0.569795548915863 
vt 0.5517905354499817 0.5774937272071838 
vt 0.5007436871528625 0.5774937272071838 
vt 0.5509437918663025 0.5851919054985046 
vt 0.39102935791015625 0.569795548915863 
vt 0.35050642490386963 0.5774937272071838 
vt 0.35050642490386963 0.5851919054985046 
vt 0.39102935791015625 0.5774937272071838 
vt 0.5007436871528625 0.5851919054985046 
vt 0.5486454367637634 0.5933712124824524 
vt 0.5007436871528625 0.5927698016166687 
vt 0.5490083694458008 0.614180326461792 
vt 0.39102935791015625 0.5851919054985046 
vt 0.35050642490386963 0.5927698016166687 
vt 0.35050642490386963 0.6138194799423218 
vt 0.39102935791015625 0.6138194799423218 
vt 0.39102935791015625 0.6292158365249634 
vt 0.5007436871528625 0.6292158365249634 
vt 0.5007436871528625 0.7047542333602905 
vt 0.50473552942276 0.7034310698509216 
vt 0.5486454367637634 0.6299375295639038 
vt 0.5007436871528625 0.6138194799423218 
vt 0.39102935791015625 0.5927698016166687 
vt 0.39102935791015625 0.7047542333602905 
vt 0.8215402364730835 0.3876855671405792 
vt 0.8722241520881653 0.3876855671405792 
vt 0.8688371777534485 0.38046854734420776 
vt 0.822628915309906 0.32585960626602173 
vt 0.8300077319145203 0.3731312155723572 
vt 0.822628915309906 0.3764991760253906 
vt 0.8969008326530457 0.5346726179122925 
vt 0.8969008326530457 0.5854324698448181 
vt 0.9041586518287659 0.5381608605384827 
vt 0.9668179750442505 0.053777195513248444 
vt 0.9746806621551514 0.05738571658730507 
vt 0.9668179750442505 0.1077847108244896 
vt 0.9585924744606018 0.405006468296051 
vt 0.9311336278915405 0.4048861861228943 
vt 0.9585924744606018 0.4456624686717987 
vt 0.9311336278915405 0.44542190432548523 
vt 0.9585924744606018 0.3295884132385254 
vt 0.9311336278915405 0.29518717527389526 
vt 0.9152873158454895 0.4048861861228943 
vt 0.9579876065254211 0.3203265368938446 
vt 0.9313755631446838 0.2937437891960144 
vt 0.954358696937561 0.3107038140296936 
vt 0.9323432445526123 0.29230037331581116 
vt 0.9491572380065918 0.3039679229259491 
vt 0.9339157938957214 0.2920598089694977 
vt 0.9158921837806702 0.2950668931007385 
vt 0.9152873158454895 0.44542190432548523 
vt 0.9152873158454895 0.48595762252807617 
vt 0.9311336278915405 0.4860779047012329 
vt 0.9311336278915405 0.5957769155502319 
vt 0.9585924744606018 0.5616162419319153 
vt 0.9579876065254211 0.5708780884742737 
vt 0.9313755631446838 0.597100019454956 
vt 0.954358696937561 0.5805008411407471 
vt 0.9323432445526123 0.5985434055328369 
vt 0.9491572380065918 0.5871164798736572 
vt 0.9339157938957214 0.5989043116569519 
vt 0.9585924744606018 0.48619818687438965 
vt 0.9158921837806702 0.5956566333770752 
vt 0.13325507938861847 0.4107801020145416 
vt 0.10978806018829346 0.45215779542922974 
vt 0.10918323695659637 0.4093366861343384 
vt 0.08160344511270523 0.40825414657592773 
vt 0.08160344511270523 0.45155638456344604 
vt 0.10978806018829346 0.4622616469860077 
vt 0.08160344511270523 0.46153995394706726 
vt 0.10978806018829346 0.4722452461719513 
vt 0.08160344511270523 0.4716438055038452 
vt 0.10978806018829346 0.48210853338241577 
vt 0.08160344511270523 0.48138681054115295 
vt 0.13894037902355194 0.45324036478996277 
vt 0.13410182297229767 0.45312008261680603 
vt 0.1345856785774231 0.463223934173584 
vt 0.13047289848327637 0.4629833698272705 
vt 0.13047289848327637 0.4629833698272705 
vt 0.12974712252616882 0.4729669392108917 
vt 0.13385990262031555 0.47308722138404846 
vt 0.1345856785774231 0.48295050859451294 
vt 0.13047289848327637 0.48270994424819946 
vt 0.1345856785774231 0.463223934173584 
vt 0.1345856785774231 0.48295050859451294 
vt 0.13894037902355194 0.4926935136318207 
vt 0.13047289848327637 0.48270994424819946 
vt 0.13410182297229767 0.49257323145866394 
vt 0.10978806018829346 0.4918515384197235 
vt 0.08160344511270523 0.49125009775161743 
vt 0.08160344511270523 0.6090081334114075 
vt 0.10978806018829346 0.609248697757721 
vt 0.10978806018829346 0.6193525791168213 
vt 0.13410182297229767 0.6094892621040344 
vt 0.13047289848327637 0.619472861289978 
vt 0.1345856785774231 0.6195931434631348 
vt 0.13894037902355194 0.6094892621040344 
vt 0.13410182297229767 0.49257323145866394 
vt 0.13410182297229767 0.6094892621040344 
vt 0.13894037902355194 0.6094892621040344 
vt 0.13894037902355194 0.4926935136318207 
vt 0.08160344511270523 0.6191120147705078 
vt 0.10978806018829346 0.6294564008712769 
vt 0.08160344511270523 0.6292158365249634 
vt 0.10978806018829346 0.6393197178840637 
vt 0.08160344511270523 0.639199435710907 
vt 0.13047289848327637 0.619472861289978 
vt 0.12974712252616882 0.6295766830444336 
vt 0.13385990262031555 0.6295766830444336 
vt 0.1345856785774231 0.6394400000572205 
vt 0.13047289848327637 0.6394400000572205 
vt 0.1345856785774231 0.6195931434631348 
vt 0.1345856785774231 0.6394400000572205 
vt 0.13894037902355194 0.6494235396385193 
vt 0.13047289848327637 0.6394400000572205 
vt 0.13410182297229767 0.6494235396385193 
vt 0.10978806018829346 0.6493032574653625 
vt 0.08160344511270523 0.6491829752922058 
vt 0.10978806018829346 0.676848292350769 
vt 0.08160344511270523 0.676848292350769 
vt 0.10180443525314331 0.696935772895813 
vt 0.11982807517051697 0.696935772895813 
vt 0.13446471095085144 0.676848292350769 
vt 0.13579532504081726 0.696935772895813 
vt 0.13894037902355194 0.696935772895813 
vt 0.1393032819032669 0.676848292350769 
vt 0.13410182297229767 0.6494235396385193 
vt 0.13446471095085144 0.676848292350769 
vt 0.1393032819032669 0.676848292350769 
vt 0.13894037902355194 0.6494235396385193 
vt 0.13410182297229767 0.45312008261680603 
vt 0.13894037902355194 0.45324036478996277 
vt 0.1379726678133011 0.4110206663608551 
vt 0.8554101586341858 0.08060052990913391 
vt 0.8788771629333496 0.07915712147951126 
vt 0.8782723546028137 0.12185794115066528 
vt 0.9064569473266602 0.07795427739620209 
vt 0.9064569473266602 0.12101595103740692 
vt 0.8782723546028137 0.13196179270744324 
vt 0.9064569473266602 0.13099952042102814 
vt 0.8782723546028137 0.14194536209106445 
vt 0.9064569473266602 0.14098308980464935 
vt 0.8782723546028137 0.1516883671283722 
vt 0.9064569473266602 0.15084637701511383 
vt 0.8782723546028137 0.16143137216567993 
vt 0.9064569473266602 0.16058938205242157 
vt 0.9064569473266602 0.27786627411842346 
vt 0.8782723546028137 0.2783474326133728 
vt 0.8782723546028137 0.28845128417015076 
vt 0.9064569473266602 0.2879701554775238 
vt 0.8782723546028137 0.298434853553772 
vt 0.9064569473266602 0.29807400703430176 
vt 0.8782723546028137 0.30829814076423645 
vt 0.9064569473266602 0.30793729424476624 
vt 0.8782723546028137 0.3181614279747009 
vt 0.9064569473266602 0.3178005814552307 
vt 0.8782723546028137 0.3455861806869507 
vt 0.9064569473266602 0.34546589851379395 
vt 0.8863769173622131 0.3655533194541931 
vt 0.8682323694229126 0.36567360162734985 
vt 0.854200541973114 0.3457064628601074 
vt 0.8526279926300049 0.36567360162734985 
vt 0.8488780856132507 0.3457064628601074 
vt 0.8492410182952881 0.36567360162734985 
vt 0.8488780856132507 0.3457064628601074 
vt 0.8492410182952881 0.3184019923210144 
vt 0.854200541973114 0.3457064628601074 
vt 0.8544424176216125 0.31828171014785767 
vt 0.8492410182952881 0.3184019923210144 
vt 0.8535956740379333 0.3085387051105499 
vt 0.8544424176216125 0.31828171014785767 
vt 0.8580713868141174 0.3085387051105499 
vt 0.8535956740379333 0.3085387051105499 
vt 0.8544424176216125 0.29867541790008545 
vt 0.8580713868141174 0.3085387051105499 
vt 0.8586761951446533 0.29867541790008545 
vt 0.8580713868141174 0.28869184851646423 
vt 0.8535956740379333 0.28869184851646423 
vt 0.8535956740379333 0.28869184851646423 
vt 0.8580713868141174 0.28869184851646423 
vt 0.8492410182952881 0.278708279132843 
vt 0.8544424176216125 0.2785879969596863 
vt 0.8492410182952881 0.278708279132843 
vt 0.8492410182952881 0.1622733622789383 
vt 0.8544424176216125 0.2785879969596863 
vt 0.8544424176216125 0.16215308010578156 
vt 0.8492410182952881 0.1622733622789383 
vt 0.8535956740379333 0.1526506394147873 
vt 0.8544424176216125 0.16215308010578156 
vt 0.8580713868141174 0.15241007506847382 
vt 0.8535956740379333 0.1526506394147873 
vt 0.8544424176216125 0.14290763437747955 
vt 0.8580713868141174 0.15241007506847382 
vt 0.8586761951446533 0.14266707003116608 
vt 0.8580713868141174 0.1328037828207016 
vt 0.8535956740379333 0.13292406499385834 
vt 0.8535956740379333 0.13292406499385834 
vt 0.8580713868141174 0.1328037828207016 
vt 0.8492410182952881 0.12294049561023712 
vt 0.8544424176216125 0.12282021343708038 
vt 0.8544424176216125 0.12282021343708038 
vt 0.8502086997032166 0.08096137642860413 
vt 0.8492410182952881 0.12294049561023712 
vt 0.8088390231132507 0.3263407349586487 
vt 0.8134356737136841 0.33235493302345276 
vt 0.8081132173538208 0.38780584931373596 
vt 0.8119840621948242 0.38816672563552856 
vt 0.8128308057785034 0.3917752504348755 
vt 0.8128308057785034 0.3917752504348755 
vt 0.8081132173538208 0.38780584931373596 
vt 0.8095648288726807 0.3927375078201294 
vt 0.894239604473114 0.007828707806766033 
vt 0.8531118631362915 0.04367334023118019 
vt 0.8523860573768616 0.004581039771437645 
vt 0.8492410182952881 0.0051824599504470825 
vt 0.8492410182952881 0.04331248626112938 
vt 0.8492410182952881 0.055701740086078644 
vt 0.8528699278831482 0.05606259033083916 
vt 0.8492410182952881 0.05943054333329201 
vt 0.8528699278831482 0.05967111140489578 
vt 0.8958121538162231 0.05931026116013527 
vt 0.896416962146759 0.06303906440734863 
vt 0.896416962146759 0.054739467799663544 
vt 0.8912155032157898 0.04656015709042549 
vt 0.9670599102973938 0.9394282698631287 
vt 0.9643987417221069 0.9775583148002625 
vt 0.9677857160568237 0.9775583148002625 
vt 0.4199397563934326 0.974190354347229 
vt 0.3821989893913269 0.974190354347229 
vt 0.38183608651161194 0.9702209830284119 
vt 0.3696187436580658 0.974190354347229 
vt 0.3693768084049225 0.9704615473747253 
vt 0.3653849959373474 0.9705818295478821 
vt 0.3662317395210266 0.9275201559066772 
vt 0.3626028299331665 0.9270390272140503 
vt 0.36550596356391907 0.974190354347229 
vt 0.3708283603191376 0.9270390272140503 
vt 0.3789329528808594 0.9322112202644348 
vt 0.4177623987197876 0.9293244481086731 
vt 0.4200607240200043 0.9714238047599792 
vt 0.8831109404563904 0.47886085510253906 
vt 0.883473813533783 0.48391276597976685 
vt 0.8854092359542847 0.47946226596832275 
vt 0.8862559795379639 0.4837924838066101 
vt 0.887707531452179 0.539844810962677 
vt 0.8826270699501038 0.54561847448349 
vt 0.8771836757659912 0.5595714449882507 
vt 0.8771836757659912 0.6001071333885193 
vt 0.8817803263664246 0.5655856132507324 
vt 0.8817803263664246 0.6001071333885193 
vt 0.8817803263664246 0.6346286535263062 
vt 0.8771836757659912 0.6406428217887878 
vt 0.8734337687492371 0.6406428217887878 
vt 0.8734337687492371 0.6001071333885193 
vt 0.8408944606781006 0.6001071333885193 
vt 0.8734337687492371 0.5595714449882507 
vt 0.8408944606781006 0.5595714449882507 
vt 0.8408944606781006 0.4498724043369293 
vt 0.8734337687492371 0.4498724043369293 
vt 0.8408944606781006 0.4029616415500641 
vt 0.872103214263916 0.40356308221817017 
vt 0.8332737684249878 0.39971399307250977 
vt 0.8332737684249878 0.4498724043369293 
vt 0.8257739543914795 0.3988719880580902 
vt 0.8257739543914795 0.4498724043369293 
vt 0.81839519739151 0.399593710899353 
vt 0.81839519739151 0.4498724043369293 
vt 0.8110163807868958 0.4029616415500641 
vt 0.8110163807868958 0.4498724043369293 
vt 0.7224707007408142 0.4029616415500641 
vt 0.7224707007408142 0.4497521221637726 
vt 0.7148500084877014 0.399593710899353 
vt 0.7148500084877014 0.4497521221637726 
vt 0.7072292566299438 0.39875170588493347 
vt 0.7072292566299438 0.4497521221637726 
vt 0.6997295022010803 0.399593710899353 
vt 0.6997295022010803 0.4497521221637726 
vt 0.6922297477722168 0.4029616415500641 
vt 0.6922297477722168 0.4497521221637726 
vt 0.6714239120483398 0.4029616415500641 
vt 0.6714239120483398 0.4497521221637726 
vt 0.6561824679374695 0.4029616415500641 
vt 0.6561824679374695 0.4497521221637726 
vt 0.5829992294311523 0.44578275084495544 
vt 0.5829992294311523 0.4497521221637726 
vt 0.6561824679374695 0.5594511032104492 
vt 0.5829992294311523 0.5594511032104492 
vt 0.5829992294311523 0.5999868512153625 
vt 0.6561824679374695 0.5999868512153625 
vt 0.6714239120483398 0.5594511032104492 
vt 0.6922297477722168 0.5594511032104492 
vt 0.6997295022010803 0.5594511032104492 
vt 0.7072292566299438 0.5594511032104492 
vt 0.7148500084877014 0.5595714449882507 
vt 0.7224707007408142 0.5595714449882507 
vt 0.8110163807868958 0.5595714449882507 
vt 0.81839519739151 0.5595714449882507 
vt 0.8257739543914795 0.5595714449882507 
vt 0.8332737684249878 0.5595714449882507 
vt 0.8332737684249878 0.6001071333885193 
vt 0.8408944606781006 0.6406428217887878 
vt 0.8408944606781006 0.7503418326377869 
vt 0.8734337687492371 0.7504621148109436 
vt 0.8408944606781006 0.7972525954246521 
vt 0.8722241520881653 0.7972525954246521 
vt 0.8332737684249878 0.8006205558776855 
vt 0.8332737684249878 0.7503418326377869 
vt 0.8332737684249878 0.6406428217887878 
vt 0.8257739543914795 0.8014625310897827 
vt 0.8257739543914795 0.7503418326377869 
vt 0.81839519739151 0.8006205558776855 
vt 0.81839519739151 0.7503418326377869 
vt 0.8110163807868958 0.7972525954246521 
vt 0.8257739543914795 0.6406428217887878 
vt 0.8257739543914795 0.6001071333885193 
vt 0.81839519739151 0.6001071333885193 
vt 0.81839519739151 0.6406428217887878 
vt 0.8110163807868958 0.7503418326377869 
vt 0.7224707007408142 0.7971323132514954 
vt 0.7224707007408142 0.7503418326377869 
vt 0.7148500084877014 0.8005002737045288 
vt 0.8110163807868958 0.6406428217887878 
vt 0.8110163807868958 0.6001071333885193 
vt 0.7224707007408142 0.6001071333885193 
vt 0.7148500084877014 0.6001071333885193 
vt 0.7072292566299438 0.6001071333885193 
vt 0.6997295022010803 0.6001071333885193 
vt 0.6922297477722168 0.6001071333885193 
vt 0.6714239120483398 0.5999868512153625 
vt 0.6714239120483398 0.6406428217887878 
vt 0.6561824679374695 0.6406428217887878 
vt 0.6561824679374695 0.7503418326377869 
vt 0.5829992294311523 0.7502215504646301 
vt 0.5829992294311523 0.7541909217834473 
vt 0.6561824679374695 0.7971323132514954 
vt 0.6714239120483398 0.7503418326377869 
vt 0.6714239120483398 0.7971323132514954 
vt 0.5829992294311523 0.6405225396156311 
vt 0.6922297477722168 0.6406428217887878 
vt 0.6997295022010803 0.6406428217887878 
vt 0.7072292566299438 0.6406428217887878 
vt 0.7148500084877014 0.6406428217887878 
vt 0.7224707007408142 0.6406428217887878 
vt 0.7148500084877014 0.7503418326377869 
vt 0.7072292566299438 0.801342248916626 
vt 0.7072292566299438 0.7503418326377869 
vt 0.6997295022010803 0.8005002737045288 
vt 0.6997295022010803 0.7503418326377869 
vt 0.6922297477722168 0.7971323132514954 
vt 0.6922297477722168 0.7503418326377869 
vt 0.19881756603717804 0.9261970520019531 
vt 0.15829461812973022 0.9261970520019531 
vt 0.1989385336637497 0.9519377946853638 
vt 0.15841558575630188 0.9519377946853638 
vt 0.27429908514022827 0.9261970520019531 
vt 0.3086528778076172 0.9519377946853638 
vt 0.28361332416534424 0.9267984628677368 
vt 0.3101044297218323 0.951817512512207 
vt 0.2932904362678528 0.9301664233207703 
vt 0.3114350438117981 0.9507349729537964 
vt 0.29982250928878784 0.9350980520248413 
vt 0.31179794669151306 0.9494118690490723 
vt 0.3086528778076172 0.966131329536438 
vt 0.1989385336637497 0.966131329536438 
vt 0.15841558575630188 0.966131329536438 
vt 0.11789264529943466 0.966131329536438 
vt 0.1177716851234436 0.9519377946853638 
vt 0.008057336322963238 0.9519377946853638 
vt 0.04229014739394188 0.9261970520019531 
vt 0.033096883445978165 0.9267984628677368 
vt 0.006726732011884451 0.951817512512207 
vt 0.023419763892889023 0.9301664233207703 
vt 0.005275163799524307 0.9507349729537964 
vt 0.01676674373447895 0.9350980520248413 
vt 0.004912272095680237 0.9494118690490723 
vt 0.1177716851234436 0.9261970520019531 
vt 0.008178300224244595 0.966131329536438 
vt 0.8959330916404724 0.6100906729698181 
vt 0.9186743497848511 0.6512278318405151 
vt 0.919279158115387 0.6084067225456238 
vt 0.9468589425086975 0.6073241829872131 
vt 0.9468589425086975 0.650385856628418 
vt 0.9186743497848511 0.661211371421814 
vt 0.9468589425086975 0.6603693962097168 
vt 0.9186743497848511 0.6711949706077576 
vt 0.9468589425086975 0.6703529953956604 
vt 0.9186743497848511 0.6809379458427429 
vt 0.9468589425086975 0.6800959706306458 
vt 0.9186743497848511 0.690680980682373 
vt 0.9468589425086975 0.6899592876434326 
vt 0.9468589425086975 0.8072361946105957 
vt 0.9186743497848511 0.8075970411300659 
vt 0.9186743497848511 0.8177008628845215 
vt 0.9468589425086975 0.8172197341918945 
vt 0.9186743497848511 0.8276844620704651 
vt 0.9468589425086975 0.8273236155509949 
vt 0.9186743497848511 0.8375477194786072 
vt 0.9468589425086975 0.837186872959137 
vt 0.9186743497848511 0.8475313186645508 
vt 0.9468589425086975 0.8471704721450806 
vt 0.9186743497848511 0.8748357892036438 
vt 0.9468589425086975 0.8747155070304871 
vt 0.9267789125442505 0.894923210144043 
vt 0.9087553024291992 0.8950434923171997 
vt 0.8953282833099365 0.8750763535499573 
vt 0.8936347961425781 0.8950434923171997 
vt 0.8906106948852539 0.8750763535499573 
vt 0.8906106948852539 0.8950434923171997 
vt 0.8906106948852539 0.8477718830108643 
vt 0.8953282833099365 0.8476516008377075 
vt 0.8981104493141174 0.8377882838249207 
vt 0.8988362550735474 0.8279250264167786 
vt 0.8981104493141174 0.817941427230835 
vt 0.8939976692199707 0.8379085659980774 
vt 0.8948444128036499 0.8279250264167786 
vt 0.8939976692199707 0.8180617094039917 
vt 0.8906106948852539 0.8080781698226929 
vt 0.8953282833099365 0.8079578876495361 
vt 0.8906106948852539 0.691643238067627 
vt 0.8953282833099365 0.6915229558944702 
vt 0.8939976692199707 0.6819002628326416 
vt 0.8981104493141174 0.6817799806594849 
vt 0.8988362550735474 0.6720369458198547 
vt 0.8948444128036499 0.6721572279930115 
vt 0.8939976692199707 0.6622939705848694 
vt 0.8981104493141174 0.6620534062385559 
vt 0.8906106948852539 0.6524306535720825 
vt 0.8953282833099365 0.652190089225769 
vt 0.8953282833099365 0.652190089225769 
vt 0.8913364410400391 0.6105718612670898 
vt 0.8906106948852539 0.6524306535720825 
vt 0.5842088460922241 0.9153714776039124 
vt 0.5424762964248657 0.8923972249031067 
vt 0.5854185223579407 0.891795814037323 
vt 0.5863862037658691 0.8642507791519165 
vt 0.5432020425796509 0.8642507791519165 
vt 0.5324362516403198 0.8923972249031067 
vt 0.5331620573997498 0.8642507791519165 
vt 0.5223962664604187 0.8923972249031067 
vt 0.5231220722198486 0.8642507791519165 
vt 0.5415085554122925 0.9205436706542969 
vt 0.5416295528411865 0.9154917597770691 
vt 0.5315895080566406 0.9171757698059082 
vt 0.5317105054855347 0.9127252697944641 
vt 0.5215495228767395 0.9163337349891663 
vt 0.5217914581298828 0.9120035171508789 
vt 0.5125981569290161 0.8923972249031067 
vt 0.513323962688446 0.8642507791519165 
vt 0.5028001070022583 0.8923972249031067 
vt 0.5034049153327942 0.8642507791519165 
vt 0.38570693135261536 0.8642507791519165 
vt 0.38546502590179443 0.8923972249031067 
vt 0.37530404329299927 0.8923972249031067 
vt 0.37566694617271423 0.8642507791519165 
vt 0.36526402831077576 0.8923972249031067 
vt 0.36550596356391907 0.8642507791519165 
vt 0.3553449809551239 0.8923972249031067 
vt 0.3555869162082672 0.8642507791519165 
vt 0.34542593359947205 0.8923972249031067 
vt 0.3455469012260437 0.8642507791519165 
vt 0.31796711683273315 0.8923972249031067 
vt 0.31796711683273315 0.8642507791519165 
vt 0.2977661192417145 0.8843382000923157 
vt 0.2977661192417145 0.902501106262207 
vt 0.31796711683273315 0.9154917597770691 
vt 0.2977661192417145 0.9172960519790649 
vt 0.2977661192417145 0.9205436706542969 
vt 0.31796711683273315 0.9205436706542969 
vt 0.3453049659729004 0.9154917597770691 
vt 0.35522401332855225 0.9127252697944641 
vt 0.3651430606842041 0.9120035171508789 
vt 0.3751830756664276 0.9127252697944641 
vt 0.3852230906486511 0.9154917597770691 
vt 0.5021952986717224 0.9154917597770691 
vt 0.5119933485984802 0.9127252697944641 
vt 0.511872410774231 0.9171757698059082 
vt 0.5215495228767395 0.9163337349891663 
vt 0.5020743012428284 0.9205436706542969 
vt 0.3852230906486511 0.9205436706542969 
vt 0.3751830756664276 0.9171757698059082 
vt 0.3651430606842041 0.9163337349891663 
vt 0.35522401332855225 0.9171757698059082 
vt 0.3453049659729004 0.9205436706542969 
vt 0.5416295528411865 0.9154917597770691 
vt 0.5415085554122925 0.9205436706542969 
vt 0.5833621025085449 0.9198219776153564 
vt 0.49626803398132324 0.9806857109069824 
vt 0.5000179409980774 0.9830913543701172 
vt 0.4582853317260742 0.9830913543701172 
vt 0.06660391390323639 0.8380288481712341 
vt 0.01059758011251688 0.8397128582000732 
vt 0.010718544013798237 0.8412765264511108 
vt 0.007089624181389809 0.8387506008148193 
vt 0.006484804209321737 0.8401939868927002 
vt 0.5687254667282104 0.9300461411476135 
vt 0.571265697479248 0.9690181612968445 
vt 0.5335249304771423 0.9684167504310608 
vt 0.5713866949081421 0.9722658395767212 
vt 0.534008800983429 0.9721455574035645 
vt 0.5215495228767395 0.9721455574035645 
vt 0.5211866497993469 0.968777596950531 
vt 0.5179206132888794 0.9721455574035645 
vt 0.517557680606842 0.968777596950531 
vt 0.5177996158599854 0.9281215667724609 
vt 0.5141707062721252 0.9281215667724609 
vt 0.5306218266487122 0.93293297290802 
vt 0.522517204284668 0.9280012845993042 
vt 0.8908526301383972 0.9055082201957703 
vt 0.9282304644584656 0.9091167449951172 
vt 0.9285933971405029 0.9058690667152405 
vt 0.9291982054710388 0.9088761806488037 
vt 0.9305288195610046 0.9057487845420837 
vt 0.5040097236633301 0.9282418489456177 
vt 0.46663185954093933 0.9330532550811768 
vt 0.46687379479408264 0.9293244481086731 
vt 0.4544144868850708 0.9298055768013 
vt 0.4541725814342499 0.9331735372543335 
vt 0.4501807689666748 0.9332938194274902 
vt 0.4521161913871765 0.9739497900009155 
vt 0.44836628437042236 0.9740700721740723 
vt 0.4503017067909241 0.9299258589744568 
vt 0.4567128121852875 0.9738295078277588 
vt 0.4646964371204376 0.9686573147773743 
vt 0.5028001070022583 0.9702209830284119 
vt 0.5041307210922241 0.930767834186554 
vt 0.5050984025001526 0.9311286807060242 
vt 0.5050984025001526 0.974190354347229 
vt 0.3246201276779175 0.9844145178794861 
vt 0.3246201276779175 0.9857376217842102 
vt 0.35909485816955566 0.9844145178794861 
vt 0.3592158257961273 0.9857376217842102 
vt 0.3936905562877655 0.9844145178794861 
vt 0.3936905562877655 0.9857376217842102 
vt 0.8825060725212097 0.6720369458198547 
vt 0.8844414949417114 0.6721572279930115 
vt 0.8825060725212097 0.6655416488647461 
vt 0.8844414949417114 0.6656619310379028 
vt 0.20305129885673523 0.9894664287567139 
vt 0.2115187793970108 0.9888650178909302 
vt 0.20329323410987854 0.9883838891983032 
vt 0.7350509762763977 0.9644473791122437 
vt 0.7248899936676025 0.965650200843811 
vt 0.7248899936676025 0.9637256264686584 
vt 0.7149709463119507 0.965650200843811 
vt 0.7149709463119507 0.9637256264686584 
vt 0.7052938342094421 0.965650200843811 
vt 0.7052938342094421 0.9637256264686584 
vt 0.6958586573600769 0.9654096364974976 
vt 0.6958586573600769 0.9654096364974976 
vt 0.6957376599311829 0.9644473791122437 
vt 0.7052938342094421 0.9637256264686584 
vt 0.9882286190986633 0.979964017868042 
vt 0.98871248960495 0.98850417137146 
vt 0.9893172979354858 0.9802045822143555 
vt 0.9779466986656189 0.9832116365432739 
vt 0.9768580198287964 0.9729875326156616 
vt 0.978672444820404 0.9729875326156616 
vt 0.9767370223999023 0.963003933429718 
vt 0.978672444820404 0.963003933429718 
vt 0.9768580198287964 0.9531406760215759 
vt 0.978672444820404 0.9531406760215759 
vt 0.9770999550819397 0.9436382055282593 
vt 0.9770999550819397 0.9436382055282593 
vt 0.9779466986656189 0.9435179233551025 
vt 0.978672444820404 0.9531406760215759 
vt 0.6648918390274048 0.9874216318130493 
vt 0.7412201166152954 0.9868201613426208 
vt 0.6647709012031555 0.9862187504768372 
vt 0.5145335793495178 0.9824899435043335 
vt 0.5144126415252686 0.9806857109069824 
vt 0.6067081689834595 0.9816479682922363 
vt 0.14958521723747253 0.7048745155334473 
vt 0.14813365042209625 0.7009051442146301 
vt 0.14813365042209625 0.7048745155334473 
vt 0.14813365042209625 0.7009051442146301 
vt 0.14946424961090088 0.7009051442146301 
vt 0.14958521723747253 0.7048745155334473 
vt 0.08148248493671417 0.6954923272132874 
vt 0.08341790735721588 0.6954923272132874 
vt 0.08148248493671417 0.6904404163360596 
vt 0.08245019614696503 0.6914026737213135 
vt 0.9800030589103699 0.8136112093925476 
vt 0.9781886339187622 0.8136112093925476 
vt 0.9800030589103699 0.8196254372596741 
vt 0.9781886339187622 0.8196254372596741 
vt 0.9677857160568237 0.5114578008651733 
vt 0.9677857160568237 0.5213211178779602 
vt 0.9697211384773254 0.5213211178779602 
vt 0.9697211384773254 0.531304657459259 
vt 0.9677857160568237 0.531304657459259 
vt 0.9697211384773254 0.5410476922988892 
vt 0.9677857160568237 0.5410476922988892 
vt 0.9687533974647522 0.5509109497070312 
vt 0.9677857160568237 0.5114578008651733 
vt 0.9687533974647522 0.5114578008651733 
vt 0.9697211384773254 0.5213211178779602 
vt 0.9687533974647522 0.5509109497070312 
vt 0.9677857160568237 0.5410476922988892 
vt 0.9677857160568237 0.5509109497070312 
vt 0.8392009735107422 0.3654330372810364 
vt 0.8373865485191345 0.3553291857242584 
vt 0.8392009735107422 0.3553291857242584 
vt 0.8373865485191345 0.3453456163406372 
vt 0.8392009735107422 0.3453456163406372 
vt 0.8373865485191345 0.33548232913017273 
vt 0.8392009735107422 0.33548232913017273 
vt 0.8382332921028137 0.3254987597465515 
vt 0.8392009735107422 0.3654330372810364 
vt 0.8382332921028137 0.3654330372810364 
vt 0.8373865485191345 0.3553291857242584 
vt 0.8382332921028137 0.3254987597465515 
vt 0.8392009735107422 0.33548232913017273 
vt 0.8392009735107422 0.3254987597465515 
vt 0.8141614198684692 0.9318503737449646 
vt 0.8154920339584351 0.9318503737449646 
vt 0.8156129717826843 0.9358197450637817 
vt 0.8156129717826843 0.9358197450637817 
vt 0.8141614198684692 0.9318503737449646 
vt 0.8141614198684692 0.9358197450637817 
vt 0.7654129266738892 0.976836621761322 
vt 0.7654129266738892 0.9787611365318298 
vt 0.6685207486152649 0.9787611365318298 
vt 0.6685207486152649 0.9787611365318298 
vt 0.7654129266738892 0.976836621761322 
vt 0.6685207486152649 0.9777988791465759 
vt 0.7126726508140564 0.004581039771437645 
vt 0.7177531123161316 0.004581039771437645 
vt 0.7136403322219849 0.005543312057852745 
vt 0.7177531123161316 0.006505583878606558 
vt 0.9790353775024414 0.19956140220165253 
vt 0.9804869294166565 0.24009710550308228 
vt 0.9790353775024414 0.24009710550308228 
vt 0.9804869294166565 0.3155151903629303 
vt 0.9804869294166565 0.19956140220165253 
vt 0.9790353775024414 0.15902569890022278 
vt 0.9804869294166565 0.15902569890022278 
vt 0.9790353775024414 0.08360762894153595 
vt 0.9804869294166565 0.08360762894153595 
vt 0.9784305691719055 0.07434576004743576 
vt 0.9798821210861206 0.07434576004743576 
vt 0.9754064679145813 0.06460275501012802 
vt 0.9767370223999023 0.06460275501012802 
vt 0.9790353775024414 0.3155151903629303 
vt 0.9798821210861206 0.32489731907844543 
vt 0.9784305691719055 0.32489731907844543 
vt 0.9767370223999023 0.33452004194259644 
vt 0.9754064679145813 0.33452004194259644 
vt 0.254098117351532 0.9881433248519897 
vt 0.2526465356349945 0.9881433248519897 
vt 0.2539771497249603 0.9895867109298706 
vt 0.25252556800842285 0.9895867109298706 
vt 0.38594886660575867 0.1603488177061081 
vt 0.3841344118118286 0.1603488177061081 
vt 0.38594886660575867 0.16239364445209503 
vt 0.3841344118118286 0.16239364445209503 
vt 0.3721589744091034 0.8252787590026855 
vt 0.37034451961517334 0.8251584768295288 
vt 0.3719170391559601 0.8446444869041443 
vt 0.37010258436203003 0.8445242047309875 
vt 0.3721589744091034 0.8511398434638977 
vt 0.3702235519886017 0.851019561290741 
vt 0.8280723094940186 0.9886244535446167 
vt 0.8280723094940186 0.9866998791694641 
vt 0.8266206979751587 0.98850417137146 
vt 0.8266206979751587 0.9865795969963074 
vt 0.04337882250547409 0.8475313186645508 
vt 0.042411111295223236 0.848373293876648 
vt 0.06333788484334946 0.847411036491394 
vt 0.06333788484334946 0.8492152690887451 
vt 0.968027651309967 0.9882636070251465 
vt 0.968027651309967 0.9868201613426208 
vt 0.966576099395752 0.98850417137146 
vt 0.966576099395752 0.9870607256889343 
vt 0.9560521841049194 0.842479407787323 
vt 0.9578666687011719 0.842479407787323 
vt 0.9560521841049194 0.8356232047080994 
vt 0.9578666687011719 0.8356232047080994 
vt 0.9560521841049194 0.8154155015945435 
vt 0.9578666687011719 0.8154155015945435 
vt 0.30683842301368713 0.858597457408905 
vt 0.3049030005931854 0.858597457408905 
vt 0.30683842301368713 0.8605219721794128 
vt 0.3049030005931854 0.8605219721794128 
vt 0.9671809077262878 0.6183903217315674 
vt 0.9671809077262878 0.6203148365020752 
vt 0.9686324596405029 0.6183903217315674 
vt 0.9686324596405029 0.6203148365020752 
vt 0.17172162234783173 0.7039121985435486 
vt 0.17365704476833344 0.7039121985435486 
vt 0.17172162234783173 0.6839450597763062 
vt 0.17268933355808258 0.6829828023910522 
vt 0.905610203742981 0.00482160784304142 
vt 0.9036747813224792 0.0047013238072395325 
vt 0.9050053954124451 0.025029320269823074 
vt 0.9031909108161926 0.025029320269823074 
vt 0.9033119082450867 0.04283135384321213 
vt 0.9017393589019775 0.043071918189525604 
vt 0.9028280377388 0.04668043926358223 
vt 0.9044005870819092 0.046439871191978455 
vt 0.318934828042984 0.9412325620651245 
vt 0.3212331235408783 0.9412325620651245 
vt 0.3182090222835541 0.9421948194503784 
vt 0.3206283152103424 0.9423151016235352 
vt 0.3326037526130676 0.9430367946624756 
vt 0.3326037526130676 0.9412325620651245 
vt 0.3463936448097229 0.9412325620651245 
vt 0.3463936448097229 0.9430367946624756 
vt 0.12454567104578018 0.9892258644104004 
vt 0.1354324221611023 0.9892258644104004 
vt 0.125029519200325 0.9883838891983032 
vt 0.3587319850921631 0.8361043334007263 
vt 0.35969969630241394 0.8464487791061401 
vt 0.35776427388191223 0.8464487791061401 
vt 0.35969969630241394 0.8546280860900879 
vt 0.35776427388191223 0.8546280860900879 
vt 0.6149337291717529 0.4155914783477783 
vt 0.605619490146637 0.4155914783477783 
vt 0.605619490146637 0.4175160229206085 
vt 0.5982406735420227 0.4175160229206085 
vt 0.5982406735420227 0.4155914783477783 
vt 0.3449420630931854 0.9743106365203857 
vt 0.3553449809551239 0.9738295078277588 
vt 0.34457919001579285 0.9733483791351318 
vt 0.773154616355896 0.9854970574378967 
vt 0.7736384868621826 0.9846550822257996 
vt 0.7840414047241211 0.9854970574378967 
vt 0.8826270699501038 0.8173400163650513 
vt 0.8816593289375305 0.8278047442436218 
vt 0.8835947513580322 0.8278047442436218 
vt 0.8835947513580322 0.8359840512275696 
vt 0.8816593289375305 0.8359840512275696 
vt 0.8660550117492676 0.07025610655546188 
vt 0.8567407727241516 0.07025610655546188 
vt 0.8567407727241516 0.07218065112829208 
vt 0.8492410182952881 0.07218065112829208 
vt 0.8492410182952881 0.07025610655546188 
vt 0.4940906763076782 0.7309761047363281 
vt 0.49457454681396484 0.7414408326148987 
vt 0.4950583875179291 0.7306152582168579 
vt 0.9934300780296326 0.7665801644325256 
vt 0.9934300780296326 0.7994177341461182 
vt 0.9914946556091309 0.7665801644325256 
vt 0.9914946556091309 0.7994177341461182 
vt 0.9934300780296326 0.8069956302642822 
vt 0.9914946556091309 0.8069956302642822 
vt 0.9934300780296326 0.8145734667778015 
vt 0.9914946556091309 0.8145734667778015 
vt 0.9934300780296326 0.8220310807228088 
vt 0.9914946556091309 0.8220310807228088 
vt 0.9934300780296326 0.8294886946678162 
vt 0.9914946556091309 0.8294886946678162 
vt 0.9934300780296326 0.9187394380569458 
vt 0.9914946556091309 0.9187394380569458 
vt 0.9934300780296326 0.9263173341751099 
vt 0.9914946556091309 0.9263173341751099 
vt 0.9934300780296326 0.9340155124664307 
vt 0.9914946556091309 0.9340155124664307 
vt 0.9934300780296326 0.9415934085845947 
vt 0.9914946556091309 0.9415934085845947 
vt 0.9934300780296326 0.9491713047027588 
vt 0.9914946556091309 0.9491713047027588 
vt 0.9934300780296326 0.9701007008552551 
vt 0.9914946556091309 0.9701007008552551 
vt 0.6113048195838928 0.7854647636413574 
vt 0.6113048195838928 0.7835402488708496 
vt 0.5828782916069031 0.7854647636413574 
vt 0.5828782916069031 0.7835402488708496 
vt 0.14873847365379333 0.6901998519897461 
vt 0.15091581642627716 0.6903201341629028 
vt 0.14946424961090088 0.6864710450172424 
vt 0.15152063965797424 0.6863507628440857 
vt 0.1505529284477234 0.668789267539978 
vt 0.14861750602722168 0.668789267539978 
vt 0.1480126827955246 0.6485815644264221 
vt 0.1499481052160263 0.6484612822532654 
vt 0.32111215591430664 0.9524189829826355 
vt 0.32111215591430664 0.9543434977531433 
vt 0.33478111028671265 0.9524189829826355 
vt 0.33478111028671265 0.9543434977531433 
vt 0.34603074193000793 0.9524189829826355 
vt 0.3466355800628662 0.9536218047142029 
vt 0.34929677844047546 0.9533812403678894 
vt 0.3485710024833679 0.9524189829826355 
vt 0.5496131777763367 0.646777331829071 
vt 0.5514276027679443 0.6565203070640564 
vt 0.5496131777763367 0.6565203070640564 
vt 0.5514276027679443 0.6646996140480042 
vt 0.5496131777763367 0.6646996140480042 
vt 0.5496131777763367 0.646777331829071 
vt 0.5514276027679443 0.6565203070640564 
vt 0.5504599213600159 0.6460556387901306 
vt 0.16494764387607574 0.9892258644104004 
vt 0.16531053185462952 0.9883838891983032 
vt 0.1757134348154068 0.9892258644104004 
vt 0.28639549016952515 0.8980506062507629 
vt 0.2854277789592743 0.907913863658905 
vt 0.287363201379776 0.907913863658905 
vt 0.287363201379776 0.9153714776039124 
vt 0.2854277789592743 0.9153714776039124 
vt 0.9671809077262878 0.2995173931121826 
vt 0.9671809077262878 0.30926039814949036 
vt 0.9691163301467896 0.30926039814949036 
vt 0.9691163301467896 0.31756001710891724 
vt 0.9671809077262878 0.31756001710891724 
vt 0.9671809077262878 0.2995173931121826 
vt 0.9691163301467896 0.30926039814949036 
vt 0.9681485891342163 0.2989159822463989 
vt 0.15539148449897766 0.9881433248519897 
vt 0.1550285965204239 0.9889853000640869 
vt 0.1446256935596466 0.9881433248519897 
vt 0.3691348731517792 0.3790251314640045 
vt 0.3791748881340027 0.3799874186515808 
vt 0.3791748881340027 0.3780628740787506 
vt 0.3866746425628662 0.3780628740787506 
vt 0.3866746425628662 0.3799874186515808 
vt 0.5718705654144287 0.6078053116798401 
vt 0.5738059878349304 0.6078053116798401 
vt 0.5718705654144287 0.5750880241394043 
vt 0.5738059878349304 0.5750880241394043 
vt 0.5718705654144287 0.567510187625885 
vt 0.5738059878349304 0.567510187625885 
vt 0.5718705654144287 0.559932291507721 
vt 0.5738059878349304 0.559932291507721 
vt 0.5718705654144287 0.5524746775627136 
vt 0.5738059878349304 0.5524746775627136 
vt 0.5718705654144287 0.5450170636177063 
vt 0.5738059878349304 0.5450170636177063 
vt 0.5718705654144287 0.45576632022857666 
vt 0.5738059878349304 0.45576632022857666 
vt 0.5718705654144287 0.44806814193725586 
vt 0.5738059878349304 0.44806814193725586 
vt 0.5718705654144287 0.4404902458190918 
vt 0.5738059878349304 0.4404902458190918 
vt 0.5718705654144287 0.43291234970092773 
vt 0.5738059878349304 0.43291234970092773 
vt 0.5718705654144287 0.42533448338508606 
vt 0.5738059878349304 0.42533448338508606 
vt 0.5718705654144287 0.40440505743026733 
vt 0.5738059878349304 0.40440505743026733 
vt 0.1605929434299469 0.6974169015884399 
vt 0.1625283658504486 0.6974169015884399 
vt 0.1605929434299469 0.6690298318862915 
vt 0.1625283658504486 0.6690298318862915 
vt 0.2426065355539322 0.9881433248519897 
vt 0.23583254218101501 0.9881433248519897 
vt 0.2400662899017334 0.9888650178909302 
vt 0.1863582730293274 0.9897069931030273 
vt 0.18539056181907654 0.9883838891983032 
vt 0.1930112987756729 0.9891055822372437 
vt 0.9417784810066223 0.9873013496398926 
vt 0.9432300329208374 0.987541913986206 
vt 0.9417784810066223 0.9850159287452698 
vt 0.9426252245903015 0.9828507900238037 
vt 0.6172320246696472 0.9808059930801392 
vt 0.6165062785148621 0.9820088148117065 
vt 0.6554566621780396 0.9806857109069824 
vt 0.6554566621780396 0.9820088148117065 
vt 0.6405780911445618 0.9596359729766846 
vt 0.6387636065483093 0.9529001116752625 
vt 0.6387636065483093 0.9593954086303711 
vt 0.38655370473861694 0.1895778328180313 
vt 0.38546502590179443 0.18873584270477295 
vt 0.38594886660575867 0.17911311984062195 
vt 0.8608535528182983 0.8079578876495361 
vt 0.8595229387283325 0.8080781698226929 
vt 0.8609744906425476 0.8116866946220398 
vt 0.8595229387283325 0.8116866946220398 
vt 0.8612164258956909 0.8240759372711182 
vt 0.8597648739814758 0.8241962194442749 
vt 0.8607325553894043 0.8616045117378235 
vt 0.8595229387283325 0.862205982208252 
vt 0.06817644089460373 0.8173400163650513 
vt 0.06720872968435287 0.8163777589797974 
vt 0.009387940168380737 0.8173400163650513 
vt 0.009387940168380737 0.8154155015945435 
vt 0.004549379926174879 0.8173400163650513 
vt 0.004549379926174879 0.8154155015945435 
vt 0.7511391639709473 0.9318503737449646 
vt 0.7505343556404114 0.9330532550811768 
vt 0.7882751226425171 0.9318503737449646 
vt 0.7882751226425171 0.9332938194274902 
vt 0.8008553981781006 0.9318503737449646 
vt 0.8008553981781006 0.9332938194274902 
vt 0.8049681782722473 0.9318503737449646 
vt 0.8049681782722473 0.9332938194274902 
vt 0.08172441273927689 0.7047542333602905 
vt 0.08184537291526794 0.7060773372650146 
vt 0.11994903534650803 0.704994797706604 
vt 0.12067481875419617 0.7060773372650146 
vt 0.004549379926174879 0.8267222046852112 
vt 0.004549379926174879 0.8285264372825623 
vt 0.009387940168380737 0.8267222046852112 
vt 0.009387940168380737 0.8285264372825623 
vt 0.06817644089460373 0.8267222046852112 
vt 0.06720872968435287 0.8276844620704651 
vt 0.8811754584312439 0.886864185333252 
vt 0.8811754584312439 0.8833759427070618 
vt 0.8809335827827454 0.8853005170822144 
vt 0.3147010803222656 0.9871810078620911 
vt 0.3147010803222656 0.9886244535446167 
vt 0.3110721707344055 0.9879027605056763 
vt 0.2210749387741089 0.9898272752761841 
vt 0.2263973504304886 0.9891055822372437 
vt 0.22180072963237762 0.98850417137146 
vt 0.9053682684898376 0.06063338369131088 
vt 0.9060940742492676 0.057626284658908844 
vt 0.9060940742492676 0.06604616343975067 
vt 0.334297239780426 0.9732280969619751 
vt 0.325345903635025 0.9738295078277588 
vt 0.33502301573753357 0.9744309186935425 
vt 0.3480871319770813 0.9626430869102478 
vt 0.3480871319770813 0.9645676612854004 
vt 0.34203892946243286 0.9636053442955017 
vt 0.7254948019981384 0.38900870084762573 
vt 0.7334784269332886 0.39261722564697266 
vt 0.7334784269332886 0.3869638741016388 
vt 0.32413625717163086 0.5830267667770386 
vt 0.32413625717163086 0.41763630509376526 
vt 0.3329666256904602 0.5830267667770386 
vt 0.3329666256904602 0.4187188446521759 
vt 0.332119882106781 0.4125843644142151 
vt 0.9868980050086975 0.33680546283721924 
vt 0.995244562625885 0.33680546283721924 
vt 0.9870190024375916 0.492092102766037 
vt 0.995244562625885 0.49100953340530396 
vt 0.8972637057304382 0.5972203016281128 
vt 0.9040376543998718 0.5927698016166687 
vt 0.9040376543998718 0.5986636877059937 
vt 0.3463936448097229 0.3779425621032715 
vt 0.2976451516151428 0.35472777485847473 
vt 0.29788708686828613 0.3979097306728363 
vt 0.0051541998982429504 0.3979097306728363 
vt 0.004549379926174879 0.351961225271225 
vt 0.004670343827456236 0.2011251002550125 
vt 0.2977661192417145 0.201365664601326 
vt 0.345788836479187 0.3552089035511017 
vt 0.3459097743034363 0.201365664601326 
vt 0.38594886660575867 0.3555697500705719 
vt 0.3860698342323303 0.201365664601326 
vt 0.3866746425628662 0.3613433837890625 
vt 0.34603074193000793 0.04752242937684059 
vt 0.2977661192417145 0.047883279621601105 
vt 0.3466355800628662 0.0247887521982193 
vt 0.29812902212142944 0.0047013238072395325 
vt 0.005275163799524307 0.004581039771437645 
vt 0.00479130819439888 0.050288960337638855 
vt 0.7700095772743225 0.027555283159017563 
vt 0.7292447090148926 0.011918364092707634 
vt 0.7700095772743225 0.0047013238072395325 
vt 0.7298495173454285 0.006265015807002783 
vt 0.9556893110275269 0.1587851345539093 
vt 0.9155292510986328 0.1587851345539093 
vt 0.9556893110275269 0.004581039771437645 
vt 0.9155292510986328 0.0049418918788433075 
vt 0.9911317825317383 0.5070073008537292 
vt 0.9838739037513733 0.5091724395751953 
vt 0.9838739037513733 0.5031582117080688 
vt 0.961616575717926 0.6287347078323364 
vt 0.9623423218727112 0.6591665744781494 
vt 0.9934300780296326 0.6290955543518066 
vt 0.9941558837890625 0.6592868566513062 
vt 0.9623423218727112 0.677690327167511 
vt 0.9941558837890625 0.6778106093406677 
vt 0.961616575717926 0.6287347078323364 
vt 0.9623423218727112 0.6591665744781494 
vt 0.9560521841049194 0.6229611039161682 
vt 0.9560521841049194 0.6591665744781494 
vt 0.9564151167869568 0.677690327167511 
vt 0.9623423218727112 0.677690327167511 
vt 0.7852510213851929 0.31539490818977356 
vt 0.7850090861320496 0.16022853553295135 
vt 0.8215402364730835 0.3158760368824005 
vt 0.8215402364730835 0.16022853553295135 
vt 0.8400477170944214 0.16022853553295135 
vt 0.8215402364730835 0.004581039771437645 
vt 0.8400477170944214 0.0049418918788433075 
vt 0.8400477170944214 0.31539490818977356 
vt 0.7852510213851929 0.0049418918788433075 
vt 0.6295703649520874 0.9662516117095947 
vt 0.5990874171257019 0.9655299186706543 
vt 0.6295703649520874 0.9323315024375916 
vt 0.5993293523788452 0.9318503737449646 
vt 0.580579936504364 0.965650200843811 
vt 0.5808218717575073 0.9318503737449646 
vt 0.6295703649520874 0.9662516117095947 
vt 0.5990874171257019 0.9655299186706543 
vt 0.6353766322135925 0.9717847108840942 
vt 0.5990874171257019 0.971904993057251 
vt 0.580579936504364 0.9714238047599792 
vt 0.580579936504364 0.965650200843811 
vt 0.965729296207428 0.288331001996994 
vt 0.9651244878768921 0.28231680393218994 
vt 0.945770263671875 0.289894700050354 
vt 0.9389962553977966 0.28231680393218994 
vt 0.5829992294311523 0.41763630509376526 
vt 0.5829992294311523 0.4283415675163269 
vt 0.5890474319458008 0.4175160229206085 
vt 0.5890474319458008 0.4283415675163269 
vt 0.923512876033783 0.1684078425168991 
vt 0.9215774536132812 0.19450947642326355 
vt 0.9698420763015747 0.16792671382427216 
vt 0.9698420763015747 0.1940283328294754 
vt 0.9688743948936462 0.2042524814605713 
vt 0.9215774536132812 0.2052147537469864 
vt 0.9685115218162537 0.2350451797246933 
vt 0.9215774536132812 0.23588716983795166 
vt 0.9259321689605713 0.2731752097606659 
vt 0.9156502485275269 0.2731752097606659 
vt 0.9155292510986328 0.2360074520111084 
vt 0.9697211384773254 0.2728143632411957 
vt 0.7257367372512817 0.949051022529602 
vt 0.7749691009521484 0.9461641907691956 
vt 0.7737594842910767 0.9679356217384338 
vt 0.8150081634521484 0.9435179233551025 
vt 0.8127098679542542 0.9847753643989563 
vt 0.8174274563789368 0.9432773590087891 
vt 0.8174274563789368 0.9870607256889343 
vt 0.3610302805900574 0.159386545419693 
vt 0.3618770241737366 0.15445490181446075 
vt 0.3553449809551239 0.1574620008468628 
vt 0.35522401332855225 0.11716686189174652 
vt 0.3618770241737366 0.1154828891158104 
vt 0.3606674075126648 0.06881269812583923 
vt 0.35522401332855225 0.06857212632894516 
vt 0.9950026273727417 0.6187511682510376 
vt 0.9560521841049194 0.602512776851654 
vt 0.9947606921195984 0.6139397621154785 
vt 0.9558102488517761 0.5997462868690491 
vt 0.9946396946907043 0.5711186528205872 
vt 0.9737129211425781 0.5639016628265381 
vt 0.9953655004501343 0.5196371078491211 
vt 0.38183608651161194 0.0667678713798523 
vt 0.3763927221298218 0.06700843572616577 
vt 0.3819570541381836 0.11271635442972183 
vt 0.37530404329299927 0.11091209948062897 
vt 0.38183608651161194 0.15084637701511383 
vt 0.37530404329299927 0.14795957505702972 
vt 0.37615078687667847 0.15228979289531708 
vt 0.004549379926174879 0.41210323572158813 
vt 0.06612005829811096 0.4119829535484314 
vt 0.004549379926174879 0.45793142914772034 
vt 0.06612005829811096 0.4585328698158264 
vt 0.004549379926174879 0.608767569065094 
vt 0.06612005829811096 0.5682318806648254 
vt 0.060071855783462524 0.5742460489273071 
vt 0.060071855783462524 0.608767569065094 
vt 0.060071855783462524 0.6432890892028809 
vt 0.06612005829811096 0.6493032574653625 
vt 0.06612005829811096 0.7591225504875183 
vt 0.07253114879131317 0.7591225504875183 
vt 0.06624101847410202 0.8066347241401672 
vt 0.004549379926174879 0.7596036791801453 
vt 0.07120054215192795 0.4100584089756012 
vt 0.07253114879131317 0.4585328698158264 
vt 0.0721682533621788 0.5682318806648254 
vt 0.0721682533621788 0.6493032574653625 
vt 0.0713215097784996 0.8074767589569092 
vt 0.004549379926174879 0.8054319024085999 
vt 0.9823014140129089 0.8042290806770325 
vt 0.9823014140129089 0.7558749318122864 
vt 0.9560521841049194 0.804469645023346 
vt 0.9560521841049194 0.7581602931022644 
vt 0.9622213840484619 0.7501012682914734 
vt 0.9823014140129089 0.7498607039451599 
vt 0.9931881427764893 0.7497404217720032 
vt 0.9931881427764893 0.7558749318122864 
vt 0.7756949067115784 0.20918412506580353 
vt 0.7649290561676025 0.20930440723896027 
vt 0.7752110362052917 0.2565760314464569 
vt 0.7649290561676025 0.2575382888317108 
vt 0.7985571026802063 0.3552089035511017 
vt 0.7926298379898071 0.3552089035511017 
vt 0.7990409135818481 0.39261722564697266 
vt 0.7887589931488037 0.39285778999328613 
vt 0.7456958293914795 0.35484805703163147 
vt 0.7449700236320496 0.39297807216644287 
vt 0.7922669649124146 0.324175626039505 
vt 0.7449700236320496 0.32369449734687805 
vt 0.3738524615764618 0.7891935706138611 
vt 0.3690139055252075 0.7943657636642456 
vt 0.08099862933158875 0.7891935706138611 
vt 0.08075670152902603 0.7946063280105591 
vt 0.3690139055252075 0.8106040954589844 
vt 0.08051477372646332 0.8383897542953491 
vt 0.08063573390245438 0.8486138582229614 
vt 0.3306683301925659 0.8487341403961182 
vt 0.6732383966445923 0.8543875217437744 
vt 0.38231995701789856 0.8543875217437744 
vt 0.6683998107910156 0.8492152690887451 
vt 0.3819570541381836 0.8489747047424316 
vt 0.6683998107910156 0.8329769372940063 
vt 0.38183608651161194 0.8051913380622864 
vt 0.3819570541381836 0.7949671745300293 
vt 0.6304171085357666 0.7947266101837158 
vt 0.7740013599395752 0.2931423485279083 
vt 0.7741223573684692 0.28616589307785034 
vt 0.7700095772743225 0.28616589307785034 
vt 0.9748015999794006 0.5015945434570312 
vt 0.9677857160568237 0.5015945434570312 
vt 0.9748015999794006 0.34739044308662415 
vt 0.9677857160568237 0.34739044308662415 
vt 0.9677857160568237 0.34318050742149353 
vt 0.905731201171875 0.3686807155609131 
vt 0.8988362550735474 0.3686807155609131 
vt 0.905731201171875 0.5230050683021545 
vt 0.8988362550735474 0.5228847861289978 
vt 0.6628354787826538 0.8137314915657043 
vt 0.6638031601905823 0.8079578876495361 
vt 0.6590855717658997 0.8079578876495361 
vt 0.7356557846069336 0.024548184126615524 
vt 0.6875120997428894 0.046319589018821716 
vt 0.6875120997428894 0.004581039771437645 
vt 0.39719852805137634 0.005062175914645195 
vt 0.3958679139614105 0.048845551908016205 
vt 0.3958679139614105 0.19968168437480927 
vt 0.6875120997428894 0.19968168437480927 
vt 0.7356557846069336 0.045838452875614166 
vt 0.7356557846069336 0.19968168437480927 
vt 0.7758158445358276 0.045477598905563354 
vt 0.7758158445358276 0.19968168437480927 
vt 0.7758158445358276 0.04126765951514244 
vt 0.7356557846069336 0.35352492332458496 
vt 0.6875120997428894 0.353043794631958 
vt 0.7356557846069336 0.3748151957988739 
vt 0.6875120997428894 0.39478233456611633 
vt 0.39719852805137634 0.3943012058734894 
vt 0.3958679139614105 0.35051780939102173 
vt 0.7687999606132507 0.3074561655521393 
vt 0.7519859075546265 0.2674015760421753 
vt 0.7475102543830872 0.3074561655521393 
vt 0.7478731870651245 0.2674015760421753 
vt 0.8371446132659912 0.8517412543296814 
vt 0.8371446132659912 0.8116866946220398 
vt 0.6829155087471008 0.8517412543296814 
vt 0.6832783818244934 0.8116866946220398 
vt 0.979398250579834 0.5266135931015015 
vt 0.9838739037513733 0.5207197070121765 
vt 0.9789143800735474 0.5207197070121765 
vt 0.9648825526237488 0.054739467799663544 
vt 0.9648825526237488 0.023465627804398537 
vt 0.9939139485359192 0.05437861755490303 
vt 0.9939139485359192 0.023104775696992874 
vt 0.9648825526237488 0.0049418918788433075 
vt 0.9939139485359192 0.004581039771437645 
vt 0.9648825526237488 0.08072081208229065 
vt 0.9648825526237488 0.1119946539402008 
vt 0.9692372679710388 0.07675144076347351 
vt 0.9692372679710388 0.1119946539402008 
vt 0.9692372679710388 0.13039810955524445 
vt 0.9648825526237488 0.13039810955524445 
vt 0.699487566947937 0.7456507682800293 
vt 0.699487566947937 0.5812225341796875 
vt 0.6621096730232239 0.7456507682800293 
vt 0.6621096730232239 0.5812225341796875 
vt 0.6423925757408142 0.5812225341796875 
vt 0.6621096730232239 0.41691458225250244 
vt 0.6423925757408142 0.41691458225250244 
vt 0.699487566947937 0.41691458225250244 
vt 0.6423925757408142 0.7456507682800293 
vt 0.9604068994522095 0.6926054954528809 
vt 0.9604068994522095 0.723879337310791 
vt 0.9906479120254517 0.6924852132797241 
vt 0.9906479120254517 0.7236387729644775 
vt 0.9604068994522095 0.7424030900001526 
vt 0.9906479120254517 0.7421625256538391 
vt 0.9604068994522095 0.6926054954528809 
vt 0.9604068994522095 0.723879337310791 
vt 0.9560521841049194 0.6886361241340637 
vt 0.9560521841049194 0.723879337310791 
vt 0.9560521841049194 0.7424030900001526 
vt 0.9604068994522095 0.7424030900001526 
vt 0.37590885162353516 0.18933726847171783 
vt 0.3698606491088867 0.1892169862985611 
vt 0.37736043334007263 0.1693701148033142 
vt 0.3698606491088867 0.16299507021903992 
vt 0.7735175490379333 0.26571759581565857 
vt 0.7735175490379333 0.27654317021369934 
vt 0.7674693465232849 0.26595816016197205 
vt 0.7674693465232849 0.2767837345600128 
vt 0.8263788223266602 0.9323315024375916 
vt 0.8525069952011108 0.930286705493927 
vt 0.8286771178245544 0.9784002900123596 
vt 0.8549262881278992 0.9784002900123596 
vt 0.8656920790672302 0.9784002900123596 
vt 0.8632728457450867 0.930286705493927 
vt 0.896416962146759 0.9784002900123596 
vt 0.89411860704422 0.930286705493927 
vt 0.9312545657157898 0.9344966411590576 
vt 0.930770754814148 0.9242724776268005 
vt 0.8937557339668274 0.9242724776268005 
vt 0.9334319233894348 0.9784002900123596 
vt 0.9777047634124756 0.8330972194671631 
vt 0.956536054611206 0.8763994574546814 
vt 0.977220892906189 0.8843382000923157 
vt 0.9389962553977966 0.9124846458435059 
vt 0.9778257012367249 0.9267984628677368 
vt 0.9383914470672607 0.915972888469696 
vt 0.9774628281593323 0.9328126907348633 
vt 0.889159083366394 0.3751760423183441 
vt 0.889159083366394 0.380829393863678 
vt 0.8851673007011414 0.37818315625190735 
vt 0.8851673007011414 0.4199216961860657 
vt 0.889159083366394 0.4213651120662689 
vt 0.8892800807952881 0.47008010745048523 
vt 0.8851673007011414 0.47008010745048523 
vt 0.6404571533203125 0.9320909380912781 
vt 0.6567872762680054 0.9699804186820984 
vt 0.6461424231529236 0.9318503737449646 
vt 0.6607790589332581 0.9705818295478821 
vt 0.6888427138328552 0.9319706559181213 
vt 0.6968263387680054 0.9530203938484192 
vt 0.7402524352073669 0.9318503737449646 
vt 0.4851393401622772 0.7781274318695068 
vt 0.4851393401622772 0.7741580605506897 
vt 0.533282995223999 0.7781274318695068 
vt 0.5318314433097839 0.7741580605506897 
vt 0.5734430551528931 0.7781274318695068 
vt 0.5710237622261047 0.7741580605506897 
vt 0.5759833455085754 0.7741580605506897 
vt 0.08317597955465317 0.7143769264221191 
vt 0.08148248493671417 0.7743986248970032 
vt 0.12708590924739838 0.7140160799026489 
vt 0.1275697648525238 0.7743986248970032 
vt 0.27792802453041077 0.7141363620758057 
vt 0.2372841089963913 0.7743986248970032 
vt 0.24333231151103973 0.7683844566345215 
vt 0.27792802453041077 0.7683844566345215 
vt 0.31240275502204895 0.7683844566345215 
vt 0.3184509575366974 0.7743986248970032 
vt 0.4281653165817261 0.7743986248970032 
vt 0.4281653165817261 0.7794505953788757 
vt 0.4740106761455536 0.7743986248970032 
vt 0.4286491572856903 0.7141363620758057 
vt 0.08124055713415146 0.7787288427352905 
vt 0.1275697648525238 0.7794505953788757 
vt 0.2372841089963913 0.7794505953788757 
vt 0.3184509575366974 0.7794505953788757 
vt 0.47497838735580444 0.7787288427352905 
vt 0.47243812680244446 0.7140160799026489 
vt 0.34687748551368713 0.010595239698886871 
vt 0.34711942076683044 0.004581039771437645 
vt 0.3576433062553406 0.010595239698886871 
vt 0.35800617933273315 0.004581039771437645 
vt 0.3780862092971802 0.004581039771437645 
vt 0.3838924765586853 0.012640068307518959 
vt 0.381594181060791 0.05870883911848068 
vt 0.3553449809551239 0.05870883911848068 
vt 0.7556148767471313 0.2575382888317108 
vt 0.7557358145713806 0.209424689412117 
vt 0.7448490858078003 0.2581396996974945 
vt 0.7448490858078003 0.20990583300590515 
vt 0.5179206132888794 0.7261647582054138 
vt 0.5197350382804871 0.7632122039794922 
vt 0.5239688158035278 0.7261647582054138 
vt 0.5300170183181763 0.7632122039794922 
vt 0.5722334384918213 0.7261647582054138 
vt 0.574047863483429 0.7632122039794922 
vt 0.522517204284668 0.6953720450401306 
vt 0.5706608891487122 0.6953720450401306 
vt 0.8841995596885681 0.9225885272026062 
vt 0.8815383911132812 0.9187394380569458 
vt 0.5955795049667358 0.9225885272026062 
vt 0.5957004427909851 0.9184988737106323 
vt 0.8815383911132812 0.902501106262207 
vt 0.5957004427909851 0.8744749426841736 
vt 0.5957004427909851 0.8642507791519165 
vt 0.8435556888580322 0.8642507791519165 
vt 0.2951049208641052 0.8570337295532227 
vt 0.004670343827456236 0.8566728830337524 
vt 0.29232272505760193 0.8605219721794128 
vt 0.004670343827456236 0.8607625365257263 
vt 0.29232272505760193 0.8768805861473083 
vt 0.004670343827456236 0.9047864675521851 
vt 0.004670343827456236 0.9150106310844421 
vt 0.254098117351532 0.9150106310844421 
vt 0.005396128166466951 0.9881433248519897 
vt 0.03660484030842781 0.9881433248519897 
vt 0.006363839842379093 0.9888650178909302 
vt 0.03660484030842781 0.9895867109298706 
vt 0.0551123321056366 0.9881433248519897 
vt 0.0551123321056366 0.9895867109298706 
vt 0.6302961707115173 0.40632960200309753 
vt 0.6304171085357666 0.40440505743026733 
vt 0.587837815284729 0.4059687554836273 
vt 0.5872329473495483 0.40440505743026733 
vt 0.5845717787742615 0.40897583961486816 
vt 0.5832411646842957 0.4088555574417114 
vt 0.3159107267856598 0.9777988791465759 
vt 0.31494301557540894 0.976836621761322 
vt 0.1605929434299469 0.9787611365318298 
vt 0.1605929434299469 0.976836621761322 
vt 0.005396128166466951 0.9777988791465759 
vt 0.006363839842379093 0.976836621761322 
vt 0.1132960170507431 0.9887447357177734 
vt 0.1141427606344223 0.9881433248519897 
vt 0.08317597955465317 0.9894664287567139 
vt 0.08305501937866211 0.9881433248519897 
vt 0.06466849148273468 0.9894664287567139 
vt 0.06454752385616302 0.9881433248519897 
vt 0.5738059878349304 0.6221190690994263 
vt 0.5718705654144287 0.6221190690994263 
vt 0.5738059878349304 0.663857638835907 
vt 0.5722334384918213 0.6632562279701233 
vt 0.5693302750587463 0.6678270101547241 
vt 0.5692093372344971 0.66650390625 
vt 0.5323153138160706 0.6784120202064514 
vt 0.5323153138160706 0.6803365349769592 
vt 0.558443546295166 0.6784120202064514 
vt 0.558443546295166 0.6803365349769592 
vt 0.5724753737449646 0.6784120202064514 
vt 0.5724753737449646 0.6803365349769592 
vt 0.923512876033783 0.28424134850502014 
vt 0.923633873462677 0.28231680393218994 
vt 0.9156502485275269 0.28424134850502014 
vt 0.9156502485275269 0.28231680393218994 
vt 0.006000948138535023 0.9242724776268005 
vt 0.004549379926174879 0.9242724776268005 
vt 0.006000948138535023 0.9304069876670837 
vt 0.004549379926174879 0.9304069876670837 
vt 0.06926511973142624 0.5808616876602173 
vt 0.06926511973142624 0.5950552225112915 
vt 0.07107958197593689 0.5950552225112915 
vt 0.07107958197593689 0.6292158365249634 
vt 0.06926511973142624 0.6292158365249634 
vt 0.06926511973142624 0.5808616876602173 
vt 0.07107958197593689 0.5950552225112915 
vt 0.0702328309416771 0.5808616876602173 
vt 0.4028838276863098 0.9842942357063293 
vt 0.4490920901298523 0.9842942357063293 
vt 0.4028838276863098 0.9856173396110535 
vt 0.4490920901298523 0.9856173396110535 
vt 0.2977661192417145 0.7794505953788757 
vt 0.24950148165225983 0.779811441898346 
vt 0.298491895198822 0.7778868675231934 
vt 0.24950148165225983 0.7778868675231934 
vt 0.49396973848342896 0.7201505303382874 
vt 0.49396973848342896 0.7141363620758057 
vt 0.4953003227710724 0.7201505303382874 
vt 0.4953003227710724 0.7141363620758057 
vt 0.8463378548622131 0.8481327295303345 
vt 0.8463378548622131 0.8079578876495361 
vt 0.8482732772827148 0.8481327295303345 
vt 0.8482732772827148 0.8079578876495361 
vt 0.8825060725212097 0.6822611093521118 
vt 0.883473813533783 0.6822611093521118 
vt 0.8825060725212097 0.6856290698051453 
vt 0.18285031616687775 0.6998225450515747 
vt 0.18285031616687775 0.7025890946388245 
vt 0.18345513939857483 0.7007848024368286 
vt 0.5389683246612549 0.6681878566741943 
vt 0.5389683246612549 0.6642184853553772 
vt 0.5399360656738281 0.6674661636352539 
vt 0.5399360656738281 0.6649401783943176 
vt 0.5914667248725891 0.7741580605506897 
vt 0.5852975249290466 0.7741580605506897 
vt 0.5913457274436951 0.7722335457801819 
vt 0.5852975249290466 0.7722335457801819 
vt 0.8724660873413086 0.8079578876495361 
vt 0.8724660873413086 0.842479407787323 
vt 0.8706516027450562 0.8079578876495361 
vt 0.8706516027450562 0.842479407787323 
vt 0.8724660873413086 0.8770008683204651 
vt 0.8706516027450562 0.8770008683204651 
vt 0.3228056728839874 0.9645676612854004 
vt 0.3237733840942383 0.9636053442955017 
vt 0.3178461492061615 0.9645676612854004 
vt 0.3178461492061615 0.9626430869102478 
vt 0.9670599102973938 0.8197457194328308 
vt 0.9689953327178955 0.8197457194328308 
vt 0.9670599102973938 0.8137314915657043 
vt 0.9689953327178955 0.8137314915657043 
vt 0.995244562625885 0.3263407349586487 
vt 0.995244562625885 0.3244161903858185 
vt 0.9902850389480591 0.3263407349586487 
vt 0.9893172979354858 0.3253784775733948 
vt 0.3259507417678833 0.004581039771437645 
vt 0.3259507417678833 0.006505583878606558 
vt 0.3338133990764618 0.004581039771437645 
vt 0.3338133990764618 0.006505583878606558 
vt 0.42937493324279785 0.9701007008552551 
vt 0.4311894178390503 0.9701007008552551 
vt 0.42937493324279785 0.9439990520477295 
vt 0.4311894178390503 0.9439990520477295 
vt 0.42937493324279785 0.9299258589744568 
vt 0.4311894178390503 0.9299258589744568 
vt 0.3421598970890045 0.8529440760612488 
vt 0.3421598970890045 0.8545078039169312 
vt 0.34820809960365295 0.8529440760612488 
vt 0.34820809960365295 0.8545078039169312 
vt 0.48392972350120544 0.7624905109405518 
vt 0.4829620122909546 0.7482970356941223 
vt 0.4829620122909546 0.7624905109405518 
vt 0.48392972350120544 0.7624905109405518 
vt 0.4829620122909546 0.7482970356941223 
vt 0.48477646708488464 0.7482970356941223 
vt 0.4829620122909546 0.7140160799026489 
vt 0.48477646708488464 0.7140160799026489 
vt 0.9535119533538818 0.9818885326385498 
vt 0.9549635052680969 0.9818885326385498 
vt 0.9535119533538818 0.9355791807174683 
vt 0.9549635052680969 0.9355791807174683 
vt 0.4950583875179291 0.7573183178901672 
vt 0.493606835603714 0.7573183178901672 
vt 0.4950583875179291 0.7633324861526489 
vt 0.493606835603714 0.7633324861526489 
vt 0.5042516589164734 0.7618891000747681 
vt 0.5061870813369751 0.7618891000747681 
vt 0.504614531993866 0.713534951210022 
vt 0.5061870813369751 0.7128132581710815 
vt 0.9425042271614075 0.9720252752304077 
vt 0.9443187117576599 0.9720252752304077 
vt 0.9425042271614075 0.9318503737449646 
vt 0.9443187117576599 0.9318503737449646 
vt 0.6719077825546265 0.8199862837791443 
vt 0.6739641427993774 0.8213093876838684 
vt 0.6721497178077698 0.8160169124603271 
vt 0.6739641427993774 0.8157763481140137 
vt 0.3570384681224823 0.16973097622394562 
vt 0.3551030457019806 0.16973097622394562 
vt 0.3570384681224823 0.1859693080186844 
vt 0.3551030457019806 0.1859693080186844 
vt 0.9914946556091309 0.06460275501012802 
vt 0.9895592331886292 0.06460275501012802 
vt 0.9914946556091309 0.3139514923095703 
vt 0.9899221062660217 0.31467318534851074 
vt 0.38679561018943787 0.39129409193992615 
vt 0.38679561018943787 0.38936954736709595 
vt 0.3463936448097229 0.39129409193992615 
vt 0.3463936448097229 0.38936954736709595 
vt 0.27429908514022827 0.9116426706314087 
vt 0.27623453736305237 0.9117629528045654 
vt 0.27405717968940735 0.9080341458320618 
vt 0.27623453736305237 0.9063501954078674 
vt 0.9648825526237488 0.15601859986782074 
vt 0.9668179750442505 0.15601859986782074 
vt 0.9648825526237488 0.13978025317192078 
vt 0.9668179750442505 0.13978025317192078 
vt 0.3101044297218323 0.9299258589744568 
vt 0.3101044297218323 0.9318503737449646 
vt 0.35050642490386963 0.9299258589744568 
vt 0.35050642490386963 0.9318503737449646 
vt 0.5612257122993469 0.6536334753036499 
vt 0.562798261642456 0.6543552279472351 
vt 0.5608628392219543 0.40440505743026733 
vt 0.562798261642456 0.40440505743026733 
s on 
f 1/1/1 2/2/2 3/3/3 
f 2/2/2 2/2/2 3/3/3 
f 3/3/3 2/2/2 4/4/4 
f 2/2/2 2/2/2 4/4/4 
f 4/4/4 2/2/2 5/5/5 
f 2/2/2 2/2/2 5/5/5 
f 5/5/5 2/2/2 6/6/6 
f 2/2/2 2/2/2 6/6/6 
f 6/6/6 2/2/2 7/7/7 
f 2/2/2 8/8/8 7/7/7 
f 7/7/7 8/8/8 9/9/9 
f 8/8/8 8/8/8 9/9/9 
f 9/9/9 8/8/8 10/10/10 
f 8/8/8 2/2/2 10/10/10 
f 10/10/10 2/2/2 1/1/1 
f 2/2/2 1/1/1 1/1/1 
f 1/1/1 1/1/1 11/11/11 
f 1/1/1 11/11/11 11/11/11 
f 11/11/11 11/11/11 12/12/12 
f 11/11/11 13/13/13 12/12/12 
f 12/12/12 13/13/13 14/14/14 
f 13/13/13 7/7/7 14/14/14 
f 14/14/14 7/7/7 15/15/15 
f 7/7/7 9/9/9 15/15/15 
f 15/15/15 9/9/9 9/9/9 
f 9/9/9 15/15/15 9/9/9 
f 9/9/9 15/15/15 15/15/15 
f 15/15/15 16/16/16 15/15/15 
f 15/15/15 16/16/16 14/14/14 
f 16/16/16 16/16/16 14/14/14 
f 14/14/14 16/16/16 17/17/17 
f 16/16/16 16/16/16 17/17/17 
f 17/17/17 16/16/16 18/18/18 
f 16/16/16 19/19/19 18/18/18 
f 18/18/18 19/19/19 20/20/20 
f 19/19/19 21/21/21 20/20/20 
f 20/20/20 21/21/21 22/22/22 
f 21/21/21 23/23/23 22/22/22 
f 22/22/22 23/23/23 24/24/24 
f 23/23/23 23/23/23 24/24/24 
f 24/24/24 23/23/23 25/25/25 
f 23/23/23 23/23/23 25/25/25 
f 25/25/25 23/23/23 26/26/26 
f 23/23/23 23/23/23 26/26/26 
f 26/26/26 23/23/23 27/27/27 
f 23/23/23 21/21/21 27/27/27 
f 27/27/27 21/21/21 28/28/28 
f 21/21/21 19/19/19 28/28/28 
f 28/28/28 19/19/19 29/29/29 
f 19/19/19 16/16/16 29/29/29 
f 29/29/29 16/16/16 29/29/29 
f 16/16/16 15/15/15 29/29/29 
f 29/29/29 15/15/15 30/30/30 
f 15/15/15 9/9/9 30/30/30 
f 30/30/30 9/9/9 31/31/31 
f 9/9/9 10/10/10 31/31/31 
f 31/31/31 10/10/10 32/32/32 
f 10/10/10 33/33/33 32/32/32 
f 32/32/32 33/33/33 34/34/34 
f 33/33/33 35/35/35 34/34/34 
f 34/34/34 35/35/35 35/35/35 
f 35/35/35 31/31/31 35/35/35 
f 35/35/35 31/31/31 31/31/31 
f 31/31/31 32/32/32 31/31/31 
f 31/31/31 32/32/32 36/36/36 
f 32/32/32 37/37/37 36/36/36 
f 36/36/36 37/37/37 36/36/36 
f 37/37/37 38/38/38 36/36/36 
f 36/36/36 38/38/38 39/39/39 
f 38/38/38 40/40/40 39/39/39 
f 39/39/39 40/40/40 40/40/40 
f 40/40/40 39/39/39 40/40/40 
f 40/40/40 39/39/39 39/39/39 
f 39/39/39 41/41/41 39/39/39 
f 39/39/39 41/41/41 36/36/36 
f 41/41/41 41/41/41 36/36/36 
f 36/36/36 41/41/41 31/31/31 
f 41/41/41 41/41/41 31/31/31 
f 31/31/31 41/41/41 30/30/30 
f 41/41/41 42/42/42 30/30/30 
f 30/30/30 42/42/42 29/29/29 
f 42/42/42 42/42/42 29/29/29 
f 29/29/29 42/42/42 28/28/28 
f 42/42/42 43/43/43 28/28/28 
f 28/28/28 43/43/43 27/27/27 
f 43/43/43 27/27/27 27/27/27 
f 27/27/27 27/27/27 43/43/43 
f 27/27/27 43/43/43 43/43/43 
f 43/43/43 43/43/43 44/44/44 
f 43/43/43 42/42/42 44/44/44 
f 44/44/44 42/42/42 44/44/44 
f 42/42/42 41/41/41 44/44/44 
f 44/44/44 41/41/41 44/44/44 
f 41/41/41 39/39/39 44/44/44 
f 44/44/44 39/39/39 45/45/45 
f 39/39/39 40/40/40 45/45/45 
f 45/45/45 40/40/40 45/45/45 
f 40/40/40 46/46/46 45/45/45 
f 45/45/45 46/46/46 47/47/47 
f 46/46/46 48/48/48 47/47/47 
f 47/47/47 48/48/48 47/47/47 
f 48/48/48 49/49/49 47/47/47 
f 47/47/47 49/49/49 47/47/47 
f 49/49/49 50/50/50 47/47/47 
f 47/47/47 50/50/50 51/51/51 
f 50/50/50 52/52/52 51/51/51 
f 51/51/51 52/52/52 43/43/43 
f 52/52/52 52/52/52 43/43/43 
f 43/43/43 52/52/52 27/27/27 
f 52/52/52 52/52/52 27/27/27 
f 27/27/27 52/52/52 26/26/26 
f 52/52/52 53/53/53 26/26/26 
f 26/26/26 53/53/53 25/25/25 
f 53/53/53 54/54/54 25/25/25 
f 25/25/25 54/54/54 55/55/55 
f 54/54/54 54/54/54 55/55/55 
f 55/55/55 54/54/54 56/56/56 
f 54/54/54 57/57/57 56/56/56 
f 56/56/56 57/57/57 58/58/58 
f 57/57/57 59/59/59 58/58/58 
f 58/58/58 59/59/59 60/60/60 
f 59/59/59 61/61/61 60/60/60 
f 60/60/60 61/61/61 62/62/62 
f 61/61/61 63/63/63 62/62/62 
f 62/62/62 63/63/63 64/64/64 
f 63/63/63 65/65/65 64/64/64 
f 64/64/64 65/65/65 66/66/66 
f 65/65/65 65/65/65 66/66/66 
f 66/66/66 65/65/65 67/67/67 
f 65/65/65 68/68/68 67/67/67 
f 67/67/67 68/68/68 69/69/69 
f 68/68/68 68/68/68 69/69/69 
f 69/69/69 68/68/68 70/70/70 
f 68/68/68 68/68/68 70/70/70 
f 70/70/70 68/68/68 71/71/71 
f 68/68/68 68/68/68 71/71/71 
f 71/71/71 68/68/68 72/72/72 
f 68/68/68 65/65/65 72/72/72 
f 72/72/72 65/65/65 72/72/72 
f 65/65/65 63/63/63 72/72/72 
f 72/72/72 63/63/63 73/73/73 
f 63/63/63 61/61/61 73/73/73 
f 73/73/73 61/61/61 74/74/74 
f 61/61/61 59/59/59 74/74/74 
f 74/74/74 59/59/59 75/75/75 
f 59/59/59 57/57/57 75/75/75 
f 75/75/75 57/57/57 76/76/76 
f 57/57/57 54/54/54 76/76/76 
f 76/76/76 54/54/54 76/76/76 
f 54/54/54 53/53/53 76/76/76 
f 76/76/76 53/53/53 77/77/77 
f 53/53/53 78/78/78 77/77/77 
f 77/77/77 78/78/78 79/79/79 
f 78/78/78 52/52/52 79/79/79 
f 79/79/79 52/52/52 79/79/79 
f 52/52/52 50/50/50 79/79/79 
f 79/79/79 50/50/50 79/79/79 
f 50/50/50 49/49/49 79/79/79 
f 79/79/79 49/49/49 80/80/80 
f 49/49/49 81/81/81 80/80/80 
f 80/80/80 81/81/81 80/80/80 
f 81/81/81 82/82/82 80/80/80 
f 80/80/80 82/82/82 83/83/83 
f 82/82/82 84/84/84 83/83/83 
f 83/83/83 84/84/84 84/84/84 
f 84/84/84 47/47/47 84/84/84 
f 84/84/84 47/47/47 47/47/47 
f 47/47/47 51/51/51 47/47/47 
f 47/47/47 51/51/51 45/45/45 
f 51/51/51 51/51/51 45/45/45 
f 45/45/45 51/51/51 44/44/44 
f 51/51/51 43/43/43 44/44/44 
f 44/44/44 43/43/43 43/43/43 
f 43/43/43 52/52/52 43/43/43 
f 43/43/43 52/52/52 52/52/52 
f 52/52/52 78/78/78 52/52/52 
f 52/52/52 78/78/78 53/53/53 
f 78/78/78 53/53/53 53/53/53 
f 53/53/53 53/53/53 83/83/83 
f 53/53/53 83/83/83 83/83/83 
f 83/83/83 83/83/83 80/80/80 
f 83/83/83 85/85/85 80/80/80 
f 80/80/80 85/85/85 79/79/79 
f 85/85/85 85/85/85 79/79/79 
f 79/79/79 85/85/85 77/77/77 
f 85/85/85 86/86/86 77/77/77 
f 77/77/77 86/86/86 76/76/76 
f 86/86/86 86/86/86 76/76/76 
f 76/76/76 86/86/86 75/75/75 
f 86/86/86 87/87/87 75/75/75 
f 75/75/75 87/87/87 74/74/74 
f 87/87/87 74/74/74 74/74/74 
f 74/74/74 74/74/74 87/87/87 
f 74/74/74 87/87/87 87/87/87 
f 87/87/87 87/87/87 88/88/88 
f 87/87/87 86/86/86 88/88/88 
f 88/88/88 86/86/86 88/88/88 
f 86/86/86 85/85/85 88/88/88 
f 88/88/88 85/85/85 88/88/88 
f 85/85/85 83/83/83 88/88/88 
f 88/88/88 83/83/83 89/89/89 
f 83/83/83 84/84/84 89/89/89 
f 89/89/89 84/84/84 89/89/89 
f 84/84/84 90/90/90 89/89/89 
f 89/89/89 90/90/90 91/91/91 
f 90/90/90 92/92/92 91/91/91 
f 91/91/91 92/92/92 92/92/92 
f 92/92/92 91/91/91 92/92/92 
f 92/92/92 91/91/91 91/91/91 
f 91/91/91 93/93/93 91/91/91 
f 91/91/91 93/93/93 89/89/89 
f 93/93/93 93/93/93 89/89/89 
f 89/89/89 93/93/93 88/88/88 
f 93/93/93 93/93/93 88/88/88 
f 88/88/88 93/93/93 87/87/87 
f 93/93/93 94/94/94 87/87/87 
f 87/87/87 94/94/94 74/74/74 
f 94/94/94 94/94/94 74/74/74 
f 74/74/74 94/94/94 73/73/73 
f 94/94/94 95/95/95 73/73/73 
f 73/73/73 95/95/95 72/72/72 
f 95/95/95 95/95/95 72/72/72 
f 72/72/72 95/95/95 71/71/71 
f 95/95/95 96/96/96 71/71/71 
f 71/71/71 96/96/96 97/97/97 
f 96/96/96 98/98/98 97/97/97 
f 97/97/97 98/98/98 99/99/99 
f 98/98/98 98/98/98 99/99/99 
f 99/99/99 98/98/98 100/100/100 
f 98/98/98 98/98/98 100/100/100 
f 100/100/100 98/98/98 101/101/101 
f 98/98/98 102/102/102 101/101/101 
f 101/101/101 102/102/102 92/92/92 
f 102/102/102 102/102/102 92/92/92 
f 92/92/92 102/102/102 91/91/91 
f 102/102/102 102/102/102 91/91/91 
f 91/91/91 102/102/102 103/103/103 
f 102/102/102 96/96/96 103/103/103 
f 103/103/103 96/96/96 103/103/103 
f 96/96/96 95/95/95 103/103/103 
f 103/103/103 95/95/95 103/103/103 
f 95/95/95 94/94/94 103/103/103 
f 103/103/103 94/94/94 103/103/103 
f 94/94/94 93/93/93 103/103/103 
f 103/103/103 93/93/93 91/91/91 
f 93/93/93 91/91/91 91/91/91 
f 91/91/91 91/91/91 71/71/71 
f 91/91/91 71/71/71 71/71/71 
f 71/71/71 71/71/71 70/70/70 
f 71/71/71 97/97/97 70/70/70 
f 70/70/70 97/97/97 104/104/104 
f 97/97/97 99/99/99 104/104/104 
f 104/104/104 99/99/99 99/99/99 
f 99/99/99 96/96/96 99/99/99 
f 99/99/99 96/96/96 96/96/96 
f 96/96/96 102/102/102 96/96/96 
f 96/96/96 102/102/102 98/98/98 
f 102/102/102 98/98/98 98/98/98 
f 98/98/98 98/98/98 105/105/105 
f 98/98/98 105/105/105 105/105/105 
f 105/105/105 105/105/105 106/106/106 
f 105/105/105 107/107/107 106/106/106 
f 106/106/106 107/107/107 107/107/107 
f 107/107/107 108/108/108 107/107/107 
f 107/107/107 108/108/108 108/108/108 
f 108/108/108 109/109/109 108/108/108 
f 108/108/108 109/109/109 110/110/110 
f 109/109/109 110/110/110 110/110/110 
f 110/110/110 110/110/110 111/111/111 
f 110/110/110 111/111/111 111/111/111 
f 111/111/111 111/111/111 112/112/112 
f 111/111/111 113/113/113 112/112/112 
f 112/112/112 113/113/113 113/113/113 
f 113/113/113 114/114/114 113/113/113 
f 113/113/113 114/114/114 114/114/114 
f 114/114/114 115/115/115 114/114/114 
f 114/114/114 115/115/115 116/116/116 
f 115/115/115 116/116/116 116/116/116 
f 116/116/116 116/116/116 117/117/117 
f 116/116/116 117/117/117 117/117/117 
f 117/117/117 117/117/117 118/118/118 
f 117/117/117 119/119/119 118/118/118 
f 118/118/118 119/119/119 120/120/120 
f 119/119/119 120/120/120 120/120/120 
f 120/120/120 120/120/120 117/117/117 
f 120/120/120 117/117/117 117/117/117 
f 117/117/117 117/117/117 121/121/121 
f 117/117/117 118/118/118 121/121/121 
f 121/121/121 118/118/118 122/122/122 
f 118/118/118 118/118/118 122/122/122 
f 122/122/122 118/118/118 123/123/123 
f 118/118/118 120/120/120 123/123/123 
f 123/123/123 120/120/120 120/120/120 
f 120/120/120 121/121/121 120/120/120 
f 120/120/120 121/121/121 121/121/121 
f 121/121/121 122/122/122 121/121/121 
f 121/121/121 122/122/122 124/124/124 
f 122/122/122 125/125/125 124/124/124 
f 124/124/124 125/125/125 126/126/126 
f 125/125/125 127/127/127 126/126/126 
f 126/126/126 127/127/127 128/128/128 
f 127/127/127 129/129/129 128/128/128 
f 128/128/128 129/129/129 129/129/129 
f 129/129/129 123/123/123 129/129/129 
f 129/129/129 123/123/123 123/123/123 
f 123/123/123 130/130/130 123/123/123 
f 123/123/123 130/130/130 122/122/122 
f 130/130/130 122/122/122 122/122/122 
f 122/122/122 122/122/122 123/123/123 
f 122/122/122 123/123/123 123/123/123 
f 123/123/123 123/123/123 131/131/131 
f 123/123/123 120/120/120 131/131/131 
f 131/131/131 120/120/120 132/132/132 
f 120/120/120 133/133/133 132/132/132 
f 132/132/132 133/133/133 134/134/134 
f 133/133/133 135/135/135 134/134/134 
f 134/134/134 135/135/135 134/134/134 
f 135/135/135 136/136/136 134/134/134 
f 134/134/134 136/136/136 137/137/137 
f 136/136/136 138/138/138 137/137/137 
f 137/137/137 138/138/138 139/139/139 
f 138/138/138 140/140/140 139/139/139 
f 139/139/139 140/140/140 141/141/141 
f 140/140/140 141/141/141 141/141/141 
f 141/141/141 141/141/141 120/120/120 
f 141/141/141 120/120/120 120/120/120 
f 120/120/120 120/120/120 133/133/133 
f 120/120/120 119/119/119 133/133/133 
f 133/133/133 119/119/119 133/133/133 
f 119/119/119 142/142/142 133/133/133 
f 133/133/133 142/142/142 135/135/135 
f 142/142/142 135/135/135 135/135/135 
f 135/135/135 135/135/135 134/134/134 
f 135/135/135 134/134/134 134/134/134 
f 134/134/134 134/134/134 132/132/132 
f 134/134/134 143/143/143 132/132/132 
f 132/132/132 143/143/143 143/143/143 
f 143/143/143 144/144/144 143/143/143 
f 143/143/143 144/144/144 144/144/144 
f 144/144/144 145/145/145 144/144/144 
f 144/144/144 145/145/145 146/146/146 
f 145/145/145 145/145/145 146/146/146 
f 146/146/146 145/145/145 147/147/147 
f 145/145/145 145/145/145 147/147/147 
f 147/147/147 145/145/145 148/148/148 
f 145/145/145 149/149/149 148/148/148 
f 148/148/148 149/149/149 150/150/150 
f 149/149/149 151/151/151 150/150/150 
f 150/150/150 151/151/151 152/152/152 
f 151/151/151 153/153/153 152/152/152 
f 152/152/152 153/153/153 154/154/154 
f 153/153/153 154/154/154 154/154/154 
f 154/154/154 154/154/154 155/155/155 
f 154/154/154 155/155/155 155/155/155 
f 155/155/155 155/155/155 156/156/156 
f 155/155/155 157/157/157 156/156/156 
f 156/156/156 157/157/157 156/156/156 
f 157/157/157 158/158/158 156/156/156 
f 156/156/156 158/158/158 156/156/156 
f 158/158/158 149/149/149 156/156/156 
f 156/156/156 149/149/149 145/145/145 
f 149/149/149 145/145/145 145/145/145 
f 145/145/145 145/145/145 149/149/149 
f 145/145/145 149/149/149 149/149/149 
f 149/149/149 149/149/149 151/151/151 
f 149/149/149 159/159/159 151/151/151 
f 151/151/151 159/159/159 160/160/160 
f 159/159/159 161/161/161 160/160/160 
f 160/160/160 161/161/161 160/160/160 
f 161/161/161 162/162/162 160/160/160 
f 160/160/160 162/162/162 160/160/160 
f 162/162/162 163/163/163 160/160/160 
f 160/160/160 163/163/163 160/160/160 
f 163/163/163 153/153/153 160/160/160 
f 160/160/160 153/153/153 151/151/151 
f 153/153/153 151/151/151 151/151/151 
f 151/151/151 151/151/151 159/159/159 
f 151/151/151 159/159/159 159/159/159 
f 159/159/159 159/159/159 161/161/161 
f 159/159/159 164/164/164 161/161/161 
f 161/161/161 164/164/164 164/164/164 
f 164/164/164 165/165/165 164/164/164 
f 164/164/164 165/165/165 165/165/165 
f 165/165/165 166/166/166 165/165/165 
f 165/165/165 166/166/166 167/167/167 
f 166/166/166 168/168/168 167/167/167 
f 167/167/167 168/168/168 167/167/167 
f 168/168/168 169/169/169 167/167/167 
f 167/167/167 169/169/169 153/153/153 
f 169/169/169 169/169/169 153/153/153 
f 153/153/153 169/169/169 154/154/154 
f 169/169/169 169/169/169 154/154/154 
f 154/154/154 169/169/169 170/170/170 
f 169/169/169 169/169/169 170/170/170 
f 170/170/170 169/169/169 171/171/171 
f 169/169/169 172/172/172 171/171/171 
f 171/171/171 172/172/172 173/173/173 
f 172/172/172 174/174/174 173/173/173 
f 173/173/173 174/174/174 175/175/175 
f 174/174/174 174/174/174 175/175/175 
f 175/175/175 174/174/174 176/176/176 
f 174/174/174 177/177/177 176/176/176 
f 176/176/176 177/177/177 177/177/177 
f 177/177/177 169/169/169 177/177/177 
f 177/177/177 169/169/169 169/169/169 
f 169/169/169 178/178/178 169/169/169 
f 169/169/169 178/178/178 172/172/172 
f 178/178/178 178/178/178 172/172/172 
f 172/172/172 178/178/178 179/179/179 
f 178/178/178 178/178/178 179/179/179 
f 179/179/179 178/178/178 180/180/180 
f 178/178/178 181/181/181 180/180/180 
f 180/180/180 181/181/181 181/181/181 
f 181/181/181 171/171/171 181/181/181 
f 181/181/181 171/171/171 171/171/171 
f 171/171/171 173/173/173 171/171/171 
f 171/171/171 173/173/173 182/182/182 
f 173/173/173 183/183/183 182/182/182 
f 182/182/182 183/183/183 184/184/184 
f 183/183/183 185/185/185 184/184/184 
f 184/184/184 185/185/185 186/186/186 
f 185/185/185 186/186/186 186/186/186 
f 186/186/186 186/186/186 173/173/173 
f 186/186/186 173/173/173 173/173/173 
f 173/173/173 173/173/173 183/183/183 
f 173/173/173 187/187/187 183/183/183 
f 183/183/183 187/187/187 188/188/188 
f 187/187/187 189/189/189 188/188/188 
f 188/188/188 189/189/189 188/188/188 
f 189/189/189 190/190/190 188/188/188 
f 188/188/188 190/190/190 188/188/188 
f 190/190/190 191/191/191 188/188/188 
f 188/188/188 191/191/191 188/188/188 
f 191/191/191 185/185/185 188/188/188 
f 188/188/188 185/185/185 183/183/183 
f 185/185/185 183/183/183 183/183/183 
f 183/183/183 183/183/183 187/187/187 
f 183/183/183 187/187/187 187/187/187 
f 187/187/187 187/187/187 189/189/189 
f 187/187/187 192/192/192 189/189/189 
f 189/189/189 192/192/192 192/192/192 
f 192/192/192 193/193/193 192/192/192 
f 192/192/192 193/193/193 193/193/193 
f 193/193/193 194/194/194 193/193/193 
f 193/193/193 194/194/194 195/195/195 
f 194/194/194 196/196/196 195/195/195 
f 195/195/195 196/196/196 195/195/195 
f 196/196/196 197/197/197 195/195/195 
f 195/195/195 197/197/197 185/185/185 
f 197/197/197 197/197/197 185/185/185 
f 185/185/185 197/197/197 186/186/186 
f 197/197/197 197/197/197 186/186/186 
f 186/186/186 197/197/197 198/198/198 
f 197/197/197 199/199/199 198/198/198 
f 198/198/198 199/199/199 200/200/200 
f 199/199/199 199/199/199 200/200/200 
f 200/200/200 199/199/199 201/201/201 
f 199/199/199 199/199/199 201/201/201 
f 201/201/201 199/199/199 202/202/202 
f 199/199/199 203/203/203 202/202/202 
f 202/202/202 203/203/203 204/204/204 
f 203/203/203 203/203/203 204/204/204 
f 204/204/204 203/203/203 205/205/205 
f 203/203/203 206/206/206 205/205/205 
f 205/205/205 206/206/206 206/206/206 
f 206/206/206 197/197/197 206/206/206 
f 206/206/206 197/197/197 197/197/197 
f 197/197/197 207/207/207 197/197/197 
f 197/197/197 207/207/207 199/199/199 
f 207/207/207 207/207/207 199/199/199 
f 199/199/199 207/207/207 208/208/208 
f 207/207/207 207/207/207 208/208/208 
f 208/208/208 207/207/207 209/209/209 
f 207/207/207 210/210/210 209/209/209 
f 209/209/209 210/210/210 210/210/210 
f 210/210/210 145/145/145 210/210/210 
f 210/210/210 145/145/145 145/145/145 
f 145/145/145 144/144/144 145/145/145 
f 145/145/145 144/144/144 211/211/211 
f 144/144/144 144/144/144 211/211/211 
f 211/211/211 144/144/144 212/212/212 
f 144/144/144 213/213/213 212/212/212 
f 212/212/212 213/213/213 213/213/213 
f 213/213/213 214/214/214 213/213/213 
f 213/213/213 214/214/214 214/214/214 
f 214/214/214 215/215/215 214/214/214 
f 214/214/214 215/215/215 216/216/216 
f 215/215/215 217/217/217 216/216/216 
f 216/216/216 217/217/217 216/216/216 
f 217/217/217 218/218/218 216/216/216 
f 216/216/216 218/218/218 219/219/219 
f 218/218/218 220/220/220 219/219/219 
f 219/219/219 220/220/220 221/221/221 
f 220/220/220 222/222/222 221/221/221 
f 221/221/221 222/222/222 223/223/223 
f 222/222/222 224/224/224 223/223/223 
f 223/223/223 224/224/224 225/225/225 
f 224/224/224 226/226/226 225/225/225 
f 225/225/225 226/226/226 225/225/225 
f 226/226/226 227/227/227 225/225/225 
f 225/225/225 227/227/227 228/228/228 
f 227/227/227 227/227/227 228/228/228 
f 228/228/228 227/227/227 229/229/229 
f 227/227/227 230/230/230 229/229/229 
f 229/229/229 230/230/230 231/231/231 
f 230/230/230 232/232/232 231/231/231 
f 231/231/231 232/232/232 233/233/233 
f 232/232/232 234/234/234 233/233/233 
f 233/233/233 234/234/234 235/235/235 
f 234/234/234 236/236/236 235/235/235 
f 235/235/235 236/236/236 237/237/237 
f 236/236/236 238/238/238 237/237/237 
f 237/237/237 238/238/238 237/237/237 
f 238/238/238 239/239/239 237/237/237 
f 237/237/237 239/239/239 237/237/237 
f 239/239/239 240/240/240 237/237/237 
f 237/237/237 240/240/240 241/241/241 
f 240/240/240 242/242/242 241/241/241 
f 241/241/241 242/242/242 243/243/243 
f 242/242/242 244/244/244 243/243/243 
f 243/243/243 244/244/244 244/244/244 
f 244/244/244 245/245/245 244/244/244 
f 244/244/244 245/245/245 245/245/245 
f 245/245/245 246/246/246 245/245/245 
f 245/245/245 246/246/246 247/247/247 
f 246/246/246 248/248/248 247/247/247 
f 247/247/247 248/248/248 237/237/237 
f 248/248/248 235/235/235 237/237/237 
f 237/237/237 235/235/235 235/235/235 
f 235/235/235 249/249/249 235/235/235 
f 235/235/235 249/249/249 249/249/249 
f 249/249/249 250/250/250 249/249/249 
f 249/249/249 250/250/250 251/251/251 
f 250/250/250 252/252/252 251/251/251 
f 251/251/251 252/252/252 235/235/235 
f 252/252/252 233/233/233 235/235/235 
f 235/235/235 233/233/233 233/233/233 
f 233/233/233 253/253/253 233/233/233 
f 233/233/233 253/253/253 253/253/253 
f 253/253/253 254/254/254 253/253/253 
f 253/253/253 254/254/254 255/255/255 
f 254/254/254 256/256/256 255/255/255 
f 255/255/255 256/256/256 233/233/233 
f 256/256/256 256/256/256 233/233/233 
f 233/233/233 256/256/256 231/231/231 
f 256/256/256 257/257/257 231/231/231 
f 231/231/231 257/257/257 229/229/229 
f 257/257/257 229/229/229 229/229/229 
f 229/229/229 229/229/229 254/254/254 
f 229/229/229 254/254/254 254/254/254 
f 254/254/254 254/254/254 256/256/256 
f 254/254/254 258/258/258 256/256/256 
f 256/256/256 258/258/258 257/257/257 
f 258/258/258 257/257/257 257/257/257 
f 257/257/257 257/257/257 259/259/259 
f 257/257/257 259/259/259 259/259/259 
f 259/259/259 259/259/259 260/260/260 
f 259/259/259 261/261/261 260/260/260 
f 260/260/260 261/261/261 260/260/260 
f 261/261/261 262/262/262 260/260/260 
f 260/260/260 262/262/262 229/229/229 
f 262/262/262 228/228/228 229/229/229 
f 229/229/229 228/228/228 228/228/228 
f 228/228/228 263/263/263 228/228/228 
f 228/228/228 263/263/263 263/263/263 
f 263/263/263 264/264/264 263/263/263 
f 263/263/263 264/264/264 265/265/265 
f 264/264/264 266/266/266 265/265/265 
f 265/265/265 266/266/266 228/228/228 
f 266/266/266 225/225/225 228/228/228 
f 228/228/228 225/225/225 225/225/225 
f 225/225/225 267/267/267 225/225/225 
f 225/225/225 267/267/267 267/267/267 
f 267/267/267 268/268/268 267/267/267 
f 267/267/267 268/268/268 269/269/269 
f 268/268/268 270/270/270 269/269/269 
f 269/269/269 270/270/270 225/225/225 
f 270/270/270 223/223/223 225/225/225 
f 225/225/225 223/223/223 223/223/223 
f 223/223/223 271/271/271 223/223/223 
f 223/223/223 271/271/271 271/271/271 
f 271/271/271 272/272/272 271/271/271 
f 271/271/271 272/272/272 273/273/273 
f 272/272/272 274/274/274 273/273/273 
f 273/273/273 274/274/274 223/223/223 
f 274/274/274 274/274/274 223/223/223 
f 223/223/223 274/274/274 221/221/221 
f 274/274/274 275/275/275 221/221/221 
f 221/221/221 275/275/275 219/219/219 
f 275/275/275 219/219/219 219/219/219 
f 219/219/219 219/219/219 272/272/272 
f 219/219/219 272/272/272 272/272/272 
f 272/272/272 272/272/272 274/274/274 
f 272/272/272 276/276/276 274/274/274 
f 274/274/274 276/276/276 275/275/275 
f 276/276/276 275/275/275 275/275/275 
f 275/275/275 275/275/275 277/277/277 
f 275/275/275 277/277/277 277/277/277 
f 277/277/277 277/277/277 278/278/278 
f 277/277/277 279/279/279 278/278/278 
f 278/278/278 279/279/279 278/278/278 
f 279/279/279 280/280/280 278/278/278 
f 278/278/278 280/280/280 219/219/219 
f 280/280/280 216/216/216 219/219/219 
f 219/219/219 216/216/216 216/216/216 
f 216/216/216 216/216/216 216/216/216 
f 216/216/216 216/216/216 216/216/216 
f 216/216/216 281/281/281 216/216/216 
f 216/216/216 281/281/281 214/214/214 
f 281/281/281 281/281/281 214/214/214 
f 214/214/214 281/281/281 282/282/282 
f 281/281/281 283/283/283 282/282/282 
f 282/282/282 283/283/283 283/283/283 
f 283/283/283 284/284/284 283/283/283 
f 283/283/283 284/284/284 284/284/284 
f 284/284/284 285/285/285 284/284/284 
f 284/284/284 285/285/285 286/286/286 
f 285/285/285 287/287/287 286/286/286 
f 286/286/286 287/287/287 288/288/288 
f 287/287/287 288/288/288 288/288/288 
f 288/288/288 288/288/288 289/289/289 
f 288/288/288 289/289/289 289/289/289 
f 289/289/289 289/289/289 290/290/290 
f 289/289/289 291/291/291 290/290/290 
f 290/290/290 291/291/291 291/291/291 
f 291/291/291 292/292/292 291/291/291 
f 291/291/291 292/292/292 292/292/292 
f 292/292/292 293/293/293 292/292/292 
f 292/292/292 293/293/293 294/294/294 
f 293/293/293 293/293/293 294/294/294 
f 294/294/294 293/293/293 295/295/295 
f 293/293/293 293/293/293 295/295/295 
f 295/295/295 293/293/293 296/296/296 
f 293/293/293 293/293/293 296/296/296 
f 296/296/296 293/293/293 297/297/297 
f 293/293/293 298/298/298 297/297/297 
f 297/297/297 298/298/298 299/299/299 
f 298/298/298 298/298/298 299/299/299 
f 299/299/299 298/298/298 300/300/300 
f 298/298/298 301/301/301 300/300/300 
f 300/300/300 301/301/301 302/302/302 
f 301/301/301 302/302/302 302/302/302 
f 302/302/302 302/302/302 301/301/301 
f 302/302/302 301/301/301 301/301/301 
f 301/301/301 301/301/301 303/303/303 
f 301/301/301 298/298/298 303/303/303 
f 303/303/303 298/298/298 304/304/304 
f 298/298/298 293/293/293 304/304/304 
f 304/304/304 293/293/293 292/292/292 
f 293/293/293 292/292/292 292/292/292 
f 292/292/292 292/292/292 305/305/305 
f 292/292/292 305/305/305 305/305/305 
f 305/305/305 305/305/305 306/306/306 
f 305/305/305 307/307/307 306/306/306 
f 306/306/306 307/307/307 307/307/307 
f 307/307/307 308/308/308 307/307/307 
f 307/307/307 308/308/308 308/308/308 
f 308/308/308 309/309/309 308/308/308 
f 308/308/308 309/309/309 310/310/310 
f 309/309/309 311/311/311 310/310/310 
f 310/310/310 311/311/311 312/312/312 
f 311/311/311 313/313/313 312/312/312 
f 312/312/312 313/313/313 314/314/314 
f 313/313/313 315/315/315 314/314/314 
f 314/314/314 315/315/315 315/315/315 
f 315/315/315 311/311/311 315/315/315 
f 315/315/315 311/311/311 311/311/311 
f 311/311/311 316/316/316 311/311/311 
f 311/311/311 316/316/316 313/313/313 
f 316/316/316 313/313/313 313/313/313 
f 313/313/313 313/313/313 317/317/317 
f 313/313/313 317/317/317 317/317/317 
f 317/317/317 317/317/317 314/314/314 
f 317/317/317 318/318/318 314/314/314 
f 314/314/314 318/318/318 312/312/312 
f 318/318/318 318/318/318 312/312/312 
f 312/312/312 318/318/318 310/310/310 
f 318/318/318 319/319/319 310/310/310 
f 310/310/310 319/319/319 320/320/320 
f 319/319/319 320/320/320 320/320/320 
f 320/320/320 320/320/320 321/321/321 
f 320/320/320 321/321/321 321/321/321 
f 321/321/321 321/321/321 322/322/322 
f 321/321/321 323/323/323 322/322/322 
f 322/322/322 323/323/323 322/322/322 
f 323/323/323 324/324/324 322/322/322 
f 322/322/322 324/324/324 322/322/322 
f 324/324/324 325/325/325 322/322/322 
f 322/322/322 325/325/325 326/326/326 
f 325/325/325 326/326/326 326/326/326 
f 326/326/326 326/326/326 327/327/327 
f 326/326/326 327/327/327 327/327/327 
f 327/327/327 327/327/327 328/328/328 
f 327/327/327 329/329/329 328/328/328 
f 328/328/328 329/329/329 328/328/328 
f 329/329/329 330/330/330 328/328/328 
f 328/328/328 330/330/330 328/328/328 
f 330/330/330 331/331/331 328/328/328 
f 328/328/328 331/331/331 328/328/328 
f 331/331/331 332/332/332 328/328/328 
f 328/328/328 332/332/332 328/328/328 
f 332/332/332 333/333/333 328/328/328 
f 328/328/328 333/333/333 334/334/334 
f 333/333/333 335/335/335 334/334/334 
f 334/334/334 335/335/335 336/336/336 
f 335/335/335 337/337/337 336/336/336 
f 336/336/336 337/337/337 336/336/336 
f 337/337/337 338/338/338 336/336/336 
f 336/336/336 338/338/338 339/339/339 
f 338/338/338 340/340/340 339/339/339 
f 339/339/339 340/340/340 341/341/341 
f 340/340/340 341/341/341 341/341/341 
f 341/341/341 341/341/341 334/334/334 
f 341/341/341 334/334/334 334/334/334 
f 334/334/334 334/334/334 328/328/328 
f 334/334/334 336/336/336 328/328/328 
f 328/328/328 336/336/336 327/327/327 
f 336/336/336 327/327/327 327/327/327 
f 327/327/327 327/327/327 340/340/340 
f 327/327/327 340/340/340 340/340/340 
f 340/340/340 340/340/340 342/342/342 
f 340/340/340 338/338/338 342/342/342 
f 342/342/342 338/338/338 343/343/343 
f 338/338/338 337/337/337 343/343/343 
f 343/343/343 337/337/337 337/337/337 
f 337/337/337 342/342/342 337/337/337 
f 337/337/337 342/342/342 342/342/342 
f 342/342/342 343/343/343 342/342/342 
f 342/342/342 343/343/343 344/344/344 
f 343/343/343 345/345/345 344/344/344 
f 344/344/344 345/345/345 346/346/346 
f 345/345/345 347/347/347 346/346/346 
f 346/346/346 347/347/347 348/348/348 
f 347/347/347 349/349/349 348/348/348 
f 348/348/348 349/349/349 350/350/350 
f 349/349/349 351/351/351 350/350/350 
f 350/350/350 351/351/351 352/352/352 
f 351/351/351 353/353/353 352/352/352 
f 352/352/352 353/353/353 354/354/354 
f 353/353/353 355/355/355 354/354/354 
f 354/354/354 355/355/355 356/356/356 
f 355/355/355 357/357/357 356/356/356 
f 356/356/356 357/357/357 358/358/358 
f 357/357/357 359/359/359 358/358/358 
f 358/358/358 359/359/359 360/360/360 
f 359/359/359 361/361/361 360/360/360 
f 360/360/360 361/361/361 362/362/362 
f 361/361/361 363/363/363 362/362/362 
f 362/362/362 363/363/363 364/364/364 
f 363/363/363 363/363/363 364/364/364 
f 364/364/364 363/363/363 365/365/365 
f 363/363/363 366/366/366 365/365/365 
f 365/365/365 366/366/366 367/367/367 
f 366/366/366 366/366/366 367/367/367 
f 367/367/367 366/366/366 368/368/368 
f 366/366/366 366/366/366 368/368/368 
f 368/368/368 366/366/366 369/369/369 
f 366/366/366 366/366/366 369/369/369 
f 369/369/369 366/366/366 370/370/370 
f 366/366/366 363/363/363 370/370/370 
f 370/370/370 363/363/363 370/370/370 
f 363/363/363 361/361/361 370/370/370 
f 370/370/370 361/361/361 371/371/371 
f 361/361/361 359/359/359 371/371/371 
f 371/371/371 359/359/359 372/372/372 
f 359/359/359 357/357/357 372/372/372 
f 372/372/372 357/357/357 373/373/373 
f 357/357/357 355/355/355 373/373/373 
f 373/373/373 355/355/355 374/374/374 
f 355/355/355 353/353/353 374/374/374 
f 374/374/374 353/353/353 375/375/375 
f 353/353/353 351/351/351 375/375/375 
f 375/375/375 351/351/351 376/376/376 
f 351/351/351 349/349/349 376/376/376 
f 376/376/376 349/349/349 377/377/377 
f 349/349/349 347/347/347 377/377/377 
f 377/377/377 347/347/347 378/378/378 
f 347/347/347 345/345/345 378/378/378 
f 378/378/378 345/345/345 379/379/379 
f 345/345/345 343/343/343 379/379/379 
f 379/379/379 343/343/343 379/379/379 
f 343/343/343 337/337/337 379/379/379 
f 379/379/379 337/337/337 380/380/380 
f 337/337/337 335/335/335 380/380/380 
f 380/380/380 335/335/335 381/381/381 
f 335/335/335 333/333/333 381/381/381 
f 381/381/381 333/333/333 382/382/382 
f 333/333/333 383/383/383 382/382/382 
f 382/382/382 383/383/383 384/384/384 
f 383/383/383 385/385/385 384/384/384 
f 384/384/384 385/385/385 385/385/385 
f 385/385/385 384/384/384 385/385/385 
f 385/385/385 384/384/384 384/384/384 
f 384/384/384 386/386/386 384/384/384 
f 384/384/384 386/386/386 382/382/382 
f 386/386/386 387/387/387 382/382/382 
f 382/382/382 387/387/387 381/381/381 
f 387/387/387 388/388/388 381/381/381 
f 381/381/381 388/388/388 380/380/380 
f 388/388/388 380/380/380 380/380/380 
f 380/380/380 380/380/380 386/386/386 
f 380/380/380 386/386/386 386/386/386 
f 386/386/386 386/386/386 387/387/387 
f 386/386/386 389/389/389 387/387/387 
f 387/387/387 389/389/389 390/390/390 
f 389/389/389 391/391/391 390/390/390 
f 390/390/390 391/391/391 392/392/392 
f 391/391/391 393/393/393 392/392/392 
f 392/392/392 393/393/393 393/393/393 
f 393/393/393 387/387/387 393/393/393 
f 393/393/393 387/387/387 387/387/387 
f 387/387/387 390/390/390 387/387/387 
f 387/387/387 390/390/390 388/388/388 
f 390/390/390 394/394/394 388/388/388 
f 388/388/388 394/394/394 395/395/395 
f 394/394/394 396/396/396 395/395/395 
f 395/395/395 396/396/396 378/378/378 
f 396/396/396 377/377/377 378/378/378 
f 378/378/378 377/377/377 377/377/377 
f 377/377/377 390/390/390 377/377/377 
f 377/377/377 390/390/390 390/390/390 
f 390/390/390 392/392/392 390/390/390 
f 390/390/390 392/392/392 394/394/394 
f 392/392/392 397/397/397 394/394/394 
f 394/394/394 397/397/397 396/396/396 
f 397/397/397 396/396/396 396/396/396 
f 396/396/396 396/396/396 388/388/388 
f 396/396/396 388/388/388 388/388/388 
f 388/388/388 388/388/388 380/380/380 
f 388/388/388 395/395/395 380/380/380 
f 380/380/380 395/395/395 379/379/379 
f 395/395/395 378/378/378 379/379/379 
f 379/379/379 378/378/378 378/378/378 
f 378/378/378 397/397/397 378/378/378 
f 378/378/378 397/397/397 397/397/397 
f 397/397/397 392/392/392 397/397/397 
f 397/397/397 392/392/392 398/398/398 
f 392/392/392 393/393/393 398/398/398 
f 398/398/398 393/393/393 398/398/398 
f 393/393/393 399/399/399 398/398/398 
f 398/398/398 399/399/399 400/400/400 
f 399/399/399 401/401/401 400/400/400 
f 400/400/400 401/401/401 401/401/401 
f 401/401/401 400/400/400 401/401/401 
f 401/401/401 400/400/400 400/400/400 
f 400/400/400 402/402/402 400/400/400 
f 400/400/400 402/402/402 398/398/398 
f 402/402/402 402/402/402 398/398/398 
f 398/398/398 402/402/402 397/397/397 
f 402/402/402 403/403/403 397/397/397 
f 397/397/397 403/403/403 396/396/396 
f 403/403/403 403/403/403 396/396/396 
f 396/396/396 403/403/403 377/377/377 
f 403/403/403 403/403/403 377/377/377 
f 377/377/377 403/403/403 376/376/376 
f 403/403/403 403/403/403 376/376/376 
f 376/376/376 403/403/403 375/375/375 
f 403/403/403 404/404/404 375/375/375 
f 375/375/375 404/404/404 375/375/375 
f 404/404/404 405/405/405 375/375/375 
f 375/375/375 405/405/405 374/374/374 
f 405/405/405 406/406/406 374/374/374 
f 374/374/374 406/406/406 373/373/373 
f 406/406/406 407/407/407 373/373/373 
f 373/373/373 407/407/407 372/372/372 
f 407/407/407 408/408/408 372/372/372 
f 372/372/372 408/408/408 371/371/371 
f 408/408/408 409/409/409 371/371/371 
f 371/371/371 409/409/409 370/370/370 
f 409/409/409 409/409/409 370/370/370 
f 370/370/370 409/409/409 369/369/369 
f 409/409/409 410/410/410 369/369/369 
f 369/369/369 410/410/410 411/411/411 
f 410/410/410 412/412/412 411/411/411 
f 411/411/411 412/412/412 413/413/413 
f 412/412/412 412/412/412 413/413/413 
f 413/413/413 412/412/412 414/414/414 
f 412/412/412 412/412/412 414/414/414 
f 414/414/414 412/412/412 415/415/415 
f 412/412/412 416/416/416 415/415/415 
f 415/415/415 416/416/416 417/417/417 
f 416/416/416 417/417/417 417/417/417 
f 417/417/417 417/417/417 369/369/369 
f 417/417/417 369/369/369 369/369/369 
f 369/369/369 369/369/369 368/368/368 
f 369/369/369 411/411/411 368/368/368 
f 368/368/368 411/411/411 418/418/418 
f 411/411/411 413/413/413 418/418/418 
f 418/418/418 413/413/413 413/413/413 
f 413/413/413 412/412/412 413/413/413 
f 413/413/413 412/412/412 412/412/412 
f 412/412/412 410/410/410 412/412/412 
f 412/412/412 410/410/410 416/416/416 
f 410/410/410 410/410/410 416/416/416 
f 416/416/416 410/410/410 419/419/419 
f 410/410/410 409/409/409 419/419/419 
f 419/419/419 409/409/409 419/419/419 
f 409/409/409 408/408/408 419/419/419 
f 419/419/419 408/408/408 420/420/420 
f 408/408/408 407/407/407 420/420/420 
f 420/420/420 407/407/407 421/421/421 
f 407/407/407 406/406/406 421/421/421 
f 421/421/421 406/406/406 422/422/422 
f 406/406/406 405/405/405 422/422/422 
f 422/422/422 405/405/405 423/423/423 
f 405/405/405 404/404/404 423/423/423 
f 423/423/423 404/404/404 423/423/423 
f 404/404/404 403/403/403 423/423/423 
f 423/423/423 403/403/403 423/423/423 
f 403/403/403 402/402/402 423/423/423 
f 423/423/423 402/402/402 423/423/423 
f 402/402/402 400/400/400 423/423/423 
f 423/423/423 400/400/400 424/424/424 
f 400/400/400 401/401/401 424/424/424 
f 424/424/424 401/401/401 424/424/424 
f 401/401/401 425/425/425 424/424/424 
f 424/424/424 425/425/425 426/426/426 
f 425/425/425 427/427/427 426/426/426 
f 426/426/426 427/427/427 428/428/428 
f 427/427/427 429/429/429 428/428/428 
f 428/428/428 429/429/429 428/428/428 
f 429/429/429 430/430/430 428/428/428 
f 428/428/428 430/430/430 420/420/420 
f 430/430/430 430/430/430 420/420/420 
f 420/420/420 430/430/430 419/419/419 
f 430/430/430 430/430/430 419/419/419 
f 419/419/419 430/430/430 416/416/416 
f 430/430/430 430/430/430 416/416/416 
f 416/416/416 430/430/430 417/417/417 
f 430/430/430 429/429/429 417/417/417 
f 417/417/417 429/429/429 429/429/429 
f 429/429/429 423/423/423 429/429/429 
f 429/429/429 423/423/423 423/423/423 
f 423/423/423 424/424/424 423/423/423 
f 423/423/423 424/424/424 422/422/422 
f 424/424/424 426/426/426 422/422/422 
f 422/422/422 426/426/426 421/421/421 
f 426/426/426 428/428/428 421/421/421 
f 421/421/421 428/428/428 420/420/420 
f 428/428/428 420/420/420 420/420/420 
f 420/420/420 420/420/420 431/431/431 
f 420/420/420 431/431/431 431/431/431 
f 431/431/431 431/431/431 432/432/432 
f 431/431/431 433/433/433 432/432/432 
f 432/432/432 433/433/433 434/434/434 
f 433/433/433 434/434/434 434/434/434 
f 434/434/434 434/434/434 431/431/431 
f 434/434/434 431/431/431 431/431/431 
f 431/431/431 431/431/431 433/433/433 
f 431/431/431 435/435/435 433/433/433 
f 433/433/433 435/435/435 436/436/436 
f 435/435/435 437/437/437 436/436/436 
f 436/436/436 437/437/437 438/438/438 
f 437/437/437 439/439/439 438/438/438 
f 438/438/438 439/439/439 440/440/440 
f 439/439/439 441/441/441 440/440/440 
f 440/440/440 441/441/441 442/442/442 
f 441/441/441 442/442/442 442/442/442 
f 442/442/442 442/442/442 443/443/443 
f 442/442/442 443/443/443 443/443/443 
f 443/443/443 443/443/443 436/436/436 
f 443/443/443 444/444/444 436/436/436 
f 436/436/436 444/444/444 433/433/433 
f 444/444/444 444/444/444 433/433/433 
f 433/433/433 444/444/444 434/434/434 
f 444/444/444 445/445/445 434/434/434 
f 434/434/434 445/445/445 434/434/434 
f 445/445/445 446/446/446 434/434/434 
f 434/434/434 446/446/446 447/447/447 
f 446/446/446 448/448/448 447/447/447 
f 447/447/447 448/448/448 449/449/449 
f 448/448/448 448/448/448 449/449/449 
f 449/449/449 448/448/448 450/450/450 
f 448/448/448 451/451/451 450/450/450 
f 450/450/450 451/451/451 452/452/452 
f 451/451/451 453/453/453 452/452/452 
f 452/452/452 453/453/453 454/454/454 
f 453/453/453 455/455/455 454/454/454 
f 454/454/454 455/455/455 455/455/455 
f 455/455/455 434/434/434 455/455/455 
f 455/455/455 434/434/434 434/434/434 
f 434/434/434 447/447/447 434/434/434 
f 434/434/434 447/447/447 432/432/432 
f 447/447/447 447/447/447 432/432/432 
f 432/432/432 447/447/447 456/456/456 
f 447/447/447 449/449/449 456/456/456 
f 456/456/456 449/449/449 449/449/449 
f 449/449/449 446/446/446 449/449/449 
f 449/449/449 446/446/446 446/446/446 
f 446/446/446 457/457/457 446/446/446 
f 446/446/446 457/457/457 448/448/448 
f 457/457/457 448/448/448 448/448/448 
f 448/448/448 448/448/448 458/458/458 
f 448/448/448 458/458/458 458/458/458 
f 458/458/458 458/458/458 459/459/459 
f 458/458/458 460/460/460 459/459/459 
f 459/459/459 460/460/460 459/459/459 
f 460/460/460 461/461/461 459/459/459 
f 459/459/459 461/461/461 459/459/459 
f 461/461/461 462/462/462 459/459/459 
f 459/459/459 462/462/462 463/463/463 
f 462/462/462 464/464/464 463/463/463 
f 463/463/463 464/464/464 465/465/465 
f 464/464/464 466/466/466 465/465/465 
f 465/465/465 466/466/466 467/467/467 
f 466/466/466 468/468/468 467/467/467 
f 467/467/467 468/468/468 469/469/469 
f 468/468/468 470/470/470 469/469/469 
f 469/469/469 470/470/470 469/469/469 
f 470/470/470 471/471/471 469/469/469 
f 469/469/469 471/471/471 472/472/472 
f 471/471/471 471/471/471 472/472/472 
f 472/472/472 471/471/471 473/473/473 
f 471/471/471 474/474/474 473/473/473 
f 473/473/473 474/474/474 475/475/475 
f 474/474/474 476/476/476 475/475/475 
f 475/475/475 476/476/476 477/477/477 
f 476/476/476 478/478/478 477/477/477 
f 477/477/477 478/478/478 479/479/479 
f 478/478/478 480/480/480 479/479/479 
f 479/479/479 480/480/480 481/481/481 
f 480/480/480 482/482/482 481/481/481 
f 481/481/481 482/482/482 481/481/481 
f 482/482/482 483/483/483 481/481/481 
f 481/481/481 483/483/483 481/481/481 
f 483/483/483 484/484/484 481/481/481 
f 481/481/481 484/484/484 485/485/485 
f 484/484/484 486/486/486 485/485/485 
f 485/485/485 486/486/486 487/487/487 
f 486/486/486 488/488/488 487/487/487 
f 487/487/487 488/488/488 488/488/488 
f 488/488/488 487/487/487 488/488/488 
f 488/488/488 487/487/487 487/487/487 
f 487/487/487 489/489/489 487/487/487 
f 487/487/487 489/489/489 485/485/485 
f 489/489/489 490/490/490 485/485/485 
f 485/485/485 490/490/490 481/481/481 
f 490/490/490 490/490/490 481/481/481 
f 481/481/481 490/490/490 479/479/479 
f 490/490/490 491/491/491 479/479/479 
f 479/479/479 491/491/491 477/477/477 
f 491/491/491 492/492/492 477/477/477 
f 477/477/477 492/492/492 475/475/475 
f 492/492/492 493/493/493 475/475/475 
f 475/475/475 493/493/493 473/473/473 
f 493/493/493 473/473/473 473/473/473 
f 473/473/473 473/473/473 489/489/489 
f 473/473/473 489/489/489 489/489/489 
f 489/489/489 489/489/489 490/490/490 
f 489/489/489 494/494/494 490/490/490 
f 490/490/490 494/494/494 491/491/491 
f 494/494/494 495/495/495 491/491/491 
f 491/491/491 495/495/495 492/492/492 
f 495/495/495 496/496/496 492/492/492 
f 492/492/492 496/496/496 493/493/493 
f 496/496/496 497/497/497 493/493/493 
f 493/493/493 497/497/497 498/498/498 
f 497/497/497 499/499/499 498/498/498 
f 498/498/498 499/499/499 500/500/500 
f 499/499/499 501/501/501 500/500/500 
f 500/500/500 501/501/501 500/500/500 
f 501/501/501 502/502/502 500/500/500 
f 500/500/500 502/502/502 469/469/469 
f 502/502/502 502/502/502 469/469/469 
f 469/469/469 502/502/502 467/467/467 
f 502/502/502 503/503/503 467/467/467 
f 467/467/467 503/503/503 465/465/465 
f 503/503/503 465/465/465 465/465/465 
f 465/465/465 465/465/465 493/493/493 
f 465/465/465 493/493/493 493/493/493 
f 493/493/493 493/493/493 473/473/473 
f 493/493/493 498/498/498 473/473/473 
f 473/473/473 498/498/498 472/472/472 
f 498/498/498 500/500/500 472/472/472 
f 472/472/472 500/500/500 469/469/469 
f 500/500/500 469/469/469 469/469/469 
f 469/469/469 469/469/469 501/501/501 
f 469/469/469 501/501/501 501/501/501 
f 501/501/501 501/501/501 502/502/502 
f 501/501/501 504/504/504 502/502/502 
f 502/502/502 504/504/504 503/503/503 
f 504/504/504 505/505/505 503/503/503 
f 503/503/503 505/505/505 506/506/506 
f 505/505/505 507/507/507 506/506/506 
f 506/506/506 507/507/507 506/506/506 
f 507/507/507 508/508/508 506/506/506 
f 506/506/506 508/508/508 463/463/463 
f 508/508/508 459/459/459 463/463/463 
f 463/463/463 459/459/459 459/459/459 
f 459/459/459 503/503/503 459/459/459 
f 459/459/459 503/503/503 503/503/503 
f 503/503/503 506/506/506 503/503/503 
f 503/503/503 506/506/506 465/465/465 
f 506/506/506 463/463/463 465/465/465 
f 465/465/465 463/463/463 463/463/463 
f 463/463/463 459/459/459 463/463/463 
f 463/463/463 459/459/459 459/459/459 
f 459/459/459 509/509/509 459/459/459 
f 459/459/459 509/509/509 458/458/458 
f 509/509/509 509/509/509 458/458/458 
f 458/458/458 509/509/509 510/510/510 
f 509/509/509 511/511/511 510/510/510 
f 510/510/510 511/511/511 511/511/511 
f 511/511/511 512/512/512 511/511/511 
f 511/511/511 512/512/512 512/512/512 
f 512/512/512 513/513/513 512/512/512 
f 512/512/512 513/513/513 514/514/514 
f 513/513/513 513/513/513 514/514/514 
f 514/514/514 513/513/513 515/515/515 
f 513/513/513 513/513/513 515/515/515 
f 515/515/515 513/513/513 516/516/516 
f 513/513/513 517/517/517 516/516/516 
f 516/516/516 517/517/517 518/518/518 
f 517/517/517 519/519/519 518/518/518 
f 518/518/518 519/519/519 520/520/520 
f 519/519/519 520/520/520 520/520/520 
f 520/520/520 520/520/520 521/521/521 
f 520/520/520 521/521/521 521/521/521 
f 521/521/521 521/521/521 522/522/522 
f 521/521/521 523/523/523 522/522/522 
f 522/522/522 523/523/523 524/524/524 
f 523/523/523 525/525/525 524/524/524 
f 524/524/524 525/525/525 524/524/524 
f 525/525/525 526/526/526 524/524/524 
f 524/524/524 526/526/526 519/519/519 
f 526/526/526 527/527/527 519/519/519 
f 519/519/519 527/527/527 520/520/520 
f 527/527/527 527/527/527 520/520/520 
f 520/520/520 527/527/527 528/528/528 
f 527/527/527 529/529/529 528/528/528 
f 528/528/528 529/529/529 530/530/530 
f 529/529/529 529/529/529 530/530/530 
f 530/530/530 529/529/529 531/531/531 
f 529/529/529 532/532/532 531/531/531 
f 531/531/531 532/532/532 531/531/531 
f 532/532/532 533/533/533 531/531/531 
f 531/531/531 533/533/533 534/534/534 
f 533/533/533 535/535/535 534/534/534 
f 534/534/534 535/535/535 536/536/536 
f 535/535/535 537/537/537 536/536/536 
f 536/536/536 537/537/537 538/538/538 
f 537/537/537 539/539/539 538/538/538 
f 538/538/538 539/539/539 540/540/540 
f 539/539/539 541/541/541 540/540/540 
f 540/540/540 541/541/541 542/542/542 
f 541/541/541 541/541/541 542/542/542 
f 542/542/542 541/541/541 543/543/543 
f 541/541/541 541/541/541 543/543/543 
f 543/543/543 541/541/541 544/544/544 
f 541/541/541 545/545/545 544/544/544 
f 544/544/544 545/545/545 546/546/546 
f 545/545/545 545/545/545 546/546/546 
f 546/546/546 545/545/545 547/547/547 
f 545/545/545 545/545/545 547/547/547 
f 547/547/547 545/545/545 548/548/548 
f 545/545/545 545/545/545 548/548/548 
f 548/548/548 545/545/545 549/549/549 
f 545/545/545 541/541/541 549/549/549 
f 549/549/549 541/541/541 549/549/549 
f 541/541/541 539/539/539 549/549/549 
f 549/549/549 539/539/539 550/550/550 
f 539/539/539 537/537/537 550/550/550 
f 550/550/550 537/537/537 551/551/551 
f 537/537/537 535/535/535 551/551/551 
f 551/551/551 535/535/535 552/552/552 
f 535/535/535 533/533/533 552/552/552 
f 552/552/552 533/533/533 553/553/553 
f 533/533/533 532/532/532 553/553/553 
f 553/553/553 532/532/532 554/554/554 
f 532/532/532 529/529/529 554/554/554 
f 554/554/554 529/529/529 555/555/555 
f 529/529/529 527/527/527 555/555/555 
f 555/555/555 527/527/527 555/555/555 
f 527/527/527 526/526/526 555/555/555 
f 555/555/555 526/526/526 556/556/556 
f 526/526/526 557/557/557 556/556/556 
f 556/556/556 557/557/557 557/557/557 
f 557/557/557 519/519/519 557/557/557 
f 557/557/557 519/519/519 519/519/519 
f 519/519/519 517/517/517 519/519/519 
f 519/519/519 517/517/517 524/524/524 
f 517/517/517 517/517/517 524/524/524 
f 524/524/524 517/517/517 522/522/522 
f 517/517/517 513/513/513 522/522/522 
f 522/522/522 513/513/513 513/513/513 
f 513/513/513 556/556/556 513/513/513 
f 513/513/513 556/556/556 556/556/556 
f 556/556/556 558/558/558 556/556/556 
f 556/556/556 558/558/558 555/555/555 
f 558/558/558 558/558/558 555/555/555 
f 555/555/555 558/558/558 554/554/554 
f 558/558/558 559/559/559 554/554/554 
f 554/554/554 559/559/559 553/553/553 
f 559/559/559 560/560/560 553/553/553 
f 553/553/553 560/560/560 552/552/552 
f 560/560/560 561/561/561 552/552/552 
f 552/552/552 561/561/561 551/551/551 
f 561/561/561 562/562/562 551/551/551 
f 551/551/551 562/562/562 550/550/550 
f 562/562/562 563/563/563 550/550/550 
f 550/550/550 563/563/563 549/549/549 
f 563/563/563 548/548/548 549/549/549 
f 549/549/549 548/548/548 548/548/548 
f 548/548/548 513/513/513 548/548/548 
f 548/548/548 513/513/513 513/513/513 
f 513/513/513 512/512/512 513/513/513 
f 513/513/513 512/512/512 564/564/564 
f 512/512/512 512/512/512 564/564/564 
f 564/564/564 512/512/512 565/565/565 
f 512/512/512 566/566/566 565/565/565 
f 565/565/565 566/566/566 566/566/566 
f 566/566/566 567/567/567 566/566/566 
f 566/566/566 567/567/567 567/567/567 
f 567/567/567 568/568/568 567/567/567 
f 567/567/567 568/568/568 569/569/569 
f 568/568/568 569/569/569 569/569/569 
f 569/569/569 569/569/569 570/570/570 
f 569/569/569 570/570/570 570/570/570 
f 570/570/570 570/570/570 571/571/571 
f 570/570/570 572/572/572 571/571/571 
f 571/571/571 572/572/572 573/573/573 
f 572/572/572 574/574/574 573/573/573 
f 573/573/573 574/574/574 574/574/574 
f 574/574/574 575/575/575 574/574/574 
f 574/574/574 575/575/575 575/575/575 
f 575/575/575 576/576/576 575/575/575 
f 575/575/575 576/576/576 577/577/577 
f 576/576/576 578/578/578 577/577/577 
f 577/577/577 578/578/578 577/577/577 
f 578/578/578 579/579/579 577/577/577 
f 577/577/577 579/579/579 577/577/577 
f 579/579/579 580/580/580 577/577/577 
f 577/577/577 580/580/580 581/581/581 
f 580/580/580 582/582/582 581/581/581 
f 581/581/581 582/582/582 581/581/581 
f 582/582/582 583/583/583 581/581/581 
f 581/581/581 583/583/583 584/584/584 
f 583/583/583 585/585/585 584/584/584 
f 584/584/584 585/585/585 585/585/585 
f 585/585/585 575/575/575 585/585/585 
f 585/585/585 575/575/575 575/575/575 
f 575/575/575 577/577/577 575/575/575 
f 575/575/575 577/577/577 586/586/586 
f 577/577/577 581/581/581 586/586/586 
f 586/586/586 581/581/581 586/586/586 
f 581/581/581 584/584/584 586/586/586 
f 586/586/586 584/584/584 587/587/587 
f 584/584/584 587/587/587 587/587/587 
f 587/587/587 587/587/587 588/588/588 
f 587/587/587 588/588/588 588/588/588 
f 588/588/588 588/588/588 589/589/589 
f 588/588/588 590/590/590 589/589/589 
f 589/589/589 590/590/590 591/591/591 
f 590/590/590 592/592/592 591/591/591 
f 591/591/591 592/592/592 592/592/592 
f 592/592/592 593/593/593 592/592/592 
f 592/592/592 593/593/593 593/593/593 
f 593/593/593 594/594/594 593/593/593 
f 593/593/593 594/594/594 595/595/595 
f 594/594/594 594/594/594 595/595/595 
f 595/595/595 594/594/594 596/596/596 
f 594/594/594 597/597/597 596/596/596 
f 596/596/596 597/597/597 598/598/598 
f 597/597/597 599/599/599 598/598/598 
f 598/598/598 599/599/599 600/600/600 
f 599/599/599 600/600/600 600/600/600 
f 600/600/600 600/600/600 598/598/598 
f 600/600/600 598/598/598 598/598/598 
f 598/598/598 598/598/598 596/596/596 
f 598/598/598 601/601/601 596/596/596 
f 596/596/596 601/601/601 601/601/601 
f 601/601/601 599/599/599 601/601/601 
f 601/601/601 599/599/599 599/599/599 
f 599/599/599 597/597/597 599/599/599 
f 599/599/599 597/597/597 602/602/602 
f 597/597/597 597/597/597 602/602/602 
f 602/602/602 597/597/597 603/603/603 
f 597/597/597 594/594/594 603/603/603 
f 603/603/603 594/594/594 604/604/604 
f 594/594/594 605/605/605 604/604/604 
f 604/604/604 605/605/605 604/604/604 
f 605/605/605 606/606/606 604/604/604 
f 604/604/604 606/606/606 607/607/607 
f 606/606/606 607/607/607 607/607/607 
f 607/607/607 607/607/607 608/608/608 
f 607/607/607 608/608/608 608/608/608 
f 608/608/608 608/608/608 609/609/609 
f 608/608/608 610/610/610 609/609/609 
f 609/609/609 610/610/610 611/611/611 
f 610/610/610 612/612/612 611/611/611 
f 611/611/611 612/612/612 613/613/613 
f 612/612/612 613/613/613 613/613/613 
f 613/613/613 613/613/613 614/614/614 
f 613/613/613 614/614/614 614/614/614 
f 614/614/614 614/614/614 615/615/615 
f 614/614/614 616/616/616 615/615/615 
f 615/615/615 616/616/616 617/617/617 
f 616/616/616 617/617/617 617/617/617 
f 617/617/617 617/617/617 618/618/618 
f 617/617/617 618/618/618 618/618/618 
f 618/618/618 618/618/618 619/619/619 
f 618/618/618 620/620/620 619/619/619 
f 619/619/619 620/620/620 620/620/620 
f 620/620/620 621/621/621 620/620/620 
f 620/620/620 621/621/621 621/621/621 
f 621/621/621 622/622/622 621/621/621 
f 621/621/621 622/622/622 623/623/623 
f 622/622/622 624/624/624 623/623/623 
f 623/623/623 624/624/624 625/625/625 
f 624/624/624 626/626/626 625/625/625 
f 625/625/625 626/626/626 627/627/627 
f 626/626/626 628/628/628 627/627/627 
f 627/627/627 628/628/628 628/628/628 
f 628/628/628 629/629/629 628/628/628 
f 628/628/628 629/629/629 629/629/629 
f 629/629/629 630/630/630 629/629/629 
f 629/629/629 630/630/630 631/631/631 
f 630/630/630 631/631/631 631/631/631 
f 631/631/631 631/631/631 632/632/632 
f 631/631/631 632/632/632 632/632/632 
f 632/632/632 632/632/632 633/633/633 
f 632/632/632 634/634/634 633/633/633 
f 633/633/633 634/634/634 634/634/634 
f 634/634/634 635/635/635 634/634/634 
f 634/634/634 635/635/635 635/635/635 
f 635/635/635 636/636/636 635/635/635 
f 635/635/635 636/636/636 637/637/637 
f 636/636/636 638/638/638 637/637/637 
f 637/637/637 638/638/638 639/639/639 
f 638/638/638 640/640/640 639/639/639 
f 639/639/639 640/640/640 641/641/641 
f 640/640/640 642/642/642 641/641/641 
f 641/641/641 642/642/642 642/642/642 
f 642/642/642 643/643/643 642/642/642 
f 642/642/642 643/643/643 643/643/643 
f 643/643/643 644/644/644 643/643/643 
f 643/643/643 644/644/644 645/645/645 
f 644/644/644 645/645/645 645/645/645 
f 645/645/645 645/645/645 646/646/646 
f 645/645/645 646/646/646 646/646/646 
f 646/646/646 646/646/646 647/647/647 
f 646/646/646 648/648/648 647/647/647 
f 647/647/647 648/648/648 648/648/648 
f 648/648/648 649/649/649 648/648/648 
f 648/648/648 649/649/649 649/649/649 
f 649/649/649 650/650/650 649/649/649 
f 649/649/649 650/650/650 651/651/651 
f 650/650/650 651/651/651 651/651/651 
f 651/651/651 651/651/651 652/652/652 
f 651/651/651 652/652/652 652/652/652 
f 652/652/652 652/652/652 653/653/653 
f 652/652/652 654/654/654 653/653/653 
f 653/653/653 654/654/654 654/654/654 
f 654/654/654 655/655/655 654/654/654 
f 654/654/654 655/655/655 655/655/655 
f 655/655/655 656/656/656 655/655/655 
f 655/655/655 656/656/656 657/657/657 
f 656/656/656 657/657/657 657/657/657 
f 657/657/657 657/657/657 658/658/658 
f 657/657/657 658/658/658 658/658/658 
f 658/658/658 658/658/658 659/659/659 
f 658/658/658 660/660/660 659/659/659 
f 659/659/659 660/660/660 661/661/661 
f 660/660/660 661/661/661 661/661/661 
f 661/661/661 661/661/661 662/662/662 
f 661/661/661 662/662/662 662/662/662 
f 662/662/662 662/662/662 663/663/663 
f 662/662/662 664/664/664 663/663/663 
f 663/663/663 664/664/664 665/665/665 
f 664/664/664 665/665/665 665/665/665 
f 665/665/665 665/665/665 666/666/666 
f 665/665/665 666/666/666 666/666/666 
f 666/666/666 666/666/666 667/667/667 
f 666/666/666 668/668/668 667/667/667 
f 667/667/667 668/668/668 667/667/667 
f 668/668/668 669/669/669 667/667/667 
f 667/667/667 669/669/669 670/670/670 
f 669/669/669 671/671/671 670/670/670 
f 670/670/670 671/671/671 672/672/672 
f 671/671/671 673/673/673 672/672/672 
f 672/672/672 673/673/673 673/673/673 
f 673/673/673 674/674/674 673/673/673 
f 673/673/673 674/674/674 674/674/674 
f 674/674/674 675/675/675 674/674/674 
f 674/674/674 675/675/675 676/676/676 
f 675/675/675 676/676/676 676/676/676 
f 676/676/676 676/676/676 677/677/677 
f 676/676/676 677/677/677 677/677/677 
f 677/677/677 677/677/677 678/678/678 
f 677/677/677 679/679/679 678/678/678 
f 678/678/678 679/679/679 679/679/679 
f 679/679/679 680/680/680 679/679/679 
f 679/679/679 680/680/680 680/680/680 
f 680/680/680 681/681/681 680/680/680 
f 680/680/680 681/681/681 682/682/682 
f 681/681/681 683/683/683 682/682/682 
f 682/682/682 683/683/683 684/684/684 
f 683/683/683 685/685/685 684/684/684 
f 684/684/684 685/685/685 686/686/686 
f 685/685/685 687/687/687 686/686/686 
f 686/686/686 687/687/687 687/687/687 
f 687/687/687 688/688/688 687/687/687 
f 687/687/687 688/688/688 688/688/688 
f 688/688/688 689/689/689 688/688/688 
f 688/688/688 689/689/689 690/690/690 
f 689/689/689 690/690/690 690/690/690 
f 690/690/690 690/690/690 691/691/691 
f 690/690/690 691/691/691 691/691/691 
f 691/691/691 691/691/691 692/692/692 
f 691/691/691 693/693/693 692/692/692 
f 692/692/692 693/693/693 693/693/693 
f 693/693/693 694/694/694 693/693/693 
f 693/693/693 694/694/694 694/694/694 
f 694/694/694 695/695/695 694/694/694 
f 694/694/694 695/695/695 696/696/696 
f 695/695/695 696/696/696 696/696/696 
f 696/696/696 696/696/696 697/697/697 
f 696/696/696 697/697/697 697/697/697 
f 697/697/697 697/697/697 698/698/698 
f 697/697/697 699/699/699 698/698/698 
f 698/698/698 699/699/699 699/699/699 
f 699/699/699 700/700/700 699/699/699 
f 699/699/699 700/700/700 700/700/700 
f 700/700/700 701/701/701 700/700/700 
f 700/700/700 701/701/701 702/702/702 
f 701/701/701 702/702/702 702/702/702 
f 702/702/702 702/702/702 703/703/703 
f 702/702/702 703/703/703 703/703/703 
f 703/703/703 703/703/703 704/704/704 
f 703/703/703 705/705/705 704/704/704 
f 704/704/704 705/705/705 705/705/705 
f 705/705/705 706/706/706 705/705/705 
f 705/705/705 706/706/706 706/706/706 
f 706/706/706 707/707/707 706/706/706 
f 706/706/706 707/707/707 708/708/708 
f 707/707/707 709/709/709 708/708/708 
f 708/708/708 709/709/709 709/709/709 
f 709/709/709 710/710/710 709/709/709 
f 709/709/709 710/710/710 710/710/710 
f 710/710/710 711/711/711 710/710/710 
f 710/710/710 711/711/711 712/712/712 
f 711/711/711 713/713/713 712/712/712 
f 712/712/712 713/713/713 713/713/713 
f 713/713/713 711/711/711 713/713/713 
f 713/713/713 711/711/711 711/711/711 
f 711/711/711 710/710/710 711/711/711 
f 711/711/711 710/710/710 714/714/714 
f 710/710/710 715/715/715 714/714/714 
f 714/714/714 715/715/715 716/716/716 
f 715/715/715 717/717/717 716/716/716 
f 716/716/716 717/717/717 718/718/718 
f 717/717/717 719/719/719 718/718/718 
f 718/718/718 719/719/719 720/720/720 
f 719/719/719 721/721/721 720/720/720 
f 720/720/720 721/721/721 722/722/722 
f 721/721/721 722/722/722 722/722/722 
f 722/722/722 722/722/722 712/712/712 
f 722/722/722 712/712/712 712/712/712 
f 712/712/712 712/712/712 723/723/723 
f 712/712/712 713/713/713 723/723/723 
f 723/723/723 713/713/713 723/723/723 
f 713/713/713 724/724/724 723/723/723 
f 723/723/723 724/724/724 725/725/725 
f 724/724/724 726/726/726 725/725/725 
f 725/725/725 726/726/726 727/727/727 
f 726/726/726 727/727/727 727/727/727 
f 727/727/727 727/727/727 728/728/728 
f 727/727/727 728/728/728 728/728/728 
f 728/728/728 728/728/728 729/729/729 
f 728/728/728 730/730/730 729/729/729 
f 729/729/729 730/730/730 731/731/731 
f 730/730/730 731/731/731 731/731/731 
f 731/731/731 731/731/731 732/732/732 
f 731/731/731 732/732/732 732/732/732 
f 732/732/732 732/732/732 733/733/733 
f 732/732/732 734/734/734 733/733/733 
f 733/733/733 734/734/734 735/735/735 
f 734/734/734 735/735/735 735/735/735 
f 735/735/735 735/735/735 736/736/736 
f 735/735/735 736/736/736 736/736/736 
f 736/736/736 736/736/736 737/737/737 
f 736/736/736 738/738/738 737/737/737 
f 737/737/737 738/738/738 739/739/739 
f 738/738/738 740/740/740 739/739/739 
f 739/739/739 740/740/740 741/741/741 
f 740/740/740 741/741/741 741/741/741 
f 741/741/741 741/741/741 742/742/742 
f 741/741/741 742/742/742 742/742/742 
f 742/742/742 742/742/742 743/743/743 
f 742/742/742 744/744/744 743/743/743 
f 743/743/743 744/744/744 745/745/745 
f 744/744/744 745/745/745 745/745/745 
f 745/745/745 745/745/745 746/746/746 
f 745/745/745 746/746/746 746/746/746 
f 746/746/746 746/746/746 747/747/747 
f 746/746/746 748/748/748 747/747/747 
f 747/747/747 748/748/748 749/749/749 
f 748/748/748 749/749/749 749/749/749 
f 749/749/749 749/749/749 750/750/750 
f 749/749/749 750/750/750 750/750/750 
f 750/750/750 750/750/750 751/751/751 
f 750/750/750 752/752/752 751/751/751 
f 751/751/751 752/752/752 753/753/753 
f 752/752/752 753/753/753 753/753/753 
f 753/753/753 753/753/753 754/754/754 
f 753/753/753 754/754/754 754/754/754 
f 754/754/754 754/754/754 755/755/755 
f 754/754/754 756/756/756 755/755/755 
f 755/755/755 756/756/756 757/757/757 
f 756/756/756 758/758/758 757/757/757 
f 757/757/757 758/758/758 759/759/759 
f 758/758/758 759/759/759 759/759/759 
f 759/759/759 759/759/759 760/760/760 
f 759/759/759 760/760/760 760/760/760 
f 760/760/760 760/760/760 761/761/761 
f 760/760/760 762/762/762 761/761/761 
f 761/761/761 762/762/762 763/763/763 
f 762/762/762 763/763/763 763/763/763 
f 763/763/763 763/763/763 764/764/764 
f 763/763/763 764/764/764 764/764/764 
f 764/764/764 764/764/764 765/765/765 
f 764/764/764 766/766/766 765/765/765 
f 765/765/765 766/766/766 767/767/767 
f 766/766/766 767/767/767 767/767/767 
f 767/767/767 767/767/767 768/768/768 
f 767/767/767 768/768/768 768/768/768 
f 768/768/768 768/768/768 769/769/769 
f 768/768/768 770/770/770 769/769/769 
f 769/769/769 770/770/770 771/771/771 
f 770/770/770 771/771/771 771/771/771 
f 771/771/771 771/771/771 772/772/772 
f 771/771/771 772/772/772 772/772/772 
f 772/772/772 772/772/772 773/773/773 
f 772/772/772 774/774/774 773/773/773 
f 773/773/773 774/774/774 775/775/775 
f 774/774/774 776/776/776 775/775/775 
f 775/775/775 776/776/776 777/777/777 
f 776/776/776 776/776/776 777/777/777 
f 777/777/777 776/776/776 778/778/778 
f 776/776/776 779/779/779 778/778/778 
f 778/778/778 779/779/779 779/779/779 
f 779/779/779 780/780/780 779/779/779 
f 779/779/779 780/780/780 780/780/780 
f 780/780/780 781/781/781 780/780/780 
f 780/780/780 781/781/781 782/782/782 
f 781/781/781 781/781/781 782/782/782 
f 782/782/782 781/781/781 783/783/783 
f 781/781/781 781/781/781 783/783/783 
f 783/783/783 781/781/781 784/784/784 
f 781/781/781 785/785/785 784/784/784 
f 784/784/784 785/785/785 784/784/784 
f 785/785/785 786/786/786 784/784/784 
f 784/784/784 786/786/786 787/787/787 
f 786/786/786 787/787/787 787/787/787 
f 787/787/787 787/787/787 788/788/788 
f 787/787/787 788/788/788 788/788/788 
f 788/788/788 788/788/788 789/789/789 
f 788/788/788 790/790/790 789/789/789 
f 789/789/789 790/790/790 790/790/790 
f 790/790/790 791/791/791 790/790/790 
f 790/790/790 791/791/791 791/791/791 
f 791/791/791 792/792/792 791/791/791 
f 791/791/791 792/792/792 793/793/793 
f 792/792/792 794/794/794 793/793/793 
f 793/793/793 794/794/794 795/795/795 
f 794/794/794 795/795/795 795/795/795 
f 795/795/795 795/795/795 796/796/796 
f 795/795/795 796/796/796 796/796/796 
f 796/796/796 796/796/796 797/797/797 
f 796/796/796 798/798/798 797/797/797 
f 797/797/797 798/798/798 797/797/797 
f 798/798/798 799/799/799 797/797/797 
f 797/797/797 799/799/799 800/800/800 
f 799/799/799 800/800/800 800/800/800 
f 800/800/800 800/800/800 801/801/801 
f 800/800/800 801/801/801 801/801/801 
f 801/801/801 801/801/801 802/802/802 
f 801/801/801 803/803/803 802/802/802 
f 802/802/802 803/803/803 803/803/803 
f 803/803/803 804/804/804 803/803/803 
f 803/803/803 804/804/804 804/804/804 
f 804/804/804 805/805/805 804/804/804 
f 804/804/804 805/805/805 806/806/806 
f 805/805/805 806/806/806 806/806/806 
f 806/806/806 806/806/806 807/807/807 
f 806/806/806 807/807/807 807/807/807 
f 807/807/807 807/807/807 808/808/808 
f 807/807/807 809/809/809 808/808/808 
f 808/808/808 809/809/809 808/808/808 
f 809/809/809 810/810/810 808/808/808 
f 808/808/808 810/810/810 811/811/811 
f 810/810/810 811/811/811 811/811/811 
f 811/811/811 811/811/811 812/812/812 
f 811/811/811 812/812/812 812/812/812 
f 812/812/812 812/812/812 813/813/813 
f 812/812/812 814/814/814 813/813/813 
f 813/813/813 814/814/814 813/813/813 
f 814/814/814 815/815/815 813/813/813 
f 813/813/813 815/815/815 816/816/816 
f 815/815/815 816/816/816 816/816/816 
f 816/816/816 816/816/816 817/817/817 
f 816/816/816 817/817/817 817/817/817 
f 817/817/817 817/817/817 818/818/818 
f 817/817/817 819/819/819 818/818/818 
f 818/818/818 819/819/819 819/819/819 
f 819/819/819 820/820/820 819/819/819 
f 819/819/819 820/820/820 820/820/820 
f 820/820/820 821/821/821 820/820/820 
f 820/820/820 821/821/821 822/822/822 
f 821/821/821 821/821/821 822/822/822 
f 822/822/822 821/821/821 823/823/823 
f 821/821/821 824/824/824 823/823/823 
f 823/823/823 824/824/824 825/825/825 
f 824/824/824 826/826/826 825/825/825 
f 825/825/825 826/826/826 827/827/827 
f 826/826/826 828/828/828 827/827/827 
f 827/827/827 828/828/828 829/829/829 
f 828/828/828 830/830/830 829/829/829 
f 829/829/829 830/830/830 831/831/831 
f 830/830/830 832/832/832 831/831/831 
f 831/831/831 832/832/832 833/833/833 
f 832/832/832 834/834/834 833/833/833 
f 833/833/833 834/834/834 835/835/835 
f 834/834/834 836/836/836 835/835/835 
f 835/835/835 836/836/836 837/837/837 
f 836/836/836 838/838/838 837/837/837 
f 837/837/837 838/838/838 839/839/839 
f 838/838/838 840/840/840 839/839/839 
f 839/839/839 840/840/840 841/841/841 
f 840/840/840 842/842/842 841/841/841 
f 841/841/841 842/842/842 843/843/843 
f 842/842/842 843/843/843 843/843/843 
f 843/843/843 843/843/843 844/844/844 
f 843/843/843 844/844/844 844/844/844 
f 844/844/844 844/844/844 845/845/845 
f 844/844/844 846/846/846 845/845/845 
f 845/845/845 846/846/846 847/847/847 
f 846/846/846 847/847/847 847/847/847 
f 847/847/847 847/847/847 848/848/848 
f 847/847/847 848/848/848 848/848/848 
f 848/848/848 848/848/848 849/849/849 
f 848/848/848 850/850/850 849/849/849 
f 849/849/849 850/850/850 851/851/851 
f 850/850/850 850/850/850 851/851/851 
f 851/851/851 850/850/850 852/852/852 
f 850/850/850 853/853/853 852/852/852 
f 852/852/852 853/853/853 852/852/852 
f 853/853/853 854/854/854 852/852/852 
f 852/852/852 854/854/854 855/855/855 
f 854/854/854 855/855/855 855/855/855 
f 855/855/855 855/855/855 856/856/856 
f 855/855/855 856/856/856 856/856/856 
f 856/856/856 856/856/856 857/857/857 
f 856/856/856 858/858/858 857/857/857 
f 857/857/857 858/858/858 859/859/859 
f 858/858/858 860/860/860 859/859/859 
f 859/859/859 860/860/860 861/861/861 
f 860/860/860 860/860/860 861/861/861 
f 861/861/861 860/860/860 862/862/862 
f 860/860/860 863/863/863 862/862/862 
f 862/862/862 863/863/863 863/863/863 
f 863/863/863 864/864/864 863/863/863 
f 863/863/863 864/864/864 864/864/864 
f 864/864/864 865/865/865 864/864/864 
f 864/864/864 865/865/865 866/866/866 
f 865/865/865 867/867/867 866/866/866 
f 866/866/866 867/867/867 868/868/868 
f 867/867/867 868/868/868 868/868/868 
f 868/868/868 868/868/868 869/869/869 
f 868/868/868 869/869/869 869/869/869 
f 869/869/869 869/869/869 870/870/870 
f 869/869/869 871/871/871 870/870/870 
f 870/870/870 871/871/871 871/871/871 
f 871/871/871 872/872/872 871/871/871 
f 871/871/871 872/872/872 872/872/872 
f 872/872/872 873/873/873 872/872/872 
f 872/872/872 873/873/873 874/874/874 
f 873/873/873 874/874/874 874/874/874 
f 874/874/874 874/874/874 875/875/875 
f 874/874/874 875/875/875 875/875/875 
f 875/875/875 875/875/875 876/876/876 
f 875/875/875 877/877/877 876/876/876 
f 876/876/876 877/877/877 876/876/876 
f 877/877/877 878/878/878 876/876/876 
f 876/876/876 878/878/878 879/879/879 
f 878/878/878 879/879/879 879/879/879 
f 879/879/879 879/879/879 880/880/880 
f 879/879/879 880/880/880 880/880/880 
f 880/880/880 880/880/880 881/881/881 
f 880/880/880 882/882/882 881/881/881 
f 881/881/881 882/882/882 881/881/881 
f 882/882/882 883/883/883 881/881/881 
f 881/881/881 883/883/883 884/884/884 
f 883/883/883 884/884/884 884/884/884 
f 884/884/884 884/884/884 885/885/885 
f 884/884/884 885/885/885 885/885/885 
f 885/885/885 885/885/885 886/886/886 
f 885/885/885 887/887/887 886/886/886 
f 886/886/886 887/887/887 887/887/887 
f 887/887/887 888/888/888 887/887/887 
f 887/887/887 888/888/888 888/888/888 
f 888/888/888 889/889/889 888/888/888 
f 888/888/888 889/889/889 890/890/890 
f 889/889/889 890/890/890 890/890/890 
f 890/890/890 890/890/890 891/891/891 
f 890/890/890 891/891/891 891/891/891 
f 891/891/891 891/891/891 892/892/892 
f 891/891/891 893/893/893 892/892/892 
f 892/892/892 893/893/893 892/892/892 
f 893/893/893 894/894/894 892/892/892 
f 892/892/892 894/894/894 895/895/895 
f 894/894/894 895/895/895 895/895/895 
f 895/895/895 895/895/895 896/896/896 
f 895/895/895 896/896/896 896/896/896 
f 896/896/896 896/896/896 897/897/897 
f 896/896/896 898/898/898 897/897/897 
f 897/897/897 898/898/898 899/899/899 
f 898/898/898 900/900/900 899/899/899 
f 899/899/899 900/900/900 901/901/901 
f 900/900/900 902/902/902 901/901/901 
f 901/901/901 902/902/902 903/903/903 
f 902/902/902 904/904/904 903/903/903 
f 903/903/903 904/904/904 905/905/905 
f 904/904/904 906/906/906 905/905/905 
f 905/905/905 906/906/906 907/907/907 
f 906/906/906 908/908/908 907/907/907 
f 907/907/907 908/908/908 909/909/909 
f 908/908/908 910/910/910 909/909/909 
f 909/909/909 910/910/910 911/911/911 
f 910/910/910 912/912/912 911/911/911 
f 911/911/911 912/912/912 913/913/913 
f 912/912/912 914/914/914 913/913/913 
f 913/913/913 914/914/914 915/915/915 
f 914/914/914 916/916/916 915/915/915 
f 915/915/915 916/916/916 917/917/917 
f 916/916/916 918/918/918 917/917/917 
f 917/917/917 918/918/918 919/919/919 
f 918/918/918 919/919/919 919/919/919 
f 919/919/919 919/919/919 920/920/920 
f 919/919/919 920/920/920 920/920/920 
f 920/920/920 920/920/920 921/921/921 
f 920/920/920 922/922/922 921/921/921 
f 921/921/921 922/922/922 923/923/923 
f 922/922/922 923/923/923 923/923/923 
f 923/923/923 923/923/923 924/924/924 
f 923/923/923 924/924/924 924/924/924 
f 924/924/924 924/924/924 925/925/925 
f 924/924/924 926/926/926 925/925/925 
f 925/925/925 926/926/926 926/926/926 
f 926/926/926 927/927/927 926/926/926 
f 926/926/926 927/927/927 927/927/927 
f 927/927/927 928/928/928 927/927/927 
f 927/927/927 928/928/928 929/929/929 
f 928/928/928 929/929/929 929/929/929 
f 929/929/929 929/929/929 930/930/930 
f 929/929/929 930/930/930 930/930/930 
f 930/930/930 930/930/930 931/931/931 
f 930/930/930 932/932/932 931/931/931 
f 931/931/931 932/932/932 933/933/933 
f 932/932/932 933/933/933 933/933/933 
f 933/933/933 933/933/933 934/934/934 
f 933/933/933 934/934/934 934/934/934 
f 934/934/934 934/934/934 935/935/935 
f 934/934/934 936/936/936 935/935/935 
f 935/935/935 936/936/936 937/937/937 
f 936/936/936 937/937/937 937/937/937 
f 937/937/937 937/937/937 938/938/938 
f 937/937/937 938/938/938 938/938/938 
f 938/938/938 938/938/938 939/939/939 
f 938/938/938 940/940/940 939/939/939 
f 939/939/939 940/940/940 940/940/940 
f 940/940/940 941/941/941 940/940/940 
f 940/940/940 941/941/941 941/941/941 
f 941/941/941 942/942/942 941/941/941 
f 941/941/941 942/942/942 943/943/943 
f 942/942/942 943/943/943 943/943/943 
f 943/943/943 943/943/943 944/944/944 
f 943/943/943 944/944/944 944/944/944 
f 944/944/944 944/944/944 945/945/945 
f 944/944/944 946/946/946 945/945/945 
f 945/945/945 946/946/946 947/947/947 
f 946/946/946 948/948/948 947/947/947 
f 947/947/947 948/948/948 949/949/949 
f 948/948/948 950/950/950 949/949/949 
f 949/949/949 950/950/950 951/951/951 
f 950/950/950 951/951/951 951/951/951 
f 951/951/951 951/951/951 952/952/952 
f 951/951/951 952/952/952 952/952/952 
f 952/952/952 952/952/952 953/953/953 
f 952/952/952 954/954/954 953/953/953 
f 953/953/953 954/954/954 955/955/955 
f 954/954/954 956/956/956 955/955/955 
f 955/955/955 956/956/956 957/957/957 
f 956/956/956 957/957/957 957/957/957 
f 957/957/957 957/957/957 958/958/958 
f 957/957/957 958/958/958 958/958/958 
f 958/958/958 958/958/958 959/959/959 
f 958/958/958 960/960/960 959/959/959 
f 959/959/959 960/960/960 961/961/961 
f 960/960/960 962/962/962 961/961/961 
f 961/961/961 962/962/962 963/963/963 
f 962/962/962 964/964/964 963/963/963 
f 963/963/963 964/964/964 965/965/965 
f 964/964/964 965/965/965 965/965/965 
f 965/965/965 965/965/965 966/966/966 
f 965/965/965 966/966/966 966/966/966 
f 966/966/966 966/966/966 967/967/967 
f 966/966/966 968/968/968 967/967/967 
f 967/967/967 968/968/968 969/969/969 
f 968/968/968 969/969/969 969/969/969 
f 969/969/969 969/969/969 970/970/970 
f 969/969/969 970/970/970 970/970/970 
f 970/970/970 970/970/970 971/971/971 
f 970/970/970 972/972/972 971/971/971 
f 971/971/971 972/972/972 973/973/973 
f 972/972/972 974/974/974 973/973/973 
f 973/973/973 974/974/974 975/975/975 
f 974/974/974 975/975/975 975/975/975 
f 975/975/975 975/975/975 976/976/976 
f 975/975/975 976/976/976 976/976/976 
f 976/976/976 976/976/976 977/977/977 
f 976/976/976 978/978/978 977/977/977 
f 977/977/977 978/978/978 978/978/978 
f 978/978/978 979/979/979 978/978/978 
f 978/978/978 979/979/979 979/979/979 
f 979/979/979 980/980/980 979/979/979 
f 979/979/979 980/980/980 981/981/981 
f 980/980/980 981/981/981 981/981/981 
f 981/981/981 981/981/981 982/982/982 
f 981/981/981 982/982/982 982/982/982 
f 982/982/982 982/982/982 983/983/983 
f 982/982/982 984/984/984 983/983/983 
f 983/983/983 984/984/984 984/984/984 
f 984/984/984 985/985/985 984/984/984 
f 984/984/984 985/985/985 985/985/985 
f 985/985/985 986/986/986 985/985/985 
f 985/985/985 986/986/986 987/987/987 
f 986/986/986 987/987/987 987/987/987 
f 987/987/987 987/987/987 988/988/988 
f 987/987/987 988/988/988 988/988/988 
f 988/988/988 988/988/988 989/989/989 
f 988/988/988 990/990/990 989/989/989 
f 989/989/989 990/990/990 990/990/990 
f 990/990/990 991/991/991 990/990/990 
f 990/990/990 991/991/991 991/991/991 
f 991/991/991 992/992/992 991/991/991 
f 991/991/991 992/992/992 993/993/993 
f 992/992/992 993/993/993 993/993/993 
f 993/993/993 993/993/993 994/994/994 
f 993/993/993 994/994/994 994/994/994 
f 994/994/994 994/994/994 995/995/995 
f 994/994/994 996/996/996 995/995/995 
f 995/995/995 996/996/996 996/996/996 
f 996/996/996 997/997/997 996/996/996 
f 996/996/996 997/997/997 997/997/997 
f 997/997/997 998/998/998 997/997/997 
f 997/997/997 998/998/998 999/999/999 
f 998/998/998 998/998/998 999/999/999 
f 999/999/999 998/998/998 1000/1000/1000 
f 998/998/998 1001/1001/1001 1000/1000/1000 
f 1000/1000/1000 1001/1001/1001 1001/1001/1001 
f 1001/1001/1001 1002/1002/1002 1001/1001/1001 
f 1001/1001/1001 1002/1002/1002 1002/1002/1002 
f 1002/1002/1002 1003/1003/1003 1002/1002/1002 
f 1002/1002/1002 1003/1003/1003 1004/1004/1004 
f 1003/1003/1003 1005/1005/1005 1004/1004/1004 
f 1004/1004/1004 1005/1005/1005 1005/1005/1005 
f 1005/1005/1005 1006/1006/1006 1005/1005/1005 
f 1005/1005/1005 1006/1006/1006 1006/1006/1006 
f 1006/1006/1006 1007/1007/1007 1006/1006/1006 
f 1006/1006/1006 1007/1007/1007 1008/1008/1008 
f 1007/1007/1007 1008/1008/1008 1008/1008/1008 
f 1008/1008/1008 1008/1008/1008 1009/1009/1009 
f 1008/1008/1008 1009/1009/1009 1009/1009/1009 
f 1009/1009/1009 1009/1009/1009 1010/1010/1010 
f 1009/1009/1009 1011/1011/1011 1010/1010/1010 
f 1010/1010/1010 1011/1011/1011 1010/1010/1010 
f 1011/1011/1011 1012/1012/1012 1010/1010/1010 
f 1010/1010/1010 1012/1012/1012 1010/1010/1010 
f 1012/1012/1012 1013/1013/1013 1010/1010/1010 
f 1010/1010/1010 1013/1013/1013 1010/1010/1010 
f 1013/1013/1013 1014/1014/1014 1010/1010/1010 
f 1010/1010/1010 1014/1014/1014 1010/1010/1010 
f 1014/1014/1014 1015/1015/1015 1010/1010/1010 
f 1010/1010/1010 1015/1015/1015 1016/1016/1016 
f 1015/1015/1015 1017/1017/1017 1016/1016/1016 
f 1016/1016/1016 1017/1017/1017 1018/1018/1018 
f 1017/1017/1017 1019/1019/1019 1018/1018/1018 
f 1018/1018/1018 1019/1019/1019 1019/1019/1019 
f 1019/1019/1019 1010/1010/1010 1019/1019/1019 
f 1019/1019/1019 1010/1010/1010 1010/1010/1010 
f 1010/1010/1010 1016/1016/1016 1010/1010/1010 
f 1010/1010/1010 1016/1016/1016 1009/1009/1009 
f 1016/1016/1016 1016/1016/1016 1009/1009/1009 
f 1009/1009/1009 1016/1016/1016 1020/1020/1020 
f 1016/1016/1016 1018/1018/1018 1020/1020/1020 
f 1020/1020/1020 1018/1018/1018 1018/1018/1018 
f 1018/1018/1018 1017/1017/1017 1018/1018/1018 
f 1018/1018/1018 1017/1017/1017 1017/1017/1017 
f 1017/1017/1017 1015/1015/1015 1017/1017/1017 
f 1017/1017/1017 1015/1015/1015 1021/1021/1021 
f 1015/1015/1015 1022/1022/1022 1021/1021/1021 
f 1021/1021/1021 1022/1022/1022 1023/1023/1023 
f 1022/1022/1022 1022/1022/1022 1023/1023/1023 
f 1023/1023/1023 1022/1022/1022 1024/1024/1024 
f 1022/1022/1022 1022/1022/1022 1024/1024/1024 
f 1024/1024/1024 1022/1022/1022 1025/1025/1025 
f 1022/1022/1022 1022/1022/1022 1025/1025/1025 
f 1025/1025/1025 1022/1022/1022 1026/1026/1026 
f 1022/1022/1022 1022/1022/1022 1026/1026/1026 
f 1026/1026/1026 1022/1022/1022 1014/1014/1014 
f 1022/1022/1022 1015/1015/1015 1014/1014/1014 
f 1014/1014/1014 1015/1015/1015 1015/1015/1015 
f 1015/1015/1015 1027/1027/1027 1015/1015/1015 
f 1015/1015/1015 1027/1027/1027 1027/1027/1027 
f 1027/1027/1027 1028/1028/1028 1027/1027/1027 
f 1027/1027/1027 1028/1028/1028 1029/1029/1029 
f 1028/1028/1028 1030/1030/1030 1029/1029/1029 
f 1029/1029/1029 1030/1030/1030 1030/1030/1030 
f 1030/1030/1030 1031/1031/1031 1030/1030/1030 
f 1030/1030/1030 1031/1031/1031 1031/1031/1031 
f 1031/1031/1031 1032/1032/1032 1031/1031/1031 
f 1031/1031/1031 1032/1032/1032 1033/1033/1033 
f 1032/1032/1032 1034/1034/1034 1033/1033/1033 
f 1033/1033/1033 1034/1034/1034 1034/1034/1034 
f 1034/1034/1034 1035/1035/1035 1034/1034/1034 
f 1034/1034/1034 1035/1035/1035 1035/1035/1035 
f 1035/1035/1035 1036/1036/1036 1035/1035/1035 
f 1035/1035/1035 1036/1036/1036 1037/1037/1037 
f 1036/1036/1036 1037/1037/1037 1037/1037/1037 
f 1037/1037/1037 1037/1037/1037 1038/1038/1038 
f 1037/1037/1037 1038/1038/1038 1038/1038/1038 
f 1038/1038/1038 1038/1038/1038 1039/1039/1039 
f 1038/1038/1038 1040/1040/1040 1039/1039/1039 
f 1039/1039/1039 1040/1040/1040 1039/1039/1039 
f 1040/1040/1040 1041/1041/1041 1039/1039/1039 
f 1039/1039/1039 1041/1041/1041 1042/1042/1042 
f 1041/1041/1041 1043/1043/1043 1042/1042/1042 
f 1042/1042/1042 1043/1043/1043 1043/1043/1043 
f 1043/1043/1043 1044/1044/1044 1043/1043/1043 
f 1043/1043/1043 1044/1044/1044 1044/1044/1044 
f 1044/1044/1044 1045/1045/1045 1044/1044/1044 
f 1044/1044/1044 1045/1045/1045 1046/1046/1046 
f 1045/1045/1045 1045/1045/1045 1046/1046/1046 
f 1046/1046/1046 1045/1045/1045 1047/1047/1047 
f 1045/1045/1045 1045/1045/1045 1047/1047/1047 
f 1047/1047/1047 1045/1045/1045 1048/1048/1048 
f 1045/1045/1045 1049/1049/1049 1048/1048/1048 
f 1048/1048/1048 1049/1049/1049 1049/1049/1049 
f 1049/1049/1049 1050/1050/1050 1049/1049/1049 
f 1049/1049/1049 1050/1050/1050 1050/1050/1050 
f 1050/1050/1050 1051/1051/1051 1050/1050/1050 
f 1050/1050/1050 1051/1051/1051 1052/1052/1052 
f 1051/1051/1051 1053/1053/1053 1052/1052/1052 
f 1052/1052/1052 1053/1053/1053 1054/1054/1054 
f 1053/1053/1053 1055/1055/1055 1054/1054/1054 
f 1054/1054/1054 1055/1055/1055 1056/1056/1056 
f 1055/1055/1055 1056/1056/1056 1056/1056/1056 
f 1056/1056/1056 1056/1056/1056 1054/1054/1054 
f 1056/1056/1056 1054/1054/1054 1054/1054/1054 
f 1054/1054/1054 1054/1054/1054 1052/1052/1052 
f 1054/1054/1054 1057/1057/1057 1052/1052/1052 
f 1052/1052/1052 1057/1057/1057 1057/1057/1057 
f 1057/1057/1057 1053/1053/1053 1057/1057/1057 
f 1057/1057/1057 1053/1053/1053 1053/1053/1053 
f 1053/1053/1053 1051/1051/1051 1053/1053/1053 
f 1053/1053/1053 1051/1051/1051 1055/1055/1055 
f 1051/1051/1051 1058/1058/1058 1055/1055/1055 
f 1055/1055/1055 1058/1058/1058 1058/1058/1058 
f 1058/1058/1058 1059/1059/1059 1058/1058/1058 
f 1058/1058/1058 1059/1059/1059 1059/1059/1059 
f 1059/1059/1059 1060/1060/1060 1059/1059/1059 
f 1059/1059/1059 1060/1060/1060 1061/1061/1061 
f 1060/1060/1060 1060/1060/1060 1061/1061/1061 
f 1061/1061/1061 1060/1060/1060 1062/1062/1062 
f 1060/1060/1060 1063/1063/1063 1062/1062/1062 
f 1062/1062/1062 1063/1063/1063 1064/1064/1064 
f 1063/1063/1063 1064/1064/1064 1064/1064/1064 
f 1064/1064/1064 1064/1064/1064 1065/1065/1065 
f 1064/1064/1064 1065/1065/1065 1065/1065/1065 
f 1065/1065/1065 1065/1065/1065 1066/1066/1066 
f 1065/1065/1065 1067/1067/1067 1066/1066/1066 
f 1066/1066/1066 1067/1067/1067 1066/1066/1066 
f 1067/1067/1067 1068/1068/1068 1066/1066/1066 
f 1066/1066/1066 1068/1068/1068 1066/1066/1066 
f 1068/1068/1068 1069/1069/1069 1066/1066/1066 
f 1066/1066/1066 1069/1069/1069 1070/1070/1070 
f 1069/1069/1069 1070/1070/1070 1070/1070/1070 
f 1070/1070/1070 1070/1070/1070 1071/1071/1071 
f 1070/1070/1070 1071/1071/1071 1071/1071/1071 
f 1071/1071/1071 1071/1071/1071 1072/1072/1072 
f 1071/1071/1071 1073/1073/1073 1072/1072/1072 
f 1072/1072/1072 1073/1073/1073 1074/1074/1074 
f 1073/1073/1073 1074/1074/1074 1074/1074/1074 
f 1074/1074/1074 1074/1074/1074 1075/1075/1075 
f 1074/1074/1074 1075/1075/1075 1075/1075/1075 
f 1075/1075/1075 1075/1075/1075 1076/1076/1076 
f 1075/1075/1075 1077/1077/1077 1076/1076/1076 
f 1076/1076/1076 1077/1077/1077 1078/1078/1078 
f 1077/1077/1077 1078/1078/1078 1078/1078/1078 
f 1078/1078/1078 1078/1078/1078 1079/1079/1079 
f 1078/1078/1078 1079/1079/1079 1079/1079/1079 
f 1079/1079/1079 1079/1079/1079 1080/1080/1080 
f 1079/1079/1079 1081/1081/1081 1080/1080/1080 
f 1080/1080/1080 1081/1081/1081 1080/1080/1080 
f 1081/1081/1081 1082/1082/1082 1080/1080/1080 
f 1080/1080/1080 1082/1082/1082 1080/1080/1080 
f 1082/1082/1082 1083/1083/1083 1080/1080/1080 
f 1080/1080/1080 1083/1083/1083 1084/1084/1084 
f 1083/1083/1083 1085/1085/1085 1084/1084/1084 
f 1084/1084/1084 1085/1085/1085 1086/1086/1086 
f 1085/1085/1085 1087/1087/1087 1086/1086/1086 
f 1086/1086/1086 1087/1087/1087 1086/1086/1086 
f 1087/1087/1087 1088/1088/1088 1086/1086/1086 
f 1086/1086/1086 1088/1088/1088 1089/1089/1089 
f 1088/1088/1088 1089/1089/1089 1089/1089/1089 
f 1089/1089/1089 1089/1089/1089 1085/1085/1085 
f 1089/1089/1089 1085/1085/1085 1085/1085/1085 
f 1085/1085/1085 1085/1085/1085 1087/1087/1087 
f 1085/1085/1085 1090/1090/1090 1087/1087/1087 
f 1087/1087/1087 1090/1090/1090 1090/1090/1090 
f 1090/1090/1090 1091/1091/1091 1090/1090/1090 
f 1090/1090/1090 1091/1091/1091 1091/1091/1091 
f 1091/1091/1091 1092/1092/1092 1091/1091/1091 
f 1091/1091/1091 1092/1092/1092 1093/1093/1093 
f 1092/1092/1092 1094/1094/1094 1093/1093/1093 
f 1093/1093/1093 1094/1094/1094 1095/1095/1095 
f 1094/1094/1094 1096/1096/1096 1095/1095/1095 
f 1095/1095/1095 1096/1096/1096 1097/1097/1097 
f 1096/1096/1096 1097/1097/1097 1097/1097/1097 
f 1097/1097/1097 1097/1097/1097 1098/1098/1098 
f 1097/1097/1097 1098/1098/1098 1098/1098/1098 
f 1098/1098/1098 1098/1098/1098 1099/1099/1099 
f 1098/1098/1098 1100/1100/1100 1099/1099/1099 
f 1099/1099/1099 1100/1100/1100 1099/1099/1099 
f 1100/1100/1100 1101/1101/1101 1099/1099/1099 
f 1099/1099/1099 1101/1101/1101 1102/1102/1102 
f 1101/1101/1101 1101/1101/1101 1102/1102/1102 
f 1102/1102/1102 1101/1101/1101 1103/1103/1103 
f 1101/1101/1101 1104/1104/1104 1103/1103/1103 
f 1103/1103/1103 1104/1104/1104 1104/1104/1104 
f 1104/1104/1104 1105/1105/1105 1104/1104/1104 
f 1104/1104/1104 1105/1105/1105 1105/1105/1105 
f 1105/1105/1105 1106/1106/1106 1105/1105/1105 
f 1105/1105/1105 1106/1106/1106 1107/1107/1107 
f 1106/1106/1106 1108/1108/1108 1107/1107/1107 
f 1107/1107/1107 1108/1108/1108 1109/1109/1109 
f 1108/1108/1108 1110/1110/1110 1109/1109/1109 
f 1109/1109/1109 1110/1110/1110 1111/1111/1111 
f 1110/1110/1110 1111/1111/1111 1111/1111/1111 
f 1111/1111/1111 1111/1111/1111 1112/1112/1112 
f 1111/1111/1111 1112/1112/1112 1112/1112/1112 
f 1112/1112/1112 1112/1112/1112 1113/1113/1113 
f 1112/1112/1112 1114/1114/1114 1113/1113/1113 
f 1113/1113/1113 1114/1114/1114 1115/1115/1115 
f 1114/1114/1114 1116/1116/1116 1115/1115/1115 
f 1115/1115/1115 1116/1116/1116 1117/1117/1117 
f 1116/1116/1116 1118/1118/1118 1117/1117/1117 
f 1117/1117/1117 1118/1118/1118 1118/1118/1118 
f 1118/1118/1118 1119/1119/1119 1118/1118/1118 
f 1118/1118/1118 1119/1119/1119 1119/1119/1119 
f 1119/1119/1119 1120/1120/1120 1119/1119/1119 
f 1119/1119/1119 1120/1120/1120 1121/1121/1121 
f 1120/1120/1120 1122/1122/1122 1121/1121/1121 
f 1121/1121/1121 1122/1122/1122 1123/1123/1123 
f 1122/1122/1122 1124/1124/1124 1123/1123/1123 
f 1123/1123/1123 1124/1124/1124 1123/1123/1123 
f 1124/1124/1124 1125/1125/1125 1123/1123/1123 
f 1123/1123/1123 1125/1125/1125 1123/1123/1123 
f 1125/1125/1125 1126/1126/1126 1123/1123/1123 
f 1123/1123/1123 1126/1126/1126 1123/1123/1123 
f 1126/1126/1126 1127/1127/1127 1123/1123/1123 
f 1123/1123/1123 1127/1127/1127 1123/1123/1123 
f 1127/1127/1127 1128/1128/1128 1123/1123/1123 
f 1123/1123/1123 1128/1128/1128 1129/1129/1129 
f 1128/1128/1128 1130/1130/1130 1129/1129/1129 
f 1129/1129/1129 1130/1130/1130 1129/1129/1129 
f 1130/1130/1130 1131/1131/1131 1129/1129/1129 
f 1129/1129/1129 1131/1131/1131 1129/1129/1129 
f 1131/1131/1131 1132/1132/1132 1129/1129/1129 
f 1129/1129/1129 1132/1132/1132 1123/1123/1123 
f 1132/1132/1132 1123/1123/1123 1123/1123/1123 
f 1123/1123/1123 1123/1123/1123 1120/1120/1120 
f 1123/1123/1123 1120/1120/1120 1120/1120/1120 
f 1120/1120/1120 1120/1120/1120 1122/1122/1122 
f 1120/1120/1120 1133/1133/1133 1122/1122/1122 
f 1122/1122/1122 1133/1133/1133 1122/1122/1122 
f 1133/1133/1133 1134/1134/1134 1122/1122/1122 
f 1122/1122/1122 1134/1134/1134 1124/1124/1124 
f 1134/1134/1134 1135/1135/1135 1124/1124/1124 
f 1124/1124/1124 1135/1135/1135 1135/1135/1135 
f 1135/1135/1135 1128/1128/1128 1135/1135/1135 
f 1135/1135/1135 1128/1128/1128 1128/1128/1128 
f 1128/1128/1128 1136/1136/1136 1128/1128/1128 
f 1128/1128/1128 1136/1136/1136 1130/1130/1130 
f 1136/1136/1136 1130/1130/1130 1130/1130/1130 
f 1130/1130/1130 1130/1130/1130 1130/1130/1130 
f 1130/1130/1130 1130/1130/1130 1130/1130/1130 
f 1130/1130/1130 1130/1130/1130 1131/1131/1131 
f 1130/1130/1130 1137/1137/1137 1131/1131/1131 
f 1131/1131/1131 1137/1137/1137 1137/1137/1137 
f 1137/1137/1137 1131/1131/1131 1137/1137/1137 
f 1137/1137/1137 1131/1131/1131 1131/1131/1131 
f 1131/1131/1131 1138/1138/1138 1131/1131/1131 
f 1131/1131/1131 1138/1138/1138 1132/1132/1132 
f 1138/1138/1138 1132/1132/1132 1132/1132/1132 
f 1132/1132/1132 1132/1132/1132 1139/1139/1139 
f 1132/1132/1132 1139/1139/1139 1139/1139/1139 
f 1139/1139/1139 1139/1139/1139 1140/1140/1140 
f 1139/1139/1139 1141/1141/1141 1140/1140/1140 
f 1140/1140/1140 1141/1141/1141 1140/1140/1140 
f 1141/1141/1141 1142/1142/1142 1140/1140/1140 
f 1140/1140/1140 1142/1142/1142 1140/1140/1140 
f 1142/1142/1142 1143/1143/1143 1140/1140/1140 
f 1140/1140/1140 1143/1143/1143 1140/1140/1140 
f 1143/1143/1143 1144/1144/1144 1140/1140/1140 
f 1140/1140/1140 1144/1144/1144 1140/1140/1140 
f 1144/1144/1144 1145/1145/1145 1140/1140/1140 
f 1140/1140/1140 1145/1145/1145 1146/1146/1146 
f 1145/1145/1145 1146/1146/1146 1146/1146/1146 
f 1146/1146/1146 1146/1146/1146 1147/1147/1147 
f 1146/1146/1146 1147/1147/1147 1147/1147/1147 
f 1147/1147/1147 1147/1147/1147 1148/1148/1148 
f 1147/1147/1147 1149/1149/1149 1148/1148/1148 
f 1148/1148/1148 1149/1149/1149 1150/1150/1150 
f 1149/1149/1149 1150/1150/1150 1150/1150/1150 
f 1150/1150/1150 1150/1150/1150 1151/1151/1151 
f 1150/1150/1150 1151/1151/1151 1151/1151/1151 
f 1151/1151/1151 1151/1151/1151 1152/1152/1152 
f 1151/1151/1151 1153/1153/1153 1152/1152/1152 
f 1152/1152/1152 1153/1153/1153 1152/1152/1152 
f 1153/1153/1153 1154/1154/1154 1152/1152/1152 
f 1152/1152/1152 1154/1154/1154 1155/1155/1155 
f 1154/1154/1154 1156/1156/1156 1155/1155/1155 
f 1155/1155/1155 1156/1156/1156 1156/1156/1156 
f 1156/1156/1156 1152/1152/1152 1156/1156/1156 
f 1156/1156/1156 1152/1152/1152 1152/1152/1152 
f 1152/1152/1152 1155/1155/1155 1152/1152/1152 
f 1152/1152/1152 1155/1155/1155 1157/1157/1157 
f 1155/1155/1155 1158/1158/1158 1157/1157/1157 
f 1157/1157/1157 1158/1158/1158 1158/1158/1158 
f 1158/1158/1158 1159/1159/1159 1158/1158/1158 
f 1158/1158/1158 1159/1159/1159 1159/1159/1159 
f 1159/1159/1159 1160/1160/1160 1159/1159/1159 
f 1159/1159/1159 1160/1160/1160 1161/1161/1161 
f 1160/1160/1160 1160/1160/1160 1161/1161/1161 
f 1161/1161/1161 1160/1160/1160 1162/1162/1162 
f 1160/1160/1160 1163/1163/1163 1162/1162/1162 
f 1162/1162/1162 1163/1163/1163 1164/1164/1164 
f 1163/1163/1163 1163/1163/1163 1164/1164/1164 
f 1164/1164/1164 1163/1163/1163 1165/1165/1165 
f 1163/1163/1163 1166/1166/1166 1165/1165/1165 
f 1165/1165/1165 1166/1166/1166 1166/1166/1166 
f 1166/1166/1166 1167/1167/1167 1166/1166/1166 
f 1166/1166/1166 1167/1167/1167 1167/1167/1167 
f 1167/1167/1167 1168/1168/1168 1167/1167/1167 
f 1167/1167/1167 1168/1168/1168 1169/1169/1169 
f 1168/1168/1168 1170/1170/1170 1169/1169/1169 
f 1169/1169/1169 1170/1170/1170 1171/1171/1171 
f 1170/1170/1170 1172/1172/1172 1171/1171/1171 
f 1171/1171/1171 1172/1172/1172 1171/1171/1171 
f 1172/1172/1172 1173/1173/1173 1171/1171/1171 
f 1171/1171/1171 1173/1173/1173 1174/1174/1174 
f 1173/1173/1173 1174/1174/1174 1174/1174/1174 
f 1174/1174/1174 1174/1174/1174 1175/1175/1175 
f 1174/1174/1174 1175/1175/1175 1175/1175/1175 
f 1175/1175/1175 1175/1175/1175 1176/1176/1176 
f 1175/1175/1175 1177/1177/1177 1176/1176/1176 
f 1176/1176/1176 1177/1177/1177 1177/1177/1177 
f 1177/1177/1177 1178/1178/1178 1177/1177/1177 
f 1177/1177/1177 1178/1178/1178 1178/1178/1178 
f 1178/1178/1178 1179/1179/1179 1178/1178/1178 
f 1178/1178/1178 1179/1179/1179 1180/1180/1180 
f 1179/1179/1179 1181/1181/1181 1180/1180/1180 
f 1180/1180/1180 1181/1181/1181 1182/1182/1182 
f 1181/1181/1181 1182/1182/1182 1182/1182/1182 
f 1182/1182/1182 1182/1182/1182 1183/1183/1183 
f 1182/1182/1182 1183/1183/1183 1183/1183/1183 
f 1183/1183/1183 1183/1183/1183 1184/1184/1184 
f 1183/1183/1183 1185/1185/1185 1184/1184/1184 
f 1184/1184/1184 1185/1185/1185 1186/1186/1186 
f 1185/1185/1185 1186/1186/1186 1186/1186/1186 
f 1186/1186/1186 1186/1186/1186 1187/1187/1187 
f 1186/1186/1186 1187/1187/1187 1187/1187/1187 
f 1187/1187/1187 1187/1187/1187 1188/1188/1188 
f 1187/1187/1187 1189/1189/1189 1188/1188/1188 
f 1188/1188/1188 1189/1189/1189 1189/1189/1189 
f 1189/1189/1189 1190/1190/1190 1189/1189/1189 
f 1189/1189/1189 1190/1190/1190 1190/1190/1190 
f 1190/1190/1190 1191/1191/1191 1190/1190/1190 
f 1190/1190/1190 1191/1191/1191 1192/1192/1192 
f 1191/1191/1191 1191/1191/1191 1192/1192/1192 
f 1192/1192/1192 1191/1191/1191 1193/1193/1193 
f 1191/1191/1191 1191/1191/1191 1193/1193/1193 
f 1193/1193/1193 1191/1191/1191 1194/1194/1194 
f 1191/1191/1191 1191/1191/1191 1194/1194/1194 
f 1194/1194/1194 1191/1191/1191 1195/1195/1195 
f 1191/1191/1191 1191/1191/1191 1195/1195/1195 
f 1195/1195/1195 1191/1191/1191 1196/1196/1196 
f 1191/1191/1191 1197/1197/1197 1196/1196/1196 
f 1196/1196/1196 1197/1197/1197 1198/1198/1198 
f 1197/1197/1197 1199/1199/1199 1198/1198/1198 
f 1198/1198/1198 1199/1199/1199 1200/1200/1200 
f 1199/1199/1199 1200/1200/1200 1200/1200/1200 
f 1200/1200/1200 1200/1200/1200 1191/1191/1191 
f 1200/1200/1200 1191/1191/1191 1191/1191/1191 
f 1191/1191/1191 1191/1191/1191 1197/1197/1197 
f 1191/1191/1191 1190/1190/1190 1197/1197/1197 
f 1197/1197/1197 1190/1190/1190 1197/1197/1197 
f 1190/1190/1190 1201/1201/1201 1197/1197/1197 
f 1197/1197/1197 1201/1201/1201 1199/1199/1199 
f 1201/1201/1201 1199/1199/1199 1199/1199/1199 
f 1199/1199/1199 1199/1199/1199 1198/1198/1198 
f 1199/1199/1199 1198/1198/1198 1198/1198/1198 
f 1198/1198/1198 1198/1198/1198 1196/1196/1196 
f 1198/1198/1198 1202/1202/1202 1196/1196/1196 
f 1196/1196/1196 1202/1202/1202 1203/1203/1203 
f 1202/1202/1202 1204/1204/1204 1203/1203/1203 
f 1203/1203/1203 1204/1204/1204 1203/1203/1203 
f 1204/1204/1204 1205/1205/1205 1203/1203/1203 
f 1203/1203/1203 1205/1205/1205 1203/1203/1203 
f 1205/1205/1205 1206/1206/1206 1203/1203/1203 
f 1203/1203/1203 1206/1206/1206 1203/1203/1203 
f 1206/1206/1206 1207/1207/1207 1203/1203/1203 
f 1203/1203/1203 1207/1207/1207 1203/1203/1203 
f 1207/1207/1207 1195/1195/1195 1203/1203/1203 
f 1203/1203/1203 1195/1195/1195 1196/1196/1196 
f 1195/1195/1195 1196/1196/1196 1196/1196/1196 
f 1196/1196/1196 1196/1196/1196 1208/1208/1208 
f 1196/1196/1196 1208/1208/1208 1208/1208/1208 
f 1208/1208/1208 1208/1208/1208 1209/1209/1209 
f 1208/1208/1208 1210/1210/1210 1209/1209/1209 
f 1209/1209/1209 1210/1210/1210 1211/1211/1211 
f 1210/1210/1210 1211/1211/1211 1211/1211/1211 
f 1211/1211/1211 1211/1211/1211 1212/1212/1212 
f 1211/1211/1211 1212/1212/1212 1212/1212/1212 
f 1212/1212/1212 1212/1212/1212 1213/1213/1213 
f 1212/1212/1212 1214/1214/1214 1213/1213/1213 
f 1213/1213/1213 1214/1214/1214 1215/1215/1215 
f 1214/1214/1214 1215/1215/1215 1215/1215/1215 
f 1215/1215/1215 1215/1215/1215 1216/1216/1216 
f 1215/1215/1215 1216/1216/1216 1216/1216/1216 
f 1216/1216/1216 1216/1216/1216 1217/1217/1217 
f 1216/1216/1216 1218/1218/1218 1217/1217/1217 
f 1217/1217/1217 1218/1218/1218 1218/1218/1218 
f 1218/1218/1218 1219/1219/1219 1218/1218/1218 
f 1218/1218/1218 1219/1219/1219 1219/1219/1219 
f 1219/1219/1219 1220/1220/1220 1219/1219/1219 
f 1219/1219/1219 1220/1220/1220 1221/1221/1221 
f 1220/1220/1220 1220/1220/1220 1221/1221/1221 
f 1221/1221/1221 1220/1220/1220 1222/1222/1222 
f 1220/1220/1220 1223/1223/1223 1222/1222/1222 
f 1222/1222/1222 1223/1223/1223 1224/1224/1224 
f 1223/1223/1223 1224/1224/1224 1224/1224/1224 
f 1224/1224/1224 1224/1224/1224 1225/1225/1225 
f 1224/1224/1224 1225/1225/1225 1225/1225/1225 
f 1225/1225/1225 1225/1225/1225 1226/1226/1226 
f 1225/1225/1225 1227/1227/1227 1226/1226/1226 
f 1226/1226/1226 1227/1227/1227 1226/1226/1226 
f 1227/1227/1227 1228/1228/1228 1226/1226/1226 
f 1226/1226/1226 1228/1228/1228 1226/1226/1226 
f 1228/1228/1228 1229/1229/1229 1226/1226/1226 
f 1226/1226/1226 1229/1229/1229 1230/1230/1230 
f 1229/1229/1229 1230/1230/1230 1230/1230/1230 
f 1230/1230/1230 1230/1230/1230 1231/1231/1231 
f 1230/1230/1230 1231/1231/1231 1231/1231/1231 
f 1231/1231/1231 1231/1231/1231 1232/1232/1232 
f 1231/1231/1231 1233/1233/1233 1232/1232/1232 
f 1232/1232/1232 1233/1233/1233 1234/1234/1234 
f 1233/1233/1233 1235/1235/1235 1234/1234/1234 
f 1234/1234/1234 1235/1235/1235 1236/1236/1236 
f 1235/1235/1235 1237/1237/1237 1236/1236/1236 
f 1236/1236/1236 1237/1237/1237 1237/1237/1237 
f 1237/1237/1237 1234/1234/1234 1237/1237/1237 
f 1237/1237/1237 1234/1234/1234 1234/1234/1234 
f 1234/1234/1234 1236/1236/1236 1234/1234/1234 
f 1234/1234/1234 1236/1236/1236 1232/1232/1232 
f 1236/1236/1236 1238/1238/1238 1232/1232/1232 
f 1232/1232/1232 1238/1238/1238 1238/1238/1238 
f 1238/1238/1238 1233/1233/1233 1238/1238/1238 
f 1238/1238/1238 1233/1233/1233 1233/1233/1233 
f 1233/1233/1233 1239/1239/1239 1233/1233/1233 
f 1233/1233/1233 1239/1239/1239 1235/1235/1235 
f 1239/1239/1239 1235/1235/1235 1235/1235/1235 
f 1235/1235/1235 1235/1235/1235 1240/1240/1240 
f 1235/1235/1235 1240/1240/1240 1240/1240/1240 
f 1240/1240/1240 1240/1240/1240 1241/1241/1241 
f 1240/1240/1240 1242/1242/1242 1241/1241/1241 
f 1241/1241/1241 1242/1242/1242 1241/1241/1241 
f 1242/1242/1242 1243/1243/1243 1241/1241/1241 
f 1241/1241/1241 1243/1243/1243 1244/1244/1244 
f 1243/1243/1243 1245/1245/1245 1244/1244/1244 
f 1244/1244/1244 1245/1245/1245 1245/1245/1245 
f 1245/1245/1245 1246/1246/1246 1245/1245/1245 
f 1245/1245/1245 1246/1246/1246 1246/1246/1246 
f 1246/1246/1246 1247/1247/1247 1246/1246/1246 
f 1246/1246/1246 1247/1247/1247 1248/1248/1248 
f 1247/1247/1247 1247/1247/1247 1248/1248/1248 
f 1248/1248/1248 1247/1247/1247 1249/1249/1249 
f 1247/1247/1247 1247/1247/1247 1249/1249/1249 
f 1249/1249/1249 1247/1247/1247 1250/1250/1250 
f 1247/1247/1247 1251/1251/1251 1250/1250/1250 
f 1250/1250/1250 1251/1251/1251 1251/1251/1251 
f 1251/1251/1251 1252/1252/1252 1251/1251/1251 
f 1251/1251/1251 1252/1252/1252 1252/1252/1252 
f 1252/1252/1252 1253/1253/1253 1252/1252/1252 
f 1252/1252/1252 1253/1253/1253 1254/1254/1254 
f 1253/1253/1253 1255/1255/1255 1254/1254/1254 
f 1254/1254/1254 1255/1255/1255 1255/1255/1255 
f 1255/1255/1255 1256/1256/1256 1255/1255/1255 
f 1255/1255/1255 1256/1256/1256 1256/1256/1256 
f 1256/1256/1256 1257/1257/1257 1256/1256/1256 
f 1256/1256/1256 1257/1257/1257 1258/1258/1258 
f 1257/1257/1257 1259/1259/1259 1258/1258/1258 
f 1258/1258/1258 1259/1259/1259 1259/1259/1259 
f 1259/1259/1259 1260/1260/1260 1259/1259/1259 
f 1259/1259/1259 1260/1260/1260 1260/1260/1260 
f 1260/1260/1260 1261/1261/1261 1260/1260/1260 
f 1260/1260/1260 1261/1261/1261 1262/1262/1262 
f 1261/1261/1261 1261/1261/1261 1262/1262/1262 
f 1262/1262/1262 1261/1261/1261 1263/1263/1263 
f 1261/1261/1261 1261/1261/1261 1263/1263/1263 
f 1263/1263/1263 1261/1261/1261 1264/1264/1264 
f 1261/1261/1261 1265/1265/1265 1264/1264/1264 
f 1264/1264/1264 1265/1265/1265 1266/1266/1266 
f 1265/1265/1265 1267/1267/1267 1266/1266/1266 
f 1266/1266/1266 1267/1267/1267 1268/1268/1268 
f 1267/1267/1267 1267/1267/1267 1268/1268/1268 
f 1268/1268/1268 1267/1267/1267 1269/1269/1269 
f 1267/1267/1267 1270/1270/1270 1269/1269/1269 
f 1269/1269/1269 1270/1270/1270 1270/1270/1270 
f 1270/1270/1270 1268/1268/1268 1270/1270/1270 
f 1270/1270/1270 1268/1268/1268 1268/1268/1268 
f 1268/1268/1268 1271/1271/1271 1268/1268/1268 
f 1268/1268/1268 1271/1271/1271 1266/1266/1266 
f 1271/1271/1271 1266/1266/1266 1266/1266/1266 
f 1266/1266/1266 1266/1266/1266 1272/1272/1272 
f 1266/1266/1266 1272/1272/1272 1272/1272/1272 
f 1272/1272/1272 1272/1272/1272 1273/1273/1273 
f 1272/1272/1272 1274/1274/1274 1273/1273/1273 
f 1273/1273/1273 1274/1274/1274 1275/1275/1275 
f 1274/1274/1274 1276/1276/1276 1275/1275/1275 
f 1275/1275/1275 1276/1276/1276 1277/1277/1277 
f 1276/1276/1276 1278/1278/1278 1277/1277/1277 
f 1277/1277/1277 1278/1278/1278 1278/1278/1278 
f 1278/1278/1278 1279/1279/1279 1278/1278/1278 
f 1278/1278/1278 1279/1279/1279 1279/1279/1279 
f 1279/1279/1279 1280/1280/1280 1279/1279/1279 
f 1279/1279/1279 1280/1280/1280 1281/1281/1281 
f 1280/1280/1280 1280/1280/1280 1281/1281/1281 
f 1281/1281/1281 1280/1280/1280 1282/1282/1282 
f 1280/1280/1280 1283/1283/1283 1282/1282/1282 
f 1282/1282/1282 1283/1283/1283 1282/1282/1282 
f 1283/1283/1283 1284/1284/1284 1282/1282/1282 
f 1282/1282/1282 1284/1284/1284 1285/1285/1285 
f 1284/1284/1284 1285/1285/1285 1285/1285/1285 
f 1285/1285/1285 1285/1285/1285 1286/1286/1286 
f 1285/1285/1285 1286/1286/1286 1286/1286/1286 
f 1286/1286/1286 1286/1286/1286 1287/1287/1287 
f 1286/1286/1286 1288/1288/1288 1287/1287/1287 
f 1287/1287/1287 1288/1288/1288 1289/1289/1289 
f 1288/1288/1288 1290/1290/1290 1289/1289/1289 
f 1289/1289/1289 1290/1290/1290 1291/1291/1291 
f 1290/1290/1290 1292/1292/1292 1291/1291/1291 
f 1291/1291/1291 1292/1292/1292 1292/1292/1292 
f 1292/1292/1292 1293/1293/1293 1292/1292/1292 
f 1292/1292/1292 1293/1293/1293 1293/1293/1293 
f 1293/1293/1293 1294/1294/1294 1293/1293/1293 
f 1293/1293/1293 1294/1294/1294 1295/1295/1295 
f 1294/1294/1294 1296/1296/1296 1295/1295/1295 
f 1295/1295/1295 1296/1296/1296 1297/1297/1297 
f 1296/1296/1296 1298/1298/1298 1297/1297/1297 
f 1297/1297/1297 1298/1298/1298 1299/1299/1299 
f 1298/1298/1298 1299/1299/1299 1299/1299/1299 
f 1299/1299/1299 1299/1299/1299 1300/1300/1300 
f 1299/1299/1299 1300/1300/1300 1300/1300/1300 
f 1300/1300/1300 1300/1300/1300 1301/1301/1301 
f 1300/1300/1300 1302/1302/1302 1301/1301/1301 
f 1301/1301/1301 1302/1302/1302 1303/1303/1303 
f 1302/1302/1302 1304/1304/1304 1303/1303/1303 
f 1303/1303/1303 1304/1304/1304 1305/1305/1305 
f 1304/1304/1304 1304/1304/1304 1305/1305/1305 
f 1305/1305/1305 1304/1304/1304 1306/1306/1306 
f 1304/1304/1304 1304/1304/1304 1306/1306/1306 
f 1306/1306/1306 1304/1304/1304 1307/1307/1307 
f 1304/1304/1304 1304/1304/1304 1307/1307/1307 
f 1307/1307/1307 1304/1304/1304 1308/1308/1308 
f 1304/1304/1304 1304/1304/1304 1308/1308/1308 
f 1308/1308/1308 1304/1304/1304 1309/1309/1309 
f 1304/1304/1304 1310/1310/1310 1309/1309/1309 
f 1309/1309/1309 1310/1310/1310 1311/1311/1311 
f 1310/1310/1310 1310/1310/1310 1311/1311/1311 
f 1311/1311/1311 1310/1310/1310 1312/1312/1312 
f 1310/1310/1310 1310/1310/1310 1312/1312/1312 
f 1312/1312/1312 1310/1310/1310 1313/1313/1313 
f 1310/1310/1310 1304/1304/1304 1313/1313/1313 
f 1313/1313/1313 1304/1304/1304 1304/1304/1304 
f 1304/1304/1304 1301/1301/1301 1304/1304/1304 
f 1304/1304/1304 1301/1301/1301 1301/1301/1301 
f 1301/1301/1301 1303/1303/1303 1301/1301/1301 
f 1301/1301/1301 1303/1303/1303 1314/1314/1314 
f 1303/1303/1303 1303/1303/1303 1314/1314/1314 
f 1314/1314/1314 1303/1303/1303 1315/1315/1315 
f 1303/1303/1303 1305/1305/1305 1315/1315/1315 
f 1315/1315/1315 1305/1305/1305 1316/1316/1316 
f 1305/1305/1305 1316/1316/1316 1316/1316/1316 
f 1316/1316/1316 1316/1316/1316 1311/1311/1311 
f 1316/1316/1316 1311/1311/1311 1311/1311/1311 
f 1311/1311/1311 1311/1311/1311 1309/1309/1309 
f 1311/1311/1311 1317/1317/1317 1309/1309/1309 
f 1309/1309/1309 1317/1317/1317 1317/1317/1317 
f 1317/1317/1317 1312/1312/1312 1317/1317/1317 
f 1317/1317/1317 1312/1312/1312 1312/1312/1312 
f 1312/1312/1312 1318/1318/1318 1312/1312/1312 
f 1312/1312/1312 1318/1318/1318 1311/1311/1311 
f 1318/1318/1318 1311/1311/1311 1311/1311/1311 
f 1311/1311/1311 1311/1311/1311 1313/1313/1313 
f 1311/1311/1311 1313/1313/1313 1313/1313/1313 
f 1313/1313/1313 1313/1313/1313 1312/1312/1312 
f 1313/1313/1313 1319/1319/1319 1312/1312/1312 
f 1312/1312/1312 1319/1319/1319 1319/1319/1319 
f 1319/1319/1319 1320/1320/1320 1319/1319/1319 
f 1319/1319/1319 1320/1320/1320 1320/1320/1320 
f 1320/1320/1320 1321/1321/1321 1320/1320/1320 
f 1320/1320/1320 1321/1321/1321 1322/1322/1322 
f 1321/1321/1321 1323/1323/1323 1322/1322/1322 
f 1322/1322/1322 1323/1323/1323 1322/1322/1322 
f 1323/1323/1323 1324/1324/1324 1322/1322/1322 
f 1322/1322/1322 1324/1324/1324 1322/1322/1322 
f 1324/1324/1324 1325/1325/1325 1322/1322/1322 
f 1322/1322/1322 1325/1325/1325 1322/1322/1322 
f 1325/1325/1325 1326/1326/1326 1322/1322/1322 
f 1322/1322/1322 1326/1326/1326 1327/1327/1327 
f 1326/1326/1326 1327/1327/1327 1327/1327/1327 
f 1327/1327/1327 1327/1327/1327 1328/1328/1328 
f 1327/1327/1327 1328/1328/1328 1328/1328/1328 
f 1328/1328/1328 1328/1328/1328 1329/1329/1329 
f 1328/1328/1328 1330/1330/1330 1329/1329/1329 
f 1329/1329/1329 1330/1330/1330 1331/1331/1331 
f 1330/1330/1330 1331/1331/1331 1331/1331/1331 
f 1331/1331/1331 1331/1331/1331 1332/1332/1332 
f 1331/1331/1331 1332/1332/1332 1332/1332/1332 
f 1332/1332/1332 1332/1332/1332 1333/1333/1333 
f 1332/1332/1332 1334/1334/1334 1333/1333/1333 
f 1333/1333/1333 1334/1334/1334 1335/1335/1335 
f 1334/1334/1334 1336/1336/1336 1335/1335/1335 
f 1335/1335/1335 1336/1336/1336 1337/1337/1337 
f 1336/1336/1336 1337/1337/1337 1337/1337/1337 
f 1337/1337/1337 1337/1337/1337 1334/1334/1334 
f 1337/1337/1337 1334/1334/1334 1334/1334/1334 
f 1334/1334/1334 1334/1334/1334 1336/1336/1336 
f 1334/1334/1334 1338/1338/1338 1336/1336/1336 
f 1336/1336/1336 1338/1338/1338 1339/1339/1339 
f 1338/1338/1338 1339/1339/1339 1339/1339/1339 
f 1339/1339/1339 1339/1339/1339 1340/1340/1340 
f 1339/1339/1339 1340/1340/1340 1340/1340/1340 
f 1340/1340/1340 1340/1340/1340 1341/1341/1341 
f 1340/1340/1340 1342/1342/1342 1341/1341/1341 
f 1341/1341/1341 1342/1342/1342 1341/1341/1341 
f 1342/1342/1342 1343/1343/1343 1341/1341/1341 
f 1341/1341/1341 1343/1343/1343 1344/1344/1344 
f 1343/1343/1343 1345/1345/1345 1344/1344/1344 
f 1344/1344/1344 1345/1345/1345 1344/1344/1344 
f 1345/1345/1345 1346/1346/1346 1344/1344/1344 
f 1344/1344/1344 1346/1346/1346 1347/1347/1347 
f 1346/1346/1346 1347/1347/1347 1347/1347/1347 
f 1347/1347/1347 1347/1347/1347 1348/1348/1348 
f 1347/1347/1347 1348/1348/1348 1348/1348/1348 
f 1348/1348/1348 1348/1348/1348 1349/1349/1349 
f 1348/1348/1348 1350/1350/1350 1349/1349/1349 
f 1349/1349/1349 1350/1350/1350 1351/1351/1351 
f 1350/1350/1350 1352/1352/1352 1351/1351/1351 
f 1351/1351/1351 1352/1352/1352 1353/1353/1353 
f 1352/1352/1352 1352/1352/1352 1353/1353/1353 
f 1353/1353/1353 1352/1352/1352 1354/1354/1354 
f 1352/1352/1352 1355/1355/1355 1354/1354/1354 
f 1354/1354/1354 1355/1355/1355 1355/1355/1355 
f 1355/1355/1355 1356/1356/1356 1355/1355/1355 
f 1355/1355/1355 1356/1356/1356 1356/1356/1356 
f 1356/1356/1356 1357/1357/1357 1356/1356/1356 
f 1356/1356/1356 1357/1357/1357 1358/1358/1358 
f 1357/1357/1357 1357/1357/1357 1358/1358/1358 
f 1358/1358/1358 1357/1357/1357 1359/1359/1359 
f 1357/1357/1357 1360/1360/1360 1359/1359/1359 
f 1359/1359/1359 1360/1360/1360 1361/1361/1361 
f 1360/1360/1360 1361/1361/1361 1361/1361/1361 
f 1361/1361/1361 1361/1361/1361 1362/1362/1362 
f 1361/1361/1361 1362/1362/1362 1362/1362/1362 
f 1362/1362/1362 1362/1362/1362 1363/1363/1363 
f 1362/1362/1362 1364/1364/1364 1363/1363/1363 
f 1363/1363/1363 1364/1364/1364 1365/1365/1365 
f 1364/1364/1364 1366/1366/1366 1365/1365/1365 
f 1365/1365/1365 1366/1366/1366 1367/1367/1367 
f 1366/1366/1366 1367/1367/1367 1367/1367/1367 
f 1367/1367/1367 1367/1367/1367 1368/1368/1368 
f 1367/1367/1367 1368/1368/1368 1368/1368/1368 
f 1368/1368/1368 1368/1368/1368 1369/1369/1369 
f 1368/1368/1368 1370/1370/1370 1369/1369/1369 
f 1369/1369/1369 1370/1370/1370 1371/1371/1371 
f 1370/1370/1370 1372/1372/1372 1371/1371/1371 
f 1371/1371/1371 1372/1372/1372 1373/1373/1373 
f 1372/1372/1372 1373/1373/1373 1373/1373/1373 
f 1373/1373/1373 1373/1373/1373 1374/1374/1374 
f 1373/1373/1373 1374/1374/1374 1374/1374/1374 
f 1374/1374/1374 1374/1374/1374 1375/1375/1375 
f 1374/1374/1374 1376/1376/1376 1375/1375/1375 
f 1375/1375/1375 1376/1376/1376 1377/1377/1377 
f 1376/1376/1376 1378/1378/1378 1377/1377/1377 
f 1377/1377/1377 1378/1378/1378 1379/1379/1379 
f 1378/1378/1378 1379/1379/1379 1379/1379/1379 
f 1379/1379/1379 1379/1379/1379 1380/1380/1380 
f 1379/1379/1379 1380/1380/1380 1380/1380/1380 
f 1380/1380/1380 1380/1380/1380 1381/1381/1381 
f 1380/1380/1380 1382/1382/1382 1381/1381/1381 
f 1381/1381/1381 1382/1382/1382 1383/1383/1383 
f 1382/1382/1382 1384/1384/1384 1383/1383/1383 
f 1383/1383/1383 1384/1384/1384 1385/1385/1385 
f 1384/1384/1384 1385/1385/1385 1385/1385/1385 
f 1385/1385/1385 1385/1385/1385 1386/1386/1386 
f 1385/1385/1385 1386/1386/1386 1386/1386/1386 
f 1386/1386/1386 1386/1386/1386 1387/1387/1387 
f 1386/1386/1386 1388/1388/1388 1387/1387/1387 
f 1387/1387/1387 1388/1388/1388 1389/1389/1389 
f 1388/1388/1388 1390/1390/1390 1389/1389/1389 
f 1389/1389/1389 1390/1390/1390 1391/1391/1391 
f 1390/1390/1390 1391/1391/1391 1391/1391/1391 
f 1391/1391/1391 1391/1391/1391 1392/1392/1392 
f 1391/1391/1391 1392/1392/1392 1392/1392/1392 
f 1392/1392/1392 1392/1392/1392 1393/1393/1393 
f 1392/1392/1392 1394/1394/1394 1393/1393/1393 
f 1393/1393/1393 1394/1394/1394 1395/1395/1395 
f 1394/1394/1394 1395/1395/1395 1395/1395/1395 
f 1395/1395/1395 1395/1395/1395 1396/1396/1396 
f 1395/1395/1395 1396/1396/1396 1396/1396/1396 
f 1396/1396/1396 1396/1396/1396 1397/1397/1397 
f 1396/1396/1396 1398/1398/1398 1397/1397/1397 
f 1397/1397/1397 1398/1398/1398 1399/1399/1399 
f 1398/1398/1398 1399/1399/1399 1399/1399/1399 
f 1399/1399/1399 1399/1399/1399 1400/1400/1400 
f 1399/1399/1399 1400/1400/1400 1400/1400/1400 
f 1400/1400/1400 1400/1400/1400 1401/1401/1401 
f 1400/1400/1400 1402/1402/1402 1401/1401/1401 
f 1401/1401/1401 1402/1402/1402 1401/1401/1401 
f 1402/1402/1402 1403/1403/1403 1401/1401/1401 
f 1401/1401/1401 1403/1403/1403 1404/1404/1404 
f 1403/1403/1403 1404/1404/1404 1404/1404/1404 
f 1404/1404/1404 1404/1404/1404 1405/1405/1405 
f 1404/1404/1404 1405/1405/1405 1405/1405/1405 
f 1405/1405/1405 1405/1405/1405 1406/1406/1406 
f 1405/1405/1405 1407/1407/1407 1406/1406/1406 
f 1406/1406/1406 1407/1407/1407 1407/1407/1407 
f 1407/1407/1407 1408/1408/1408 1407/1407/1407 
f 1407/1407/1407 1408/1408/1408 1408/1408/1408 
f 1408/1408/1408 1409/1409/1409 1408/1408/1408 
f 1408/1408/1408 1409/1409/1409 1410/1410/1410 
f 1409/1409/1409 1411/1411/1411 1410/1410/1410 
f 1410/1410/1410 1411/1411/1411 1411/1411/1411 
f 1411/1411/1411 1412/1412/1412 1411/1411/1411 
f 1411/1411/1411 1412/1412/1412 1412/1412/1412 
f 1412/1412/1412 1413/1413/1413 1412/1412/1412 
f 1412/1412/1412 1413/1413/1413 1414/1414/1414 
f 1413/1413/1413 1415/1415/1415 1414/1414/1414 
f 1414/1414/1414 1415/1415/1415 1415/1415/1415 
f 1415/1415/1415 1416/1416/1416 1415/1415/1415 
f 1415/1415/1415 1416/1416/1416 1416/1416/1416 
f 1416/1416/1416 1417/1417/1417 1416/1416/1416 
f 1416/1416/1416 1417/1417/1417 1418/1418/1418 
f 1417/1417/1417 1419/1419/1419 1418/1418/1418 
f 1418/1418/1418 1419/1419/1419 1419/1419/1419 
f 1419/1419/1419 1420/1420/1420 1419/1419/1419 
f 1419/1419/1419 1420/1420/1420 1420/1420/1420 
f 1420/1420/1420 1421/1421/1421 1420/1420/1420 
f 1420/1420/1420 1421/1421/1421 1422/1422/1422 
f 1421/1421/1421 1423/1423/1423 1422/1422/1422 
f 1422/1422/1422 1423/1423/1423 1423/1423/1423 
f 1423/1423/1423 1424/1424/1424 1423/1423/1423 
f 1423/1423/1423 1424/1424/1424 1424/1424/1424 
f 1424/1424/1424 1425/1425/1425 1424/1424/1424 
f 1424/1424/1424 1425/1425/1425 1426/1426/1426 
f 1425/1425/1425 1426/1426/1426 1426/1426/1426 
f 1426/1426/1426 1426/1426/1426 1427/1427/1427 
f 1426/1426/1426 1427/1427/1427 1427/1427/1427 
f 1427/1427/1427 1427/1427/1427 1428/1428/1428 
f 1427/1427/1427 1429/1429/1429 1428/1428/1428 
f 1428/1428/1428 1429/1429/1429 1429/1429/1429 
f 1429/1429/1429 1430/1430/1430 1429/1429/1429 
f 1429/1429/1429 1430/1430/1430 1430/1430/1430 
f 1430/1430/1430 1431/1431/1431 1430/1430/1430 
f 1430/1430/1430 1431/1431/1431 1432/1432/1432 
f 1431/1431/1431 1433/1433/1433 1432/1432/1432 
f 1432/1432/1432 1433/1433/1433 1433/1433/1433 
f 1433/1433/1433 1434/1434/1434 1433/1433/1433 
f 1433/1433/1433 1434/1434/1434 1434/1434/1434 
f 1434/1434/1434 1435/1435/1435 1434/1434/1434 
f 1434/1434/1434 1435/1435/1435 1436/1436/1436 
f 1435/1435/1435 1437/1437/1437 1436/1436/1436 
f 1436/1436/1436 1437/1437/1437 1437/1437/1437 
f 1437/1437/1437 1438/1438/1438 1437/1437/1437 
f 1437/1437/1437 1438/1438/1438 1438/1438/1438 
f 1438/1438/1438 1439/1439/1439 1438/1438/1438 
f 1438/1438/1438 1439/1439/1439 1440/1440/1440 
f 1439/1439/1439 1439/1439/1439 1440/1440/1440 
f 1440/1440/1440 1439/1439/1439 1441/1441/1441 
f 1439/1439/1439 1442/1442/1442 1441/1441/1441 
f 1441/1441/1441 1442/1442/1442 1443/1443/1443 
f 1442/1442/1442 1443/1443/1443 1443/1443/1443 
f 1443/1443/1443 1443/1443/1443 1444/1444/1444 
f 1443/1443/1443 1444/1444/1444 1444/1444/1444 
f 1444/1444/1444 1444/1444/1444 1445/1445/1445 
f 1444/1444/1444 1446/1446/1446 1445/1445/1445 
f 1445/1445/1445 1446/1446/1446 1447/1447/1447 
f 1446/1446/1446 1447/1447/1447 1447/1447/1447 
f 1447/1447/1447 1447/1447/1447 1448/1448/1448 
f 1447/1447/1447 1448/1448/1448 1448/1448/1448 
f 1448/1448/1448 1448/1448/1448 1449/1449/1449 
f 1448/1448/1448 1450/1450/1450 1449/1449/1449 
f 1449/1449/1449 1450/1450/1450 1451/1451/1451 
f 1450/1450/1450 1451/1451/1451 1451/1451/1451 
f 1451/1451/1451 1451/1451/1451 1452/1452/1452 
f 1451/1451/1451 1452/1452/1452 1452/1452/1452 
f 1452/1452/1452 1452/1452/1452 1453/1453/1453 
f 1452/1452/1452 1454/1454/1454 1453/1453/1453 
f 1453/1453/1453 1454/1454/1454 1455/1455/1455 
f 1454/1454/1454 1455/1455/1455 1455/1455/1455 
f 1455/1455/1455 1455/1455/1455 1456/1456/1456 
f 1455/1455/1455 1456/1456/1456 1456/1456/1456 
f 1456/1456/1456 1456/1456/1456 1457/1457/1457 
f 1456/1456/1456 1458/1458/1458 1457/1457/1457 
f 1457/1457/1457 1458/1458/1458 1459/1459/1459 
f 1458/1458/1458 1459/1459/1459 1459/1459/1459 
f 1459/1459/1459 1459/1459/1459 1460/1460/1460 
f 1459/1459/1459 1460/1460/1460 1460/1460/1460 
f 1460/1460/1460 1460/1460/1460 1461/1461/1461 
f 1460/1460/1460 1462/1462/1462 1461/1461/1461 
f 1461/1461/1461 1462/1462/1462 1463/1463/1463 
f 1462/1462/1462 1464/1464/1464 1463/1463/1463 
f 1463/1463/1463 1464/1464/1464 1465/1465/1465 
f 1464/1464/1464 1465/1465/1465 1465/1465/1465 
f 1465/1465/1465 1465/1465/1465 1466/1466/1466 
f 1465/1465/1465 1466/1466/1466 1466/1466/1466 
f 1466/1466/1466 1466/1466/1466 1467/1467/1467 
f 1466/1466/1466 1468/1468/1468 1467/1467/1467 
f 1467/1467/1467 1468/1468/1468 1469/1469/1469 
f 1468/1468/1468 1469/1469/1469 1469/1469/1469 
f 1469/1469/1469 1469/1469/1469 1470/1470/1470 
f 1469/1469/1469 1470/1470/1470 1470/1470/1470 
f 1470/1470/1470 1470/1470/1470 1471/1471/1471 
f 1470/1470/1470 1472/1472/1472 1471/1471/1471 
f 1471/1471/1471 1472/1472/1472 1472/1472/1472 
f 1472/1472/1472 1473/1473/1473 1472/1472/1472 
f 1472/1472/1472 1473/1473/1473 1473/1473/1473 
f 1473/1473/1473 1474/1474/1474 1473/1473/1473 
f 1473/1473/1473 1474/1474/1474 1475/1475/1475 
f 1474/1474/1474 1476/1476/1476 1475/1475/1475 
f 1475/1475/1475 1476/1476/1476 1477/1477/1477 
f 1476/1476/1476 1477/1477/1477 1477/1477/1477 
f 1477/1477/1477 1477/1477/1477 1478/1478/1478 
f 1477/1477/1477 1478/1478/1478 1478/1478/1478 
f 1478/1478/1478 1478/1478/1478 1479/1479/1479 
f 1478/1478/1478 1480/1480/1480 1479/1479/1479 
f 1479/1479/1479 1480/1480/1480 1481/1481/1481 
f 1480/1480/1480 1481/1481/1481 1481/1481/1481 
f 1481/1481/1481 1481/1481/1481 1482/1482/1482 
f 1481/1481/1481 1482/1482/1482 1482/1482/1482 
f 1482/1482/1482 1482/1482/1482 1483/1483/1483 
f 1482/1482/1482 1484/1484/1484 1483/1483/1483 
f 1483/1483/1483 1484/1484/1484 1485/1485/1485 
f 1484/1484/1484 1485/1485/1485 1485/1485/1485 
f 1485/1485/1485 1485/1485/1485 1486/1486/1486 
f 1485/1485/1485 1486/1486/1486 1486/1486/1486 
f 1486/1486/1486 1486/1486/1486 1487/1487/1487 
f 1486/1486/1486 1488/1488/1488 1487/1487/1487 
f 1487/1487/1487 1488/1488/1488 1489/1489/1489 
f 1488/1488/1488 1489/1489/1489 1489/1489/1489 
f 1489/1489/1489 1489/1489/1489 1490/1490/1490 
f 1489/1489/1489 1490/1490/1490 1490/1490/1490 
f 1490/1490/1490 1490/1490/1490 1491/1491/1491 
f 1490/1490/1490 1492/1492/1492 1491/1491/1491 
f 1491/1491/1491 1492/1492/1492 1493/1493/1493 
f 1492/1492/1492 1493/1493/1493 1493/1493/1493 
f 1493/1493/1493 1493/1493/1493 1494/1494/1494 
f 1493/1493/1493 1494/1494/1494 1494/1494/1494 
f 1494/1494/1494 1494/1494/1494 1495/1495/1495 
f 1494/1494/1494 1496/1496/1496 1495/1495/1495 
f 1495/1495/1495 1496/1496/1496 1497/1497/1497 
f 1496/1496/1496 1497/1497/1497 1497/1497/1497 
f 1497/1497/1497 1497/1497/1497 1498/1498/1498 
f 1497/1497/1497 1498/1498/1498 1498/1498/1498 
f 1498/1498/1498 1498/1498/1498 1499/1499/1499 
f 1498/1498/1498 1500/1500/1500 1499/1499/1499 
f 1499/1499/1499 1500/1500/1500 1501/1501/1501 
f 1500/1500/1500 1501/1501/1501 1501/1501/1501 
f 1501/1501/1501 1501/1501/1501 1502/1502/1502 
f 1501/1501/1501 1502/1502/1502 1502/1502/1502 
f 1502/1502/1502 1502/1502/1502 1503/1503/1503 
f 1502/1502/1502 1504/1504/1504 1503/1503/1503 
f 1503/1503/1503 1504/1504/1504 1505/1505/1505 
f 1504/1504/1504 1505/1505/1505 1505/1505/1505 
f 1505/1505/1505 1505/1505/1505 1506/1506/1506 
f 1505/1505/1505 1506/1506/1506 1506/1506/1506 
f 1506/1506/1506 1506/1506/1506 1507/1507/1507 
f 1506/1506/1506 1508/1508/1508 1507/1507/1507 
f 1507/1507/1507 1508/1508/1508 1509/1509/1509 
f 1508/1508/1508 1509/1509/1509 1509/1509/1509 
f 1509/1509/1509 1509/1509/1509 1510/1510/1510 
f 1509/1509/1509 1510/1510/1510 1510/1510/1510 
f 1510/1510/1510 1510/1510/1510 1511/1511/1511 
f 1510/1510/1510 1512/1512/1512 1511/1511/1511 
f 1511/1511/1511 1512/1512/1512 1513/1513/1513 
f 1512/1512/1512 1513/1513/1513 1513/1513/1513 
f 1513/1513/1513 1513/1513/1513 1514/1514/1514 
f 1513/1513/1513 1514/1514/1514 1514/1514/1514 
f 1514/1514/1514 1514/1514/1514 1515/1515/1515 
f 1514/1514/1514 1516/1516/1516 1515/1515/1515 
f 1515/1515/1515 1516/1516/1516 1517/1517/1517 
f 1516/1516/1516 1517/1517/1517 1517/1517/1517 
f 1517/1517/1517 1517/1517/1517 1518/1518/1518 
f 1517/1517/1517 1518/1518/1518 1518/1518/1518 
f 1518/1518/1518 1518/1518/1518 1519/1519/1519 
f 1518/1518/1518 1520/1520/1520 1519/1519/1519 
f 1519/1519/1519 1520/1520/1520 1521/1521/1521 
f 1520/1520/1520 1521/1521/1521 1521/1521/1521 
f 1521/1521/1521 1521/1521/1521 1522/1522/1522 
f 1521/1521/1521 1522/1522/1522 1522/1522/1522 
f 1522/1522/1522 1522/1522/1522 1523/1523/1523 
f 1522/1522/1522 1524/1524/1524 1523/1523/1523 
f 1523/1523/1523 1524/1524/1524 1525/1525/1525 

