mtllib model_0.mtl
o model_0
v 2.016502857208252 0.8136156797409058 -0.6475615501403809 
v 2.0151844024658203 0.8140133023262024 -0.642249345779419 
v 2.0439608097076416 0.813615620136261 -0.621260404586792 
v 2.0439038276672363 0.8140133023262024 -0.6155404448509216 
v 2.063048839569092 0.813615620136261 -0.6069023609161377 
v 2.060757637023926 0.8140133023262024 -0.6030943393707275 
v 2.0823488235473633 0.8140133023262024 -0.5921258926391602 
v 2.0846402645111084 0.813615620136261 -0.5959339737892151 
v 2.120180130004883 0.8136156797409058 -0.5830457210540771 
v 2.1189002990722656 0.8140133023262024 -0.5784909129142761 
v 2.1401479244232178 0.8136156797409058 -0.5779905915260315 
v 2.1393301486968994 0.8140133023262024 -0.5733563303947449 
v 2.1610453128814697 0.8140133023262024 -0.5717252492904663 
v 2.1617379188537598 0.8136156797409058 -0.5761900544166565 
v 2.201955795288086 0.8136156797409058 -0.5773952603340149 
v 2.2118844985961914 0.8140133023262024 -0.5732059478759766 
v 2.2135400772094727 0.8136156797409058 -0.5782691836357117 
v 2.233227491378784 0.8140133023262024 -0.5791829824447632 
v 2.231989622116089 0.8136156797409058 -0.5835020542144775 
v 2.2634384632110596 0.8140133023262024 -0.5922305583953857 
v 2.2614877223968506 0.8136156797409058 -0.5962901711463928 
v 2.298063278198242 0.8140133023262024 -0.6130186915397644 
v 2.2955687046051025 0.8136156797409058 -0.6166943311691284 
v 2.3292975425720215 0.8140133619308472 -0.6405013203620911 
v 2.3261337280273438 0.8136156797409058 -0.6436234712600708 
v 2.3509633541107178 0.8136156797409058 -0.6758356094360352 
v 2.354753017425537 0.8140133619308472 -0.6735608577728271 
v 2.3731350898742676 0.8140133619308472 -0.7107964754104614 
v 2.368844747543335 0.8136156797409058 -0.7123932838439941 
v 2.3794071674346924 0.8136156797409058 -0.7517367601394653 
v 2.3840296268463135 0.8140133619308472 -0.7509423494338989 
v 2.386603832244873 0.8140133619308472 -0.792518138885498 
v 2.3821115493774414 0.8136156797409058 -0.7924306988716125 
v 2.376756191253662 0.8136157393455505 -0.8327909111976624 
v 2.3812434673309326 0.8140133619308472 -0.8339296579360962 
v 2.3677895069122314 0.8140133619308472 -0.8731988072395325 
v 2.363851308822632 0.8136157393455505 -0.8713927865028381 
v 2.343488931655884 0.8136157393455505 -0.9065969586372375 
v 2.347128391265869 0.8140133619308472 -0.9094092845916748 
v 2.3196887969970703 0.8140133619308472 -0.9406729936599731 
v 2.316429853439331 0.8136157393455505 -0.9373177886009216 
v 2.2842342853546143 0.8136157393455505 -0.962141215801239 
v 2.2865254878997803 0.8140133619308472 -0.9659492373466492 
v 2.2492802143096924 0.8140133619308472 -0.9842873215675354 
v 2.247788190841675 0.8136157393455505 -0.9801508784294128 
v 2.2083966732025146 0.8136157393455505 -0.990645170211792 
v 2.2090892791748047 0.8140133619308472 -0.9951099157333374 
v 2.1676766872406006 0.8140133619308472 -0.9979298710823059 
v 2.1677401065826416 0.8136157393455505 -0.9934306740760803 
v 2.127373456954956 0.8136157393455505 -0.9881446957588196 
v 2.12626051902771 0.8140133619308472 -0.9926332831382751 
v 2.086815118789673 0.8140133619308472 -0.979071855545044 
v 2.0887656211853027 0.8136156797409058 -0.9750123023986816 
v 2.053466796875 0.8136156797409058 -0.954721987247467 
v 2.050678253173828 0.8140133619308472 -0.9583525657653809 
v 2.019444227218628 0.8140133619308472 -0.9308699369430542 
v 2.022733211517334 0.8136156797409058 -0.9279173016548157 
v 1.9979467391967773 0.8136156797409058 -0.8954111933708191 
v 1.994113802909851 0.8140133619308472 -0.8979798555374146 
v 1.9756066799163818 0.8140133619308472 -0.8605747818946838 
v 1.979896903038025 0.8136156797409058 -0.8589779734611511 
v 1.9693344831466675 0.8136156797409058 -0.8196344971656799 
v 1.9648807048797607 0.8140133023262024 -0.8203044533729553 
v 1.9661628007888794 0.8136156797409058 -0.7800713181495667 
v 1.9616706371307373 0.8140133023262024 -0.7799838781356812 
v 1.9677422046661377 0.8136156797409058 -0.7479997277259827 
v 1.9632115364074707 0.8140133023262024 -0.747154951095581 
v 1.9711058139801025 0.8136156797409058 -0.7292774319648743 
v 1.9671775102615356 0.8140133023262024 -0.7253687381744385 
v 1.975272297859192 0.8136156797409058 -0.7183433175086975 
v 1.9882638454437256 0.8140133023262024 -0.6791536211967468 
v 1.991946816444397 0.8136156797409058 -0.6816719770431519 
v 2.0032451152801514 0.8136156797409058 -0.6631139516830444 
v 1.9994370937347412 0.8140133023262024 -0.6604260802268982 
v 2.1196460723876953 0.7981069087982178 -0.5805591344833374 
v 2.099837064743042 0.7981069087982178 -0.5875924229621887 
v 2.115544319152832 0.7985045909881592 -0.577826201915741 
v 2.080359935760498 0.7981069087982178 -0.5954281091690063 
v 2.0786125659942627 0.7985045313835144 -0.5920040607452393 
v 2.1396138668060303 0.7981069087982178 -0.5755040049552917 
v 2.1391282081604004 0.7985045909881592 -0.5716721415519714 
v 2.1610116958618164 0.7985045909881592 -0.5699166059494019 
v 2.1599855422973633 0.7981069087982178 -0.5738173127174377 
v 2.1778292655944824 0.7981069087982178 -0.5739974975585938 
v 2.202346086502075 0.7981069087982178 -0.574749767780304 
v 2.2027416229248047 0.7985045909881592 -0.5710529685020447 
v 2.2138869762420654 0.7981069087982178 -0.575917661190033 
v 2.2147445678710938 0.7985045909881592 -0.5721414089202881 
v 2.2336130142211914 0.7985045909881592 -0.5775887966156006 
v 2.2326302528381348 0.7981069087982178 -0.5811955332756042 
v 2.264117479324341 0.7985045909881592 -0.5906814336776733 
v 2.262547492980957 0.7981069087982178 -0.5941981673240662 
v 2.2990360260009766 0.7985045909881592 -0.6115145683288574 
v 2.296921968460083 0.7981069087982178 -0.6146473288536072 
v 2.3306891918182373 0.7985045909881592 -0.6392117142677307 
v 2.3279058933258057 0.7981069087982178 -0.6417909860610962 
v 2.35294246673584 0.7981069087982178 -0.6746360063552856 
v 2.3561012744903564 0.7985045909881592 -0.672565221786499 
v 2.3747336864471436 0.7985045909881592 -0.7101397514343262 
v 2.3712427616119385 0.7981069684028625 -0.7114081978797913 
v 2.382012128829956 0.7981069684028625 -0.7513845562934875 
v 2.3857100009918213 0.7985045909881592 -0.7507490515708923 
v 2.388409376144409 0.7985045909881592 -0.7924942970275879 
v 2.384504556655884 0.7981069684028625 -0.792496919631958 
v 2.3792309761047363 0.7981069684028625 -0.8333206176757812 
v 2.3830056190490723 0.798504650592804 -0.8341997861862183 
v 2.3694651126861572 0.798504650592804 -0.8740568161010742 
v 2.36594557762146 0.7981069684028625 -0.8724652528762817 
v 2.3453712463378906 0.7981069684028625 -0.9080878496170044 
v 2.348510265350342 0.798504650592804 -0.9102222919464111 
v 2.3208587169647217 0.798504650592804 -0.9419043660163879 
v 2.3182687759399414 0.7981069684028625 -0.9391026496887207 
v 2.28556752204895 0.7981069684028625 -0.9642994403839111 
v 2.287651777267456 0.798504650592804 -0.9674745798110962 
v 2.2499442100524902 0.798504650592804 -0.9858920574188232 
v 2.248490810394287 0.7981069684028625 -0.9825130701065063 
v 2.2087621688842773 0.7981069684028625 -0.9932562112808228 
v 2.209416389465332 0.798504650592804 -0.996963620185852 
v 2.167416572570801 0.798504650592804 -0.9996935129165649 
v 2.167686700820923 0.7981069684028625 -0.9958272576332092 
v 2.12673282623291 0.7981069684028625 -0.9904512166976929 
v 2.125875234603882 0.798504650592804 -0.9942274689674377 
v 2.0861358642578125 0.7985045909881592 -0.9806210398674011 
v 2.0878312587738037 0.7981069684028625 -0.9772737622261047 
v 2.051988363265991 0.7981069684028625 -0.9565994739532471 
v 2.0498740673065186 0.7985045909881592 -0.9597322344779968 
v 2.018221139907837 0.7985045909881592 -0.9320350885391235 
v 2.0210044384002686 0.7981069684028625 -0.9294558763504028 
v 1.99579918384552 0.7981069087982178 -0.8967352509498596 
v 1.9926402568817139 0.7985045909881592 -0.898806095123291 
v 1.9741765260696411 0.7985045909881592 -0.8611070513725281 
v 1.9776674509048462 0.7981069087982178 -0.859838604927063 
v 1.967023253440857 0.7981069087982178 -0.8200317621231079 
v 1.9632002115249634 0.7985045909881592 -0.8204977512359619 
v 1.963769793510437 0.7981069087982178 -0.7800050973892212 
v 1.9598650932312012 0.7985045909881592 -0.7800077199935913 
v 1.9652674198150635 0.7981069087982178 -0.7474700808525085 
v 1.961449384689331 0.7985045909881592 -0.746884822845459 
v 1.9686744213104248 0.7981069087982178 -0.7284538149833679 
v 1.9650683403015137 0.7985045909881592 -0.7274501323699951 
v 1.9694033861160278 0.7985045909881592 -0.7163915634155273 
v 1.9729660749435425 0.7981069087982178 -0.7176892161369324 
v 1.986882209777832 0.7985045909881592 -0.6783406138420105 
v 1.9831913709640503 0.7981069087982178 -0.6952092051506042 
v 1.9908254146575928 0.7981069087982178 -0.6790953874588013 
v 2.0011942386627197 0.7981069087982178 -0.6617475152015686 
v 1.9980987310409546 0.7985045909881592 -0.6593191027641296 
v 2.0117368698120117 0.7985045909881592 -0.6432238221168518 
v 2.0146636962890625 0.7981069087982178 -0.6457766890525818 
v 2.040499687194824 0.7985045313835144 -0.616221010684967 
v 2.029721975326538 0.7981069087982178 -0.6312517523765564 
v 2.0453240871429443 0.7981069087982178 -0.6171107888221741 
v 2.061840772628784 0.7981069087982178 -0.604913592338562 
v 2.059924840927124 0.7985045313835144 -0.6016139984130859 
v 1.9970648288726807 0.7965162396430969 -0.6826068162918091 
v 1.9947103261947632 0.8000952005386353 -0.6832979917526245 
v 1.9896427392959595 0.7965162396430969 -0.6983023285865784 
v 1.9841279983520508 0.7965162396430969 -0.710232138633728 
v 2.0070533752441406 0.7965162396430969 -0.6658018231391907 
v 2.0058400630950928 0.8000952005386353 -0.6648643612861633 
v 2.0187606811523438 0.8000952005386353 -0.6495608687400818 
v 2.020098924636841 0.7965162396430969 -0.6506678462028503 
v 2.0334815979003906 0.8000952005386353 -0.6352849006652832 
v 2.034651517868042 0.7965162396430969 -0.636516273021698 
v 2.049579381942749 0.7965162396430969 -0.6228731870651245 
v 2.0485782623291016 0.8000952005386353 -0.6215173602104187 
v 2.0657589435577393 0.7965162396430969 -0.6109248995780945 
v 2.064757823944092 0.8000952005386353 -0.6095690727233887 
v 2.082646131515503 0.8000952005386353 -0.6002874970436096 
v 2.0834789276123047 0.7965162396430969 -0.6017677783966064 
v 2.1017861366271973 0.8000952005386353 -0.592700719833374 
v 2.1022818088531494 0.7965162396430969 -0.5944299697875977 
v 2.121460199356079 0.7965162396430969 -0.5876005291938782 
v 2.120964527130127 0.8000952005386353 -0.5858713388442993 
v 2.1407973766326904 0.7965162396430969 -0.5827493071556091 
v 2.1405951976776123 0.8000952005386353 -0.5810650587081909 
v 2.1389596462249756 0.8124226927757263 -0.5717965960502625 
v 2.118529796600342 0.8124226927757263 -0.5769311785697937 
v 2.1393301486968994 0.8140133023262024 -0.5733563303947449 
v 2.1189002990722656 0.8140133023262024 -0.5784909129142761 
v 2.0985519886016846 0.8124226927757263 -0.584088921546936 
v 2.0823488235473633 0.8140133023262024 -0.5921258926391602 
v 2.0786125659942627 0.8124226927757263 -0.5920040607452393 
v 2.161180257797241 0.8124226927757263 -0.5697921514511108 
v 2.1610453128814697 0.8140133023262024 -0.5717252492904663 
v 2.2118844985961914 0.8140133023262024 -0.5732059478759766 
v 2.2027416229248047 0.8124226927757263 -0.5710529685020447 
v 2.2147445678710938 0.8124226927757263 -0.5721414089202881 
v 2.2336130142211914 0.8124226927757263 -0.5775887966156006 
v 2.233227491378784 0.8140133023262024 -0.5791829824447632 
v 2.264117479324341 0.8124226927757263 -0.5906814336776733 
v 2.2634384632110596 0.8140133023262024 -0.5922305583953857 
v 2.2990360260009766 0.8124226927757263 -0.6115145683288574 
v 2.298063278198242 0.8140133023262024 -0.6130186915397644 
v 2.3305206298828125 0.8124226927757263 -0.6393361687660217 
v 2.3292975425720215 0.8140133619308472 -0.6405013203620911 
v 2.354753017425537 0.8140133619308472 -0.6735608577728271 
v 2.3561012744903564 0.8124226927757263 -0.672565221786499 
v 2.3747336864471436 0.8124226927757263 -0.7101397514343262 
v 2.3731350898742676 0.8140133619308472 -0.7107964754104614 
v 2.3840296268463135 0.8140133619308472 -0.7509423494338989 
v 2.3857100009918213 0.8124226927757263 -0.7507490515708923 
v 2.388409376144409 0.8124227523803711 -0.7924942970275879 
v 2.386603832244873 0.8140133619308472 -0.792518138885498 
v 2.3812434673309326 0.8140133619308472 -0.8339296579360962 
v 2.3830056190490723 0.8124227523803711 -0.8341997861862183 
v 2.369339942932129 0.8124227523803711 -0.8738873600959778 
v 2.3677895069122314 0.8140133619308472 -0.8731988072395325 
v 2.347128391265869 0.8140133619308472 -0.9094092845916748 
v 2.348510265350342 0.8124227523803711 -0.9102222919464111 
v 2.3208587169647217 0.8124227523803711 -0.9419043660163879 
v 2.3196887969970703 0.8140133619308472 -0.9406729936599731 
v 2.2865254878997803 0.8140133619308472 -0.9659492373466492 
v 2.2875266075134277 0.8124227523803711 -0.967305064201355 
v 2.2499442100524902 0.8124227523803711 -0.9858920574188232 
v 2.2492802143096924 0.8140133619308472 -0.9842873215675354 
v 2.2090892791748047 0.8140133619308472 -0.9951099157333374 
v 2.209416389465332 0.8124227523803711 -0.996963620185852 
v 2.1675848960876465 0.8124227523803711 -0.9995690584182739 
v 2.1676766872406006 0.8140133619308472 -0.9979298710823059 
v 2.12626051902771 0.8140133619308472 -0.9926332831382751 
v 2.125875234603882 0.8124227523803711 -0.9942274689674377 
v 2.0861358642578125 0.8124227523803711 -0.9806210398674011 
v 2.086815118789673 0.8140133619308472 -0.979071855545044 
v 2.050678253173828 0.8140133619308472 -0.9583525657653809 
v 2.0498740673065186 0.8124226927757263 -0.9597322344779968 
v 2.018221139907837 0.8124226927757263 -0.9320350885391235 
v 2.019444227218628 0.8140133619308472 -0.9308699369430542 
v 1.994113802909851 0.8140133619308472 -0.8979798555374146 
v 1.9926402568817139 0.8124226927757263 -0.898806095123291 
v 1.9741765260696411 0.8124226927757263 -0.8611070513725281 
v 1.9756066799163818 0.8140133619308472 -0.8605747818946838 
v 1.9648807048797607 0.8140133023262024 -0.8203044533729553 
v 1.9633253812789917 0.8124226927757263 -0.8206672668457031 
v 1.9616706371307373 0.8140133023262024 -0.7799838781356812 
v 1.9598650932312012 0.8124226927757263 -0.7800077199935913 
v 1.9632115364074707 0.8140133023262024 -0.747154951095581 
v 1.961449384689331 0.8124226927757263 -0.746884822845459 
v 1.9671775102615356 0.8140133023262024 -0.7253687381744385 
v 1.9650683403015137 0.8124226927757263 -0.7274501323699951 
v 1.9694033861160278 0.8124226927757263 -0.7163915634155273 
v 1.9867136478424072 0.8124226927757263 -0.6784650683403015 
v 1.9882638454437256 0.8140133023262024 -0.6791536211967468 
v 1.9994370937347412 0.8140133023262024 -0.6604260802268982 
v 1.9980987310409546 0.8124226927757263 -0.6593191027641296 
v 2.01186203956604 0.8124226927757263 -0.643393337726593 
v 2.0151844024658203 0.8140133023262024 -0.642249345779419 
v 2.0439038276672363 0.8140133023262024 -0.6155404448509216 
v 2.027132034301758 0.8124226927757263 -0.6284499764442444 
v 2.042902708053589 0.8124226927757263 -0.6141846179962158 
v 2.060757637023926 0.8140133023262024 -0.6030943393707275 
v 2.059924840927124 0.8124226927757263 -0.6016139984130859 
v 2.027132034301758 0.8124226927757263 -0.6284499764442444 
v 2.01186203956604 0.8124226927757263 -0.643393337726593 
v 2.0151844024658203 0.8140133023262024 -0.642249345779419 
v 2.0657589435577393 0.7965162396430969 -0.6109248995780945 
v 2.0712177753448486 0.7969139218330383 -0.619727373123169 
v 2.049579381942749 0.7965162396430969 -0.6228731870651245 
v 2.0560059547424316 0.7969139218330383 -0.6312228441238403 
v 2.034651517868042 0.7965162396430969 -0.636516273021698 
v 2.0301129817962646 0.7969139218330383 -0.6550585031509399 
v 2.020098924636841 0.7965162396430969 -0.6506678462028503 
v 2.0834789276123047 0.7965162396430969 -0.6017677783966064 
v 2.0911669731140137 0.7969139218330383 -0.609709620475769 
v 2.1022818088531494 0.7965162396430969 -0.5944299697875977 
v 2.1241838932037354 0.7969139218330383 -0.5976369976997375 
v 2.121460199356079 0.7965162396430969 -0.5876005291938782 
v 2.142596483230591 0.7969139218330383 -0.5929446220397949 
v 2.1407973766326904 0.7965162396430969 -0.5827493071556091 
v 2.160287857055664 0.7965162396430969 -0.5809275507926941 
v 2.1626744270324707 0.7969139218330383 -0.5912129282951355 
v 2.1776692867279053 0.7965162396430969 -0.5811871886253357 
v 2.208096981048584 0.7969139218330383 -0.5927650928497314 
v 2.1908087730407715 0.7965162396430969 -0.5816983580589294 
v 2.201430082321167 0.7965162992477417 -0.5819738507270813 
v 2.212677478790283 0.7965162992477417 -0.5830967426300049 
v 2.230708122253418 0.7965162992477417 -0.5881150960922241 
v 2.2277214527130127 0.7969139218330383 -0.5981780290603638 
v 2.259493827819824 0.7965162992477417 -0.6006436944007874 
v 2.2552504539489746 0.7969139218330383 -0.6100630760192871 
v 2.292611837387085 0.7965162992477417 -0.6204493641853333 
v 2.2866930961608887 0.7969139218330383 -0.6290107369422913 
v 2.322676181793213 0.7965162992477417 -0.6467005610466003 
v 2.315168857574463 0.7969139218330383 -0.6538160443305969 
v 2.3380777835845947 0.7969139814376831 -0.6837799549102783 
v 2.346836805343628 0.7965162992477417 -0.6783592700958252 
v 2.3645546436309814 0.7965162992477417 -0.7139900922775269 
v 2.354837656021118 0.7969139814376831 -0.7177609801292419 
v 2.3646156787872314 0.7969139814376831 -0.754278838634491 
v 2.3747849464416504 0.7965162992477417 -0.7525311708450317 
v 2.3774943351745605 0.7965162992477417 -0.7921738028526306 
v 2.367166519165039 0.7969139814376831 -0.7919433116912842 
v 2.3622448444366455 0.7969139814376831 -0.8293641209602356 
v 2.3722689151763916 0.7965162992477417 -0.8316522240638733 
v 2.359494209289551 0.7965162992477417 -0.8693721890449524 
v 2.3501927852630615 0.7969139814376831 -0.8652410507202148 
v 2.331101655960083 0.7969139814376831 -0.8979347944259644 
v 2.3396809101104736 0.7965163588523865 -0.9039090871810913 
v 2.3133392333984375 0.7965163588523865 -0.9338381290435791 
v 2.3063204288482666 0.7969139814376831 -0.9264497756958008 
v 2.2763590812683105 0.7969139814376831 -0.9493612051010132 
v 2.281817674636841 0.7965163588523865 -0.9581636786460876 
v 2.2460458278656006 0.7965163588523865 -0.9756755232810974 
v 2.242354393005371 0.7969139814376831 -0.9660918712615967 
v 2.205904960632324 0.7969139814376831 -0.975985050201416 
v 2.2075788974761963 0.7965163588523865 -0.9860109090805054 
v 2.1678466796875 0.7965162992477417 -0.9886375665664673 
v 2.168146848678589 0.7969139814376831 -0.9784634113311768 
v 2.130592107772827 0.7969139814376831 -0.9734581708908081 
v 2.128361225128174 0.7965162992477417 -0.9834866523742676 
v 2.0905911922454834 0.7965162992477417 -0.9707832336425781 
v 2.094834327697754 0.7969139814376831 -0.9613638520240784 
v 2.062173843383789 0.7969139814376831 -0.9425300359725952 
v 2.0561299324035645 0.7965162992477417 -0.9509219527244568 
v 2.0262339115142822 0.7965162992477417 -0.9245462417602539 
v 2.0337414741516113 0.7969139814376831 -0.9174307584762573 
v 2.0106637477874756 0.7969139814376831 -0.8875913619995117 
v 2.0019049644470215 0.7965162992477417 -0.8930120468139648 
v 1.9843556880950928 0.7965162992477417 -0.8572567105293274 
v 1.9939039945602417 0.7969139218330383 -0.8536103367805481 
v 1.9841258525848389 0.7969139218330383 -0.8170924186706543 
v 1.973956823348999 0.7965162992477417 -0.8188401460647583 
v 1.9811078310012817 0.7969139218330383 -0.780558705329895 
v 1.9709486961364746 0.7965162992477417 -0.7802037596702576 
v 1.9825087785720825 0.7969139218330383 -0.7507141828536987 
v 1.9722727537155151 0.7965162992477417 -0.7488445043563843 
v 1.9865081310272217 0.7969139218330383 -0.7307366728782654 
v 1.9757181406021118 0.7965162992477417 -0.7305856347084045 
v 1.9798413515090942 0.7965162396430969 -0.7199454307556152 
v 1.9841279983520508 0.7965162396430969 -0.710232138633728 
v 1.9896427392959595 0.7965162396430969 -0.6983023285865784 
v 2.005263328552246 0.7969139218330383 -0.6891239881515503 
v 1.9970648288726807 0.7965162396430969 -0.6826068162918091 
v 2.0155889987945557 0.7969139218330383 -0.6720700263977051 
v 2.0070533752441406 0.7965162396430969 -0.6658018231391907 
v 2.0712177753448486 0.7969139218330383 -0.619727373123169 
v 2.071549654006958 0.7996975183486938 -0.6205297708511353 
v 2.0911669731140137 0.7969139218330383 -0.609709620475769 
v 2.088470458984375 0.7996975183486938 -0.6117010116577148 
v 2.1063053607940674 0.7996975183486938 -0.6048159599304199 
v 2.092625379562378 0.8020834922790527 -0.6120373606681824 
v 2.124717950820923 0.8020834922790527 -0.6001235842704773 
v 2.072676181793213 0.8020834922790527 -0.6220551133155823 
v 2.0563814640045166 0.7996975183486938 -0.6317312717437744 
v 2.0560059547424316 0.7969139218330383 -0.6312228441238403 
v 2.0301129817962646 0.7969139218330383 -0.6550585031509399 
v 2.042171001434326 0.7996975183486938 -0.6445825695991516 
v 2.0283360481262207 0.7996975183486938 -0.6579422950744629 
v 2.029799461364746 0.8020834922790527 -0.6592187285423279 
v 2.0177650451660156 0.8020834922790527 -0.6736059784889221 
v 2.0161330699920654 0.7996975183486938 -0.6724540591239929 
v 2.0155889987945557 0.7969139218330383 -0.6720700263977051 
v 2.005263328552246 0.7969139218330383 -0.6891239881515503 
v 2.0059759616851807 0.7996975183486938 -0.6893835067749023 
v 2.0082437992095947 0.8020834922790527 -0.6892802119255066 
v 1.99695885181427 0.8020834922790527 -0.7138522267341614 
v 1.990279197692871 0.7996975779533386 -0.7234993577003479 
v 1.9922916889190674 0.8020834922790527 -0.7241083979606628 
v 1.9884239435195923 0.8020834922790527 -0.7340362668037415 
v 2.054936408996582 0.8020834922790527 -0.6354174613952637 
v 1.9865081310272217 0.7969139218330383 -0.7307366728782654 
v 1.986411452293396 0.7996975779533386 -0.7334271669387817 
v 1.9825087785720825 0.7969139218330383 -0.7507141828536987 
v 1.9833898544311523 0.7996975779533386 -0.7508492469787598 
v 1.9811078310012817 0.7969139218330383 -0.780558705329895 
v 1.9818637371063232 0.7996975779533386 -0.7805242538452148 
v 1.9841258525848389 0.7969139218330383 -0.8170924186706543 
v 1.98488187789917 0.7996975779533386 -0.8170580267906189 
v 1.9852771759033203 0.8020834922790527 -0.7512888312339783 
v 1.9837944507598877 0.8020834922790527 -0.7806699275970459 
v 2.064836025238037 0.8016858696937561 -0.7260606288909912 
v 2.060230016708374 0.8016858696937561 -0.714533269405365 
v 2.0773561000823975 0.8008905649185181 -0.7155053019523621 
v 2.059133529663086 0.8016858696937561 -0.7067000865936279 
v 2.0556609630584717 0.8032764792442322 -0.7129310965538025 
v 2.0612633228302 0.8032764792442322 -0.7268656492233276 
v 2.056579113006592 0.8036741614341736 -0.722991406917572 
v 2.0768632888793945 0.8032764792442322 -0.7575126886367798 
v 2.096998929977417 0.8016858696937561 -0.7879531979560852 
v 2.051786184310913 0.8036741614341736 -0.7066258788108826 
v 2.0544543266296387 0.8032764792442322 -0.7017744779586792 
v 2.060608386993408 0.8016858696937561 -0.6967059969902039 
v 2.0844411849975586 0.8008905649185181 -0.7000587582588196 
v 2.141226291656494 0.8008905649185181 -0.8291506171226501 
v 2.116781234741211 0.8016858696937561 -0.8309643864631653 
v 2.1058974266052246 0.803276538848877 -0.8151681423187256 
v 2.094095468521118 0.803276538848877 -0.7893116474151611 
v 2.0648787021636963 0.804071843624115 -0.7613868117332458 
v 2.0160255432128906 0.8036741614341736 -0.712867259979248 
v 2.0291295051574707 0.804071843624115 -0.6942853927612305 
v 2.0533578395843506 0.8036741614341736 -0.6939412951469421 
v 2.0599355697631836 0.8032764792442322 -0.6880360245704651 
v 2.07142972946167 0.8016858696937561 -0.681381344795227 
v 2.0923588275909424 0.8008905649185181 -0.6860924959182739 
v 2.0902724266052246 0.8016858696937561 -0.665632963180542 
v 2.07580304145813 0.8032764792442322 -0.6710801124572754 
v 2.0632545948028564 0.8036741614341736 -0.6787754893302917 
v 2.0513367652893066 0.8036741614341736 -0.6862669587135315 
v 2.0177650451660156 0.8020834922790527 -0.6736059784889221 
v 2.0082437992095947 0.8020834922790527 -0.6892802119255066 
v 1.99695885181427 0.8020834922790527 -0.7138522267341614 
v 2.0588064193725586 0.804071843624115 -0.7669187188148499 
v 1.9922916889190674 0.8020834922790527 -0.7241083979606628 
v 2.099546194076538 0.804071843624115 -0.8175011277198792 
v 2.1126694679260254 0.803276538848877 -0.8303341269493103 
v 2.115715265274048 0.803276538848877 -0.8432756066322327 
v 2.061363697052002 0.804071843624115 -0.7943640351295471 
v 1.9884239435195923 0.8020834922790527 -0.7340362668037415 
v 2.1147310733795166 0.803276538848877 -0.8560501933097839 
v 1.9852771759033203 0.8020834922790527 -0.7512888312339783 
v 1.9837944507598877 0.8020834922790527 -0.7806699275970459 
v 1.9867308139801025 0.8020835518836975 -0.8167402744293213 
v 2.1109371185302734 0.803276538848877 -0.88582843542099 
v 1.996427059173584 0.8020835518836975 -0.8527947068214417 
v 2.112961769104004 0.803276538848877 -0.9016193151473999 
v 2.0129799842834473 0.8020835518836975 -0.8861428499221802 
v 2.1194450855255127 0.803276538848877 -0.9156889319419861 
v 2.0356385707855225 0.8020835518836975 -0.9157677292823792 
v 2.130218744277954 0.803276538848877 -0.9281617403030396 
v 2.0636954307556152 0.8020835518836975 -0.940358579158783 
v 2.1436939239501953 0.803276538848877 -0.9375918507575989 
v 2.095937490463257 0.8020835518836975 -0.9589778780937195 
v 2.158782720565796 0.803276538848877 -0.9432113170623779 
v 2.1312761306762695 0.8020835518836975 -0.9708576798439026 
v 2.17577862739563 0.803276538848877 -0.9450651407241821 
v 2.168243408203125 0.8020835518836975 -0.9757729172706604 
v 2.19551944732666 0.803276538848877 -0.9435823559761047 
v 2.2055392265319824 0.8020835518836975 -0.9733740091323853 
v 2.2166621685028076 0.803276538848877 -0.9387072920799255 
v 2.2415266036987305 0.8020835518836975 -0.9635602831840515 
v 2.2379446029663086 0.803276538848877 -0.9308477640151978 
v 2.2750258445739746 0.8020835518836975 -0.9472029805183411 
v 2.258024215698242 0.803276538848877 -0.9199482202529907 
v 2.2766449451446533 0.803276538848877 -0.9067208766937256 
v 2.3045248985290527 0.8020835518836975 -0.9243709444999695 
v 2.2930514812469482 0.803276538848877 -0.8912003040313721 
v 2.329219341278076 0.8020835518836975 -0.8964438438415527 
v 2.3066511154174805 0.803276538848877 -0.8743476271629333 
v 2.3478047847747803 0.8020835518836975 -0.8641234636306763 
v 2.3168513774871826 0.803276538848877 -0.8571242094039917 
v 2.3597700595855713 0.8020835518836975 -0.8288344740867615 
v 2.3226797580718994 0.803276538848877 -0.8410341739654541 
v 2.3644800186157227 0.8020835518836975 -0.7918320894241333 
v 2.3242664337158203 0.803276538848877 -0.8251956701278687 
v 2.362010955810547 0.8020835518836975 -0.7546310424804688 
v 2.321866273880005 0.803276538848877 -0.8088963627815247 
v 2.3523147106170654 0.8020835518836975 -0.7185765504837036 
v 2.3153879642486572 0.803276538848877 -0.7937754392623901 
v 2.335930109024048 0.8020835518836975 -0.6851040124893188 
v 2.3054521083831787 0.803276538848877 -0.7817316651344299 
v 2.313102960586548 0.8020835518836975 -0.6556035280227661 
v 2.2921838760375977 0.803276538848877 -0.7729344367980957 
v 2.285046100616455 0.8020835518836975 -0.6310127377510071 
v 2.2681639194488525 0.803276538848877 -0.7647435665130615 
v 2.254147529602051 0.8020834922790527 -0.612449049949646 
v 2.227037191390991 0.8020834922790527 -0.6007785201072693 
v 2.232166051864624 0.804071843624115 -0.6881353259086609 
v 2.21018123626709 0.8020834922790527 -0.5959402322769165 
v 2.198765516281128 0.8020834922790527 -0.5949417948722839 
v 2.237532138824463 0.804071843624115 -0.7341970801353455 
v 2.2543318271636963 0.803276538848877 -0.7597675919532776 
v 2.2471344470977783 0.803276538848877 -0.754606306552887 
v 2.2353930473327637 0.803276538848877 -0.7425863146781921 
v 2.2376644611358643 0.8016858696937561 -0.7505996227264404 
v 2.2466089725494385 0.8016858696937561 -0.7591849565505981 
v 2.2563629150390625 0.8016858696937561 -0.7653393149375916 
v 2.288938283920288 0.8016858696937561 -0.7755931615829468 
v 2.303337812423706 0.8016858696937561 -0.7848643660545349 
v 2.3128163814544678 0.8016858696937561 -0.7959363460540771 
v 2.3185055255889893 0.8016858696937561 -0.8092829585075378 
v 2.296391487121582 0.8004928827285767 -0.8064942955970764 
v 2.2884581089019775 0.8004928827285767 -0.7971622347831726 
v 2.2778282165527344 0.8004928827285767 -0.7898215055465698 
v 2.2650022506713867 0.8004928827285767 -0.7851501107215881 
v 2.2527923583984375 0.8004928827285767 -0.7834287285804749 
v 2.2426230907440186 0.8004928827285767 -0.7851763963699341 
v 2.233276844024658 0.8004928827285767 -0.7905070185661316 
v 2.229398250579834 0.8008905649185181 -0.7760852575302124 
v 2.199399471282959 0.8008905649185181 -0.8246915936470032 
v 2.2124202251434326 0.8004928827285767 -0.8148141503334045 
v 2.202504873275757 0.8004928827285767 -0.8250173330307007 
v 2.1994712352752686 0.8004928827285767 -0.8272576332092285 
v 2.1843326091766357 0.8004928827285767 -0.8321512937545776 
v 2.1533915996551514 0.8004928827285767 -0.8403337597846985 
v 2.120187520980835 0.8016858696937561 -0.8475682139396667 
v 2.1445891857147217 0.8004928827285767 -0.8460484147071838 
v 2.138545274734497 0.8004928827285767 -0.8544402718544006 
v 2.134542465209961 0.8004928827285767 -0.8663012981414795 
v 2.1148085594177246 0.8016858696937561 -0.8840171694755554 
v 2.133302927017212 0.8004928827285767 -0.8797882199287415 
v 2.135173797607422 0.8004928827285767 -0.8925496339797974 
v 2.116659641265869 0.8016858696937561 -0.9009838104248047 
v 2.1401169300079346 0.8004928827285767 -0.9038280844688416 
v 2.1225171089172363 0.8016858696937561 -0.9142060279846191 
v 2.131995916366577 0.8016858696937561 -0.9252779483795166 
v 2.1478817462921143 0.8004929423332214 -0.9132846593856812 
v 2.1377508640289307 0.8008905649185181 -0.6675003170967102 
v 2.1537938117980957 0.8008905649185181 -0.666653037071228 
v 2.2104899883270264 0.8016858696937561 -0.71697598695755 
v 2.212893009185791 0.803276538848877 -0.7149395942687988 
v 2.2086381912231445 0.804071843624115 -0.6735571026802063 
v 2.1790802478790283 0.8036741614341736 -0.6113123893737793 
v 2.1624090671539307 0.8020834922790527 -0.5940278768539429 
v 2.200857162475586 0.804071843624115 -0.6764223575592041 
v 2.192039728164673 0.8032764792442322 -0.6852908730506897 
v 2.170445680618286 0.8036741614341736 -0.6525226831436157 
v 2.1566426753997803 0.804071843624115 -0.6147866249084473 
v 2.1429619789123535 0.8020834922790527 -0.5955557227134705 
v 2.139643907546997 0.8036741614341736 -0.6312685012817383 
v 2.124717950820923 0.8020834922790527 -0.6001235842704773 
v 2.092625379562378 0.8020834922790527 -0.6120373606681824 
v 2.118765115737915 0.8036741614341736 -0.6424964070320129 
v 2.0870282649993896 0.8036741614341736 -0.6591238379478455 
v 2.072676181793213 0.8020834922790527 -0.6220551133155823 
v 2.054936408996582 0.8020834922790527 -0.6354174613952637 
v 2.029799461364746 0.8020834922790527 -0.6592187285423279 
v 2.0946359634399414 0.8032764792442322 -0.6574344038963318 
v 2.1090519428253174 0.8016858696937561 -0.6543838381767273 
v 2.1201958656311035 0.8008905649185181 -0.6684163808822632 
v 2.1447455883026123 0.8016858696937561 -0.6445251107215881 
v 2.1264681816101074 0.8016858696937561 -0.6472843289375305 
v 2.1374614238739014 0.8032764792442322 -0.6399517059326172 
v 2.1151773929595947 0.8032764792442322 -0.6464553475379944 
v 2.137519598007202 0.8036741614341736 -0.6365038156509399 
v 2.155266523361206 0.8036741614341736 -0.6393745541572571 
v 2.1616547107696533 0.8032764792442322 -0.646966814994812 
v 2.1718459129333496 0.8032764792442322 -0.6582982540130615 
v 2.1699819564819336 0.8016858696937561 -0.6617699861526489 
v 2.1584091186523438 0.8016858696937561 -0.6496255397796631 
v 2.1519007682800293 0.8032764792442322 -0.6408124566078186 
v 2.1407203674316406 0.8020834922790527 -0.5812345743179321 
v 2.1403067111968994 0.8040717840194702 -0.5799687504768372 
v 2.1208009719848633 0.8040717840194702 -0.584944486618042 
v 2.1203436851501465 0.8108320236206055 -0.5839725732803345 
v 2.100996732711792 0.8108320236206055 -0.590926468372345 
v 2.0846402645111084 0.813615620136261 -0.5959339737892151 
v 2.0818567276000977 0.8108320236206055 -0.5985132455825806 
v 2.1401429176330566 0.8108320236206055 -0.5790418982505798 
v 2.120180130004883 0.8136156797409058 -0.5830457210540771 
v 2.1401479244232178 0.8136156797409058 -0.5779905915260315 
v 2.1210896968841553 0.8020834922790527 -0.5860407948493958 
v 2.101454019546509 0.8040717840194702 -0.5918983221054077 
v 2.0823140144348145 0.8040717840194702 -0.5994850993156433 
v 2.064300537109375 0.8040717840194702 -0.6085972189903259 
v 2.06488299369812 0.8020834922790527 -0.6097385287284851 
v 2.04795241355896 0.8040717840194702 -0.6206699013710022 
v 2.04870343208313 0.8020834922790527 -0.6216868162155151 
v 2.0326874256134033 0.8040717840194702 -0.6345619559288025 
v 2.033606767654419 0.8020834922790527 -0.6354543566703796 
v 2.019054412841797 0.8020834922790527 -0.649605929851532 
v 2.0179662704467773 0.8040717840194702 -0.6488379240036011 
v 2.005965232849121 0.8020834922790527 -0.6650338768959045 
v 2.101742744445801 0.8020834922790527 -0.5929946303367615 
v 2.0828964710235596 0.8020834922790527 -0.6006264686584473 
v 2.03218674659729 0.8108320236206055 -0.6338840126991272 
v 2.0474517345428467 0.8108320236206055 -0.6199920177459717 
v 2.0637998580932617 0.8108320236206055 -0.6079192757606506 
v 2.063048839569092 0.813615620136261 -0.6069023609161377 
v 2.0439608097076416 0.813615620136261 -0.621260404586792 
v 2.0172970294952393 0.8108320236206055 -0.6482844948768616 
v 2.0048773288726807 0.8040717840194702 -0.6642659306526184 
v 1.9939159154891968 0.8036741614341736 -0.6825750470161438 
v 1.9950473308563232 0.8020834922790527 -0.6830490827560425 
v 1.9784162044525146 0.8020834922790527 -0.7194263935089111 
v 1.9772847890853882 0.804071843624115 -0.7189523577690125 
v 1.9742931127548218 0.8020834922790527 -0.7300665974617004 
v 2.016502857208252 0.8136156797409058 -0.6475615501403809 
v 2.0042080879211426 0.8108320236206055 -0.6637124419212341 
v 2.0032451152801514 0.8136156797409058 -0.6631139516830444 
v 1.991946816444397 0.8136156797409058 -0.6816719770431519 
v 1.9930782318115234 0.8112297058105469 -0.6821460127830505 
v 1.97627854347229 0.8108320236206055 -0.718647837638855 
v 1.9729931354522705 0.804071843624115 -0.7297170162200928 
v 1.9696295261383057 0.804071843624115 -0.7484393119812012 
v 1.9709728956222534 0.8020834922790527 -0.7484949827194214 
v 1.9680935144424438 0.804071843624115 -0.7802169919013977 
v 1.969436764717102 0.8020834922790527 -0.7802726030349731 
v 1.9713518619537354 0.804071843624115 -0.8191922903060913 
v 1.9725700616836548 0.8020835518836975 -0.8190784454345703 
v 1.975272297859192 0.8136156797409058 -0.7183433175086975 
v 1.970427393913269 0.8108320236206055 -0.8193511962890625 
v 1.967212438583374 0.8108320236206055 -0.7800819277763367 
v 1.9687484502792358 0.8108320236206055 -0.7483042478561401 
v 1.9722806215286255 0.8108320236206055 -0.7294574975967407 
v 1.9711058139801025 0.8136156797409058 -0.7292774319648743 
v 1.9677422046661377 0.8136156797409058 -0.7479997277259827 
v 1.9661628007888794 0.8136156797409058 -0.7800713181495667 
v 1.9693344831466675 0.8136156797409058 -0.8196344971656799 
v 2.1401822566986084 0.7992998957633972 -0.8545409440994263 
v 2.1461827754974365 0.7992998957633972 -0.8464429974555969 
v 2.1361794471740723 0.799299955368042 -0.8664019107818604 
v 2.215399742126465 0.7985045909881592 -0.8505904674530029 
v 2.1348581314086914 0.799299955368042 -0.8794254660606384 
v 2.136603832244873 0.799299955368042 -0.8920173645019531 
v 2.149355173110962 0.799299955368042 -0.9124584197998047 
v 2.1415469646453857 0.799299955368042 -0.9032958149909973 
v 2.154691457748413 0.7992998957633972 -0.8406833410263062 
v 2.1849584579467773 0.7992998957633972 -0.8329986929893494 
v 2.199341058731079 0.799299955368042 -0.8281394839286804 
v 2.203385829925537 0.799299955368042 -0.8251523971557617 
v 2.213045835494995 0.799299955368042 -0.8156615495681763 
v 2.233353614807129 0.7992998957633972 -0.7920217514038086 
v 2.1589789390563965 0.799299955368042 -0.91949462890625 
v 2.1699607372283936 0.799299955368042 -0.923432469367981 
v 2.183013677597046 0.799299955368042 -0.9245315790176392 
v 2.1990182399749756 0.799299955368042 -0.9229269027709961 
v 2.216294288635254 0.799299955368042 -0.9188118577003479 
v 2.2329931259155273 0.799299955368042 -0.9125040769577026 
v 2.248652219772339 0.799299955368042 -0.9040831327438354 
v 2.2631030082702637 0.799299955368042 -0.8936734199523926 
v 2.276177167892456 0.799299955368042 -0.881399393081665 
v 2.287493944168091 0.799299955368042 -0.8678039312362671 
v 2.2959556579589844 0.799299955368042 -0.8542217016220093 
v 2.300757884979248 0.799299955368042 -0.8420323729515076 
v 2.3001549243927 0.799299955368042 -0.8186439871788025 
v 2.3020308017730713 0.799299955368042 -0.8303540945053101 
v 2.295168399810791 0.799299955368042 -0.8076595067977905 
v 2.2874035835266113 0.799299955368042 -0.7982029318809509 
v 2.2768988609313965 0.799299955368042 -0.7910317182540894 
v 2.2644917964935303 0.799299955368042 -0.7865747809410095 
v 2.242112636566162 0.7992998957633972 -0.7866010665893555 
v 2.252281665802002 0.7992998957633972 -0.7848533987998962 
v 2.2426230907440186 0.8004928827285767 -0.7851763963699341 
v 2.242112636566162 0.7992998957633972 -0.7866010665893555 
v 2.233276844024658 0.8004928827285767 -0.7905070185661316 
v 2.233353614807129 0.7992998957633972 -0.7920217514038086 
v 2.2124202251434326 0.8004928827285767 -0.8148141503334045 
v 2.213045835494995 0.799299955368042 -0.8156615495681763 
v 2.202504873275757 0.8004928827285767 -0.8250173330307007 
v 2.203385829925537 0.799299955368042 -0.8251523971557617 
v 2.1994712352752686 0.8004928827285767 -0.8272576332092285 
v 2.199341058731079 0.799299955368042 -0.8281394839286804 
v 2.1849584579467773 0.7992998957633972 -0.8329986929893494 
v 2.1843326091766357 0.8004928827285767 -0.8321512937545776 
v 2.154691457748413 0.7992998957633972 -0.8406833410263062 
v 2.1533915996551514 0.8004928827285767 -0.8403337597846985 
v 2.1461827754974365 0.7992998957633972 -0.8464429974555969 
v 2.1445891857147217 0.8004928827285767 -0.8460484147071838 
v 2.1401822566986084 0.7992998957633972 -0.8545409440994263 
v 2.138545274734497 0.8004928827285767 -0.8544402718544006 
v 2.1361794471740723 0.799299955368042 -0.8664019107818604 
v 2.134542465209961 0.8004928827285767 -0.8663012981414795 
v 2.1858131885528564 0.8028788566589355 -0.7854858040809631 
v 2.1847636699676514 0.8004928827285767 -0.7854751944541931 
v 2.179342031478882 0.8028788566589355 -0.7865979671478271 
v 2.1761882305145264 0.8004928827285767 -0.7876174449920654 
v 2.175513982772827 0.8028788566589355 -0.7881153225898743 
v 2.173067569732666 0.8004928827285767 -0.7904456853866577 
v 2.1701107025146484 0.8028788566589355 -0.7942007184028625 
v 2.1692631244659424 0.8004928827285767 -0.795874297618866 
v 2.167562961578369 0.8028788566589355 -0.8002728819847107 
v 2.167562961578369 0.8004928827285767 -0.8002728819847107 
v 2.1671624183654785 0.8028788566589355 -0.8050209879875183 
v 2.1671526432037354 0.8004928827285767 -0.807123601436615 
v 2.1679368019104004 0.8028788566589355 -0.8099491596221924 
v 2.1852550506591797 0.8008905649185181 -0.8147079944610596 
v 2.1855921745300293 0.8036741614341736 -0.8144590854644775 
v 2.1891214847564697 0.8008905649185181 -0.8139480352401733 
v 2.1912689208984375 0.8036741614341736 -0.8126239776611328 
v 2.1924054622650146 0.8008905649185181 -0.8120466470718384 
v 2.1953623294830322 0.8036741614341736 -0.8082916140556335 
v 2.1954874992370605 0.8008905649185181 -0.8084611296653748 
v 2.1972310543060303 0.8008905649185181 -0.8037686347961426 
v 2.196937322616577 0.8036741614341736 -0.8037236332893372 
v 2.196707010269165 0.8036741614341736 -0.7991793751716614 
v 2.196793794631958 0.8008905649185181 -0.7985914945602417 
v 2.196707010269165 0.8036741614341736 -0.7991793751716614 
v 2.196793794631958 0.8008905649185181 -0.7985914945602417 
v 2.1951282024383545 0.8036741614341736 -0.7956308722496033 
v 2.1952967643737793 0.8008905649185181 -0.7955064177513123 
v 2.193000555038452 0.8008905649185181 -0.7927497029304504 
v 2.192706823348999 0.8036741614341736 -0.792704701423645 
v 2.188730239868164 0.8008905649185181 -0.790141224861145 
v 2.1886868476867676 0.8036741614341736 -0.7904351949691772 
v 2.18381929397583 0.8036741614341736 -0.7898393273353577 
v 2.1838626861572266 0.8008905649185181 -0.7895453572273254 
v 2.2071926593780518 0.804071843624115 -0.8370081186294556 
v 2.2160916328430176 0.804071843624115 -0.8286030292510986 
v 2.204678773880005 0.804867148399353 -0.8092688918113708 
v 2.2227230072021484 0.804071843624115 -0.8203011751174927 
v 2.19002103805542 0.804867148399353 -0.8190456628799438 
v 2.198188304901123 0.804071843624115 -0.8410385251045227 
v 2.1762592792510986 0.804867148399353 -0.8258036375045776 
v 2.1841912269592285 0.804071843624115 -0.844303548336029 
v 2.1733579635620117 0.804071843624115 -0.8444464802742004 
v 2.164029359817505 0.804867148399353 -0.8282874822616577 
v 2.1634974479675293 0.804071843624115 -0.8430852890014648 
v 2.155740976333618 0.804071843624115 -0.8406939506530762 
v 2.1566433906555176 0.804867148399353 -0.8274559378623962 
v 2.145226240158081 0.804071843624115 -0.8356253504753113 
v 2.1520745754241943 0.804867148399353 -0.8258537650108337 
v 2.1481411457061768 0.804867148399353 -0.8229963779449463 
v 2.138866662979126 0.804071843624115 -0.8308930397033691 
v 2.1414260864257812 0.804867148399353 -0.8135504126548767 
v 2.130884885787964 0.804071843624115 -0.8229061961174011 
v 2.118908166885376 0.804071843624115 -0.8073933124542236 
v 2.133021831512451 0.804867148399353 -0.7972325086593628 
v 2.0859296321868896 0.804071843624115 -0.7581509351730347 
v 2.0897555351257324 0.804867148399353 -0.7393491864204407 
v 2.076519250869751 0.804071843624115 -0.7415285110473633 
v 2.0726258754730225 0.804071843624115 -0.7302606701850891 
v 2.0822274684906006 0.804867148399353 -0.7242177128791809 
v 2.0708699226379395 0.804071843624115 -0.7197713851928711 
v 2.0803699493408203 0.804867148399353 -0.7174702286720276 
v 2.071507215499878 0.804071843624115 -0.7093483209609985 
v 2.0804381370544434 0.804867148399353 -0.7119197249412537 
v 2.082143545150757 0.804867148399353 -0.7064698338508606 
v 2.073988199234009 0.804071843624115 -0.6996588110923767 
v 2.0854039192199707 0.804867148399353 -0.7006572484970093 
v 2.0782699584960938 0.804071843624115 -0.6909967660903931 
v 2.089545726776123 0.804867148399353 -0.6949796676635742 
v 2.0845208168029785 0.804071843624115 -0.6832377910614014 
v 2.100048303604126 0.804867148399353 -0.6848664879798889 
v 2.0924904346466064 0.804071843624115 -0.6760428547859192 
v 2.1069583892822266 0.804867148399353 -0.6797635555267334 
v 2.1021788120269775 0.804071843624115 -0.6694119572639465 
v 2.1157989501953125 0.804867148399353 -0.6748063564300537 
v 2.1123244762420654 0.804071843624115 -0.6637529730796814 
v 2.122253179550171 0.804071843624115 -0.6595637202262878 
v 2.1303935050964355 0.804867148399353 -0.6695287227630615 
v 2.13187837600708 0.804071843624115 -0.6574320197105408 
v 2.137495517730713 0.804867148399353 -0.6682126522064209 
v 2.1416187286376953 0.804071843624115 -0.6575724482536316 
v 2.144005298614502 0.804867148399353 -0.667857825756073 
v 2.151517629623413 0.804071843624115 -0.6596910357475281 
v 2.149879217147827 0.804867148399353 -0.6687582731246948 
v 2.154780149459839 0.804867148399353 -0.6711627840995789 
v 2.160987615585327 0.804071843624115 -0.6636977195739746 
v 2.1599650382995605 0.804867148399353 -0.6757149696350098 
v 2.169691801071167 0.804071843624115 -0.669841468334198 
v 2.1704399585723877 0.804867148399353 -0.6891940832138062 
v 2.178049087524414 0.804071843624115 -0.6783367991447449 
v 2.188807725906372 0.804071843624115 -0.6939635276794434 
v 2.218458890914917 0.804071843624115 -0.7454012036323547 
v 2.174098014831543 0.804867148399353 -0.6969690322875977 
v 2.174410343170166 0.804867148399353 -0.7019766569137573 
v 2.2029683589935303 0.804867148399353 -0.7536976933479309 
v 2.1915924549102783 0.804867148399353 -0.7442887425422668 
v 2.173210620880127 0.804867148399353 -0.7070531249046326 
v 2.1842551231384277 0.804867148399353 -0.7421119213104248 
v 2.1704556941986084 0.804867148399353 -0.7124924063682556 
v 2.1644985675811768 0.804867148399353 -0.7202964425086975 
v 2.170898675918579 0.804867148399353 -0.7430704832077026 
v 2.1541693210601807 0.804867148399353 -0.7292338013648987 
v 2.1538195610046387 0.804867148399353 -0.7499210834503174 
v 2.139723539352417 0.804867148399353 -0.7385922074317932 
v 2.141935110092163 0.804867148399353 -0.7592212557792664 
v 2.1262121200561523 0.804867148399353 -0.7456891536712646 
v 2.1336569786071777 0.804867148399353 -0.7695250511169434 
v 2.113933801651001 0.804867148399353 -0.7495182156562805 
v 2.130429744720459 0.804867148399353 -0.7771463990211487 
v 2.1044437885284424 0.804867148399353 -0.7497167587280273 
v 2.129605770111084 0.804867148399353 -0.782731294631958 
v 2.09920072555542 0.804867148399353 -0.7486124634742737 
v 2.09505558013916 0.804867148399353 -0.7461735010147095 
v 2.214150905609131 0.804867148399353 -0.7684876322746277 
v 2.2271084785461426 0.804071843624115 -0.7631093263626099 
v 2.2306697368621826 0.804071843624115 -0.7735748291015625 
v 2.2195613384246826 0.804867148399353 -0.7786353230476379 
v 2.2320215702056885 0.804071843624115 -0.7806956768035889 
v 2.220379114151001 0.804867148399353 -0.7832695841789246 
v 2.232222080230713 0.804071843624115 -0.7915477156639099 
v 2.219381332397461 0.804867148399353 -0.7900302410125732 
v 2.230790615081787 0.804071843624115 -0.8012478351593018 
v 2.2136645317077637 0.804867148399353 -0.8002758622169495 
v 2.2275969982147217 0.804071843624115 -0.8106778264045715 
v 2.1841912269592285 0.8012882471084595 -0.844303548336029 
v 2.1944470405578613 0.8012882471084595 -0.8419679999351501 
v 2.1841912269592285 0.804071843624115 -0.844303548336029 
v 2.198188304901123 0.804071843624115 -0.8410385251045227 
v 2.205719232559204 0.8012882471084595 -0.837834358215332 
v 2.2071926593780518 0.804071843624115 -0.8370081186294556 
v 2.2102696895599365 0.8012882471084595 -0.8344739079475403 
v 2.2160916328430176 0.804071843624115 -0.8286030292510986 
v 2.2160916328430176 0.8012882471084595 -0.8286030292510986 
v 2.2227230072021484 0.804071843624115 -0.8203011751174927 
v 2.2227230072021484 0.8012882471084595 -0.8203011751174927 
v 2.2275969982147217 0.804071843624115 -0.8106778264045715 
v 2.2275969982147217 0.8012882471084595 -0.8106778264045715 
v 2.230790615081787 0.8012882471084595 -0.8012478351593018 
v 2.230790615081787 0.804071843624115 -0.8012478351593018 
v 2.2320053577423096 0.8012882471084595 -0.7930174469947815 
v 2.232222080230713 0.804071843624115 -0.7915477156639099 
v 2.232185125350952 0.8012882471084595 -0.7816225290298462 
v 2.2320215702056885 0.804071843624115 -0.7806956768035889 
v 2.1541907787323 0.8012882471084595 -0.8400053977966309 
v 2.1443886756896973 0.8012882471084595 -0.835196316242218 
v 2.145226240158081 0.804071843624115 -0.8356253504753113 
v 2.138866662979126 0.8012882471084595 -0.8308930397033691 
v 2.138866662979126 0.804071843624115 -0.8308930397033691 
v 2.130884885787964 0.8012882471084595 -0.8229061961174011 
v 2.130884885787964 0.804071843624115 -0.8229061961174011 
v 2.118908166885376 0.8012881875038147 -0.8073933124542236 
v 2.118908166885376 0.804071843624115 -0.8073933124542236 
v 2.0859296321868896 0.804071843624115 -0.7581509351730347 
v 2.0859296321868896 0.8012881875038147 -0.7581509351730347 
v 2.076519250869751 0.804071843624115 -0.7415285110473633 
v 2.076519250869751 0.8012881875038147 -0.7415285110473633 
v 2.0726258754730225 0.8012881875038147 -0.7302606701850891 
v 2.0726258754730225 0.804071843624115 -0.7302606701850891 
v 2.155740976333618 0.804071843624115 -0.8406939506530762 
v 2.1634974479675293 0.8012882471084595 -0.8430852890014648 
v 2.1634974479675293 0.804071843624115 -0.8430852890014648 
v 2.1733579635620117 0.804071843624115 -0.8444464802742004 
v 2.1733579635620117 0.8012882471084595 -0.8444464802742004 
v 2.1841912269592285 0.804071843624115 -0.844303548336029 
v 2.1841912269592285 0.8012882471084595 -0.844303548336029 
v 2.0924904346466064 0.8012881875038147 -0.6760428547859192 
v 2.0867068767547607 0.8000952005386353 -0.682671070098877 
v 2.0845208168029785 0.8012881875038147 -0.6832377910614014 
v 2.0782699584960938 0.8012881875038147 -0.6909967660903931 
v 2.0790209770202637 0.8004928827285767 -0.692013680934906 
v 2.073988199234009 0.8012881875038147 -0.6996588110923767 
v 2.0749077796936035 0.8004928827285767 -0.7005512118339539 
v 2.071507215499878 0.8012881875038147 -0.7093483209609985 
v 2.0725133419036865 0.8004928827285767 -0.709652841091156 
v 2.07196307182312 0.8004928827285767 -0.7194880247116089 
v 2.0708699226379395 0.8012881875038147 -0.7197713851928711 
v 2.073637008666992 0.8004928827285767 -0.7295138835906982 
v 2.0726258754730225 0.8012881875038147 -0.7302606701850891 
v 2.078324794769287 0.8004928827285767 -0.7415047287940979 
v 2.076519250869751 0.8012881875038147 -0.7415285110473633 
v 2.0859296321868896 0.8012881875038147 -0.7581509351730347 
v 2.1283533573150635 0.8004928827285767 -0.8166565895080566 
v 2.118908166885376 0.8012881875038147 -0.8073933124542236 
v 2.130884885787964 0.8012882471084595 -0.8229061961174011 
v 2.139420747756958 0.8004928827285767 -0.8291743993759155 
v 2.138866662979126 0.8012882471084595 -0.8308930397033691 
v 2.1459872722625732 0.8004928827285767 -0.8345395922660828 
v 2.1443886756896973 0.8012882471084595 -0.835196316242218 
v 2.1541907787323 0.8012882471084595 -0.8400053977966309 
v 2.158933401107788 0.8004928827285767 -0.840431809425354 
v 2.1634974479675293 0.8012882471084595 -0.8430852890014648 
v 2.1727371215820312 0.8004928827285767 -0.8425477743148804 
v 2.1733579635620117 0.8012882471084595 -0.8444464802742004 
v 2.185168981552124 0.8004928827285767 -0.8417481184005737 
v 2.1841912269592285 0.8012882471084595 -0.844303548336029 
v 2.1944470405578613 0.8012882471084595 -0.8419679999351501 
v 2.203798294067383 0.8004928827285767 -0.8355860710144043 
v 2.205719232559204 0.8012882471084595 -0.837834358215332 
v 2.2102696895599365 0.8012882471084595 -0.8344739079475403 
v 2.213198184967041 0.8004928827285767 -0.8278588652610779 
v 2.2160916328430176 0.8012882471084595 -0.8286030292510986 
v 2.2227230072021484 0.8012882471084595 -0.8203011751174927 
v 2.224818706512451 0.8004928827285767 -0.8122057914733887 
v 2.2275969982147217 0.8012882471084595 -0.8106778264045715 
v 2.230790615081787 0.8012882471084595 -0.8012478351593018 
v 2.230440139770508 0.8004928827285767 -0.795482873916626 
v 2.2320053577423096 0.8012882471084595 -0.7930174469947815 
v 2.232185125350952 0.8012882471084595 -0.7816225290298462 
v 2.2306015491485596 0.8004928827285767 -0.7791253328323364 
v 2.2306697368621826 0.8012882471084595 -0.7735748291015625 
v 2.2271084785461426 0.8012882471084595 -0.7631093263626099 
v 2.2234303951263428 0.8004928827285767 -0.7595396041870117 
v 2.218458890914917 0.8012881875038147 -0.7454012036323547 
v 2.188807725906372 0.8012881875038147 -0.6939635276794434 
v 2.1776201725006104 0.8004928827285767 -0.6802248954772949 
v 2.178049087524414 0.8012881875038147 -0.6783367991447449 
v 2.169691801071167 0.8012881875038147 -0.669841468334198 
v 2.168555498123169 0.8004928827285767 -0.6704187989234924 
v 2.160987615585327 0.8012881875038147 -0.6636977195739746 
v 2.1602702140808105 0.8004928827285767 -0.6644895076751709 
v 2.151517629623413 0.8012881875038147 -0.6596910357475281 
v 2.1513874530792236 0.8004928827285767 -0.66057288646698 
v 2.1419074535369873 0.8004928827285767 -0.6586687564849854 
v 2.1416187286376953 0.8012881875038147 -0.6575724482536316 
v 2.1325860023498535 0.8004928827285767 -0.6587428450584412 
v 2.13187837600708 0.8012881875038147 -0.6574320197105408 
v 2.123129367828369 0.8004928827285767 -0.6607500910758972 
v 2.122253179550171 0.8012881875038147 -0.6595637202262878 
v 2.107393503189087 0.8000952005386353 -0.6676563024520874 
v 2.1123244762420654 0.8012881875038147 -0.6637529730796814 
v 2.1021788120269775 0.8012881875038147 -0.6694119572639465 
v 2.151689052581787 0.80009526014328 -0.8274479508399963 
v 2.1459872722625732 0.8004928827285767 -0.8345395922660828 
v 2.1476306915283203 0.80009526014328 -0.8244211077690125 
v 2.139420747756958 0.8004928827285767 -0.8291743993759155 
v 2.141623020172119 0.80009526014328 -0.8162859678268433 
v 2.1283533573150635 0.8004928827285767 -0.8166565895080566 
v 2.1321792602539062 0.80009526014328 -0.7978548407554626 
v 2.1565518379211426 0.80009526014328 -0.8290951251983643 
v 2.158933401107788 0.8004928827285767 -0.840431809425354 
v 2.1656179428100586 0.80009526014328 -0.8297333717346191 
v 2.1727371215820312 0.8004928827285767 -0.8425477743148804 
v 2.1785221099853516 0.80009526014328 -0.8267516493797302 
v 2.185168981552124 0.8004928827285767 -0.8417481184005737 
v 2.1916096210479736 0.80009526014328 -0.8204915523529053 
v 2.203798294067383 0.8004928827285767 -0.8355860710144043 
v 2.213198184967041 0.8004928827285767 -0.8278588652610779 
v 2.2042882442474365 0.80009526014328 -0.811914324760437 
v 2.224818706512451 0.8004928827285767 -0.8122057914733887 
v 2.214073419570923 0.80009526014328 -0.8025929927825928 
v 2.230440139770508 0.8004928827285767 -0.795482873916626 
v 2.219529867172241 0.80009526014328 -0.7941110134124756 
v 2.221360445022583 0.80009526014328 -0.7888306379318237 
v 2.2306015491485596 0.8004928827285767 -0.7791253328323364 
v 2.221804141998291 0.80009526014328 -0.7837886214256287 
v 2.221029758453369 0.80009526014328 -0.7788604497909546 
v 2.2163703441619873 0.80009526014328 -0.7697296142578125 
v 2.2234303951263428 0.8004928827285767 -0.7595396041870117 
v 2.2041049003601074 0.80009526014328 -0.7531204223632812 
v 2.1741065979003906 0.8004928827285767 -0.7040342688560486 
v 2.1911401748657227 0.80009526014328 -0.7422655820846558 
v 2.183046817779541 0.80009526014328 -0.7401231527328491 
v 2.1688904762268066 0.8004928827285767 -0.7149578332901001 
v 2.170990467071533 0.80009526014328 -0.7414312362670898 
v 2.159943103790283 0.8004928827285767 -0.7247081995010376 
v 2.1587939262390137 0.80009526014328 -0.7457237839698792 
v 2.1388375759124756 0.8004928827285767 -0.7395084500312805 
v 2.1507959365844727 0.80009526014328 -0.7500587105751038 
v 2.1403849124908447 0.80009526014328 -0.758532702922821 
v 2.119861125946045 0.8004928827285767 -0.7480220794677734 
v 2.1326990127563477 0.80009526014328 -0.7678752541542053 
v 2.1073806285858154 0.8004928827285767 -0.7501669526100159 
v 2.1291348934173584 0.80009526014328 -0.7757455110549927 
v 2.1281421184539795 0.80009526014328 -0.781454861164093 
v 2.09920072555542 0.8004928827285767 -0.7486124634742737 
v 2.09505558013916 0.8004928827285767 -0.7461735010147095 
v 2.0898804664611816 0.8004928827285767 -0.7395187020301819 
v 2.078324794769287 0.8004928827285767 -0.7415047287940979 
v 2.073637008666992 0.8004928827285767 -0.7295138835906982 
v 2.0822274684906006 0.8004928827285767 -0.7242177128791809 
v 2.07196307182312 0.8004928827285767 -0.7194880247116089 
v 2.0803699493408203 0.8004928827285767 -0.7174702286720276 
v 2.0725133419036865 0.8004928827285767 -0.709652841091156 
v 2.08095383644104 0.8004928827285767 -0.7094436883926392 
v 2.0749077796936035 0.8004928827285767 -0.7005512118339539 
v 2.0877301692962646 0.8004928827285767 -0.6971060633659363 
v 2.0790209770202637 0.8004928827285767 -0.692013680934906 
v 2.0867068767547607 0.8000952005386353 -0.682671070098877 
v 2.1009342670440674 0.8004928827285767 -0.6839502453804016 
v 2.107393503189087 0.8000952005386353 -0.6676563024520874 
v 2.1119277477264404 0.8004928827285767 -0.6766176223754883 
v 2.123129367828369 0.8004928827285767 -0.6607500910758972 
v 2.1332101821899414 0.8004928827285767 -0.6687580943107605 
v 2.1325860023498535 0.8004928827285767 -0.6587428450584412 
v 2.1419074535369873 0.8004928827285767 -0.6586687564849854 
v 2.1472792625427246 0.8004928827285767 -0.6680591106414795 
v 2.1513874530792236 0.8004928827285767 -0.66057288646698 
v 2.154780149459839 0.8004928827285767 -0.6711627840995789 
v 2.1602702140808105 0.8004928827285767 -0.6644895076751709 
v 2.1599650382995605 0.8004928827285767 -0.6757149696350098 
v 2.168555498123169 0.8004928827285767 -0.6704187989234924 
v 2.1704399585723877 0.8004928827285767 -0.6891940832138062 
v 2.1776201725006104 0.8004928827285767 -0.6802248954772949 
v 2.174098014831543 0.8004928827285767 -0.6969690322875977 
v 2.131187915802002 0.8012881875038147 -0.6702516674995422 
v 2.1172242164611816 0.8012881875038147 -0.6753253936767578 
v 2.1303935050964355 0.804867148399353 -0.6695287227630615 
v 2.1157989501953125 0.804867148399353 -0.6748063564300537 
v 2.1084702014923096 0.8012881875038147 -0.6796947121620178 
v 2.1069583892822266 0.804867148399353 -0.6797635555267334 
v 2.1006741523742676 0.8012881875038147 -0.6857138872146606 
v 2.100048303604126 0.804867148399353 -0.6848664879798889 
v 2.089545726776123 0.804867148399353 -0.6949796676635742 
v 2.0900461673736572 0.8012881875038147 -0.6956575512886047 
v 2.0854039192199707 0.804867148399353 -0.7006572484970093 
v 2.085904598236084 0.8012881875038147 -0.7013351321220398 
v 2.082143545150757 0.804867148399353 -0.7064698338508606 
v 2.0826876163482666 0.8012881875038147 -0.7068538665771484 
v 2.0804381370544434 0.804867148399353 -0.7119197249412537 
v 2.081150770187378 0.8012881875038147 -0.7121792435646057 
v 2.0803699493408203 0.804867148399353 -0.7174702286720276 
v 2.081000804901123 0.8012881875038147 -0.717266321182251 
v 2.081000804901123 0.8012881875038147 -0.717266321182251 
v 2.0829014778137207 0.8012881875038147 -0.7237198352813721 
v 2.0803699493408203 0.804867148399353 -0.7174702286720276 
v 2.0822274684906006 0.804867148399353 -0.7242177128791809 
v 2.086848258972168 0.8012881875038147 -0.7325911521911621 
v 2.0897555351257324 0.804867148399353 -0.7393491864204407 
v 2.0916378498077393 0.8012881875038147 -0.7408401370048523 
v 2.095604419708252 0.8012881875038147 -0.7455061674118042 
v 2.09505558013916 0.804867148399353 -0.7461735010147095 
v 2.0994558334350586 0.8012881875038147 -0.747900128364563 
v 2.09920072555542 0.804867148399353 -0.7486124634742737 
v 2.104111671447754 0.8012881875038147 -0.748914361000061 
v 2.1044437885284424 0.804867148399353 -0.7497167587280273 
v 2.1116275787353516 0.8012881875038147 -0.7488641142845154 
v 2.113933801651001 0.804867148399353 -0.7495182156562805 
v 2.172541379928589 0.8012881875038147 -0.7064996957778931 
v 2.1736977100372314 0.8012881875038147 -0.7017171382904053 
v 2.1741065979003906 0.8004928827285767 -0.7040342688560486 
v 2.174098014831543 0.8004928827285767 -0.6969690322875977 
v 2.1732988357543945 0.8012881875038147 -0.6972973942756653 
v 2.1704399585723877 0.8004928827285767 -0.6891940832138062 
v 2.170680284500122 0.8012881875038147 -0.6916356682777405 
v 2.1653852462768555 0.8012881875038147 -0.6837600469589233 
v 2.1699984073638916 0.8012881875038147 -0.7115205526351929 
v 2.1688904762268066 0.8004928827285767 -0.7149578332901001 
v 2.1651391983032227 0.8012881875038147 -0.7179899215698242 
v 2.159943103790283 0.8004928827285767 -0.7247081995010376 
v 2.154935359954834 0.8012881875038147 -0.7270967960357666 
v 2.1388375759124756 0.8004928827285767 -0.7395084500312805 
v 2.1388039588928223 0.8012881875038147 -0.7376998066902161 
v 2.1241562366485596 0.8012881875038147 -0.7453739643096924 
v 2.119861125946045 0.8004928827285767 -0.7480220794677734 
v 2.1116275787353516 0.8012881875038147 -0.7488641142845154 
v 2.1073806285858154 0.8004928827285767 -0.7501669526100159 
v 2.104111671447754 0.8012881875038147 -0.748914361000061 
v 2.09920072555542 0.8004928827285767 -0.7486124634742737 
v 2.0994558334350586 0.8012881875038147 -0.747900128364563 
v 2.09505558013916 0.8004928827285767 -0.7461735010147095 
v 2.095604419708252 0.8012881875038147 -0.7455061674118042 
v 2.0898804664611816 0.8004928827285767 -0.7395187020301819 
v 2.0916378498077393 0.8012881875038147 -0.7408401370048523 
v 2.086848258972168 0.8012881875038147 -0.7325911521911621 
v 2.0822274684906006 0.8004928827285767 -0.7242177128791809 
v 2.0829014778137207 0.8012881875038147 -0.7237198352813721 
v 2.0803699493408203 0.8004928827285767 -0.7174702286720276 
v 2.081000804901123 0.8012881875038147 -0.717266321182251 
v 2.081150770187378 0.8012881875038147 -0.7121792435646057 
v 2.1599650382995605 0.8004928827285767 -0.6757149696350098 
v 2.1592910289764404 0.8012881875038147 -0.6762128472328186 
v 2.154780149459839 0.8004928827285767 -0.6711627840995789 
v 2.154399871826172 0.8012881875038147 -0.6717056632041931 
v 2.1496238708496094 0.8012881875038147 -0.6694706082344055 
v 2.1496238708496094 0.8012881875038147 -0.6694706082344055 
v 2.154780149459839 0.8004928827285767 -0.6711627840995789 
v 2.1472792625427246 0.8004928827285767 -0.6680591106414795 
v 2.1699984073638916 0.8012881875038147 -0.7115205526351929 
v 2.172541379928589 0.8012881875038147 -0.7064996957778931 
v 2.1741065979003906 0.8004928827285767 -0.7040342688560486 
v 2.137996196746826 0.8012881875038147 -0.6688905954360962 
v 2.1472792625427246 0.8004928827285767 -0.6680591106414795 
v 2.1332101821899414 0.8004928827285767 -0.6687580943107605 
v 2.137996196746826 0.8012881875038147 -0.6688905954360962 
v 2.131187915802002 0.8012881875038147 -0.6702516674995422 
v 2.1332101821899414 0.8004928827285767 -0.6687580943107605 
v 2.1172242164611816 0.8012881875038147 -0.6753253936767578 
v 2.1119277477264404 0.8004928827285767 -0.6766176223754883 
v 2.1084702014923096 0.8012881875038147 -0.6796947121620178 
v 2.1009342670440674 0.8004928827285767 -0.6839502453804016 
v 2.1006741523742676 0.8012881875038147 -0.6857138872146606 
v 2.0877301692962646 0.8004928827285767 -0.6971060633659363 
v 2.0900461673736572 0.8012881875038147 -0.6956575512886047 
v 2.085904598236084 0.8012881875038147 -0.7013351321220398 
v 2.0877301692962646 0.8004928827285767 -0.6971060633659363 
v 2.08095383644104 0.8004928827285767 -0.7094436883926392 
v 2.085904598236084 0.8012881875038147 -0.7013351321220398 
v 2.0826876163482666 0.8012881875038147 -0.7068538665771484 
v 1.9896427392959595 0.7965162396430969 -0.6983023285865784 
v 1.9991490840911865 0.7941303253173828 -0.6857819557189941 
v 1.9970648288726807 0.7965162396430969 -0.6826068162918091 
v 2.0070533752441406 0.7965162396430969 -0.6658018231391907 
v 2.023411273956299 0.7941303253173828 -0.651626467704773 
v 2.020098924636841 0.7965162396430969 -0.6506678462028503 
v 2.034651517868042 0.7965162396430969 -0.636516273021698 
v 2.0543220043182373 0.7941303253173828 -0.6232995986938477 
v 2.049579381942749 0.7965162396430969 -0.6228731870651245 
v 2.0657589435577393 0.7965162396430969 -0.6109248995780945 
v 2.0906577110290527 0.7941303253173828 -0.6019664406776428 
v 2.0834789276123047 0.7965162396430969 -0.6017677783966064 
v 2.1022818088531494 0.7965162396430969 -0.5944299697875977 
v 2.1304397583007812 0.7941303253173828 -0.5888267159461975 
v 2.121460199356079 0.7965162396430969 -0.5876005291938782 
v 2.1407973766326904 0.7965162396430969 -0.5827493071556091 
v 2.160287857055664 0.7965162396430969 -0.5809275507926941 
v 2.1721558570861816 0.7941303253173828 -0.5839491486549377 
v 2.1776692867279053 0.7965162396430969 -0.5811871886253357 
v 2.1908087730407715 0.7965162396430969 -0.5816983580589294 
v 2.2140393257141113 0.7941303253173828 -0.5881149768829346 
v 2.201430082321167 0.7965162992477417 -0.5819738507270813 
v 2.212677478790283 0.7965162992477417 -0.5830967426300049 
v 2.230708122253418 0.7965162992477417 -0.5881150960922241 
v 2.254077196121216 0.7941303253173828 -0.600715160369873 
v 1.9832640886306763 0.7941303253173828 -0.848372220993042 
v 1.9741367101669312 0.7941303253173828 -0.8074451684951782 
v 1.973956823348999 0.7965162992477417 -0.8188401460647583 
v 2.3652756214141846 0.7941303849220276 -0.8454595804214478 
v 2.3736164569854736 0.7941303849220276 -0.8042042851448059 
v 2.3722689151763916 0.7965162992477417 -0.8316522240638733 
v 2.3774943351745605 0.7965162992477417 -0.7921738028526306 
v 2.3733534812927246 0.7941303253173828 -0.7622312903404236 
v 2.3747849464416504 0.7965162992477417 -0.7525311708450317 
v 2.3642261028289795 0.7941303253173828 -0.7213042378425598 
v 2.3645546436309814 0.7965162992477417 -0.7139900922775269 
v 2.3468985557556152 0.7941303253173828 -0.6830279231071472 
v 2.0254979133605957 0.7941303253173828 -0.920375406742096 
v 2.0569825172424316 0.7941303253173828 -0.9481970071792603 
v 2.0262339115142822 0.7965162992477417 -0.9245462417602539 
v 2.0561299324035645 0.7965162992477417 -0.9509219527244568 
v 2.0905911922454834 0.7965162992477417 -0.9707832336425781 
v 2.0934128761291504 0.7941303849220276 -0.9689613580703735 
v 2.128361225128174 0.7965162992477417 -0.9834866523742676 
v 2.133450746536255 0.7941303849220276 -0.9815614819526672 
v 2.1678466796875 0.7965162992477417 -0.9886375665664673 
v 2.1753342151641846 0.7941303849220276 -0.9857273101806641 
v 2.2075788974761963 0.7965163588523865 -0.9860109090805054 
v 2.217050313949585 0.7941303849220276 -0.9808497428894043 
v 2.2460458278656006 0.7965163588523865 -0.9756755232810974 
v 2.2568323612213135 0.7941303849220276 -0.967710018157959 
v 2.281817674636841 0.7965163588523865 -0.9581636786460876 
v 2.292999505996704 0.7941303849220276 -0.9465013742446899 
v 2.3133392333984375 0.7965163588523865 -0.9338381290435791 
v 2.3240787982940674 0.7941303849220276 -0.9180499911308289 
v 2.359494209289551 0.7965162992477417 -0.8693721890449524 
v 2.3396809101104736 0.7965163588523865 -0.9039090871810913 
v 2.3483409881591797 0.7941303849220276 -0.8838945031166077 
v 2.3722689151763916 0.7965162992477417 -0.8316522240638733 
v 2.3652756214141846 0.7941303849220276 -0.8454595804214478 
v 2.3240787982940674 0.7941303849220276 -0.9180499911308289 
v 2.3133392333984375 0.7965163588523865 -0.9338381290435791 
v 2.259493827819824 0.7965162992477417 -0.6006436944007874 
v 2.230708122253418 0.7965162992477417 -0.5881150960922241 
v 2.254077196121216 0.7941303253173828 -0.600715160369873 
v 2.292611837387085 0.7965162992477417 -0.6204493641853333 
v 2.2905075550079346 0.7941303253173828 -0.6214794516563416 
v 2.322676181793213 0.7965162992477417 -0.6467005610466003 
v 2.3219921588897705 0.7941303253173828 -0.6493010520935059 
v 2.346836805343628 0.7965162992477417 -0.6783592700958252 
v 2.3645546436309814 0.7965162992477417 -0.7139900922775269 
v 2.3468985557556152 0.7941303253173828 -0.6830279231071472 
v 2.3483409881591797 0.7941303849220276 -0.8838945031166077 
v 2.3240787982940674 0.7941303849220276 -0.9180499911308289 
v 2.3396809101104736 0.7965163588523865 -0.9039090871810913 
v 1.9843556880950928 0.7965162992477417 -0.8572567105293274 
v 1.9832640886306763 0.7941303253173828 -0.848372220993042 
v 2.000591516494751 0.7941303253173828 -0.8866485357284546 
v 1.973956823348999 0.7965162992477417 -0.8188401460647583 
v 1.9843556880950928 0.7965162992477417 -0.8572567105293274 
v 1.9832640886306763 0.7941303253173828 -0.848372220993042 
v 2.000591516494751 0.7941303253173828 -0.8866485357284546 
v 2.0019049644470215 0.7965162992477417 -0.8930120468139648 
v 2.0262339115142822 0.7965162992477417 -0.9245462417602539 
v 2.0254979133605957 0.7941303253173828 -0.920375406742096 
v 1.9741367101669312 0.7941303253173828 -0.8074451684951782 
v 1.973956823348999 0.7965162992477417 -0.8188401460647583 
v 1.9709486961364746 0.7965162992477417 -0.7802037596702576 
v 1.982214331626892 0.7941303253173828 -0.7242169380187988 
v 1.9841279983520508 0.7965162396430969 -0.710232138633728 
v 1.9798413515090942 0.7965162396430969 -0.7199454307556152 
v 1.9757181406021118 0.7965162992477417 -0.7305856347084045 
v 1.9722727537155151 0.7965162992477417 -0.7488445043563843 
v 1.973873496055603 0.7941303253173828 -0.7654721736907959 
v 1.9709486961364746 0.7965162992477417 -0.7802037596702576 
v 1.9741367101669312 0.7941303253173828 -0.8074451684951782 
v 2.3483409881591797 0.7941303849220276 -0.8838945031166077 
v 2.3652756214141846 0.7941303849220276 -0.8454595804214478 
v 2.359494209289551 0.7965162992477417 -0.8693721890449524 
v 2.0254979133605957 0.7941303253173828 -0.920375406742096 
v 2.000591516494751 0.7941303253173828 -0.8866485357284546 
v 2.0019049644470215 0.7965162992477417 -0.8930120468139648 
v 2.2905075550079346 0.7941303253173828 -0.6214794516563416 
v 2.254077196121216 0.7941303253173828 -0.600715160369873 
v 2.259493827819824 0.7965162992477417 -0.6006436944007874 
v 2.3468985557556152 0.7941303253173828 -0.6830279231071472 
v 2.346836805343628 0.7965162992477417 -0.6783592700958252 
v 2.3219921588897705 0.7941303253173828 -0.6493010520935059 
v 1.986882209777832 0.7985045909881592 -0.6783406138420105 
v 1.986126184463501 0.8056624531745911 -0.6783750057220459 
v 1.9980987310409546 0.7985045909881592 -0.6593191027641296 
v 1.9976799488067627 0.8056624531745911 -0.6591046452522278 
v 2.0113179683685303 0.8056624531745911 -0.64300936460495 
v 2.0117368698120117 0.7985045909881592 -0.6432238221168518 
v 2.026881694793701 0.8056624531745911 -0.6281110048294067 
v 2.040499687194824 0.7985045313835144 -0.616221010684967 
v 2.042527198791504 0.8056624531745911 -0.6136761903762817 
v 2.059924840927124 0.7985045313835144 -0.6016139984130859 
v 1.9694033861160278 0.7985045909881592 -0.7163915634155273 
v 1.9688159227371216 0.8056624531745911 -0.7163015007972717 
v 1.9650683403015137 0.7985045909881592 -0.7274501323699951 
v 1.964480996131897 0.8056624531745911 -0.7273601293563843 
v 1.9608620405197144 0.8056624531745911 -0.7467947602272034 
v 1.9650683403015137 0.8124226927757263 -0.7274501323699951 
v 1.9694033861160278 0.8124226927757263 -0.7163915634155273 
v 1.9867136478424072 0.8124226927757263 -0.6784650683403015 
v 1.9980987310409546 0.8124226927757263 -0.6593191027641296 
v 2.01186203956604 0.8124226927757263 -0.643393337726593 
v 2.027132034301758 0.8124226927757263 -0.6284499764442444 
v 2.042902708053589 0.8124226927757263 -0.6141846179962158 
v 2.059924840927124 0.8124226927757263 -0.6016139984130859 
v 2.059549570083618 0.8056624531745911 -0.6011055707931519 
v 2.0784056186676025 0.8056624531745911 -0.5913711786270142 
v 2.0786125659942627 0.7985045313835144 -0.5920040607452393 
v 2.0981764793395996 0.8056624531745911 -0.583580493927002 
v 2.115544319152832 0.7985045909881592 -0.577826201915741 
v 1.961449384689331 0.7985045909881592 -0.746884822845459 
v 2.0786125659942627 0.8124226927757263 -0.5920040607452393 
v 2.0985519886016846 0.8124226927757263 -0.584088921546936 
v 2.118529796600342 0.8124226927757263 -0.5769311785697937 
v 2.11844801902771 0.8056624531745911 -0.576467752456665 
v 2.1389596462249756 0.8124226927757263 -0.5717965960502625 
v 2.1390464305877686 0.8056624531745911 -0.5712087154388428 
v 2.1391282081604004 0.7985045909881592 -0.5716721415519714 
v 2.2106101512908936 0.7996975779533386 -0.5940520763397217 
v 2.1999504566192627 0.7996975779533386 -0.5930192470550537 
v 2.208096981048584 0.7969139218330383 -0.5927650928497314 
v 2.1626744270324707 0.7969139218330383 -0.5912129282951355 
v 2.2277214527130127 0.7969139218330383 -0.5981780290603638 
v 2.2276346683502197 0.7996975779533386 -0.5987659096717834 
v 2.21018123626709 0.8020834922790527 -0.5959402322769165 
v 2.227037191390991 0.8020834922790527 -0.6007785201072693 
v 2.2548701763153076 0.7996975779533386 -0.6106059551239014 
v 2.2552504539489746 0.7969139218330383 -0.6100630760192871 
v 2.2866930961608887 0.7969139218330383 -0.6290107369422913 
v 2.2863125801086426 0.7996975779533386 -0.6295536160469055 
v 2.315168857574463 0.7969139218330383 -0.6538160443305969 
v 2.3146631717681885 0.7996975779533386 -0.6541894674301147 
v 2.285046100616455 0.8020835518836975 -0.6310127377510071 
v 2.313102960586548 0.8020835518836975 -0.6556035280227661 
v 2.335930109024048 0.8020835518836975 -0.6851040124893188 
v 2.3375720977783203 0.7996975779533386 -0.6841533184051514 
v 2.3380777835845947 0.7969139814376831 -0.6837799549102783 
v 2.354837656021118 0.7969139814376831 -0.7177609801292419 
v 2.3542070388793945 0.7996975779533386 -0.7179648876190186 
v 2.3523147106170654 0.8020835518836975 -0.7185765504837036 
v 2.362010955810547 0.8020835518836975 -0.7546310424804688 
v 2.3640284538269043 0.7996975779533386 -0.7541888356208801 
v 2.3646156787872314 0.7969139814376831 -0.754278838634491 
v 2.254147529602051 0.8020834922790527 -0.612449049949646 
v 1.9781224727630615 0.8000952005386353 -0.7193813920021057 
v 1.9798413515090942 0.7965162396430969 -0.7199454307556152 
v 1.9757181406021118 0.7965162992477417 -0.7305856347084045 
v 1.9739993810653687 0.8000952005386353 -0.730021595954895 
v 1.9708043336868286 0.8000952005386353 -0.7486194372177124 
v 1.9722727537155151 0.7965162992477417 -0.7488445043563843 
v 1.9691431522369385 0.8000952005386353 -0.7802276015281677 
v 1.9709486961364746 0.7965162992477417 -0.7802037596702576 
v 1.97240149974823 0.8000952005386353 -0.8192028999328613 
v 1.973956823348999 0.7965162992477417 -0.8188401460647583 
v 2.1405951976776123 0.8000952005386353 -0.5810650587081909 
v 2.161891460418701 0.8000952005386353 -0.5792195200920105 
v 2.1407973766326904 0.7965162396430969 -0.5827493071556091 
v 2.160287857055664 0.7965162396430969 -0.5809275507926941 
v 2.1776692867279053 0.7965162396430969 -0.5811871886253357 
v 2.1908087730407715 0.7965162396430969 -0.5816983580589294 
v 2.201521873474121 0.8000952005386353 -0.5803346633911133 
v 2.201430082321167 0.7965162992477417 -0.5819738507270813 
v 2.212677478790283 0.7965162992477417 -0.5830967426300049 
v 2.212937593460083 0.8000952005386353 -0.5813331007957458 
v 2.231093406677246 0.8000952005386353 -0.5865209698677063 
v 2.230708122253418 0.7965162992477417 -0.5881150960922241 
v 2.2601728439331055 0.8000952005386353 -0.5990945100784302 
v 2.259493827819824 0.7965162992477417 -0.6006436944007874 
v 2.2937097549438477 0.8000952005386353 -0.6191146969795227 
v 2.292611837387085 0.7965162992477417 -0.6204493641853333 
v 2.323899269104004 0.80009526014328 -0.645535409450531 
v 2.322676181793213 0.7965162992477417 -0.6467005610466003 
v 2.346836805343628 0.7965162992477417 -0.6783592700958252 
v 2.3483102321624756 0.80009526014328 -0.6775330305099487 
v 2.3659846782684326 0.80009526014328 -0.7134578227996826 
v 2.3645546436309814 0.7965162992477417 -0.7139900922775269 
v 2.3747849464416504 0.7965162992477417 -0.7525311708450317 
v 2.376465320587158 0.80009526014328 -0.7523378729820251 
v 1.9671775102615356 0.8140133023262024 -0.7253687381744385 
v 1.9694033861160278 0.8124226927757263 -0.7163915634155273 
v 1.9650683403015137 0.8124226927757263 -0.7274501323699951 
v 2.2195613384246826 0.804867148399353 -0.7786353230476379 
v 2.220379114151001 0.804867148399353 -0.7832695841789246 
v 2.221029758453369 0.80009526014328 -0.7788604497909546 
v 2.221804141998291 0.80009526014328 -0.7837886214256287 
v 2.219381332397461 0.804867148399353 -0.7900302410125732 
v 2.221360445022583 0.80009526014328 -0.7888306379318237 
v 2.219529867172241 0.80009526014328 -0.7941110134124756 
v 2.2136645317077637 0.804867148399353 -0.8002758622169495 
v 2.214073419570923 0.80009526014328 -0.8025929927825928 
v 2.204678773880005 0.804867148399353 -0.8092688918113708 
v 2.2042882442474365 0.80009526014328 -0.811914324760437 
v 2.19002103805542 0.804867148399353 -0.8190456628799438 
v 2.1916096210479736 0.80009526014328 -0.8204915523529053 
v 2.1785221099853516 0.80009526014328 -0.8267516493797302 
v 2.1762592792510986 0.804867148399353 -0.8258036375045776 
v 2.1656179428100586 0.80009526014328 -0.8297333717346191 
v 2.164029359817505 0.804867148399353 -0.8282874822616577 
v 2.170990467071533 0.80009526014328 -0.7414312362670898 
v 2.1587939262390137 0.80009526014328 -0.7457237839698792 
v 2.170898675918579 0.804867148399353 -0.7430704832077026 
v 2.1538195610046387 0.804867148399353 -0.7499210834503174 
v 2.1507959365844727 0.80009526014328 -0.7500587105751038 
v 2.141935110092163 0.804867148399353 -0.7592212557792664 
v 2.1403849124908447 0.80009526014328 -0.758532702922821 
v 2.1326990127563477 0.80009526014328 -0.7678752541542053 
v 2.1336569786071777 0.804867148399353 -0.7695250511169434 
v 2.1291348934173584 0.80009526014328 -0.7757455110549927 
v 2.130429744720459 0.804867148399353 -0.7771463990211487 
v 2.1281421184539795 0.80009526014328 -0.781454861164093 
v 2.129605770111084 0.804867148399353 -0.782731294631958 
v 2.174098014831543 0.804867148399353 -0.6969690322875977 
v 2.1704399585723877 0.804867148399353 -0.6891940832138062 
v 2.1732988357543945 0.8012881875038147 -0.6972973942756653 
v 2.170680284500122 0.8012881875038147 -0.6916356682777405 
v 2.1653852462768555 0.8012881875038147 -0.6837600469589233 
v 2.1599650382995605 0.804867148399353 -0.6757149696350098 
v 2.1592910289764404 0.8012881875038147 -0.6762128472328186 
v 2.154780149459839 0.804867148399353 -0.6711627840995789 
v 2.154399871826172 0.8012881875038147 -0.6717056632041931 
v 2.1496238708496094 0.8012881875038147 -0.6694706082344055 
v 2.149879217147827 0.804867148399353 -0.6687582731246948 
v 2.1443374156951904 0.8012881875038147 -0.6686602234840393 
v 2.144005298614502 0.804867148399353 -0.667857825756073 
v 2.137996196746826 0.8012881875038147 -0.6688905954360962 
v 2.137495517730713 0.804867148399353 -0.6682126522064209 
v 2.131187915802002 0.8012881875038147 -0.6702516674995422 
v 2.1303935050964355 0.804867148399353 -0.6695287227630615 
v 2.1496238708496094 0.8012881875038147 -0.6694706082344055 
v 2.1443374156951904 0.8012881875038147 -0.6686602234840393 
v 2.1472792625427246 0.8004928827285767 -0.6680591106414795 
v 2.137996196746826 0.8012881875038147 -0.6688905954360962 
v 2.08095383644104 0.8004928827285767 -0.7094436883926392 
v 2.0826876163482666 0.8012881875038147 -0.7068538665771484 
v 2.081150770187378 0.8012881875038147 -0.7121792435646057 
v 2.081150770187378 0.8012881875038147 -0.7121792435646057 
v 2.08095383644104 0.8004928827285767 -0.7094436883926392 
v 2.0803699493408203 0.8004928827285767 -0.7174702286720276 
v 2.370306968688965 0.013125631026923656 -0.8469823598861694 
v 2.352905035018921 0.01312563568353653 -0.8865480422973633 
v 2.3457815647125244 0.0000028777235456800554 -0.8391649127006531 
v 2.330754041671753 0.000002881424506995245 -0.8738341927528381 
v 2.1724369525909424 0.0000028271508654142963 -0.6044326424598694 
v 2.209871292114258 0.000002831179244822124 -0.6082171201705933 
v 2.353178024291992 0.0000028729882615152746 -0.8022737503051758 
v 2.353020191192627 0.0000028674485292867757 -0.764675498008728 
v 2.3787779808044434 0.013125626370310783 -0.8048452734947205 
v 2.3785197734832764 0.013125619851052761 -0.7618209719657898 
v 2.369272232055664 0.013125612400472164 -0.7196731567382812 
v 2.344797372817993 0.000002861266011677799 -0.7277948260307312 
v 2.351487636566162 0.013125604949891567 -0.6804249882698059 
v 2.329298973083496 0.000002854775175364921 -0.6934059858322144 
v 2.3258299827575684 0.01312559749931097 -0.6456812024116516 
v 2.3068954944610596 0.0000028482388643169543 -0.6630687117576599 
v 2.293551206588745 0.013125590048730373 -0.6171366572380066 
v 2.2785885334014893 0.00000284194993582787 -0.6381389498710632 
v 2.245884418487549 0.000002836192152244621 -0.6195990443229675 
v 2.2149453163146973 0.013125577941536903 -0.5829936265945435 
v 2.1721808910369873 0.01312557328492403 -0.5786927342414856 
v 2.134880781173706 0.0000028242791358934483 -0.6085951924324036 
v 2.3088178634643555 0.0000028838871912739705 -0.9044385552406311 
v 2.327925205230713 0.013125638477504253 -0.9214953780174255 
v 2.2808592319488525 0.000002885059529944556 -0.9300617575645447 
v 2.296128511428833 0.013125639408826828 -0.9507384896278381 
v 2.2561147212982178 0.013125583529472351 -0.5960677862167358 
v 2.1720571517944336 0.02704370766878128 -0.5693553686141968 
v 2.127317190170288 0.027043703943490982 -0.5743706226348877 
v 2.129246473312378 0.013125570490956306 -0.5836841464042664 
v 2.088496685028076 0.013125568628311157 -0.5972766876220703 
v 2.099177122116089 0.000002822725264195469 -0.6205565929412842 
v 2.0513181686401367 0.013125568628311157 -0.6192321181297302 
v 2.066462516784668 0.0000028225099413248245 -0.639739453792572 
v 2.0195648670196533 0.013125569559633732 -0.6481813192367554 
v 2.0386722087860107 0.0000028236795515113045 -0.6652381420135498 
v 1.9945851564407349 0.013125572353601456 -0.6831285953521729 
v 2.0167360305786133 0.00000282614223579003 -0.6958425045013428 
v 1.977183222770691 0.013125577010214329 -0.7226943373680115 
v 2.001708507537842 0.0000028298431971052196 -0.7305117845535278 
v 1.9943121671676636 0.0000028345784812700003 -0.7674029469490051 
v 1.9687122106552124 0.013125581666827202 -0.7648314237594604 
v 1.9690955877304077 0.013125588186085224 -0.8080251812934875 
v 1.9945951700210571 0.0000028401548206602456 -0.8051707148551941 
v 2.1376187801361084 0.000002876387497963151 -0.9614596366882324 
v 2.175053358078003 0.0000028804158773709787 -0.9652441143989563 
v 2.2126095294952393 0.0000028832876068918267 -0.9610815048217773 
v 2.175309419631958 0.013125634752213955 -0.9909840226173401 
v 2.132544994354248 0.013125630095601082 -0.9866830706596375 
v 2.091500759124756 0.013125624507665634 -0.9737783670425415 
v 2.101731061935425 0.0000028714111977024004 -0.9502471089363098 
v 2.068901777267456 0.000002865616806957405 -0.9315377473831177 
v 2.053938865661621 0.013125617057085037 -0.9525400400161743 
v 2.0405945777893066 0.0000028593278784683207 -0.906607985496521 
v 2.021660089492798 0.013125610537827015 -0.9239954948425293 
v 1.9960025548934937 0.013125603087246418 -0.8892517685890198 
v 2.01819109916687 0.0000028527917947940296 -0.8762707710266113 
v 2.002692937850952 0.000002846300731107476 -0.8418819308280945 
v 1.9782179594039917 0.013125595636665821 -0.8500035405158997 
v 1.9692186117172241 0.02704373002052307 -0.8529826402664185 
v 1.9594753980636597 0.027043724432587624 -0.8091055750846863 
v 2.2182435989379883 0.013125637546181679 -0.9859925508499146 
v 2.2483129501342773 0.0000028848414785898058 -0.9491201043128967 
v 2.25899338722229 0.013125639408826828 -0.9724000096321106 
v 2.3733534812927246 0.7941303253173828 -0.7622312903404236 
v 2.3828048706054688 0.7678847908973694 -0.7612753510475159 
v 2.3736164569854736 0.7941303849220276 -0.8042042851448059 
v 2.3832266330718994 0.7678847908973694 -0.8052265048027039 
v 2.3652756214141846 0.7941303849220276 -0.8454595804214478 
v 2.388014793395996 0.7448204755783081 -0.7605710029602051 
v 2.388262987136841 0.7448204755783081 -0.8056979179382324 
v 2.388014793395996 0.02704375609755516 -0.7605711221694946 
v 2.388262987136841 0.027043763548135757 -0.805698037147522 
v 2.379319906234741 0.7448204755783081 -0.8500171303749084 
v 2.379319906234741 0.027043769136071205 -0.8500171899795532 
v 2.3744571208953857 0.7678847908973694 -0.8483699560165405 
v 2.3483409881591797 0.7941303849220276 -0.8838945031166077 
v 2.356799840927124 0.7678847908973694 -0.8886479735374451 
v 2.3240787982940674 0.7941303849220276 -0.9180499911308289 
v 2.3311026096343994 0.7678847908973694 -0.9243870377540588 
v 2.292999505996704 0.7941303849220276 -0.9465013742446899 
v 2.2986316680908203 0.7678847908973694 -0.9541280269622803 
v 2.2568323612213135 0.7941303849220276 -0.967710018157959 
v 2.2608225345611572 0.7678847908973694 -0.9762873649597168 
v 2.217050313949585 0.7941303849220276 -0.9808497428894043 
v 2.219104766845703 0.7678847908973694 -0.9903327822685242 
v 2.2202980518341064 0.7448204755783081 -0.9954754710197449 
v 2.263108730316162 0.7448204755783081 -0.9811466932296753 
v 2.263108730316162 0.027043776586651802 -0.9811468124389648 
v 2.301760673522949 0.027043776586651802 -0.9583652019500732 
v 2.301760673522949 0.7448204755783081 -0.9583650827407837 
v 2.3350741863250732 0.027043776586651802 -0.928001880645752 
v 2.3350741863250732 0.7448204755783081 -0.9280017614364624 
v 2.3613638877868652 0.7448204755783081 -0.8913014531135559 
v 2.3613638877868652 0.027043772861361504 -0.8913015723228455 
v 2.2202982902526855 0.027043774724006653 -0.9954755902290344 
v 2.0906577110290527 0.7941303253173828 -0.6019664406776428 
v 2.048689842224121 0.7678847312927246 -0.6156728863716125 
v 2.0543220043182373 0.7941303253173828 -0.6232995986938477 
v 2.016387462615967 0.7678847312927246 -0.645289421081543 
v 2.023411273956299 0.7941303253173828 -0.651626467704773 
v 1.9906902313232422 0.7678847312927246 -0.6810284852981567 
v 1.9991490840911865 0.7941303253173828 -0.6857819557189941 
v 1.9731581211090088 0.7678847312927246 -0.7214760184288025 
v 1.982214331626892 0.7941303253173828 -0.7242169380187988 
v 2.086667537689209 0.7678847312927246 -0.593389093875885 
v 2.045560836791992 0.7448204159736633 -0.6114358901977539 
v 2.0845065116882324 0.7448204159736633 -0.588699221611023 
v 2.0845065116882324 0.027043702080845833 -0.5886993408203125 
v 2.045560836791992 0.027043702080845833 -0.6114359498023987 
v 2.0125410556793213 0.027043703943490982 -0.6418442726135254 
v 2.0125410556793213 0.7448204159736633 -0.6418441534042358 
v 1.9862514734268188 0.02704370766878128 -0.6785446405410767 
v 1.9862513542175293 0.7448204159736633 -0.6785445213317871 
v 1.9682954549789429 0.02704371139407158 -0.7198289632797241 
v 1.9682954549789429 0.7448204159736633 -0.7198288440704346 
v 1.959227204322815 0.027043716982007027 -0.7639786601066589 
v 1.959227204322815 0.7448204159736633 -0.7639785408973694 
v 1.9594753980636597 0.027043724432587624 -0.8091055750846863 
v 1.9594753980636597 0.7448204755783081 -0.8091054558753967 
v 1.9642633199691772 0.7678847312927246 -0.764449954032898 
v 1.964685082435608 0.7678847312927246 -0.8084011077880859 
v 1.973873496055603 0.7941303253173828 -0.7654721736907959 
v 1.9741367101669312 0.7941303253173828 -0.8074451684951782 
v 2.2202982902526855 0.027043774724006653 -0.9954755902290344 
v 2.2182435989379883 0.013125637546181679 -0.9859925508499146 
v 2.263108730316162 0.027043776586651802 -0.9811468124389648 
v 2.25899338722229 0.013125639408826828 -0.9724000096321106 
v 2.301760673522949 0.027043776586651802 -0.9583652019500732 
v 2.296128511428833 0.013125639408826828 -0.9507384896278381 
v 2.327925205230713 0.013125638477504253 -0.9214953780174255 
v 2.3350741863250732 0.027043776586651802 -0.928001880645752 
v 2.3613638877868652 0.027043772861361504 -0.8913015723228455 
v 2.352905035018921 0.01312563568353653 -0.8865480422973633 
v 2.370306968688965 0.013125631026923656 -0.8469823598861694 
v 2.379319906234741 0.027043769136071205 -0.8500171899795532 
v 2.3787779808044434 0.013125626370310783 -0.8048452734947205 
v 2.388262987136841 0.027043763548135757 -0.805698037147522 
v 2.388014793395996 0.02704375609755516 -0.7605711221694946 
v 2.3785197734832764 0.013125619851052761 -0.7618209719657898 
v 2.3785197734832764 0.013125619851052761 -0.7618209719657898 
v 2.369272232055664 0.013125612400472164 -0.7196731567382812 
v 2.388014793395996 0.02704375609755516 -0.7605711221694946 
v 2.3782715797424316 0.027043748646974564 -0.7166940569877625 
v 2.3596975803375244 0.027043741196393967 -0.6756715774536133 
v 2.351487636566162 0.013125604949891567 -0.6804249882698059 
v 2.332913637161255 0.02704373374581337 -0.6394025087356567 
v 2.3258299827575684 0.01312559749931097 -0.6456812024116516 
v 2.299046039581299 0.027043726295232773 -0.6094120740890503 
v 2.293551206588745 0.013125590048730373 -0.6171366572380066 
v 2.2561147212982178 0.013125583529472351 -0.5960677862167358 
v 2.2599775791168213 0.027043718844652176 -0.5871912837028503 
v 2.216920852661133 0.027043713256716728 -0.5736774802207947 
v 2.2149453163146973 0.013125577941536903 -0.5829936265945435 
v 2.1720571517944336 0.02704370766878128 -0.5693553686141968 
v 2.1721808910369873 0.01312557328492403 -0.5786927342414856 
v 2.129246473312378 0.013125570490956306 -0.5836841464042664 
v 2.088496685028076 0.013125568628311157 -0.5972766876220703 
v 2.127317190170288 0.027043703943490982 -0.5743706226348877 
v 2.0845065116882324 0.027043702080845833 -0.5886993408203125 
v 2.088496685028076 0.013125568628311157 -0.5972766876220703 
v 2.0513181686401367 0.013125568628311157 -0.6192321181297302 
v 2.0845065116882324 0.027043702080845833 -0.5886993408203125 
v 2.045560836791992 0.027043702080845833 -0.6114359498023987 
v 2.0125410556793213 0.027043703943490982 -0.6418442726135254 
v 2.0195648670196533 0.013125569559633732 -0.6481813192367554 
v 1.9945851564407349 0.013125572353601456 -0.6831285953521729 
v 1.9862514734268188 0.02704370766878128 -0.6785446405410767 
v 1.977183222770691 0.013125577010214329 -0.7226943373680115 
v 1.9682954549789429 0.02704371139407158 -0.7198289632797241 
v 1.959227204322815 0.027043716982007027 -0.7639786601066589 
v 1.9687122106552124 0.013125581666827202 -0.7648314237594604 
v 1.9594753980636597 0.027043724432587624 -0.8091055750846863 
v 1.9690955877304077 0.013125588186085224 -0.8080251812934875 
v 1.9692186117172241 0.02704373002052307 -0.8529826402664185 
v 1.9782179594039917 0.013125595636665821 -0.8500035405158997 
v 1.9879177808761597 0.027043739333748817 -0.8941745758056641 
v 1.9960025548934937 0.013125603087246418 -0.8892517685890198 
v 2.0147016048431396 0.027043746784329414 -0.9304437041282654 
v 2.021660089492798 0.013125610537827015 -0.9239954948425293 
v 2.0484440326690674 0.02704375423491001 -0.9602646231651306 
v 2.053938865661621 0.013125617057085037 -0.9525400400161743 
v 2.091500759124756 0.013125624507665634 -0.9737783670425415 
v 2.087512731552124 0.027043761685490608 -0.9824854135513306 
v 2.1305694580078125 0.027043767273426056 -0.9959992170333862 
v 2.132544994354248 0.013125630095601082 -0.9866830706596375 
v 2.17555832862854 0.027043770998716354 -1.0004907846450806 
v 2.175309419631958 0.013125634752213955 -0.9909840226173401 
v 2.2202982902526855 0.027043774724006653 -0.9954755902290344 
v 2.2182435989379883 0.013125637546181679 -0.9859925508499146 
v 2.3642261028289795 0.7941303253173828 -0.7213042378425598 
v 2.3733534812927246 0.7941303253173828 -0.7622312903404236 
v 2.3733937740325928 0.7678847908973694 -0.71820068359375 
v 2.3828048706054688 0.7678847908973694 -0.7612753510475159 
v 2.3551087379455566 0.7678847908973694 -0.6782745718955994 
v 2.3468985557556152 0.7941303253173828 -0.6830279231071472 
v 2.3289504051208496 0.7678847312927246 -0.6428529024124146 
v 2.3219921588897705 0.7941303253173828 -0.6493010520935059 
v 2.296170949935913 0.7678847312927246 -0.6136304140090942 
v 2.2905075550079346 0.7941303253173828 -0.6214794516563416 
v 2.2577714920043945 0.7678847312927246 -0.5919630527496338 
v 2.254077196121216 0.7941303253173828 -0.600715160369873 
v 2.2158894538879395 0.7678847312927246 -0.5786293745040894 
v 2.2140393257141113 0.7941303253173828 -0.5881149768829346 
v 2.1722006797790527 0.7678847312927246 -0.5744873285293579 
v 2.1721558570861816 0.7941303253173828 -0.5839491486549377 
v 2.1720571517944336 0.7448204159736633 -0.5693552494049072 
v 2.2169206142425537 0.7448204159736633 -0.5736773610115051 
v 2.259977340698242 0.7448204159736633 -0.5871911644935608 
v 2.216920852661133 0.027043713256716728 -0.5736774802207947 
v 2.2599775791168213 0.027043718844652176 -0.5871912837028503 
v 2.299046039581299 0.7448204755783081 -0.6094119548797607 
v 2.299046039581299 0.027043726295232773 -0.6094120740890503 
v 2.332913637161255 0.7448204755783081 -0.6394023895263672 
v 2.332913637161255 0.02704373374581337 -0.6394025087356567 
v 2.3596975803375244 0.027043741196393967 -0.6756715774536133 
v 2.3596975803375244 0.7448204755783081 -0.6756715178489685 
v 2.1720571517944336 0.02704370766878128 -0.5693553686141968 
v 2.3782715797424316 0.7448204755783081 -0.7166939377784729 
v 2.388014793395996 0.7448204755783081 -0.7605710029602051 
v 2.3782715797424316 0.027043748646974564 -0.7166940569877625 
v 2.388014793395996 0.02704375609755516 -0.7605711221694946 
v 1.9594753980636597 0.027043724432587624 -0.8091055750846863 
v 1.9692186117172241 0.02704373002052307 -0.8529826402664185 
v 1.9594753980636597 0.7448204755783081 -0.8091054558753967 
v 1.9692186117172241 0.7448204755783081 -0.8529825210571289 
v 1.9740961790084839 0.7678847312927246 -0.8514757752418518 
v 1.9879176616668701 0.7448204755783081 -0.8941744565963745 
v 1.9923814535140991 0.7678847312927246 -0.8914018869400024 
v 1.9832640886306763 0.7941303253173828 -0.848372220993042 
v 2.000591516494751 0.7941303253173828 -0.8866485357284546 
v 2.0185396671295166 0.7678847908973694 -0.926823616027832 
v 2.0254979133605957 0.7941303253173828 -0.920375406742096 
v 2.051319122314453 0.7678847908973694 -0.9560460448265076 
v 2.0569825172424316 0.7941303253173828 -0.9481970071792603 
v 2.0897185802459717 0.7678847908973694 -0.977713406085968 
v 2.0934128761291504 0.7941303849220276 -0.9689613580703735 
v 2.1316003799438477 0.7678847908973694 -0.9910470843315125 
v 2.133450746536255 0.7941303849220276 -0.9815614819526672 
v 2.175414562225342 0.7678847908973694 -0.9953585863113403 
v 2.1753342151641846 0.7941303849220276 -0.9857273101806641 
v 2.219104766845703 0.7678847908973694 -0.9903327822685242 
v 2.217050313949585 0.7941303849220276 -0.9808497428894043 
v 1.9741367101669312 0.7941303253173828 -0.8074451684951782 
v 1.964685082435608 0.7678847312927246 -0.8084011077880859 
v 1.9879177808761597 0.027043739333748817 -0.8941745758056641 
v 2.0147016048431396 0.027043746784329414 -0.9304437041282654 
v 2.175558090209961 0.7448204755783081 -1.000490665435791 
v 2.2202980518341064 0.7448204755783081 -0.9954754710197449 
v 2.2202982902526855 0.027043774724006653 -0.9954755902290344 
v 2.17555832862854 0.027043770998716354 -1.0004907846450806 
v 2.1305694580078125 0.7448204755783081 -0.9959990978240967 
v 2.1305694580078125 0.027043767273426056 -0.9959992170333862 
v 2.087512731552124 0.7448204755783081 -0.9824853539466858 
v 2.087512731552124 0.027043761685490608 -0.9824854135513306 
v 2.0484440326690674 0.02704375423491001 -0.9602646231651306 
v 2.0484440326690674 0.7448204755783081 -0.9602645039558411 
v 2.0147016048431396 0.7448204755783081 -0.9304435849189758 
v 2.0906577110290527 0.7941303253173828 -0.6019664406776428 
v 2.1304397583007812 0.7941303253173828 -0.5888267159461975 
v 2.086667537689209 0.7678847312927246 -0.593389093875885 
v 2.128385305404663 0.7678847312927246 -0.5793437361717224 
v 2.127317190170288 0.7448204159736633 -0.5743705034255981 
v 2.1722006797790527 0.7678847312927246 -0.5744873285293579 
v 2.1720571517944336 0.7448204159736633 -0.5693552494049072 
v 2.127317190170288 0.027043703943490982 -0.5743706226348877 
v 2.1720571517944336 0.02704370766878128 -0.5693553686141968 
v 2.1721558570861816 0.7941303253173828 -0.5839491486549377 
v 2.0845065116882324 0.7448204159736633 -0.588699221611023 
v 2.0845065116882324 0.027043702080845833 -0.5886993408203125 
v 1.9632002115249634 0.7985045909881592 -0.8204977512359619 
v 1.962738037109375 0.8056624531745911 -0.8205772042274475 
v 1.9598650932312012 0.7985045909881592 -0.7800077199935913 
v 1.959277629852295 0.8056624531745911 -0.7799176573753357 
v 1.961449384689331 0.8124226927757263 -0.746884822845459 
v 1.9598650932312012 0.8124226927757263 -0.7800077199935913 
v 1.9633253812789917 0.8124226927757263 -0.8206672668457031 
v 1.962738037109375 0.8056624531745911 -0.8205772042274475 
v 1.973545789718628 0.8056624531745911 -0.8613109588623047 
v 1.9632002115249634 0.7985045909881592 -0.8204977512359619 
v 1.9741765260696411 0.7985045909881592 -0.8611070513725281 
v 1.9926402568817139 0.7985045909881592 -0.898806095123291 
v 1.9923032522201538 0.8056624531745911 -0.899055004119873 
v 2.0178840160369873 0.8056625127792358 -0.9322840571403503 
v 1.9926402568817139 0.8124226927757263 -0.898806095123291 
v 2.018221139907837 0.8124226927757263 -0.9320350885391235 
v 2.0498740673065186 0.8124226927757263 -0.9597322344779968 
v 2.0494935512542725 0.8056625127792358 -0.9602751135826111 
v 2.0498740673065186 0.7985045909881592 -0.9597322344779968 
v 2.085923910140991 0.8056625127792358 -0.9810394048690796 
v 1.9633253812789917 0.8124226927757263 -0.8206672668457031 
v 1.9741765260696411 0.8124226927757263 -0.8611070513725281 
v 2.018221139907837 0.7985045909881592 -0.9320350885391235 
v 2.0861358642578125 0.7985045909881592 -0.9806210398674011 
v 2.125875234603882 0.798504650592804 -0.9942274689674377 
v 2.1256632804870605 0.8056625127792358 -0.994645893573761 
v 2.1674983501434326 0.8056625127792358 -1.0001569986343384 
v 2.125875234603882 0.8124227523803711 -0.9942274689674377 
v 2.1675848960876465 0.8124227523803711 -0.9995690584182739 
v 2.209416389465332 0.8124227523803711 -0.996963620185852 
v 2.209498167037964 0.8056625127792358 -0.9974270462989807 
v 2.209416389465332 0.798504650592804 -0.996963620185852 
v 2.167416572570801 0.798504650592804 -0.9996935129165649 
v 2.0861358642578125 0.8124227523803711 -0.9806210398674011 
v 2.38617205619812 0.8056625127792358 -0.7506695985794067 
v 2.3857100009918213 0.7985045909881592 -0.7507490515708923 
v 2.3751959800720215 0.8056625127792358 -0.7100602984428406 
v 2.3747336864471436 0.7985045909881592 -0.7101397514343262 
v 2.3561012744903564 0.7985045909881592 -0.672565221786499 
v 2.356606960296631 0.8056625127792358 -0.6721917986869812 
v 2.331026315689087 0.8056624531745911 -0.6389628052711487 
v 2.3561012744903564 0.8124226927757263 -0.672565221786499 
v 2.3305206298828125 0.8124226927757263 -0.6393361687660217 
v 2.2990360260009766 0.8124226927757263 -0.6115145683288574 
v 2.299373149871826 0.8056624531745911 -0.6112656593322754 
v 2.2990360260009766 0.7985045909881592 -0.6115145683288574 
v 2.264117479324341 0.7985045909881592 -0.5906814336776733 
v 2.264329433441162 0.8056624531745911 -0.5902630090713501 
v 2.2336130142211914 0.7985045909881592 -0.5775887966156006 
v 2.2336997985839844 0.8056624531745911 -0.5770009160041809 
v 2.2147445678710938 0.7985045909881592 -0.5721414089202881 
v 2.3857100009918213 0.8124226927757263 -0.7507490515708923 
v 2.3747336864471436 0.8124226927757263 -0.7101397514343262 
v 2.3306891918182373 0.7985045909881592 -0.6392117142677307 
v 2.264117479324341 0.8124226927757263 -0.5906814336776733 
v 2.2336130142211914 0.8124226927757263 -0.5775887966156006 
v 2.2147445678710938 0.8124226927757263 -0.5721414089202881 
v 2.2148313522338867 0.8056624531745911 -0.5715535283088684 
v 2.2028281688690186 0.8056624531745911 -0.570465087890625 
v 2.2027416229248047 0.7985045909881592 -0.5710529685020447 
v 2.1613922119140625 0.8056624531745911 -0.5693737268447876 
v 2.1610116958618164 0.7985045909881592 -0.5699166059494019 
v 2.1391282081604004 0.7985045909881592 -0.5716721415519714 
v 2.1390464305877686 0.8056624531745911 -0.5712087154388428 
v 2.1389596462249756 0.8124226927757263 -0.5717965960502625 
v 2.161180257797241 0.8124226927757263 -0.5697921514511108 
v 2.2027416229248047 0.8124226927757263 -0.5710529685020447 
v 2.209498167037964 0.8056625127792358 -0.9974270462989807 
v 2.2501511573791504 0.8056625127792358 -0.9865249991416931 
v 2.209416389465332 0.798504650592804 -0.996963620185852 
v 2.2499442100524902 0.798504650592804 -0.9858920574188232 
v 2.287651777267456 0.798504650592804 -0.9674745798110962 
v 2.287733554840088 0.8056625127792358 -0.9679380059242249 
v 2.3211090564727783 0.8056625127792358 -0.9422433376312256 
v 2.2875266075134277 0.8124227523803711 -0.967305064201355 
v 2.3208587169647217 0.8124227523803711 -0.9419043660163879 
v 2.348510265350342 0.8124227523803711 -0.9102222919464111 
v 2.209416389465332 0.8124227523803711 -0.996963620185852 
v 2.2499442100524902 0.8124227523803711 -0.9858920574188232 
v 2.3208587169647217 0.798504650592804 -0.9419043660163879 
v 2.348510265350342 0.798504650592804 -0.9102222919464111 
v 2.3488857746124268 0.8056625127792358 -0.9107307195663452 
v 2.3698837757110596 0.8056625127792358 -0.8742713332176208 
v 2.369339942932129 0.8124227523803711 -0.8738873600959778 
v 2.3830056190490723 0.8124227523803711 -0.8341997861862183 
v 2.3834245204925537 0.8056625127792358 -0.8344143033027649 
v 2.3889968395233154 0.8056625127792358 -0.7925843596458435 
v 2.3830056190490723 0.798504650592804 -0.8341997861862183 
v 2.388409376144409 0.7985045909881592 -0.7924942970275879 
v 2.3857100009918213 0.7985045909881592 -0.7507490515708923 
v 2.38617205619812 0.8056625127792358 -0.7506695985794067 
v 2.3857100009918213 0.8124226927757263 -0.7507490515708923 
v 2.388409376144409 0.8124227523803711 -0.7924942970275879 
v 2.3694651126861572 0.798504650592804 -0.8740568161010742 
v 2.205904960632324 0.7969139814376831 -0.975985050201416 
v 2.168146848678589 0.7969139814376831 -0.9784634113311768 
v 2.2058663368225098 0.7996976375579834 -0.9752276539802551 
v 2.1681084632873535 0.7996975779533386 -0.9777060747146606 
v 2.2055392265319824 0.8020835518836975 -0.9733740091323853 
v 2.168243408203125 0.8020835518836975 -0.9757729172706604 
v 2.1312761306762695 0.8020835518836975 -0.9708576798439026 
v 2.130847454071045 0.7996975779533386 -0.9727457761764526 
v 2.0950896739959717 0.7996975779533386 -0.9606514573097229 
v 2.094834327697754 0.7969139814376831 -0.9613638520240784 
v 2.062554121017456 0.7996975779533386 -0.941987156867981 
v 2.062173843383789 0.7969139814376831 -0.9425300359725952 
v 2.0337414741516113 0.7969139814376831 -0.9174307584762573 
v 2.0342469215393066 0.7996975779533386 -0.9170573949813843 
v 2.0636954307556152 0.8020835518836975 -0.940358579158783 
v 2.0356385707855225 0.8020835518836975 -0.9157677292823792 
v 2.0129799842834473 0.8020835518836975 -0.8861428499221802 
v 2.011337995529175 0.7996975779533386 -0.8870934844017029 
v 2.0106637477874756 0.7969139814376831 -0.8875913619995117 
v 1.9939039945602417 0.7969139218330383 -0.8536103367805481 
v 1.9945347309112549 0.7996975779533386 -0.8534064292907715 
v 1.996427059173584 0.8020835518836975 -0.8527947068214417 
v 2.130592107772827 0.7969139814376831 -0.9734581708908081 
v 2.095937490463257 0.8020835518836975 -0.9589778780937195 
v 1.98488187789917 0.7996975779533386 -0.8170580267906189 
v 1.9841258525848389 0.7969139218330383 -0.8170924186706543 
v 1.9693344831466675 0.8136156797409058 -0.8196344971656799 
v 1.970427393913269 0.8108320236206055 -0.8193511962890625 
v 1.979896903038025 0.8136156797409058 -0.8589779734611511 
v 1.9808646440505981 0.8108320832252502 -0.8585251569747925 
v 1.9989145994186401 0.8108320832252502 -0.8949583768844604 
v 1.9979467391967773 0.8136156797409058 -0.8954111933708191 
v 2.022733211517334 0.8136156797409058 -0.9279173016548157 
v 2.0236191749572754 0.8108320832252502 -0.9270010590553284 
v 2.0540590286254883 0.8108320832252502 -0.9537607431411743 
v 2.054608106613159 0.804071843624115 -0.953093409538269 
v 2.089064359664917 0.8108320832252502 -0.9740059971809387 
v 2.0887656211853027 0.8136156797409058 -0.9750123023986816 
v 2.053466796875 0.8136156797409058 -0.954721987247467 
v 1.9713518619537354 0.804071843624115 -0.8191922903060913 
v 1.9817891120910645 0.804071843624115 -0.8583663105964661 
v 1.9725700616836548 0.8020835518836975 -0.8190784454345703 
v 1.982925534248352 0.8020835518836975 -0.8577889800071716 
v 2.0008935928344727 0.8020835518836975 -0.8937587738037109 
v 1.9995887279510498 0.804071843624115 -0.8944605588912964 
v 2.0242934226989746 0.804071843624115 -0.9265031814575195 
v 2.0553689002990723 0.8020835518836975 -0.9520076513290405 
v 2.0894882678985596 0.804071843624115 -0.973169207572937 
v 2.0901238918304443 0.8020835518836975 -0.9719139933586121 
v 2.128019332885742 0.8020835518836975 -0.984786868095398 
v 2.025179386138916 0.8020835518836975 -0.9255869388580322 
v 2.1276772022247314 0.804071843624115 -0.9860870838165283 
v 2.1677498817443848 0.804071843624115 -0.9913280606269836 
v 2.1677982807159424 0.8020835518836975 -0.9899827837944031 
v 2.207824230194092 0.8020835518836975 -0.9874011874198914 
v 2.2080695629119873 0.8040719032287598 -0.9887914657592773 
v 2.1677451133728027 0.8108320832252502 -0.992379367351532 
v 2.208233118057251 0.8108320832252502 -0.9897183179855347 
v 2.1677401065826416 0.8136157393455505 -0.9934306740760803 
v 2.2083966732025146 0.8136157393455505 -0.990645170211792 
v 2.127547025680542 0.8108320832252502 -0.9869689345359802 
v 2.127373456954956 0.8136157393455505 -0.9881446957588196 
v 2.343488931655884 0.8136157393455505 -0.9065969586372375 
v 2.316429853439331 0.8136157393455505 -0.9373177886009216 
v 2.3425259590148926 0.8108320832252502 -0.9059984683990479 
v 2.3158040046691895 0.8108320832252502 -0.9364703893661499 
v 2.3418569564819336 0.8040719032287598 -0.9054449796676636 
v 2.362720012664795 0.8108320832252502 -0.8709187507629395 
v 2.363851308822632 0.8136157393455505 -0.8713927865028381 
v 2.3757498264312744 0.8108320832252502 -0.8324863910675049 
v 2.376756191253662 0.8136157393455505 -0.8327909111976624 
v 2.3821115493774414 0.8136156797409058 -0.7924306988716125 
v 2.3810620307922363 0.8108320832252502 -0.7924200892448425 
v 2.3784828186035156 0.8108320832252502 -0.7518956661224365 
v 2.3775582313537598 0.804071843624115 -0.7520545125007629 
v 2.380180835723877 0.804071843624115 -0.7922850251197815 
v 2.376171588897705 0.8020835518836975 -0.752292811870575 
v 2.3788375854492188 0.8020835518836975 -0.792229413986206 
v 2.3735687732696533 0.8020835518836975 -0.8320017457008362 
v 2.374868869781494 0.804071843624115 -0.8323513269424438 
v 2.361882209777832 0.804071843624115 -0.8704897165298462 
v 2.3794071674346924 0.8136156797409058 -0.7517367601394653 
v 2.360750913619995 0.8020835518836975 -0.8700156807899475 
v 2.340768814086914 0.8020835518836975 -0.9046770334243774 
v 2.3151347637176514 0.8040719032287598 -0.9359169006347656 
v 2.283276319503784 0.8040719032287598 -0.9604913592338562 
v 2.2836084365844727 0.8108320832252502 -0.9612937569618225 
v 2.2842342853546143 0.8136157393455505 -0.962141215801239 
v 2.247788190841675 0.8136157393455505 -0.9801508784294128 
v 2.247330904006958 0.8108320832252502 -0.9791790246963501 
v 2.2469987869262695 0.8040719032287598 -0.9783766269683838 
v 2.282400131225586 0.8020835518836975 -0.9593049883842468 
v 2.246584892272949 0.8020835518836975 -0.9771108031272888 
v 2.207824230194092 0.8020835518836975 -0.9874011874198914 
v 2.2080695629119873 0.8040719032287598 -0.9887914657592773 
v 2.208233118057251 0.8108320832252502 -0.9897183179855347 
v 2.2083966732025146 0.8136157393455505 -0.990645170211792 
v 2.3143839836120605 0.8020835518836975 -0.9349000453948975 
v 2.2614877223968506 0.8136156797409058 -0.5962901711463928 
v 2.2610206604003906 0.8108320236206055 -0.5974209308624268 
v 2.2316908836364746 0.8108320236206055 -0.5845083594322205 
v 2.2313921451568604 0.804071843624115 -0.5855146646499634 
v 2.2132363319396973 0.804071843624115 -0.5803267955780029 
v 2.2128942012786865 0.8020834922790527 -0.5816270709037781 
v 2.2955687046051025 0.8136156797409058 -0.6166943311691284 
v 2.231989622116089 0.8136156797409058 -0.5835020542144775 
v 2.2133665084838867 0.8108320236206055 -0.5794450044631958 
v 2.2018256187438965 0.8108320236206055 -0.578277051448822 
v 2.2018206119537354 0.804071843624115 -0.5793283581733704 
v 2.2014784812927246 0.8020834922790527 -0.5806286334991455 
v 2.1617279052734375 0.8036741614341736 -0.5782926678657532 
v 2.1615543365478516 0.8020834922790527 -0.5794684290885925 
v 2.1407203674316406 0.8020834922790527 -0.5812345743179321 
v 2.1403067111968994 0.8040717840194702 -0.5799687504768372 
v 2.1617329120635986 0.8112297058105469 -0.5772413611412048 
v 2.1617379188537598 0.8136156797409058 -0.5761900544166565 
v 2.201955795288086 0.8136156797409058 -0.5773952603340149 
v 2.2135400772094727 0.8136156797409058 -0.5782691836357117 
v 2.1401429176330566 0.8108320236206055 -0.5790418982505798 
v 2.1401479244232178 0.8136156797409058 -0.5779905915260315 
v 2.2310500144958496 0.8020834922790527 -0.5868148803710938 
v 2.260596752166748 0.804071843624115 -0.5982577204704285 
v 2.260129690170288 0.8020834922790527 -0.5993884801864624 
v 2.2942588329315186 0.804071843624115 -0.6184473633766174 
v 2.293541193008423 0.8020835518836975 -0.6192391514778137 
v 2.294851064682007 0.8108320236206055 -0.6174861192703247 
v 2.3261337280273438 0.8136156797409058 -0.6436234712600708 
v 2.3252909183502197 0.8108320832252502 -0.6442457437515259 
v 2.324573516845703 0.804071843624115 -0.6450375318527222 
v 2.3235621452331543 0.8020835518836975 -0.645784318447113 
v 2.348141670227051 0.8020835518836975 -0.6776574850082397 
v 2.3491528034210205 0.804071843624115 -0.6769107580184937 
v 2.3499956130981445 0.8108320832252502 -0.6762884259223938 
v 2.3509633541107178 0.8136156797409058 -0.6758356094360352 
v 2.368844747543335 0.8136156797409058 -0.7123932838439941 
v 2.3678770065307617 0.8108320832252502 -0.7128461003303528 
v 2.367077589035034 0.804071843624115 -0.7131744623184204 
v 2.365816116333008 0.8020835518836975 -0.7135822772979736 
v 2.376171588897705 0.8020835518836975 -0.752292811870575 
v 2.3775582313537598 0.804071843624115 -0.7520545125007629 
v 2.3784828186035156 0.8108320832252502 -0.7518956661224365 
v 2.3794071674346924 0.8136156797409058 -0.7517367601394653 
v 1.97240149974823 0.8000952005386353 -0.8192028999328613 
v 1.9827569723129272 0.80009526014328 -0.8579134345054626 
v 1.973956823348999 0.7965162992477417 -0.8188401460647583 
v 1.9843556880950928 0.7965162992477417 -0.8572567105293274 
v 2.0019049644470215 0.7965162992477417 -0.8930120468139648 
v 2.0004312992095947 0.80009526014328 -0.8938382267951965 
v 2.025010824203491 0.80009526014328 -0.9257113933563232 
v 2.0262339115142822 0.7965162992477417 -0.9245462417602539 
v 2.0561299324035645 0.7965162992477417 -0.9509219527244568 
v 2.0552003383636475 0.80009526014328 -0.9521321058273315 
v 2.089911937713623 0.80009526014328 -0.9723323583602905 
v 2.0905911922454834 0.7965162992477417 -0.9707832336425781 
v 2.128361225128174 0.7965162992477417 -0.9834866523742676 
v 2.1279759407043457 0.80009526014328 -0.9850807785987854 
v 2.167754888534546 0.80009526014328 -0.9902767539024353 
v 2.1678466796875 0.7965162992477417 -0.9886375665664673 
v 2.2075788974761963 0.7965163588523865 -0.9860109090805054 
v 2.2077808380126953 0.80009526014328 -0.9876951575279236 
v 2.2077808380126953 0.80009526014328 -0.9876951575279236 
v 2.2467100620269775 0.80009526014328 -0.97728031873703 
v 2.2075788974761963 0.7965163588523865 -0.9860109090805054 
v 2.2460458278656006 0.7965163588523865 -0.9756755232810974 
v 2.281817674636841 0.7965163588523865 -0.9581636786460876 
v 2.2826504707336426 0.80009526014328 -0.9596439599990845 
v 2.314509153366089 0.80009526014328 -0.9350695013999939 
v 2.3133392333984375 0.7965163588523865 -0.9338381290435791 
v 2.3396809101104736 0.7965163588523865 -0.9039090871810913 
v 2.3408939838409424 0.80009526014328 -0.9048464894294739 
v 2.361044406890869 0.80009526014328 -0.8700607419013977 
v 2.359494209289551 0.7965162992477417 -0.8693721890449524 
v 2.3722689151763916 0.7965162992477417 -0.8316522240638733 
v 2.3738625049591064 0.80009526014328 -0.8320468068122864 
v 2.379131317138672 0.80009526014328 -0.7922744750976562 
v 2.3774943351745605 0.7965162992477417 -0.7921738028526306 
v 2.3747849464416504 0.7965162992477417 -0.7525311708450317 
v 2.376465320587158 0.80009526014328 -0.7523378729820251 
v 2.2077808380126953 0.80009526014328 -0.9876951575279236 
v 2.2467100620269775 0.80009526014328 -0.97728031873703 
v 2.207824230194092 0.8020835518836975 -0.9874011874198914 
v 2.246584892272949 0.8020835518836975 -0.9771108031272888 
v 2.282400131225586 0.8020835518836975 -0.9593049883842468 
v 2.2826504707336426 0.80009526014328 -0.9596439599990845 
v 2.314509153366089 0.80009526014328 -0.9350695013999939 
v 2.3143839836120605 0.8020835518836975 -0.9349000453948975 
v 2.340768814086914 0.8020835518836975 -0.9046770334243774 
v 2.3408939838409424 0.80009526014328 -0.9048464894294739 
v 2.361044406890869 0.80009526014328 -0.8700607419013977 
v 2.360750913619995 0.8020835518836975 -0.8700156807899475 
v 2.3735687732696533 0.8020835518836975 -0.8320017457008362 
v 2.3738625049591064 0.80009526014328 -0.8320468068122864 
v 2.379131317138672 0.80009526014328 -0.7922744750976562 
v 2.3788375854492188 0.8020835518836975 -0.792229413986206 
v 2.376171588897705 0.8020835518836975 -0.752292811870575 
v 2.376465320587158 0.80009526014328 -0.7523378729820251 
v 2.376465320587158 0.80009526014328 -0.7523378729820251 
v 2.3659846782684326 0.80009526014328 -0.7134578227996826 
v 2.376171588897705 0.8020835518836975 -0.752292811870575 
v 2.365816116333008 0.8020835518836975 -0.7135822772979736 
v 2.348141670227051 0.8020835518836975 -0.6776574850082397 
v 2.3483102321624756 0.80009526014328 -0.6775330305099487 
v 2.323899269104004 0.80009526014328 -0.645535409450531 
v 2.3235621452331543 0.8020835518836975 -0.645784318447113 
v 2.293541193008423 0.8020835518836975 -0.6192391514778137 
v 2.2937097549438477 0.8000952005386353 -0.6191146969795227 
v 2.260129690170288 0.8020834922790527 -0.5993884801864624 
v 2.2601728439331055 0.8000952005386353 -0.5990945100784302 
v 2.2310500144958496 0.8020834922790527 -0.5868148803710938 
v 2.231093406677246 0.8000952005386353 -0.5865209698677063 
v 2.2128942012786865 0.8020834922790527 -0.5816270709037781 
v 2.212937593460083 0.8000952005386353 -0.5813331007957458 
v 2.201521873474121 0.8000952005386353 -0.5803346633911133 
v 2.2014784812927246 0.8020834922790527 -0.5806286334991455 
v 2.161891460418701 0.8000952005386353 -0.5792195200920105 
v 2.1615543365478516 0.8020834922790527 -0.5794684290885925 
v 2.1407203674316406 0.8020834922790527 -0.5812345743179321 
v 2.1405951976776123 0.8000952005386353 -0.5810650587081909 
v 2.1405951976776123 0.8000952005386353 -0.5810650587081909 
v 2.120964527130127 0.8000952005386353 -0.5858713388442993 
v 2.1407203674316406 0.8020834922790527 -0.5812345743179321 
v 2.1210896968841553 0.8020834922790527 -0.5860407948493958 
v 2.1017861366271973 0.8000952005386353 -0.592700719833374 
v 2.101742744445801 0.8020834922790527 -0.5929946303367615 
v 2.0828964710235596 0.8020834922790527 -0.6006264686584473 
v 2.082646131515503 0.8000952005386353 -0.6002874970436096 
v 2.06488299369812 0.8020834922790527 -0.6097385287284851 
v 2.064757823944092 0.8000952005386353 -0.6095690727233887 
v 2.0485782623291016 0.8000952005386353 -0.6215173602104187 
v 2.04870343208313 0.8020834922790527 -0.6216868162155151 
v 2.0334815979003906 0.8000952005386353 -0.6352849006652832 
v 2.033606767654419 0.8020834922790527 -0.6354543566703796 
v 2.019054412841797 0.8020834922790527 -0.649605929851532 
v 2.0187606811523438 0.8000952005386353 -0.6495608687400818 
v 2.005965232849121 0.8020834922790527 -0.6650338768959045 
v 2.0058400630950928 0.8000952005386353 -0.6648643612861633 
v 1.9947103261947632 0.8000952005386353 -0.6832979917526245 
v 1.9950473308563232 0.8020834922790527 -0.6830490827560425 
v 1.9784162044525146 0.8020834922790527 -0.7194263935089111 
v 1.9781224727630615 0.8000952005386353 -0.7193813920021057 
v 1.9742931127548218 0.8020834922790527 -0.7300665974617004 
v 1.9739993810653687 0.8000952005386353 -0.730021595954895 
v 1.9708043336868286 0.8000952005386353 -0.7486194372177124 
v 1.9709728956222534 0.8020834922790527 -0.7484949827194214 
v 1.9691431522369385 0.8000952005386353 -0.7802276015281677 
v 1.969436764717102 0.8020834922790527 -0.7802726030349731 
v 1.97240149974823 0.8000952005386353 -0.8192028999328613 
v 1.9725700616836548 0.8020835518836975 -0.8190784454345703 
v 1.97240149974823 0.8000952005386353 -0.8192028999328613 
v 1.9725700616836548 0.8020835518836975 -0.8190784454345703 
v 1.9827569723129272 0.80009526014328 -0.8579134345054626 
v 1.982925534248352 0.8020835518836975 -0.8577889800071716 
v 2.0008935928344727 0.8020835518836975 -0.8937587738037109 
v 2.0004312992095947 0.80009526014328 -0.8938382267951965 
v 2.025010824203491 0.80009526014328 -0.9257113933563232 
v 2.025179386138916 0.8020835518836975 -0.9255869388580322 
v 2.0553689002990723 0.8020835518836975 -0.9520076513290405 
v 2.0552003383636475 0.80009526014328 -0.9521321058273315 
v 2.089911937713623 0.80009526014328 -0.9723323583602905 
v 2.0901238918304443 0.8020835518836975 -0.9719139933586121 
v 2.128019332885742 0.8020835518836975 -0.984786868095398 
v 2.1279759407043457 0.80009526014328 -0.9850807785987854 
v 2.167754888534546 0.80009526014328 -0.9902767539024353 
v 2.1677982807159424 0.8020835518836975 -0.9899827837944031 
v 2.207824230194092 0.8020835518836975 -0.9874011874198914 
v 2.2077808380126953 0.80009526014328 -0.9876951575279236 
v 2.3646156787872314 0.7969139814376831 -0.754278838634491 
v 2.367166519165039 0.7969139814376831 -0.7919433116912842 
v 2.3640284538269043 0.7996975779533386 -0.7541888356208801 
v 2.366410732269287 0.7996975779533386 -0.7919777631759644 
v 2.362010955810547 0.8020835518836975 -0.7546310424804688 
v 2.3644800186157227 0.8020835518836975 -0.7918320894241333 
v 2.3597700595855713 0.8020835518836975 -0.8288344740867615 
v 2.3616573810577393 0.7996975779533386 -0.8292741179466248 
v 2.349480152130127 0.7996975779533386 -0.864981472492218 
v 2.3501927852630615 0.7969139814376831 -0.8652410507202148 
v 2.3305578231811523 0.7996976375579834 -0.8975508213043213 
v 2.331101655960083 0.7969139814376831 -0.8979347944259644 
v 2.3063204288482666 0.7969139814376831 -0.9264497756958008 
v 2.3058197498321533 0.7996976375579834 -0.9257718324661255 
v 2.329219341278076 0.8020835518836975 -0.8964438438415527 
v 2.3045248985290527 0.8020835518836975 -0.9243709444999695 
v 2.2750258445739746 0.8020835518836975 -0.9472029805183411 
v 2.2759835720062256 0.7996976375579834 -0.9488527774810791 
v 2.2763590812683105 0.7969139814376831 -0.9493612051010132 
v 2.242354393005371 0.7969139814376831 -0.9660918712615967 
v 2.242147445678711 0.7996976375579834 -0.9654589891433716 
v 2.2415266036987305 0.8020835518836975 -0.9635602831840515 
v 2.2055392265319824 0.8020835518836975 -0.9733740091323853 
v 2.2058663368225098 0.7996976375579834 -0.9752276539802551 
v 2.205904960632324 0.7969139814376831 -0.975985050201416 
v 2.3622448444366455 0.7969139814376831 -0.8293641209602356 
v 2.3478047847747803 0.8020835518836975 -0.8641234636306763 
v 2.142596483230591 0.7969139218330383 -0.5929446220397949 
v 2.142634868621826 0.7996975183486938 -0.5937020182609558 
v 2.1241838932037354 0.7969139218330383 -0.5976369976997375 
v 2.1243908405303955 0.7996975183486938 -0.5982699394226074 
v 2.1429619789123535 0.8020834922790527 -0.5955557227134705 
v 2.318399667739868 0.8016859292984009 -0.8405283689498901 
v 2.3124845027923584 0.8016859292984009 -0.8572062849998474 
v 2.3026645183563232 0.8016859292984009 -0.8738868236541748 
v 2.2930514812469482 0.803276538848877 -0.8912003040313721 
v 2.2897822856903076 0.8016859292984009 -0.8899477124214172 
v 2.2766449451446533 0.803276538848877 -0.9067208766937256 
v 2.274261951446533 0.8016859292984009 -0.9045520424842834 
v 2.258024215698242 0.803276538848877 -0.9199482202529907 
v 2.2564404010772705 0.8016859292984009 -0.9174509644508362 
v 2.237203598022461 0.8016859292984009 -0.9277282953262329 
v 2.2379446029663086 0.803276538848877 -0.9308477640151978 
v 2.2170140743255615 0.8016859292984009 -0.9353044629096985 
v 2.2166621685028076 0.803276538848877 -0.9387072920799255 
v 2.1968393325805664 0.8016859292984009 -0.9397266507148743 
v 2.1777291297912598 0.8016859292984009 -0.9410055875778198 
v 2.160020589828491 0.8016858696937561 -0.9388922452926636 
v 2.1447200775146484 0.8016858696937561 -0.9336912035942078 
v 2.157799243927002 0.8004929423332214 -0.9203658699989319 
v 2.169074773788452 0.8004929423332214 -0.9243487119674683 
v 2.182546377182007 0.8004929423332214 -0.9256623387336731 
v 2.1987195014953613 0.8004929423332214 -0.923933207988739 
v 2.216289520263672 0.8004929423332214 -0.9198631644248962 
v 2.233156681060791 0.8004929423332214 -0.91343092918396 
v 2.2492778301239014 0.8004929423332214 -0.9049305319786072 
v 2.26389741897583 0.8004929423332214 -0.8943963646888733 
v 2.277139902114868 0.8004929423332214 -0.8819978833198547 
v 2.2885003089904785 0.8004929423332214 -0.8681085109710693 
v 2.2971303462982178 0.8004929423332214 -0.8544017672538757 
v 2.3020193576812744 0.8004929423332214 -0.8416245579719543 
v 2.303335666656494 0.8004929423332214 -0.8296523690223694 
v 2.3204917907714844 0.8016858696937561 -0.8243165016174316 
v 2.3013346195220947 0.8004929423332214 -0.8177728056907654 
v 2.142596483230591 0.7969139218330383 -0.5929446220397949 
v 2.142634868621826 0.7996975183486938 -0.5937020182609558 
v 2.1625442504882812 0.7996975183486938 -0.5920947790145874 
v 2.198765516281128 0.8020834922790527 -0.5949417948722839 
v 2.1624090671539307 0.8020834922790527 -0.5940278768539429 
v 1.9818637371063232 0.7996975779533386 -0.7805242538452148 
v 1.98488187789917 0.7996975779533386 -0.8170580267906189 
v 1.9837944507598877 0.8020834922790527 -0.7806699275970459 
v 1.9867308139801025 0.8020835518836975 -0.8167402744293213 
v 1.9945347309112549 0.7996975779533386 -0.8534064292907715 
v 1.996427059173584 0.8020835518836975 -0.8527947068214417 
v 2.142634868621826 0.7996975183486938 -0.5937020182609558 
v 2.1625442504882812 0.7996975183486938 -0.5920947790145874 
v 2.1429619789123535 0.8020834922790527 -0.5955557227134705 
v 2.1624090671539307 0.8020834922790527 -0.5940278768539429 
v 2.1361794471740723 0.799299955368042 -0.8664019107818604 
v 2.1348581314086914 0.799299955368042 -0.8794254660606384 
v 2.134542465209961 0.8004928827285767 -0.8663012981414795 
v 2.133302927017212 0.8004928827285767 -0.8797882199287415 
v 2.136603832244873 0.799299955368042 -0.8920173645019531 
v 2.135173797607422 0.8004928827285767 -0.8925496339797974 
v 2.1401169300079346 0.8004928827285767 -0.9038280844688416 
v 2.1415469646453857 0.799299955368042 -0.9032958149909973 
v 2.1478817462921143 0.8004929423332214 -0.9132846593856812 
v 2.149355173110962 0.799299955368042 -0.9124584197998047 
v 2.1478817462921143 0.8004929423332214 -0.9132846593856812 
v 2.149355173110962 0.799299955368042 -0.9124584197998047 
v 2.157799243927002 0.8004929423332214 -0.9203658699989319 
v 2.1589789390563965 0.799299955368042 -0.91949462890625 
v 2.169074773788452 0.8004929423332214 -0.9243487119674683 
v 2.1699607372283936 0.799299955368042 -0.923432469367981 
v 2.182546377182007 0.8004929423332214 -0.9256623387336731 
v 2.183013677597046 0.799299955368042 -0.9245315790176392 
v 2.1987195014953613 0.8004929423332214 -0.923933207988739 
v 2.1990182399749756 0.799299955368042 -0.9229269027709961 
v 2.3020308017730713 0.799299955368042 -0.8303540945053101 
v 2.3020193576812744 0.8004929423332214 -0.8416245579719543 
v 2.300757884979248 0.799299955368042 -0.8420323729515076 
v 2.2971303462982178 0.8004929423332214 -0.8544017672538757 
v 2.2959556579589844 0.799299955368042 -0.8542217016220093 
v 2.2885003089904785 0.8004929423332214 -0.8681085109710693 
v 2.287493944168091 0.799299955368042 -0.8678039312362671 
v 2.277139902114868 0.8004929423332214 -0.8819978833198547 
v 2.276177167892456 0.799299955368042 -0.881399393081665 
v 2.26389741897583 0.8004929423332214 -0.8943963646888733 
v 2.2631030082702637 0.799299955368042 -0.8936734199523926 
v 2.2492778301239014 0.8004929423332214 -0.9049305319786072 
v 2.248652219772339 0.799299955368042 -0.9040831327438354 
v 2.2329931259155273 0.799299955368042 -0.9125040769577026 
v 2.233156681060791 0.8004929423332214 -0.91343092918396 
v 2.216294288635254 0.799299955368042 -0.9188118577003479 
v 2.216289520263672 0.8004929423332214 -0.9198631644248962 
v 2.1990182399749756 0.799299955368042 -0.9229269027709961 
v 2.1987195014953613 0.8004929423332214 -0.923933207988739 
v 2.303335666656494 0.8004929423332214 -0.8296523690223694 
v 2.2527923583984375 0.8004928827285767 -0.7834287285804749 
v 2.2426230907440186 0.8004928827285767 -0.7851763963699341 
v 2.252281665802002 0.7992998957633972 -0.7848533987998962 
v 2.242112636566162 0.7992998957633972 -0.7866010665893555 
v 2.252281665802002 0.7992998957633972 -0.7848533987998962 
v 2.2644917964935303 0.799299955368042 -0.7865747809410095 
v 2.2527923583984375 0.8004928827285767 -0.7834287285804749 
v 2.2650022506713867 0.8004928827285767 -0.7851501107215881 
v 2.2768988609313965 0.799299955368042 -0.7910317182540894 
v 2.2778282165527344 0.8004928827285767 -0.7898215055465698 
v 2.2874035835266113 0.799299955368042 -0.7982029318809509 
v 2.2884581089019775 0.8004928827285767 -0.7971622347831726 
v 2.2884581089019775 0.8004928827285767 -0.7971622347831726 
v 2.296391487121582 0.8004928827285767 -0.8064942955970764 
v 2.2874035835266113 0.799299955368042 -0.7982029318809509 
v 2.295168399810791 0.799299955368042 -0.8076595067977905 
v 2.3013346195220947 0.8004929423332214 -0.8177728056907654 
v 2.3001549243927 0.799299955368042 -0.8186439871788025 
v 2.303335666656494 0.8004929423332214 -0.8296523690223694 
v 2.3020308017730713 0.799299955368042 -0.8303540945053101 
v 2.1671526432037354 0.8004928827285767 -0.807123601436615 
v 2.170593738555908 0.8004928827285767 -0.8163682818412781 
v 2.1679368019104004 0.8028788566589355 -0.8099491596221924 
v 2.17046856880188 0.8028788566589355 -0.8161987662315369 
v 2.176966905593872 0.8028788566589355 -0.827114462852478 
v 2.176966905593872 0.8004928827285767 -0.827114462852478 
v 2.1858131885528564 0.8028788566589355 -0.7854858040809631 
v 2.1905558109283447 0.8028788566589355 -0.7859121561050415 
v 2.1847636699676514 0.8004928827285767 -0.7854751944541931 
v 2.1905558109283447 0.8004928827285767 -0.7859121561050415 
v 2.1949563026428223 0.8028788566589355 -0.787638783454895 
v 2.1949563026428223 0.8004928827285767 -0.787638783454895 
v 2.1990580558776855 0.8028788566589355 -0.7903717160224915 
v 2.1990580558776855 0.8004928827285767 -0.7903717160224915 
v 2.2038190364837646 0.8028788566589355 -0.7957606911659241 
v 2.2036938667297363 0.8004928827285767 -0.7955912351608276 
v 2.210529327392578 0.8004928827285767 -0.806257963180542 
v 2.210529327392578 0.8028788566589355 -0.806257963180542 
v 2.1838626861572266 0.8008905649185181 -0.7895453572273254 
v 2.1793220043182373 0.8008905649185181 -0.7908031940460205 
v 2.18381929397583 0.8036741614341736 -0.7898393273353577 
v 2.1789848804473877 0.8036741614341736 -0.7910521030426025 
v 2.1752772331237793 0.8008905649185181 -0.7937902808189392 
v 2.175233840942383 0.8036741614341736 -0.7940841913223267 
v 2.1728641986846924 0.8008905649185181 -0.7979292869567871 
v 2.172945976257324 0.8036741614341736 -0.7983927130699158 
v 2.172001600265503 0.8008905649185181 -0.8027568459510803 
v 2.1722519397735596 0.8036741614341736 -0.803095817565918 
v 2.172001600265503 0.8008905649185181 -0.8027568459510803 
v 2.1722519397735596 0.8036741614341736 -0.803095817565918 
v 2.1732382774353027 0.8008905649185181 -0.8076056241989136 
v 2.173657178878784 0.8036741614341736 -0.8078200817108154 
v 2.176116943359375 0.8008905649185181 -0.8115036487579346 
v 2.1767044067382812 0.8036741614341736 -0.8115937113761902 
v 2.180555820465088 0.8008905649185181 -0.813987672328949 
v 2.181018114089966 0.8036741614341736 -0.8139082193374634 
v 2.1852550506591797 0.8008905649185181 -0.8147079944610596 
v 2.1855921745300293 0.8036741614341736 -0.8144590854644775 
v 2.1123244762420654 0.804071843624115 -0.6637529730796814 
v 2.1021788120269775 0.804071843624115 -0.6694119572639465 
v 2.1021788120269775 0.8012881875038147 -0.6694119572639465 
v 2.0924904346466064 0.8012881875038147 -0.6760428547859192 
v 2.0924904346466064 0.804071843624115 -0.6760428547859192 
v 2.0845208168029785 0.8012881875038147 -0.6832377910614014 
v 2.0845208168029785 0.804071843624115 -0.6832377910614014 
v 2.0782699584960938 0.8012881875038147 -0.6909967660903931 
v 2.0782699584960938 0.804071843624115 -0.6909967660903931 
v 2.073988199234009 0.8012881875038147 -0.6996588110923767 
v 2.073988199234009 0.804071843624115 -0.6996588110923767 
v 2.071507215499878 0.8012881875038147 -0.7093483209609985 
v 2.071507215499878 0.804071843624115 -0.7093483209609985 
v 2.0708699226379395 0.804071843624115 -0.7197713851928711 
v 2.0708699226379395 0.8012881875038147 -0.7197713851928711 
v 2.0726258754730225 0.804071843624115 -0.7302606701850891 
v 2.0726258754730225 0.8012881875038147 -0.7302606701850891 
v 2.1123244762420654 0.8012881875038147 -0.6637529730796814 
v 2.122253179550171 0.804071843624115 -0.6595637202262878 
v 2.122253179550171 0.8012881875038147 -0.6595637202262878 
v 2.13187837600708 0.804071843624115 -0.6574320197105408 
v 2.13187837600708 0.8012881875038147 -0.6574320197105408 
v 2.13187837600708 0.8012881875038147 -0.6574320197105408 
v 2.1416187286376953 0.8012881875038147 -0.6575724482536316 
v 2.13187837600708 0.804071843624115 -0.6574320197105408 
v 2.1416187286376953 0.804071843624115 -0.6575724482536316 
v 2.151517629623413 0.8012881875038147 -0.6596910357475281 
v 2.151517629623413 0.804071843624115 -0.6596910357475281 
v 2.160987615585327 0.8012881875038147 -0.6636977195739746 
v 2.160987615585327 0.804071843624115 -0.6636977195739746 
v 2.169691801071167 0.8012881875038147 -0.669841468334198 
v 2.169691801071167 0.804071843624115 -0.669841468334198 
v 2.178049087524414 0.804071843624115 -0.6783367991447449 
v 2.178049087524414 0.8012881875038147 -0.6783367991447449 
v 2.188807725906372 0.804071843624115 -0.6939635276794434 
v 2.188807725906372 0.8012881875038147 -0.6939635276794434 
v 2.218458890914917 0.8012881875038147 -0.7454012036323547 
v 2.218458890914917 0.804071843624115 -0.7454012036323547 
v 2.2271084785461426 0.8012882471084595 -0.7631093263626099 
v 2.2271084785461426 0.804071843624115 -0.7631093263626099 
v 2.2306697368621826 0.8012882471084595 -0.7735748291015625 
v 2.2306697368621826 0.804071843624115 -0.7735748291015625 
v 2.232185125350952 0.8012882471084595 -0.7816225290298462 
v 2.2320215702056885 0.804071843624115 -0.7806956768035889 
v 2.1656179428100586 0.80009526014328 -0.8297333717346191 
v 2.1565518379211426 0.80009526014328 -0.8290951251983643 
v 2.164029359817505 0.804867148399353 -0.8282874822616577 
v 2.1566433906555176 0.804867148399353 -0.8274559378623962 
v 2.151689052581787 0.80009526014328 -0.8274479508399963 
v 2.1520745754241943 0.804867148399353 -0.8258537650108337 
v 2.1476306915283203 0.80009526014328 -0.8244211077690125 
v 2.1481411457061768 0.804867148399353 -0.8229963779449463 
v 2.141623020172119 0.80009526014328 -0.8162859678268433 
v 2.1414260864257812 0.804867148399353 -0.8135504126548767 
v 2.1321792602539062 0.80009526014328 -0.7978548407554626 
v 2.133021831512451 0.804867148399353 -0.7972325086593628 
v 2.129605770111084 0.804867148399353 -0.782731294631958 
v 2.1281421184539795 0.80009526014328 -0.781454861164093 
v 2.170990467071533 0.80009526014328 -0.7414312362670898 
v 2.183046817779541 0.80009526014328 -0.7401231527328491 
v 2.170898675918579 0.804867148399353 -0.7430704832077026 
v 2.1842551231384277 0.804867148399353 -0.7421119213104248 
v 2.1911401748657227 0.80009526014328 -0.7422655820846558 
v 2.1915924549102783 0.804867148399353 -0.7442887425422668 
v 2.2041049003601074 0.80009526014328 -0.7531204223632812 
v 2.2029683589935303 0.804867148399353 -0.7536976933479309 
v 2.214150905609131 0.804867148399353 -0.7684876322746277 
v 2.2163703441619873 0.80009526014328 -0.7697296142578125 
v 2.2195613384246826 0.804867148399353 -0.7786353230476379 
v 2.221029758453369 0.80009526014328 -0.7788604497909546 
v 2.1262121200561523 0.804867148399353 -0.7456891536712646 
v 2.139723539352417 0.804867148399353 -0.7385922074317932 
v 2.1388039588928223 0.8012881875038147 -0.7376998066902161 
v 2.1541693210601807 0.804867148399353 -0.7292338013648987 
v 2.154935359954834 0.8012881875038147 -0.7270967960357666 
v 2.1644985675811768 0.804867148399353 -0.7202964425086975 
v 2.1651391983032227 0.8012881875038147 -0.7179899215698242 
v 2.1704556941986084 0.804867148399353 -0.7124924063682556 
v 2.1699984073638916 0.8012881875038147 -0.7115205526351929 
v 2.173210620880127 0.804867148399353 -0.7070531249046326 
v 2.172541379928589 0.8012881875038147 -0.7064996957778931 
v 2.174410343170166 0.804867148399353 -0.7019766569137573 
v 2.1736977100372314 0.8012881875038147 -0.7017171382904053 
v 2.174098014831543 0.804867148399353 -0.6969690322875977 
v 2.1732988357543945 0.8012881875038147 -0.6972973942756653 
v 2.1241562366485596 0.8012881875038147 -0.7453739643096924 
v 2.113933801651001 0.804867148399353 -0.7495182156562805 
v 2.1116275787353516 0.8012881875038147 -0.7488641142845154 
v 2.176966905593872 0.8028788566589355 -0.827114462852478 
v 2.210529327392578 0.8028788566589355 -0.806257963180542 
v 2.17046856880188 0.8028788566589355 -0.8161987662315369 
v 2.1679368019104004 0.8028788566589355 -0.8099491596221924 
v 2.1671624183654785 0.8028788566589355 -0.8050209879875183 
v 2.167562961578369 0.8028788566589355 -0.8002728819847107 
v 2.1701107025146484 0.8028788566589355 -0.7942007184028625 
v 2.175513982772827 0.8028788566589355 -0.7881153225898743 
v 2.179342031478882 0.8028788566589355 -0.7865979671478271 
v 2.1858131885528564 0.8028788566589355 -0.7854858040809631 
v 2.1905558109283447 0.8028788566589355 -0.7859121561050415 
v 2.1949563026428223 0.8028788566589355 -0.787638783454895 
v 2.1990580558776855 0.8028788566589355 -0.7903717160224915 
v 2.2038190364837646 0.8028788566589355 -0.7957606911659241 
v 2.176966905593872 0.8004928827285767 -0.827114462852478 
v 2.170593738555908 0.8004928827285767 -0.8163682818412781 
v 2.193685531616211 0.8004928827285767 -0.8166014552116394 
v 2.1671526432037354 0.8004928827285767 -0.807123601436615 
v 2.167562961578369 0.8004928827285767 -0.8002728819847107 
v 2.1692631244659424 0.8004928827285767 -0.795874297618866 
v 2.173067569732666 0.8004928827285767 -0.7904456853866577 
v 2.1761882305145264 0.8004928827285767 -0.7876174449920654 
v 2.210529327392578 0.8004928827285767 -0.806257963180542 
v 2.1847636699676514 0.8004928827285767 -0.7854751944541931 
v 2.1905558109283447 0.8004928827285767 -0.7859121561050415 
v 2.1949563026428223 0.8004928827285767 -0.787638783454895 
v 2.1990580558776855 0.8004928827285767 -0.7903717160224915 
v 2.2036938667297363 0.8004928827285767 -0.7955912351608276 
v 2.173657178878784 0.8036741614341736 -0.8078200817108154 
v 2.1722519397735596 0.8036741614341736 -0.803095817565918 
v 2.1767044067382812 0.8036741614341736 -0.8115937113761902 
v 2.181018114089966 0.8036741614341736 -0.8139082193374634 
v 2.172945976257324 0.8036741614341736 -0.7983927130699158 
v 2.1855921745300293 0.8036741614341736 -0.8144590854644775 
v 2.175233840942383 0.8036741614341736 -0.7940841913223267 
v 2.1912689208984375 0.8036741614341736 -0.8126239776611328 
v 2.1789848804473877 0.8036741614341736 -0.7910521030426025 
v 2.1953623294830322 0.8036741614341736 -0.8082916140556335 
v 2.18381929397583 0.8036741614341736 -0.7898393273353577 
v 2.196937322616577 0.8036741614341736 -0.8037236332893372 
v 2.1886868476867676 0.8036741614341736 -0.7904351949691772 
v 2.196707010269165 0.8036741614341736 -0.7991793751716614 
v 2.192706823348999 0.8036741614341736 -0.792704701423645 
v 2.1951282024383545 0.8036741614341736 -0.7956308722496033 
vn 0.28726720809936523 3.6143224239349365 -0.27313005924224854 
vn 0.28726720809936523 3.6143224239349365 -0.27313005924224854 
vn 0.2768121063709259 3.612555980682373 -0.30539077520370483 
vn 0.25579607486724854 3.612555980682373 -0.3231978416442871 
vn 0.20085394382476807 3.6143224239349365 -0.34173107147216797 
vn 0.20085394382476807 3.6143224239349365 -0.34173107147216797 
vn 0.16131986677646637 3.612555980682373 -0.3792945444583893 
vn 0.16131986677646637 3.612555980682373 -0.3792945444583893 
vn 0.10932541638612747 3.612555980682373 -0.39741218090057373 
vn 0.10932541638612747 3.612555980682373 -0.39741218090057373 
vn 0.05538001284003258 3.612555980682373 -0.40843793749809265 
vn 0.05538001284003258 3.612555980682373 -0.40843793749809265 
vn 0.0004463639634195715 3.612555742263794 -0.41217514872550964 
vn 0.0004463639634195715 3.612555742263794 -0.41217514872550964 
vn -0.027084948495030403 3.612555742263794 -0.41128453612327576 
vn -0.06579786539077759 3.6143224239349365 -0.39088770747184753 
vn -0.09290458261966705 3.6143224239349365 -0.3853457570075989 
vn -0.13478222489356995 3.612555742263794 -0.38951560854911804 
vn -0.13478222489356995 3.612555742263794 -0.38951560854911804 
vn -0.18549704551696777 3.612555742263794 -0.36807548999786377 
vn -0.18549704551696777 3.612555742263794 -0.36807548999786377 
vn -0.2329016774892807 3.612555742263794 -0.3400670289993286 
vn -0.2329016774892807 3.612555742263794 -0.3400670289993286 
vn -0.29597142338752747 3.612555742263794 -0.28686195611953735 
vn -0.29597142338752747 3.612555742263794 -0.28686195611953735 
vn -0.347179651260376 3.612555742263794 -0.2221604287624359 
vn -0.347179651260376 3.612555742263794 -0.2221604287624359 
vn -0.38447412848472595 3.612555742263794 -0.1485554575920105 
vn -0.38447412848472595 3.612555742263794 -0.1485554575920105 
vn -0.4063602089881897 3.612555742263794 -0.068996861577034 
vn -0.4063602089881897 3.612555742263794 -0.068996861577034 
vn -0.41196075081825256 3.612555742263794 0.01332691591233015 
vn -0.41196075081825256 3.612555742263794 0.01332691591233015 
vn -0.4010513424873352 3.612555742263794 0.09511660784482956 
vn -0.4010513424873352 3.612555742263794 0.09511660784482956 
vn -0.3740691542625427 3.612555742263794 0.17309439182281494 
vn -0.3740691542625427 3.612555742263794 0.17309439182281494 
vn -0.33209559321403503 3.612555742263794 0.24413515627384186 
vn -0.33209559321403503 3.612555742263794 0.24413515627384186 
vn -0.27681276202201843 3.612555742263794 0.3053918480873108 
vn -0.27681276202201843 3.612555742263794 0.3053918480873108 
vn -0.21043625473976135 3.612555742263794 0.35440948605537415 
vn -0.21043625473976135 3.612555742263794 0.35440948605537415 
vn -0.1356261819601059 3.612555742263794 0.3892236053943634 
vn -0.1356261819601059 3.612555742263794 0.3892236053943634 
vn -0.0553806833922863 3.612555742263794 0.4084390103816986 
vn -0.0553806833922863 3.612555742263794 0.4084390103816986 
vn 0.02708427794277668 3.612555742263794 0.4112855792045593 
vn 0.02708427794277668 3.612555742263794 0.4112855792045593 
vn 0.08166154474020004 3.612555742263794 0.40400585532188416 
vn 0.08166154474020004 3.612555742263794 0.40400585532188416 
vn 0.16049736738204956 3.612555742263794 0.37964439392089844 
vn 0.16049736738204956 3.612555742263794 0.37964439392089844 
vn 0.23290102183818817 3.612555742263794 0.3400680720806122 
vn 0.23290102183818817 3.612555742263794 0.3400680720806122 
vn 0.29597076773643494 3.612555742263794 0.2868630290031433 
vn 0.29597076773643494 3.612555742263794 0.2868630290031433 
vn 0.34717896580696106 3.612555742263794 0.22216150164604187 
vn 0.34717896580696106 3.612555742263794 0.22216150164604187 
vn 0.3844734728336334 3.612555742263794 0.14855653047561646 
vn 0.3844734728336334 3.612555742263794 0.14855653047561646 
vn 0.4063595235347748 3.612555742263794 0.06899791955947876 
vn 0.4063595235347748 3.612555742263794 0.06899791955947876 
vn 0.41193023324012756 3.612555742263794 0.014219831675291061 
vn 0.41193023324012756 3.612555742263794 0.014219831675291061 
vn 0.41015002131462097 3.612555742263794 -0.04081201180815697 
vn 0.41015002131462097 3.612555742263794 -0.04081201180815697 
vn 0.3818688690662384 3.6143224239349365 -0.10629551112651825 
vn 0.3735238313674927 3.6143224239349365 -0.1326744258403778 
vn 0.3740684986114502 3.612555742263794 -0.17309333384037018 
vn 0.3616717755794525 3.612555742263794 -0.19769184291362762 
vn 0.3616717755794525 3.612555742263794 -0.19769184291362762 
vn 0.3320949077606201 3.612555980682373 -0.2441340982913971 
vn 0.3320949077606201 3.612555980682373 -0.2441340982913971 
vn -0.1048443540930748 -3.6160197257995605 0.3658646047115326 
vn -0.1407136470079422 -3.6143224239349365 0.37057000398635864 
vn -0.11541686207056046 -3.617648124694824 0.34604722261428833 
vn -0.16567423939704895 -3.6143224239349365 0.36010342836380005 
vn -0.16567423939704895 -3.6143224239349365 0.36010342836380005 
vn -0.051709141582250595 -3.6160197257995605 0.37706154584884644 
vn -0.051709141582250595 -3.6160197257995605 0.37706154584884644 
vn 0.002478711074218154 -3.6160197257995605 0.38058263063430786 
vn -0.024678094312548637 -3.6160197257995605 0.3797897696495056 
vn 0.018571577966213226 -3.6143224239349365 0.3959515392780304 
vn 0.029622908681631088 -3.6160197257995605 0.3794361650943756 
vn 0.029622908681631088 -3.6160197257995605 0.3794361650943756 
vn 0.056616123765707016 -3.6160197257995605 0.3763561546802521 
vn 0.056616123765707016 -3.6160197257995605 0.3763561546802521 
vn 0.13532264530658722 -3.6160197257995605 0.3557206690311432 
vn 0.13532264530658722 -3.6160197257995605 0.3557206690311432 
vn 0.18456967175006866 -3.6160197257995605 0.33284157514572144 
vn 0.18456967175006866 -3.6160197257995605 0.33284157514572144 
vn 0.23005938529968262 -3.6160197257995605 0.3031867444515228 
vn 0.23005938529968262 -3.6160197257995605 0.3031867444515228 
vn 0.2708657681941986 -3.6160197257995605 0.2673599421977997 
vn 0.2708657681941986 -3.6160197257995605 0.2673599421977997 
vn 0.32150718569755554 -3.6160197257995605 0.2036733329296112 
vn 0.32150718569755554 -3.6160197257995605 0.2036733329296112 
vn 0.35745373368263245 -3.6160197257995605 0.13067753612995148 
vn 0.35745373368263245 -3.6160197257995605 0.13067753612995148 
vn 0.37706243991851807 -3.6160197257995605 0.05170894414186478 
vn 0.37706243991851807 -3.6160197257995605 0.05170894414186478 
vn 0.3805834949016571 -3.6160197257995605 -0.0024789071176201105 
vn 0.3805834949016571 -3.6160197257995605 -0.0024789071176201105 
vn 0.3713591694831848 -3.6160197257995605 -0.08332103490829468 
vn 0.3713591694831848 -3.6160197257995605 -0.08332103490829468 
vn 0.34516140818595886 -3.6160197257995605 -0.16035491228103638 
vn 0.34516140818595886 -3.6160197257995605 -0.16035491228103638 
vn 0.30318760871887207 -3.6160194873809814 -0.23005957901477814 
vn 0.30318760871887207 -3.6160194873809814 -0.23005957901477814 
vn 0.2673608064651489 -3.6160194873809814 -0.27086594700813293 
vn 0.2673608064651489 -3.6160194873809814 -0.27086594700813293 
vn 0.20367419719696045 -3.6160194873809814 -0.32150739431381226 
vn 0.20367419719696045 -3.6160194873809814 -0.32150739431381226 
vn 0.13067840039730072 -3.6160194873809814 -0.35745394229888916 
vn 0.13067840039730072 -3.6160194873809814 -0.35745394229888916 
vn 0.05170981213450432 -3.6160197257995605 -0.3770626187324524 
vn 0.05170981213450432 -3.6160197257995605 -0.3770626187324524 
vn -0.002478040289133787 -3.6160197257995605 -0.3805837035179138 
vn -0.002478040289133787 -3.6160197257995605 -0.3805837035179138 
vn -0.08332017064094543 -3.6160197257995605 -0.37135937809944153 
vn -0.08332017064094543 -3.6160197257995605 -0.37135937809944153 
vn -0.16035404801368713 -3.6160197257995605 -0.3451615869998932 
vn -0.16035404801368713 -3.6160197257995605 -0.3451615869998932 
vn -0.2300587147474289 -3.6160197257995605 -0.3031878173351288 
vn -0.2300587147474289 -3.6160197257995605 -0.3031878173351288 
vn -0.2708650827407837 -3.6160197257995605 -0.26736098527908325 
vn -0.2708650827407837 -3.6160197257995605 -0.26736098527908325 
vn -0.321506530046463 -3.6160197257995605 -0.20367439091205597 
vn -0.321506530046463 -3.6160197257995605 -0.20367439091205597 
vn -0.3574530780315399 -3.6160197257995605 -0.13067859411239624 
vn -0.3574530780315399 -3.6160197257995605 -0.13067859411239624 
vn -0.37241214513778687 -3.6160197257995605 -0.07847756147384644 
vn -0.37706175446510315 -3.6160197257995605 -0.05171000957489014 
vn -0.3805828392505646 -3.6160197257995605 0.0024778444785624743 
vn -0.3805828392505646 -3.6160197257995605 0.0024778444785624743 
vn -0.37943634390830994 -3.6160197257995605 0.029622042551636696 
vn -0.3763563334941864 -3.6160197257995605 0.056615255773067474 
vn -0.3644683063030243 -3.6160197257995605 0.10960013419389725 
vn -0.3644683063030243 -3.6160197257995605 0.10960013419389725 
vn -0.3557208776473999 -3.6160197257995605 0.13532178103923798 
vn -0.34516072273254395 -3.6160197257995605 0.16035383939743042 
vn -0.33284178376197815 -3.6160197257995605 0.18456880748271942 
vn -0.35577258467674255 -3.6143224239349365 0.1747809648513794 
vn -0.33284178376197815 -3.6160197257995605 0.18456880748271942 
vn -0.30318695306777954 -3.6160197257995605 0.23005850613117218 
vn -0.30318695306777954 -3.6160197257995605 0.23005850613117218 
vn -0.29542407393455505 -3.6143224239349365 0.26428595185279846 
vn -0.29542407393455505 -3.6143224239349365 0.26428595185279846 
vn -0.23262988030910492 -3.617648124694824 0.28098589181900024 
vn -0.27669984102249146 -3.6143224239349365 0.28383034467697144 
vn -0.22609062492847443 -3.6160197257995605 0.3061572313308716 
vn -0.20367352664470673 -3.6160197257995605 0.3215063214302063 
vn -0.20367352664470673 -3.6160197257995605 0.3215063214302063 
vn -2.8793394565582275 -1.5458307266235352 1.5938153266906738 
vn -2.9077413082122803 -1.560195803642273 1.526848316192627 
vn -3.0170600414276123 -1.4735686779022217 1.3951269388198853 
vn -3.026780843734741 -1.4590307474136353 1.3893383741378784 
vn -2.686732769012451 -1.517012596130371 1.9236878156661987 
vn -2.686732769012451 -1.517012596130371 1.9236878156661987 
vn -2.4083566665649414 -1.517012596130371 2.2625045776367188 
vn -2.4083566665649414 -1.517012596130371 2.2625045776367188 
vn -2.252927303314209 -1.517012596130371 2.417318105697632 
vn -2.252927303314209 -1.517012596130371 2.417318105697632 
vn -2.1087567806243896 -1.5170127153396606 2.544062376022339 
vn -2.0875682830810547 -1.5170127153396606 2.5614774227142334 
vn -1.7533248662948608 -1.5170127153396606 2.8008856773376465 
vn -1.7533248662948608 -1.5170127153396606 2.8008856773376465 
vn -1.3670159578323364 -1.5170127153396606 3.0083839893341064 
vn -1.3670159578323364 -1.5170127153396606 3.0083839893341064 
vn -1.1643909215927124 -1.517012596130371 3.092458963394165 
vn -1.1643909215927124 -1.517012596130371 3.092458963394165 
vn -0.9566336274147034 -1.517012596130371 3.1629035472869873 
vn -0.9566336274147034 -1.517012596130371 3.1629035472869873 
vn -0.5294045209884644 -1.517012596130371 3.261723518371582 
vn -0.5294045209884644 -1.517012596130371 3.261723518371582 
vn -0.3892535865306854 2.7521517276763916 2.344052791595459 
vn -0.6735941767692566 2.7932586669921875 2.228097438812256 
vn -0.3892535865306854 2.7521517276763916 2.344052791595459 
vn -0.6735941767692566 2.7932586669921875 2.228097438812256 
vn -0.7818927764892578 2.8235297203063965 2.1533150672912598 
vn -0.9500738978385925 2.656606912612915 2.2935211658477783 
vn -1.0417518615722656 2.7521517276763916 2.1356160640716553 
vn -0.06625765562057495 2.7830615043640137 2.338935613632202 
vn -0.06625765562057495 2.7830615043640137 2.338935613632202 
vn 0.32669922709465027 2.5569546222686768 2.5643110275268555 
vn 0.08636494725942612 2.7932589054107666 2.3260886669158936 
vn 0.5475137829780579 2.720769166946411 2.349060297012329 
vn 0.7937330603599548 2.762507915496826 2.2268764972686768 
vn 0.7937330603599548 2.762507915496826 2.2268764972686768 
vn 1.101755976676941 2.7312824726104736 2.1322925090789795 
vn 1.101755976676941 2.7312824726104736 2.1322925090789795 
vn 1.4056620597839355 2.7312824726104736 1.9454180002212524 
vn 1.4056620597839355 2.7312824726104736 1.9454180002212524 
vn 1.7552603483200073 2.7312827110290527 1.636947751045227 
vn 1.7552603483200073 2.7312827110290527 1.636947751045227 
vn 2.0386242866516113 2.7312827110290527 1.2667075395584106 
vn 2.0386242866516113 2.7312827110290527 1.2667075395584106 
vn 2.245060682296753 2.7312827110290527 0.8486682772636414 
vn 2.245060682296753 2.7312827110290527 0.8486682772636414 
vn 2.3667805194854736 2.731282949447632 0.39860472083091736 
vn 2.3667805194854736 2.731282949447632 0.39860472083091736 
vn 2.3991899490356445 2.731282949447632 -0.06650016456842422 
vn 2.3991899490356445 2.731282949447632 -0.06650016456842422 
vn 2.334857940673828 2.731282949447632 -0.5558534860610962 
vn 2.334857940673828 2.731282949447632 -0.5558534860610962 
vn 2.1833386421203613 2.731282949447632 -0.9967782497406006 
vn 2.1833386421203613 2.731282949447632 -0.9967782497406006 
vn 1.949431300163269 2.731283187866211 -1.400089979171753 
vn 1.949431300163269 2.731283187866211 -1.400089979171753 
vn 1.6419625282287598 2.731283187866211 -1.7505693435668945 
vn 1.6419625282287598 2.731283187866211 -1.7505693435668945 
vn 1.2725344896316528 2.731283187866211 -2.0349912643432617 
vn 1.2725344896316528 2.731283187866211 -2.0349912643432617 
vn 0.8550876975059509 2.731283187866211 -2.2426233291625977 
vn 0.8550876975059509 2.731283187866211 -2.2426233291625977 
vn 0.37827420234680176 2.731283187866211 -2.37011456489563 
vn 0.37827420234680176 2.731283187866211 -2.37011456489563 
vn -0.08709175884723663 2.731282949447632 -2.3985307216644287 
vn -0.08709175884723663 2.731282949447632 -2.3985307216644287 
vn -0.5491713285446167 2.731282949447632 -2.3364386558532715 
vn -0.5491713285446167 2.731282949447632 -2.3364386558532715 
vn -0.9905279278755188 2.731282949447632 -2.1861815452575684 
vn -0.9905279278755188 2.731282949447632 -2.1861815452575684 
vn -1.3945071697235107 2.731282949447632 -1.953429102897644 
vn -1.3945071697235107 2.731282949447632 -1.953429102897644 
vn -1.745864987373352 2.7312827110290527 -1.646964430809021 
vn -1.745864987373352 2.7312827110290527 -1.646964430809021 
vn -2.0313427448272705 2.7312827110290527 -1.2783517837524414 
vn -2.0313427448272705 2.7312827110290527 -1.2783517837524414 
vn -2.2498810291290283 2.7312827110290527 -0.8358065485954285 
vn -2.2498810291290283 2.7312827110290527 -0.8358065485954285 
vn -2.3644611835479736 2.7312824726104736 -0.4121408462524414 
vn -2.3644611835479736 2.7312824726104736 -0.4121408462524414 
vn -2.3999290466308594 2.7312824726104736 -0.029630379751324654 
vn -2.3999290466308594 2.7312824726104736 -0.029630379751324654 
vn -2.349022388458252 2.762507915496826 0.26661786437034607 
vn -2.349022388458252 2.762507915496826 0.26661786437034607 
vn -2.43989634513855 2.5569546222686768 0.8540079593658447 
vn -2.34906005859375 2.720769166946411 0.5475144386291504 
vn -2.1188294887542725 2.7932589054107666 0.9636949300765991 
vn -2.069491386413574 2.7830615043640137 1.091886043548584 
vn -2.069491386413574 2.7830615043640137 1.091886043548584 
vn -1.9070892333984375 2.7728111743927 1.3765794038772583 
vn -1.9070892333984375 2.7728111743927 1.3765794038772583 
vn -1.7808561325073242 2.7521517276763916 1.5731033086776733 
vn -1.765128254890442 2.656606912612915 1.7456238269805908 
vn -1.4908682107925415 2.7932586669921875 1.7875847816467285 
vn -1.5514723062515259 2.8235297203063965 1.6855430603027344 
vn -1.4908682107925415 2.7932586669921875 1.7875847816467285 
vn -1.2497038841247559 2.7728111743927 1.9925360679626465 
vn -1.2497038841247559 2.7728111743927 1.9925360679626465 
vn -1.5514723062515259 2.8235297203063965 1.6855430603027344 
vn -1.7808561325073242 2.7521517276763916 1.5731033086776733 
vn -1.765128254890442 2.656606912612915 1.7456238269805908 
vn -0.03537323698401451 3.6351256370544434 0.07111825048923492 
vn -0.03537323698401451 3.6351256370544434 0.07111825048923492 
vn -0.05756368115544319 3.6351256370544434 0.054731082171201706 
vn -0.05756368115544319 3.6351256370544434 0.054731082171201706 
vn -0.05756368115544319 3.6351256370544434 0.054731082171201706 
vn -0.05756368115544319 3.6351256370544434 0.054731082171201706 
vn -0.05756368115544319 3.6351256370544434 0.054731082171201706 
vn -0.03537323698401451 3.6351256370544434 0.07111825048923492 
vn -0.03537323698401451 3.6351256370544434 0.07111825048923492 
vn -0.03537323698401451 3.6351256370544434 0.07111825048923492 
vn -0.03537323698401451 3.6351256370544434 0.07111825048923492 
vn -0.03537323698401451 3.6351256370544434 0.07111825048923492 
vn -0.008916298858821392 3.6351256370544434 0.07892756909132004 
vn -0.008916298858821392 3.6351256370544434 0.07892756909132004 
vn -0.008916298858821392 3.6351256370544434 0.07892756909132004 
vn -0.008916298858821392 3.6351256370544434 0.07892756909132004 
vn -0.008916298858821392 3.6351256370544434 0.07892756909132004 
vn 0.01861603558063507 3.6351256370544434 0.07721712440252304 
vn -0.008916298858821392 3.6351256370544434 0.07892756909132004 
vn -0.008916298858821392 3.6351256370544434 0.07892756909132004 
vn 0.01861603558063507 3.6351256370544434 0.07721712440252304 
vn 0.01861603558063507 3.6351256370544434 0.07721712440252304 
vn 0.01861603558063507 3.6351256370544434 0.07721712440252304 
vn 0.043902959674596786 3.6351256370544434 0.06619322299957275 
vn 0.043902959674596786 3.6351256370544434 0.06619322299957275 
vn 0.043902959674596786 3.6351256370544434 0.06619322299957275 
vn 0.043902959674596786 3.6351256370544434 0.06619322299957275 
vn 0.06389450281858444 3.6351256370544434 0.0471855029463768 
vn 0.06389450281858444 3.6351256370544434 0.0471855029463768 
vn 0.06389450281858444 3.6351256370544434 0.0471855029463768 
vn 0.06389450281858444 3.6351256370544434 0.0471855029463768 
vn 0.0761793777346611 3.6351256370544434 0.022486580535769463 
vn 0.0761793777346611 3.6351256370544434 0.022486580535769463 
vn 0.0761793777346611 3.6351256370544434 0.022486580535769463 
vn 0.0761793777346611 3.6351256370544434 0.022486580535769463 
vn 0.07927586138248444 3.6351256370544434 -0.004924492444843054 
vn 0.07927586138248444 3.6351256370544434 -0.004924492444843054 
vn 0.07927586138248444 3.6351256370544434 -0.004924492444843054 
vn 0.07927586138248444 3.6351256370544434 -0.004924492444843054 
vn 0.07281046360731125 3.6351256370544434 -0.03174153342843056 
vn 0.07281046360731125 3.6351256370544434 -0.03174153342843056 
vn 0.05756300687789917 3.6351256370544434 -0.05473001301288605 
vn 0.05756300687789917 3.6351256370544434 -0.05473001301288605 
vn 0.05756300687789917 3.6351256370544434 -0.05473001301288605 
vn 0.05756300687789917 3.6351256370544434 -0.05473001301288605 
vn 0.03537256270647049 3.6351256370544434 -0.07111717760562897 
vn 0.03537256270647049 3.6351256370544434 -0.07111717760562897 
vn 0.03537256270647049 3.6351256370544434 -0.07111717760562897 
vn 0.03537256270647049 3.6351256370544434 -0.07111717760562897 
vn 0.00891562458127737 3.6351256370544434 -0.07892650365829468 
vn 0.00891562458127737 3.6351256370544434 -0.07892650365829468 
vn 0.00891562458127737 3.6351256370544434 -0.07892650365829468 
vn 0.00891562458127737 3.6351256370544434 -0.07892650365829468 
vn -0.018616709858179092 3.6351256370544434 -0.07721605896949768 
vn -0.018616709858179092 3.6351256370544434 -0.07721605896949768 
vn -0.04390363395214081 3.6351256370544434 -0.0661921501159668 
vn -0.04390363395214081 3.6351256370544434 -0.0661921501159668 
vn -0.04390363395214081 3.6351256370544434 -0.0661921501159668 
vn -0.04390363395214081 3.6351256370544434 -0.0661921501159668 
vn -0.06389517337083817 3.6351256370544434 -0.04718443378806114 
vn -0.06389517337083817 3.6351256370544434 -0.04718443378806114 
vn -0.06389517337083817 3.6351256370544434 -0.04718443378806114 
vn -0.06389517337083817 3.6351256370544434 -0.04718443378806114 
vn -0.07618005573749542 3.6351256370544434 -0.022485511377453804 
vn -0.07618005573749542 3.6351256370544434 -0.022485511377453804 
vn -0.07618005573749542 3.6351256370544434 -0.022485511377453804 
vn -0.07618005573749542 3.6351256370544434 -0.022485511377453804 
vn -0.07927653193473816 3.6351256370544434 0.004925561137497425 
vn -0.07927653193473816 3.6351256370544434 0.004925561137497425 
vn -0.07927653193473816 3.6351256370544434 0.004925561137497425 
vn -0.07927653193473816 3.6351256370544434 0.004925561137497425 
vn -0.07281113415956497 3.6351256370544434 0.031742602586746216 
vn -0.07281113415956497 3.6351256370544434 0.031742602586746216 
vn -0.07281113415956497 3.6351256370544434 0.031742602586746216 
vn -0.07281113415956497 3.6351256370544434 0.031742602586746216 
vn -0.07281113415956497 3.6351256370544434 0.031742602586746216 
vn -0.07281113415956497 3.6351256370544434 0.031742602586746216 
vn -0.07281113415956497 3.6351256370544434 0.031742602586746216 
vn -0.05756368115544319 3.6351256370544434 0.054731082171201706 
vn -0.05756368115544319 3.6351256370544434 0.054731082171201706 
vn -1.8682940006256104 0.8422383069992065 3.003422260284424 
vn -1.7244746685028076 1.6173540353775024 2.762388229370117 
vn -1.3488949537277222 1.0416866540908813 3.211822748184204 
vn -1.4118598699569702 1.6173540353775024 2.9344935417175293 
vn -1.1258145570755005 1.6031099557876587 3.063170909881592 
vn -1.1193345785140991 2.2097740173339844 2.661658763885498 
vn -0.833091139793396 2.3215837478637695 2.67145037651062 
vn -1.4629831314086914 2.3337886333465576 2.3735098838806152 
vn -2.0515849590301514 1.5888351202011108 2.546966552734375 
vn -2.262253761291504 0.8112965822219849 2.728449821472168 
vn -2.4789481163024902 1.0416866540908813 2.4474759101867676 
vn -2.2186403274536133 1.6031099557876587 2.3933470249176025 
vn -2.4037270545959473 1.631567358970642 2.1864402294158936 
vn -2.032195806503296 2.3215837478637695 1.9237638711929321 
vn -2.2995736598968506 2.2847044467926025 1.646974802017212 
vn -2.6543216705322266 1.5888351202011108 1.9106582403182983 
vn -2.863402843475342 0.8576852083206177 2.0702016353607178 
vn -3.139110565185547 0.8267754316329956 1.637944221496582 
vn -2.886375665664673 1.617354154586792 1.5077919960021973 
vn -2.465735673904419 2.3093347549438477 1.344455361366272 
vn -2.6117029190063477 2.222369432449341 1.208520531654358 
vn -3.004310131072998 1.574530005455017 1.3097374439239502 
vn -2.619936466217041 2.2723236083984375 1.0922073125839233 
vn -2.7246010303497314 2.2847046852111816 0.7596798539161682 
vn -1.9077681303024292 2.2097740173339844 2.167431116104126 
vn -3.304798126220703 1.041686773300171 1.1016496419906616 
vn -3.161001443862915 1.6031100749969482 0.8115074038505554 
vn -3.5191354751586914 0.8112967610359192 0.42180135846138 
vn -3.2546403408050537 1.5745301246643066 0.3854960799217224 
vn -3.532771110534668 0.8576854467391968 -0.0658627301454544 
vn -3.270136594772339 1.58883535861969 -0.047380730509757996 
vn -3.4800477027893066 0.8576855659484863 -0.6116185784339905 
vn -3.2271511554718018 1.5745302438735962 -0.5716515183448792 
vn -2.8199880123138428 2.2723236083984375 0.3234982192516327 
vn -2.8378372192382812 2.2723238468170166 -0.06051674485206604 
vn 0.8559595942497253 3.5117571353912354 0.39413517713546753 
vn 0.8777111768722534 3.519857883453369 0.24631483852863312 
vn 0.09524348378181458 3.6347439289093018 0.0035917775239795446 
vn 0.8024480938911438 3.5460898876190186 0.04208947718143463 
vn 0.9718846082687378 3.4947516918182373 0.25019532442092896 
vn 1.0302456617355347 3.4525949954986572 0.4884956181049347 
vn 0.2818700969219208 3.6234707832336426 0.10703309625387192 
vn 0.7561969757080078 3.535252332687378 0.38807812333106995 
vn 0.8313454389572144 3.515841007232666 0.41009023785591125 
vn 0.23467551171779633 3.6281869411468506 0.04044501483440399 
vn 0.8750925660133362 3.5276899337768555 -0.1003226786851883 
vn 0.7738288044929504 3.5389323234558105 -0.3123992681503296 
vn 0.06138419732451439 3.6354382038116455 -0.016428453847765923 
vn 0.06243348866701126 3.6354382038116455 0.011832277290523052 
vn 0.7954593896865845 3.5389323234558105 0.25228792428970337 
vn 0.9679300785064697 3.4766788482666016 0.4430151581764221 
vn 0.8691281676292419 3.5033881664276123 0.43741828203201294 
vn 0.012714114971458912 3.635854482650757 -0.029118413105607033 
vn -0.17468556761741638 3.6317944526672363 -0.0013564463006332517 
vn -0.0943477526307106 3.6325230598449707 0.12775970995426178 
vn 0.18733622133731842 3.630129337310791 -0.08668620884418488 
vn 0.7286869287490845 3.5315048694610596 -0.46683624386787415 
vn 0.6180841326713562 3.535252571105957 -0.5834463238716125 
vn 0.05756300687789917 3.6351256370544434 -0.05473001301288605 
vn 0.46772587299346924 3.5389323234558105 -0.6911125779151917 
vn 0.618848979473114 3.5117571353912354 -0.7106575965881348 
vn 0.11457323282957077 3.633772373199463 -0.054952673614025116 
vn -0.02542826719582081 3.6354382038116455 0.05823620408773422 
vn -0.17258048057556152 3.6281869411468506 0.1640876978635788 
vn -0.2889009416103363 3.6206977367401123 0.16592933237552643 
vn -0.22030483186244965 3.629192590713501 -0.029570775106549263 
vn -0.11499054729938507 3.6331822872161865 -0.08491726964712143 
vn -0.07618005573749542 3.6351256370544434 -0.022485511377453804 
vn 0.06138419732451439 3.6354382038116455 -0.016428453847765923 
vn 0.9348809123039246 3.499103307723999 0.32050031423568726 
vn 0.8150686025619507 3.5425448417663574 0.0805354118347168 
vn -0.04765874519944191 3.63568115234375 -0.0003696836647577584 
vn -0.015079693868756294 3.63568115234375 0.045211970806121826 
vn 0.7167639136314392 3.5627973079681396 -0.11476923525333405 
vn -0.0934586375951767 3.633772134780884 -0.08609536290168762 
vn -0.03121844306588173 3.635854482650757 -0.005915563087910414 
vn -0.03121844306588173 3.635854482650757 -0.005915563087910414 
vn 0.7102345824241638 3.5659351348876953 0.011027808301150799 
vn -0.04765874519944191 3.63568115234375 -0.0003696836647577584 
vn 0.6746682524681091 3.569004774093628 0.16575954854488373 
vn -0.0511176735162735 3.6354382038116455 -0.03774852305650711 
vn 0.6399822235107422 3.5563180446624756 0.4043184518814087 
vn -0.0511176735162735 3.6354382038116455 -0.03774852305650711 
vn 0.4973284900188446 3.5563178062438965 0.5707147121429443 
vn -0.06737633794546127 3.6347439289093018 -0.0674142837524414 
vn 0.2921008765697479 3.5778043270111084 0.5783085227012634 
vn -0.033538106828927994 3.6342928409576416 -0.10601320117712021 
vn 0.1467926949262619 3.585989475250244 0.5827346444129944 
vn -0.02229883149266243 3.633772373199463 -0.1250983625650406 
vn 0.011640009470283985 3.580601215362549 0.6321458220481873 
vn 0.006721100304275751 3.6331822872161865 -0.1427881419658661 
vn -0.09057637304067612 3.5627970695495605 0.7202220559120178 
vn 0.034448642283678055 3.6331822872161865 -0.13873320817947388 
vn 0.034448642283678055 3.6331822872161865 -0.13873320817947388 
vn 0.06085231900215149 3.6331822872161865 -0.1293468177318573 
vn 0.06085231900215149 3.6331822872161865 -0.1293468177318573 
vn 0.08491747081279755 3.6331822872161865 -0.11498967558145523 
vn 0.08491747081279755 3.6331822872161865 -0.11498967558145523 
vn 0.08491747081279755 3.6331822872161865 -0.11498967558145523 
vn 0.10571927577257156 3.6331822872161865 -0.09621352702379227 
vn 0.10571927577257156 3.6331822872161865 -0.09621352702379227 
vn 0.12245833873748779 3.6331822872161865 -0.07373993843793869 
vn -0.6091142892837524 3.5627970695495605 0.39484646916389465 
vn 0.12245833873748779 3.6331822872161865 -0.07373993843793869 
vn -0.5795718431472778 3.580601215362549 0.2526663541793823 
vn 0.12370788305997849 3.633772373199463 -0.029037969186902046 
vn -0.5874379873275757 3.585989475250244 0.1266663521528244 
vn 0.11041995882987976 3.6342928409576416 -0.013078192248940468 
vn -0.6478915810585022 3.5778043270111084 0.00046881407615728676 
vn 0.09524348378181458 3.6347439289093018 0.0035917775239795446 
vn -0.7325726747512817 3.5563178062438965 -0.19075696170330048 
vn 0.06243348866701126 3.6354382038116455 0.011832277290523052 
vn -0.6472191214561462 3.5563180446624756 -0.39262959361076355 
vn 0.05111699923872948 3.6354382038116455 0.03774959221482277 
vn -0.45671966671943665 3.569004774093628 -0.5235080122947693 
vn 0.038338515907526016 3.63568115234375 0.028312956914305687 
vn -0.3212442100048065 3.5659351348876953 -0.6335274577140808 
vn 0.025559306144714355 3.635854482650757 0.018875783309340477 
vn -0.2084416002035141 3.5627973079681396 -0.6953234076499939 
vn 0.0011785764945670962 3.635854482650757 0.031752392649650574 
vn 0.10306242853403091 3.6342928409576416 0.04173493757843971 
vn 0.014374823309481144 3.63568115234375 0.04544077813625336 
vn -0.038774408400058746 3.63568115234375 0.02771393209695816 
vn 0.04656002297997475 3.6342928409576416 0.1009749248623848 
vn -0.029676759615540504 3.6354382038116455 -0.056189168244600296 
vn -0.3399461507797241 3.5495669841766357 -0.7109559178352356 
vn -0.4950908124446869 3.5425448417663574 -0.6524630188941956 
vn -0.8103013634681702 3.4812967777252197 -0.666656494140625 
vn -0.6127743721008301 3.535252332687378 -0.5890212059020996 
vn -0.4593624472618103 3.5460898876190186 -0.6593031883239746 
vn -0.27498918771743774 3.5563180446624756 -0.7052878737449646 
vn -0.4015151560306549 3.507606267929077 -0.8694432973861694 
vn -0.6515440344810486 3.507606267929077 -0.7018808126449585 
vn -0.8729681968688965 3.490333318710327 -0.5253062844276428 
vn -0.9736272692680359 3.490333318710327 -0.30011728405952454 
vn -0.15502995252609253 3.6317944526672363 -0.08051398396492004 
vn -0.12256191670894623 3.6317944526672363 -0.12448010593652725 
vn -0.07827378064393997 3.6309964656829834 -0.1737390160560608 
vn -0.052142973989248276 3.6309964656829834 -0.1832842379808426 
vn 0.0028720246627926826 3.6309964656829834 -0.19053532183170319 
vn 0.006721100304275751 3.6331822872161865 -0.1427881419658661 
vn 0.025427592918276787 3.6354382038116455 -0.058235134929418564 
vn -0.0511176735162735 3.6354382038116455 -0.03774852305650711 
vn 0.038139134645462036 3.6347439289093018 -0.08734741061925888 
vn 0.05756300687789917 3.6351256370544434 -0.05473001301288605 
vn 0.11509887874126434 3.6325230598449707 -0.10943444073200226 
vn 0.05527093634009361 3.6317944526672363 -0.16571566462516785 
vn 0.00891562458127737 3.6351256370544434 -0.07892650365829468 
vn 0.05756300687789917 3.6351256370544434 -0.05473001301288605 
vn 0.7101280689239502 3.5659351348876953 -0.016520122066140175 
vn 0.15236353874206543 3.6281869411468506 -0.1830124706029892 
vn 0.1562613993883133 3.6317944526672363 -0.07809581607580185 
vn 0.18506652116775513 3.6309964656829834 -0.04541337490081787 
vn 0.9417293667793274 3.5117571353912354 -0.03398071229457855 
vn 0.17468489706516266 3.6317944526672363 0.0013575137127190828 
vn 0.16571585834026337 3.6317944526672363 0.05527180805802345 
vn 0.9042243957519531 3.5117571353912354 0.2653062641620636 
vn 0.12775884568691254 3.6325230598449707 0.09434795379638672 
vn 0.851010799407959 3.490333318710327 0.5601792931556702 
vn 0.6914467215538025 3.490333318710327 0.7482793927192688 
vn 0.1225612461566925 3.6317944526672363 0.12448117136955261 
vn -0.0023580736014992 3.6354382038116455 -0.06350075453519821 
vn -0.04451213777065277 3.6347439289093018 -0.0842786580324173 
vn -0.7456952929496765 3.515841007232666 -0.5506792664527893 
vn -0.7827032208442688 3.5033881664276123 -0.578008770942688 
vn 0.14220115542411804 3.6325230598449707 0.07072945684194565 
vn 0.07374013215303421 3.6331822872161865 0.12245921045541763 
vn 0.018478423357009888 3.624753713607788 0.28507480025291443 
vn -0.014839115552604198 3.635854482650757 -0.028095390647649765 
vn -0.6837339997291565 3.535252332687378 -0.5049221515655518 
vn -0.23787327110767365 3.6221189498901367 -0.2100454717874527 
vn -0.07072925567626953 3.6325230598449707 0.14220201969146729 
vn -0.0805814117193222 3.6281869411468506 0.22408801317214966 
vn -0.05756368115544319 3.6351256370544434 0.054731082171201706 
vn -0.0707484558224678 3.6309964656829834 0.176937997341156 
vn -0.06085299327969551 3.6331822872161865 0.12934787571430206 
vn 0.01782733015716076 3.6325230598449707 -0.1578158587217331 
vn 0.08090956509113312 3.633772373199463 -0.09798184037208557 
vn -0.08491814136505127 3.6331822872161865 0.11499074101448059 
vn -0.0943477526307106 3.6325230598449707 0.12775970995426178 
vn -0.1391613930463791 3.6309964656829834 0.13017871975898743 
vn 0.4739101231098175 3.5033881664276123 -0.849780261516571 
vn 0.375360369682312 3.5495669841766357 -0.6929111480712891 
vn 0.03537256270647049 3.6351256370544434 -0.07111717760562897 
vn -0.0750376284122467 3.5460898876190186 -0.8000397086143494 
vn 0.2479451596736908 3.535252571105957 -0.8129949569702148 
vn 0.09019888937473297 3.5460898876190186 -0.7984724640846252 
vn 0.3755742311477661 3.5198581218719482 -0.8306570649147034 
vn -0.02598685212433338 3.6317944526672363 -0.17274630069732666 
vn -0.09289852529764175 3.630129337310791 -0.18433476984500885 
vn -0.6960371136665344 3.4812967777252197 -0.7852078676223755 
vn -0.8591930866241455 3.4624269008636475 -0.7027329206466675 
vn -0.7290493249893188 3.515841007232666 -0.5725348591804504 
vn -0.524429202079773 3.5276899337768555 -0.7076905965805054 
vn -0.21132534742355347 3.5495669841766357 -0.7591858506202698 
vn 0.4887182116508484 1.962728500366211 -3.0214712619781494 
vn 0.5650997161865234 1.2377760410308838 -3.371795892715454 
vn 0.9927089214324951 1.2377761602401733 -3.271524667739868 
vn 1.0385531187057495 0.9346693754196167 -3.3568191528320312 
vn 1.2295341491699219 0.9193072319030762 -3.295990467071533 
vn 1.2489510774612427 1.617355227470398 -3.007443904876709 
vn 1.4974740743637085 0.9806472659111023 -3.1648597717285156 
vn 0.5833654999732971 0.9806472659111023 -3.452310562133789 
vn 0.977205216884613 1.385928988456726 -3.2163188457489014 
vn 0.5468910336494446 1.4444650411605835 -3.291635751724243 
vn 0.9083448052406311 1.949336290359497 -2.9317972660064697 
vn 1.2008014917373657 1.2377761602401733 -3.201003074645996 
vn 1.4039344787597656 1.2377761602401733 -3.117260456085205 
vn 1.8153250217437744 1.2377761602401733 -2.897057056427002 
vn 1.630384087562561 1.949336290359497 -2.6004562377929688 
vn 2.171754837036133 1.2377761602401733 -2.6404216289520264 
vn 1.9426010847091675 1.949336290359497 -2.376305103302002 
vn 2.33687424659729 1.2377761602401733 -2.4954686164855957 
vn 2.1076290607452393 1.949336290359497 -2.23123836517334 
vn 2.2431957721710205 1.949336290359497 -2.094897985458374 
vn 2.492341995239258 1.2377761602401733 -2.3402087688446045 
vn 2.490091562271118 1.962728500366211 -1.7797690629959106 
vn 1.090127944946289 1.949336290359497 -2.869171619415283 
vn 1.267633318901062 1.949336290359497 -2.7952873706817627 
vn 2.411043405532837 0.9193072319030762 -2.5616748332977295 
vn 2.194118022918701 0.9806472659111023 -2.7284815311431885 
vn 1.852042555809021 0.9500136375427246 -2.9812490940093994 
vn 1.766038179397583 1.4006034135818481 -2.8530430793762207 
vn 2.1327826976776123 1.617355227470398 -2.4608607292175293 
vn 2.551914930343628 0.9500135779380798 -2.4094889163970947 
vn 2.7717957496643066 1.2377760410308838 -2.001373052597046 
vn 3.0242154598236084 1.2527023553848267 -1.582811713218689 
vn 2.7064599990844727 1.962728500366211 -1.4294086694717407 
vn 2.823695659637451 1.962728500366211 -1.1810489892959595 
vn 3.141634702682495 1.2527023553848267 -1.3346549272537231 
vn 2.9524085521698 1.9493361711502075 -0.8389333486557007 
vn 2.4528794288635254 1.385928988456726 -2.2984817028045654 
vn 2.851663589477539 0.9806472659111023 -2.031447649002075 
vn 2.708242177963257 1.4444650411605835 -1.949199914932251 
vn 2.9458348751068115 1.4590307474136353 -1.5536155700683594 
vn 3.090329170227051 0.9959362149238586 -1.6365852355957031 
vn 3.225759267807007 0.9806472063064575 -1.3613382577896118 
vn 3.293276309967041 1.2377759218215942 -0.9179742336273193 
vn 3.397726535797119 1.2377759218215942 -0.3792080581188202 
vn 3.048750162124634 1.949336051940918 -0.3544696569442749 
vn 3.4235806465148926 1.2228257656097412 0.06501494348049164 
vn 3.077143907546997 1.9359064102172852 0.062360893934965134 
vn 3.374105215072632 1.2228257656097412 0.5835626125335693 
vn 3.0323679447174072 1.9359062910079956 0.5267338156700134 
vn 3.0714006423950195 1.444464921951294 -1.3040146827697754 
vn 3.452657461166382 0.9653393030166626 0.6063914895057678 
vn 3.504986524581909 0.9653393626213074 0.060184068977832794 
vn 3.4773335456848145 0.980647087097168 -0.4085538685321808 
vn 3.370795726776123 0.9806471467018127 -0.9468377232551575 
vn 3.208665132522583 1.444464921951294 -0.9156556129455566 
vn 3.3153703212738037 1.4444648027420044 -0.3771938383579254 
vn 3.3428022861480713 1.4298714399337769 0.03969673067331314 
vn 3.2960124015808105 1.4298714399337769 0.5587538480758667 
vn 0.03069310262799263 3.635854482650757 -0.008214273490011692 
vn 0.03069310262799263 3.635854482650757 -0.008214273490011692 
vn 0.012779605574905872 3.635958671569824 0.009438248351216316 
vn 0.001782991923391819 3.635958671569824 -0.015786077827215195 
vn 0.012779605574905872 3.635958671569824 0.009438248351216316 
vn 0.012779605574905872 3.635958671569824 0.009438248351216316 
vn 0.012779605574905872 3.635958671569824 0.009438248351216316 
vn 0.012779605574905872 3.635958671569824 0.009438248351216316 
vn 0.015079018659889698 3.63568115234375 -0.04521090164780617 
vn 0.025427592918276787 3.6354382038116455 -0.058235134929418564 
vn 0.025427592918276787 3.6354382038116455 -0.058235134929418564 
vn 0.04817694425582886 3.6354382038116455 -0.04143522307276726 
vn 0.04817694425582886 3.6354382038116455 -0.04143522307276726 
vn 0.038773734122514725 3.63568115234375 -0.027712862938642502 
vn 0.012779605574905872 3.635958671569824 0.009438248351216316 
vn 0.012779605574905872 3.635958671569824 0.009438248351216316 
vn 0.012779605574905872 3.635958671569824 0.009438248351216316 
vn -0.014563608914613724 3.635958671569824 0.006349433213472366 
vn 0.0011785764945670962 3.635854482650757 0.031752392649650574 
vn -0.02408990077674389 3.635854482650757 0.02071920596063137 
vn -0.02408990077674389 3.635854482650757 0.02071920596063137 
vn -0.02408990077674389 3.635854482650757 0.02071920596063137 
vn -0.02408990077674389 3.635854482650757 0.02071920596063137 
vn -0.014563608914613724 3.635958671569824 0.006349433213472366 
vn -0.014563608914613724 3.635958671569824 0.006349433213472366 
vn -0.014563608914613724 3.635958671569824 0.006349433213472366 
vn -0.014563608914613724 3.635958671569824 0.006349433213472366 
vn -0.014563608914613724 3.635958671569824 0.006349433213472366 
vn -0.014563608914613724 3.635958671569824 0.006349433213472366 
vn 0.001782991923391819 3.635958671569824 -0.015786077827215195 
vn 0.001782991923391819 3.635958671569824 -0.015786077827215195 
vn 0.001782991923391819 3.635958671569824 -0.015786077827215195 
vn 0.012714114971458912 3.635854482650757 -0.029118413105607033 
vn 0.012714114971458912 3.635854482650757 -0.029118413105607033 
vn 0.8154944777488708 2.4060750007629395 -2.601194381713867 
vn 1.0971975326538086 2.34594988822937 -2.5520806312561035 
vn 1.7425206899642944 2.2223703861236572 -2.29022479057312 
vn 1.9808712005615234 2.1717371940612793 -2.140127420425415 
vn 2.2155444622039795 2.0422863960266113 -2.034911870956421 
vn 2.211639642715454 2.0291225910186768 -2.0522546768188477 
vn 2.0698435306549072 1.617355227470398 -2.5140297412872314 
vn 2.113302230834961 1.7301744222640991 -2.4001846313476562 
vn 1.574928641319275 1.560195803642273 -2.8819825649261475 
vn 1.3631513118743896 1.6740204095840454 -2.925732374191284 
vn 0.8605896830558777 2.0026795864105225 -2.9101712703704834 
vn 0.841990053653717 2.015920400619507 -2.9064676761627197 
vn 1.0544462203979492 2.1717371940612793 -2.718848943710327 
vn 1.3006820678710938 2.2223703861236572 -2.5670478343963623 
vn 1.7832729816436768 2.370136022567749 -2.103053092956543 
vn 1.9693186283111572 2.4416005611419678 -1.8386982679367065 
vn 2.266749382019043 2.556955337524414 -1.2426851987838745 
vn 2.3153600692749023 2.568225860595703 -1.124172329902649 
vn 2.4395484924316406 2.634812355041504 -0.5716710686683655 
vn 2.457031011581421 2.634812355041504 -0.4911242127418518 
vn -0.0062762158922851086 0.07148671895265579 3.6352832317352295 
vn -0.3078937232494354 0.0714866891503334 3.6222264766693115 
vn -0.9590996503829956 -0.23020918667316437 3.4996519088745117 
vn -1.7190314531326294 -0.08737115561962128 3.2027690410614014 
vn -2.0925490856170654 0.0873698964715004 2.9722108840942383 
vn -2.69026255607605 0.19848917424678802 2.437934160232544 
vn -3.0699169635772705 -0.11913233995437622 1.9446980953216553 
vn -3.2718119621276855 -0.007944069802761078 1.5860694646835327 
vn -3.5444040298461914 -0.023830896243453026 0.8105953335762024 
vn -3.5444040298461914 -0.023830896243453026 0.8105953335762024 
vn -3.6355042457580566 -0.05560294911265373 0.021178651601076126 
vn -3.5970277786254883 0.07148699462413788 -0.5260367393493652 
vn -3.4508066177368164 -0.11913192272186279 -1.1393743753433228 
vn 0.18728108704090118 0.35688430070877075 -3.613584518432617 
vn 0.32407692074775696 0.37269124388694763 -3.602292060852051 
vn 1.1899664402008057 0.32525041699409485 -3.42032527923584 
vn 1.9159146547317505 0.26191040873527527 -3.0791406631469727 
vn 2.379194498062134 0.26191040873527527 -2.737018585205078 
vn 3.1173813343048096 0.35688430070877075 -1.837117075920105 
vn 3.1173813343048096 0.35688430070877075 -1.837117075920105 
vn 3.5954794883728027 0.27775344252586365 -0.4645564556121826 
vn 3.5954794883728027 0.27775344252586365 -0.4645564556121826 
vn 3.5300185680389404 0.309423565864563 0.8146532773971558 
vn 3.504976511001587 0.2935912013053894 0.9216169118881226 
vn 3.5300185680389404 0.309423565864563 0.8146532773971558 
vn 3.504976511001587 0.2935912013053894 0.9216169118881226 
vn 3.068870782852173 0.3094233572483063 1.9252851009368896 
vn 3.0708682537078857 0.2777530550956726 1.926928997039795 
vn 2.3757946491241455 0.29359084367752075 2.7367568016052246 
vn 2.290912389755249 0.30942314863204956 2.8064942359924316 
vn 1.1716930866241455 0.2777526378631592 3.430804967880249 
vn 1.1716930866241455 0.2777526378631592 3.430804967880249 
vn -0.23811101913452148 0.2935904562473297 3.616288185119629 
vn -0.23811101913452148 0.2935904562473297 3.616288185119629 
vn 0.08090956509113312 3.633772373199463 -0.09798184037208557 
vn 0.10571927577257156 3.6331822872161865 -0.09621352702379227 
vn 0.08090956509113312 3.633772373199463 -0.09798184037208557 
vn 0.10571927577257156 3.6331822872161865 -0.09621352702379227 
vn 0.05795461684465408 3.633772373199463 -0.11308430135250092 
vn 0.05795461684465408 3.633772373199463 -0.11308430135250092 
vn 0.034448642283678055 3.6331822872161865 -0.13873320817947388 
vn 0.034448642283678055 3.6331822872161865 -0.13873320817947388 
vn 0.001356643158942461 3.6317944526672363 -0.17468468844890594 
vn -0.024900831282138824 3.6309964656829834 -0.18892306089401245 
vn -0.04089722782373428 3.630129337310791 -0.20232844352722168 
vn -0.06704451143741608 3.62919282913208 -0.21192777156829834 
vn -0.06704451143741608 3.62919282913208 -0.21192777156829834 
vn -0.1316264271736145 3.6281869411468506 -0.1984511762857437 
vn -0.10769757628440857 3.6281869411468506 -0.21239016950130463 
vn -0.15377524495124817 3.6281869411468506 -0.18182845413684845 
vn -0.16084884107112885 3.629192590713501 -0.15341489017009735 
vn -0.1574895679950714 3.630129337310791 -0.1334412842988968 
vn -0.14461779594421387 3.6309964656829834 -0.12408793717622757 
vn -0.14052604138851166 3.6317944526672363 -0.10377468168735504 
vn -0.12775951623916626 3.6325230598449707 -0.09434688091278076 
vn -0.14052604138851166 3.6317944526672363 -0.10377468168735504 
vn -0.19394834339618683 3.629192590713501 -0.1085936650633812 
vn -0.21902331709861755 3.6281869411468506 -0.09347373247146606 
vn -0.2417949140071869 3.6271116733551025 -0.0777447372674942 
vn -0.2596511244773865 3.625967264175415 -0.07342103123664856 
vn -0.30121368169784546 3.6234707832336426 -0.013319432735443115 
vn -0.30121368169784546 3.6234707832336426 -0.013319432735443115 
vn -0.2986446022987366 3.6234707832336426 0.0414554663002491 
vn -0.3138066828250885 3.6221189498901367 0.04720680043101311 
vn -0.2654118239879608 3.624753713607788 0.10566766560077667 
vn -0.2654118239879608 3.624753713607788 0.10566766560077667 
vn -0.23025721311569214 3.625967264175415 0.14068113267421722 
vn -0.215789332985878 3.6271116733551025 0.1339559555053711 
vn -0.18194784224033356 3.6271116733551025 0.1772124171257019 
vn -0.18194784224033356 3.6271116733551025 0.1772124171257019 
vn -0.15236420929431915 3.6281869411468506 0.18301354348659515 
vn -0.16172128915786743 3.6271116733551025 0.1958455890417099 
vn -0.13959869742393494 3.6271116733551025 0.2121826410293579 
vn -0.13959869742393494 3.6271116733551025 0.2121826410293579 
vn -0.11583944410085678 3.6271116733551025 0.2260320484638214 
vn -0.11583944410085678 3.6271116733551025 0.2260320484638214 
vn -0.06454109400510788 3.6271116733551025 0.2456495463848114 
vn -0.06454109400510788 3.6271116733551025 0.2456495463848114 
vn -0.03760342299938202 3.6271116733551025 0.25118762254714966 
vn -0.025681938976049423 3.625967264175415 0.2686075270175934 
vn 0.018478423357009888 3.624753713607788 0.28507480025291443 
vn 0.018478423357009888 3.624753713607788 0.28507480025291443 
vn 0.08831898868083954 3.6234707832336426 0.28828269243240356 
vn 0.10098066926002502 3.6221189498901367 0.30084219574928284 
vn 0.13907091319561005 3.6234707832336426 0.26751893758773804 
vn 0.1628214716911316 3.6234707832336426 0.25376415252685547 
vn 0.17968156933784485 3.625967264175415 0.20130544900894165 
vn 0.18680208921432495 3.6271116733551025 0.1720871478319168 
vn 0.17880786955356598 3.629192590713501 0.13204656541347504 
vn 0.1915622055530548 3.6281869411468506 0.14146536588668823 
vn 0.1550292819738388 3.6317944526672363 0.0805150493979454 
vn 0.1550292819738388 3.6317944526672363 0.0805150493979454 
vn 0.14220115542411804 3.6325230598449707 0.07072945684194565 
vn 0.11605627089738846 3.633772134780884 0.05174820125102997 
vn 0.14220115542411804 3.6325230598449707 0.07072945684194565 
vn 0.10306242853403091 3.6342928409576416 0.04173493757843971 
vn -3.3724668924151047e-7 3.635993480682373 5.343194402485096e-7 
vn -3.3724668924151047e-7 3.635993480682373 5.343194402485096e-7 
vn -3.3724668924151047e-7 3.635993480682373 5.343194402485096e-7 
vn -3.3724668924151047e-7 3.635993480682373 5.343194402485096e-7 
vn -3.3724668924151047e-7 3.635993480682373 5.343194402485096e-7 
vn -3.3724668924151047e-7 3.635993480682373 5.343194402485096e-7 
vn -3.3724668924151047e-7 3.635993480682373 5.343194402485096e-7 
vn -3.3724668924151047e-7 3.635993480682373 5.343194402485096e-7 
vn -3.3724668924151047e-7 3.635993480682373 5.343194402485096e-7 
vn -3.3724668924151047e-7 3.635993480682373 5.343194402485096e-7 
vn -3.3724668924151047e-7 3.635993480682373 5.343194402485096e-7 
vn -3.3724668924151047e-7 3.635993480682373 5.343194402485096e-7 
vn -3.3724668924151047e-7 3.635993480682373 5.343194402485096e-7 
vn -3.3724668924151047e-7 3.635993480682373 5.343194402485096e-7 
vn -0.09701971709728241 3.6342928409576416 -0.05432197079062462 
vn -0.10978171229362488 3.633772134780884 -0.0639917179942131 
vn -0.12775951623916626 3.6325230598449707 -0.09434688091278076 
vn 0.1809128075838089 3.630129337310791 0.09939876198768616 
vn 0.16813786327838898 3.6309964656829834 0.08967610448598862 
vn 0.2060288041830063 3.629192590713501 0.08343030512332916 
vn 0.22839339077472687 3.6281869411468506 0.067415751516819 
vn 0.23467551171779633 3.6281869411468506 0.04044501483440399 
vn 0.2377840280532837 3.6281869411468506 0.012927343137562275 
vn 0.22073696553707123 3.62919282913208 -0.026144694536924362 
vn 0.20358222723007202 3.630129337310791 -0.034112706780433655 
vn 0.17648200690746307 3.6309964656829834 -0.07187536358833313 
vn 0.13235343992710114 3.6325230598449707 -0.08778510987758636 
vn 0.1562613993883133 3.6317944526672363 -0.07809581607580185 
vn 0.4444153904914856 0.07148782163858414 -3.6080212593078613 
vn 0.8761911392211914 0.03971750661730766 -3.5286178588867188 
vn 0.4444153904914856 0.07148782163858414 -3.6080212593078613 
vn 1.1827633380889893 -0.1826239377260208 -3.4333879947662354 
vn 1.6951842308044434 0.03971753641963005 -3.2163965702056885 
vn 2.048006772994995 -0.00794290192425251 -3.004336357116699 
vn 2.476264238357544 0.07148787379264832 -2.661472797393799 
vn 2.706963300704956 0.07148785889148712 -2.426452398300171 
vn 2.706963300704956 0.07148785889148712 -2.426452398300171 
vn 3.0418214797973633 -0.007942958734929562 -1.991906762123108 
vn 3.0418214797973633 -0.007942958734929562 -1.991906762123108 
vn 3.3402962684631348 -0.00794301275163889 -1.4362417459487915 
vn 3.3402962684631348 -0.00794301275163889 -1.4362417459487915 
vn 3.5381815433502197 0.023830899968743324 -0.8373388648033142 
vn 3.5381815433502197 0.023830899968743324 -0.8373388648033142 
vn 3.6163368225097656 -0.007943143136799335 -0.3774615228176117 
vn 3.6305363178253174 -0.07148689031600952 -0.18581634759902954 
vn 3.624725103378296 0.05560290440917015 0.2805519998073578 
vn 3.608503580093384 0.0397171787917614 0.44447481632232666 
vn -1.4360772371292114 0.055602967739105225 -3.3399136066436768 
vn -1.9687658548355103 -0.03971664234995842 -3.0566022396087646 
vn -1.851867914199829 -0.05560232326388359 -3.128566265106201 
vn -2.385747194290161 0.007943715900182724 -2.743825674057007 
vn -2.385747194290161 0.007943715900182724 -2.743825674057007 
vn -2.7355713844299316 -0.007943435572087765 -2.395207166671753 
vn -2.7355713844299316 -0.007943435572087765 -2.395207166671753 
vn -2.9411098957061768 -0.007943492382764816 -2.137812614440918 
vn -2.9411098957061768 -0.007943492382764816 -2.137812614440918 
vn -3.0940191745758057 -0.007943539880216122 -1.909820556640625 
vn -3.0940191745758057 -0.007943539880216122 -1.909820556640625 
vn -3.301663637161255 -0.00794361624866724 -1.5229530334472656 
vn -3.301663637161255 -0.00794361624866724 -1.5229530334472656 
vn -3.528820037841797 -0.007943731732666492 -0.8762412071228027 
vn -3.528820037841797 -0.007943731732666492 -0.8762412071228027 
vn -1.2834413051605225 0.023830829188227654 -3.4018588066101074 
vn -0.8105953335762024 -0.023830002173781395 -3.5444040298461914 
vn -0.8105953335762024 -0.023830002173781395 -3.5444040298461914 
vn -0.1858518272638321 -0.007943017408251762 -3.6312296390533447 
vn -0.1858518272638321 -0.007943017408251762 -3.6312296390533447 
vn 0.4444153904914856 0.07148782163858414 -3.6080212593078613 
vn 0.4444153904914856 0.07148782163858414 -3.6080212593078613 
vn -1.1028087139129639 -3.1152451038360596 1.5164121389389038 
vn -1.6006066799163818 -2.78306245803833 1.7067701816558838 
vn -1.6595457792282104 -2.8826119899749756 1.46863853931427 
vn -1.8551530838012695 -2.872901439666748 1.2350249290466309 
vn -1.922666072845459 -2.853316307067871 1.1757479906082153 
vn -2.238363027572632 -2.731282949447632 0.8661783337593079 
vn -2.288527727127075 -2.710204839706421 0.798668622970581 
vn -2.476726770401001 -2.634812355041504 0.37951070070266724 
vn -2.4807326793670654 -2.634812355041504 0.35237741470336914 
vn -2.4692251682281494 -2.6674294471740723 -0.0904901996254921 
vn -2.455240249633789 -2.6782000064849854 -0.13957315683364868 
vn -2.1948585510253906 -2.853316068649292 -0.5114945769309998 
vn -2.124188184738159 -2.8922669887542725 -0.5857125520706177 
vn -1.8074413537979126 -3.0303704738616943 -0.8777550458908081 
vn -1.8853424787521362 -2.9947917461395264 -0.834955096244812 
vn -1.045179009437561 -3.4106383323669434 -0.7039831280708313 
vn -1.3754271268844604 -3.186551332473755 -1.0837597846984863 
vn -1.045179009437561 -3.4106383323669434 -0.7039831280708313 
vn -1.2710574865341187 -3.209230661392212 -1.142670750617981 
vn -1.245330810546875 -3.155461311340332 -1.3086860179901123 
vn -1.2300432920455933 -3.1152446269989014 -1.4151639938354492 
vn -1.0926049947738647 -2.9114115238189697 -1.8842345476150513 
vn -1.179377555847168 -2.976658344268799 -1.7230833768844604 
vn -0.7685274481773376 -3.098740339279175 -1.7400052547454834 
vn -0.6674094200134277 -2.9114115238189697 -2.0733284950256348 
vn -0.2813093662261963 -3.209230661392212 -1.6858675479888916 
vn -0.12310706079006195 -3.273944616317749 -1.5768882036209106 
vn -0.04396272450685501 -3.2876415252685547 -1.5523936748504639 
vn 0.22780445218086243 -3.327221393585205 -1.4484986066818237 
vn 0.1496933102607727 -3.3142809867858887 -1.4878103733062744 
vn 0.3624950647354126 -3.4424991607666016 -1.1127636432647705 
vn 0.5146175622940063 -3.4624269008636475 -0.983471691608429 
vn 0.5624386072158813 -3.4624269008636475 -0.9569277167320251 
vn 0.7310726046562195 -3.452594757080078 -0.8749678134918213 
vn 0.9128488898277283 -3.416111707687378 -0.8469552397727966 
vn 0.9441208839416504 -3.421520233154297 -0.7888484597206116 
vn 0.9945307970046997 -3.421520233154297 -0.724261462688446 
vn 1.4914149045944214 -3.231358289718628 -0.7446140646934509 
vn 1.4758821725845337 -3.273944616317749 -0.5687735676765442 
vn 1.5289044380187988 -3.2670023441314697 -0.4578119218349457 
vn 2.0682456493377686 -2.976658344268799 -0.2868940532207489 
vn 1.981114149093628 -3.0478131771087646 -0.08040682971477509 
vn 2.0218026638031006 -3.021561861038208 0.054046861827373505 
vn 2.273742914199829 -2.813493251800537 0.36713945865631104 
vn 1.5920897722244263 -3.22404408454895 0.5396623015403748 
vn 1.5285286903381348 -3.245802164077759 0.590604305267334 
vn 1.623979926109314 -3.1633245944976807 0.7592833042144775 
vn 1.088698148727417 -3.4106383323669434 0.634608268737793 
vn 1.088698148727417 -3.4106383323669434 0.634608268737793 
vn 1.6317336559295654 -3.003772735595703 1.2390477657318115 
vn 1.5842727422714233 -2.9857537746429443 1.3400741815567017 
vn 1.4582158327102661 -2.8922669887542725 1.6519203186035156 
vn 1.4374052286148071 -2.853316068649292 1.7357696294784546 
vn 1.2272937297821045 -2.6782000064849854 2.1310644149780273 
vn 1.1884397268295288 -2.6674294471740723 2.166303873062134 
vn 0.7400434017181396 -2.634812355041504 2.3938546180725098 
vn 0.7662023901939392 -2.634812355041504 2.385610580444336 
vn 0.29271960258483887 -2.710204839706421 2.4061474800109863 
vn 0.21413098275661469 -2.731282949447632 2.39054012298584 
vn -0.18893761932849884 -2.823530435562134 2.2830727100372314 
vn -0.2906162440776825 -2.843441963195801 2.247403621673584 
vn -0.6079265475273132 -2.9303348064422607 2.0649473667144775 
vn -0.6688535809516907 -2.958298444747925 2.0053799152374268 
vn -1.2289859056472778 -2.645735502243042 2.170280694961548 
vn -0.8445003628730774 -2.976658821105957 1.909650206565857 
vn -1.0854222774505615 -3.098740816116333 1.5620845556259155 
vn -0.032779984176158905 -3.6354382038116455 -0.054437872022390366 
vn -0.032779984176158905 -3.6354382038116455 -0.054437872022390366 
vn -0.05111699923872948 -3.6354382038116455 -0.03774959221482277 
vn -0.05111699923872948 -3.6354382038116455 -0.03774959221482277 
vn -0.05111699923872948 -3.6354382038116455 -0.03774959221482277 
vn -0.030473586171865463 -3.635854482650757 -0.00899555254727602 
vn -0.015886204317212105 -3.635958671569824 -0.0001239433913724497 
vn -0.009452462196350098 -3.6354382038116455 -0.06283856183290482 
vn -0.009452462196350098 -3.6354382038116455 -0.06283856183290482 
vn 0.005350187420845032 -3.63568115234375 -0.0473591685295105 
vn 0.005350187420845032 -3.63568115234375 -0.0473591685295105 
vn 0.0035669608041644096 -3.635854482650757 -0.03157345950603485 
vn 0.0035669608041644096 -3.635854482650757 -0.03157345950603485 
vn 0.023027213290333748 -3.635854482650757 -0.021894216537475586 
vn 0.023027213290333748 -3.635854482650757 -0.021894216537475586 
vn 0.023027213290333748 -3.635854482650757 -0.021894216537475586 
vn 0.023027213290333748 -3.635854482650757 -0.021894216537475586 
vn 0.04368904232978821 -3.63568115234375 -0.01904674433171749 
vn 0.04368904232978821 -3.63568115234375 -0.01904674433171749 
vn 0.0628383606672287 -3.6354382038116455 -0.009453333914279938 
vn 0.04368904232978821 -3.63568115234375 -0.01904674433171749 
vn 0.0628383606672287 -3.6354382038116455 -0.009453333914279938 
vn 0.06167253479361534 -3.6354382038116455 0.015313290990889072 
vn 0.0628383606672287 -3.6354382038116455 -0.009453333914279938 
vn 0.06167253479361534 -3.6354382038116455 0.015313290990889072 
vn 0.0511176735162735 -3.6354382038116455 0.03774852305650711 
vn 0.03833919018507004 -3.63568115234375 0.02831188775599003 
vn 0.012780279852449894 -3.635958671569824 0.009437179192900658 
vn -0.005026243161410093 -3.635958671569824 0.015070328488945961 
vn -0.005026243161410093 -3.635958671569824 0.015070328488945961 
vn -0.00534951314330101 -3.63568115234375 0.04735809937119484 
vn -0.054437000304460526 -3.6354382038116455 0.03277978673577309 
vn -0.015313488431274891 -3.6354382038116455 0.0616716630756855 
vn -0.04718463122844696 -3.6351256370544434 0.06389430165290833 
vn -0.04718463122844696 -3.6351256370544434 0.06389430165290833 
vn -0.04718463122844696 -3.6351256370544434 0.06389430165290833 
vn -0.04718463122844696 -3.6351256370544434 0.06389430165290833 
vn -0.04718463122844696 -3.6351256370544434 0.06389430165290833 
vn -0.015313488431274891 -3.6354382038116455 0.0616716630756855 
vn -0.043688368052244186 -3.63568115234375 0.019045677036046982 
vn -0.028312085196375847 -3.63568115234375 0.0383383184671402 
vn -0.014149768278002739 -3.635854482650757 0.028448453173041344 
vn -0.005026243161410093 -3.635958671569824 0.015070328488945961 
vn -0.005026243161410093 -3.635958671569824 0.015070328488945961 
vn -0.005026243161410093 -3.635958671569824 0.015070328488945961 
vn 0.012780279852449894 -3.635958671569824 0.009437179192900658 
vn 0.025559980422258377 -3.635854482650757 0.01887471415102482 
vn 0.07534889131784439 -3.6351256370544434 0.025130445137619972 
vn 0.07534889131784439 -3.6351256370544434 0.025130445137619972 
vn 0.07942697405815125 -3.6351256370544434 0.000616464065387845 
vn 0.09492845833301544 -3.6347439289093018 0.008539590053260326 
vn 0.09371236711740494 -3.6347439289093018 -0.017388401553034782 
vn 0.09371236711740494 -3.6347439289093018 -0.017388401553034782 
vn 0.07573021948337555 -3.6351256370544434 -0.023957915604114532 
vn 0.0646204948425293 -3.6351256370544434 -0.046187177300453186 
vn 0.0646204948425293 -3.6351256370544434 -0.046187177300453186 
vn 0.051256101578474045 -3.6347439289093018 -0.08035679906606674 
vn 0.051256101578474045 -3.6347439289093018 -0.08035679906606674 
vn 0.051256101578474045 -3.6347439289093018 -0.08035679906606674 
vn 0.051256101578474045 -3.6347439289093018 -0.08035679906606674 
vn 0.025131316855549812 -3.6351256370544434 -0.07534909248352051 
vn 0.025131316855549812 -3.6351256370544434 -0.07534909248352051 
vn 0.0006173353758640587 -3.6351256370544434 -0.07942717522382736 
vn 0.0006173353758640587 -3.6351256370544434 -0.07942717522382736 
vn -0.023742130026221275 -3.6347439289093018 -0.09230751544237137 
vn -0.023742130026221275 -3.6347439289093018 -0.09230751544237137 
vn -0.0477658174932003 -3.6347439289093018 -0.08247887343168259 
vn -0.046186305582523346 -3.6351256370544434 -0.06462069600820541 
vn -0.046186305582523346 -3.6351256370544434 -0.06462069600820541 
vn -0.046186305582523346 -3.6351256370544434 -0.06462069600820541 
vn -0.015886204317212105 -3.635958671569824 -0.0001239433913724497 
vn -0.030473586171865463 -3.635854482650757 -0.00899555254727602 
vn -0.005026243161410093 -3.635958671569824 0.015070328488945961 
vn 0.9363313317298889 0.8267765045166016 -3.4146974086761475 
vn 1.36602783203125 0.9039276242256165 -3.2461233139038086 
vn 0.962790846824646 0.8267765045166016 -3.4073314666748047 
vn 1.4665682315826416 0.9039276242256165 -3.2019567489624023 
vn 1.85466730594635 0.8576864004135132 -3.007493495941162 
vn 1.9620593786239624 0.8731169700622559 -2.934011459350586 
vn 2.2751505374908447 0.9039276242256165 -2.6883153915405273 
vn 2.2751505374908447 0.9039276242256165 -2.6883153915405273 
vn 2.633781671524048 0.842239499092102 -2.3609871864318848 
vn 2.652038812637329 0.842239499092102 -2.3404605388641357 
vn 2.9786388874053955 0.7647697329521179 -1.9399150609970093 
vn 2.993542194366455 0.7647697329521179 -1.916837453842163 
vn 3.2782506942749023 0.7181102633476257 -1.3992223739624023 
vn 3.2917912006378174 0.7025293111801147 -1.3751349449157715 
vn 3.5217034816741943 0.6713273525238037 -0.6061007976531982 
vn 3.526254892349243 0.6713273525238037 -0.5790324211120605 
vn 3.543727397918701 0.6713271737098694 0.46016305685043335 
vn 3.5471572875976562 0.6713271737098694 0.4329298138618469 
vn 3.5471572875976562 0.6713271737098694 0.4329298138618469 
vn 3.3476688861846924 0.6557067632675171 1.2584097385406494 
vn 3.543727397918701 0.6713271737098694 0.46016305685043335 
vn 3.337904214859009 0.6557067632675171 1.2840863466262817 
vn 3.20294451713562 0.6713269948959351 1.584581732749939 
vn 3.0027012825012207 0.8267759680747986 1.8763420581817627 
vn 2.8890085220336914 0.7802934646606445 2.065237283706665 
vn 2.329214572906494 0.7025285959243774 2.702155828475952 
vn 2.329214572906494 0.7025285959243774 2.702155828475952 
vn 1.2987347841262817 0.7025284171104431 3.322675943374634 
vn 1.2731119394302368 0.7025284171104431 3.3325774669647217 
vn 0.36687758564949036 0.7181092500686646 3.545441150665283 
vn 0.31223663687705994 0.7181092500686646 3.5506703853607178 
vn -0.3974510729312897 0.8267753720283508 3.518367290496826 
vn -0.6886959075927734 0.9193060398101807 3.4497838020324707 
vn -2.42594313621521 -2.4533493518829346 1.1473089456558228 
vn -2.607252836227417 -2.5342679023742676 0.012619955465197563 
vn -1.9006564617156982 -3.06502366065979 0.46214503049850464 
vn -2.1237306594848633 -2.901867151260376 -0.5379391312599182 
vn -2.07616925239563 -2.9303345680236816 -0.5684228539466858 
vn -1.545127511024475 -3.139554500579834 -0.9880404472351074 
vn -1.9622372388839722 -2.901867151260376 -0.9742869734764099 
vn -2.000147581100464 -2.6238386631011963 -1.5281753540039062 
vn -2.246796131134033 -2.634812593460083 1.109103798866272 
vn -1.3231855630874634 -3.2529313564300537 0.9423704743385315 
vn -1.5745984315872192 -2.9303348064422607 1.4677265882492065 
vn -0.8904241919517517 -3.370506763458252 1.0330899953842163 
vn -1.1158987283706665 -3.090399980545044 1.5571262836456299 
vn -0.6519404053688049 -3.376433849334717 1.1811496019363403 
vn -0.6992716193199158 -3.376433849334717 1.1537590026855469 
vn -0.8445003628730774 -2.976658821105957 1.909650206565857 
vn -0.4036836326122284 -3.35233998298645 1.3488153219223022 
vn -0.3814617395401001 -2.5906198024749756 2.522620916366577 
vn -0.02055530436336994 -3.1788699626922607 1.7648816108703613 
vn 0.3930610716342926 -2.634812355041504 2.4746124744415283 
vn 0.7784267067909241 -2.872901201248169 2.088284492492676 
vn 0.806702196598053 -2.8922672271728516 2.0504794120788574 
vn 1.4169255495071411 -2.9303345680236816 1.6204644441604614 
vn 1.4169255495071411 -2.9303345680236816 1.6204644441604614 
vn 1.566857933998108 -3.139554500579834 0.9532045722007751 
vn 1.7189862728118896 -2.911411762237549 1.337613582611084 
vn 2.253396987915039 -2.6238386631011963 1.1216561794281006 
vn 2.028106927871704 -2.920900821685791 0.7586592435836792 
vn 2.0375356674194336 -2.920900821685791 0.7329595685005188 
vn 2.29673433303833 -2.803402900695801 0.2939136326313019 
vn 2.2739994525909424 -2.8235299587249756 0.27757447957992554 
vn 2.7462596893310547 -2.3701353073120117 -0.24689508974552155 
vn -1.5938628911972046 -2.920900821685791 -1.4657361507415771 
vn -1.5562970638275146 -2.920900821685791 -1.5055633783340454 
vn -1.279840350151062 -2.803402900695801 -1.9296069145202637 
vn -1.2586244344711304 -2.8235299587249756 -1.914154052734375 
vn -0.9920288324356079 -2.3701353073120117 -2.5726985931396484 
vn -0.9920288324356079 -2.3701353073120117 -2.5726985931396484 
vn -1.279840350151062 -2.803402900695801 -1.9296069145202637 
vn -0.30788058042526245 -3.065023183822632 -1.9316534996032715 
vn -2.246796131134033 -2.634812593460083 1.109103798866272 
vn -2.42594313621521 -2.4533493518829346 1.1473089456558228 
vn -1.9006564617156982 -3.06502366065979 0.46214503049850464 
vn 0.15796861052513123 -2.234922170639038 -2.8636703491210938 
vn -0.30788058042526245 -3.065023183822632 -1.9316534996032715 
vn 0.3753395080566406 -3.1475377082824707 -1.781171441078186 
vn 0.15796861052513123 -2.234922170639038 -2.8636703491210938 
vn 0.7675739526748657 -2.7932586669921875 -2.197493553161621 
vn 0.3753395080566406 -3.1475377082824707 -1.781171441078186 
vn 0.840907096862793 -2.762507915496826 -2.2094948291778564 
vn 0.7672517895698547 -3.2386109828948975 -1.4639564752578735 
vn 1.2284830808639526 -2.8729007244110107 -1.8594927787780762 
vn 1.1355959177017212 -3.1475377082824707 -1.4226291179656982 
vn 1.3443995714187622 -3.0391204357147217 -1.4753913879394531 
vn 1.408008337020874 -3.1711273193359375 -1.0871565341949463 
vn 1.4327144622802734 -3.012695789337158 -1.4461801052093506 
vn 2.5008440017700195 -2.2474324703216553 -1.383931040763855 
vn 1.408008337020874 -3.1711273193359375 -1.0871565341949463 
vn 1.8678069114685059 -3.065023183822632 -0.5808385610580444 
vn 2.5008440017700195 -2.2474324703216553 -1.383931040763855 
vn 2.4330997467041016 -2.3821604251861572 -1.2750601768493652 
vn -1.9423011541366577 -2.949033498764038 0.8666667342185974 
vn -1.980197787284851 -2.872901439666748 1.0225929021835327 
vn -1.9914439916610718 -2.8335132598876953 1.10715651512146 
vn -1.4279274940490723 -3.1788699626922607 1.0374258756637573 
vn -1.633877158164978 -2.843441963195801 1.5702630281448364 
vn -1.7061015367507935 -2.803403377532959 1.565435528755188 
vn -1.4707655906677246 -2.920901298522949 1.5892221927642822 
vn -1.360154628753662 -2.8826119899749756 1.749563217163086 
vn -1.4450128078460693 -2.8826119899749756 1.6801576614379883 
vn -0.9107510447502136 -3.163325071334839 1.5441347360610962 
vn -0.9058021903038025 -2.752152681350708 2.1967294216156006 
vn -0.9955483078956604 -2.843441963195801 2.035722017288208 
vn -0.7087467312812805 -2.901867389678955 2.0729897022247314 
vn -0.49926239252090454 -2.949033498764038 2.067457914352417 
vn -0.627331018447876 -3.047813653945923 1.8808857202529907 
vn -0.19796687364578247 -3.2017321586608887 1.7117722034454346 
vn -0.18176504969596863 -3.0735411643981934 1.9341017007827759 
vn 0.03245149180293083 -2.7728118896484375 2.3517870903015137 
vn 0.08254203200340271 -2.6995880603790283 2.434307098388672 
vn 0.15844564139842987 -3.06502366065979 1.949607014656067 
vn 0.37240996956825256 -3.1711277961730957 1.7394551038742065 
vn 0.06986895948648453 -3.280824661254883 1.5658072233200073 
vn 0.27946844696998596 -3.1788699626922607 1.7427356243133545 
vn 0.5453974008560181 -3.1788699626922607 1.6786220073699951 
vn 1.1011834144592285 -2.488314151763916 2.4116649627685547 
vn -3.07729434967041 -1.7301740646362305 -0.8701682686805725 
vn -3.2516818046569824 -1.603110671043396 -0.2775561809539795 
vn -2.619292974472046 -2.4650511741638184 -0.5322282314300537 
vn 2.512395143508911 -2.4883134365081787 -0.846526026725769 
vn 2.6528208255767822 -2.46505069732666 -0.3263521194458008 
vn 2.0148918628692627 -2.994791269302368 -0.43803927302360535 
vn 2.152576446533203 -2.9303340911865234 0.0002935507509391755 
vn 2.6965274810791016 -2.4298043251037598 0.2126750499010086 
vn 2.2093842029571533 -2.853315830230713 0.44458162784576416 
vn 2.6166584491729736 -2.406074285507202 0.764424204826355 
vn 2.2239761352539062 -2.7207694053649902 0.9336941838264465 
vn 2.4156153202056885 -2.3821606636047363 1.307881236076355 
vn -2.1325063705444336 -2.333789110183716 -1.796185851097107 
vn -1.5373859405517578 -2.545635461807251 -2.092038631439209 
vn -1.836403489112854 -2.5113863945007324 -1.8817546367645264 
vn -1.492862582206726 -2.545635461807251 -2.1240391731262207 
vn -1.0879623889923096 -2.6457347869873047 -2.2442963123321533 
vn -0.9684726595878601 -2.6128153800964355 -2.3357434272766113 
vn -0.6163004636764526 -2.7830617427825928 -2.257251262664795 
vn -0.4201243817806244 -2.6348118782043457 -2.4701626300811768 
vn -0.15410327911376953 -2.8922665119171143 -2.1980648040771484 
vn 0.10038606822490692 -2.623838424682617 -2.5151212215423584 
vn 0.28114238381385803 -2.967506170272827 -2.0821402072906494 
vn 0.6160069108009338 -2.6128153800964355 -2.452381134033203 
vn 0.6710087656974792 -3.021561622619629 -1.9079715013504028 
vn 1.0992470979690552 -2.5906190872192383 -2.30234432220459 
vn 1.0125387907028198 -3.0478129386901855 -1.7047125101089478 
vn 1.560659408569336 -2.579446792602539 -2.0325446128845215 
vn 1.3385205268859863 -3.0564472675323486 -1.4446232318878174 
vn 1.9412620067596436 -2.5456349849700928 -1.7238571643829346 
vn 1.8223559856414795 -3.0391204357147217 -0.8143759369850159 
vn 1.6085723638534546 -3.0564472675323486 -1.1362518072128296 
vn 2.263993978500366 -2.522850751876831 -1.3152929544448853 
vn 2.0148918628692627 -2.994791269302368 -0.43803927302360535 
vn 2.512395143508911 -2.4883134365081787 -0.846526026725769 
vn 1.9412620067596436 -2.5456349849700928 -1.7238571643829346 
vn 1.3385205268859863 -3.0564472675323486 -1.4446232318878174 
vn 1.2296301126480103 -2.568225860595703 2.261120557785034 
vn 0.5453974008560181 -3.1788699626922607 1.6786220073699951 
vn 1.1011834144592285 -2.488314151763916 2.4116649627685547 
vn 1.7306764125823975 -2.2349226474761963 2.2869887351989746 
vn 1.6498481035232544 -2.222369909286499 2.3578615188598633 
vn 1.9776036739349365 -2.358065128326416 1.9362469911575317 
vn 2.0877130031585693 -2.333789348602295 1.8480587005615234 
vn 2.142775058746338 -2.556954860687256 1.4460073709487915 
vn 2.2239761352539062 -2.7207694053649902 0.9336941838264465 
vn 2.4156153202056885 -2.3821606636047363 1.307881236076355 
vn 2.263993978500366 -2.522850751876831 -1.3152929544448853 
vn 1.9412620067596436 -2.5456349849700928 -1.7238571643829346 
vn 1.6085723638534546 -3.0564472675323486 -1.1362518072128296 
vn -2.441948175430298 -2.476706027984619 -1.0598375797271729 
vn -3.07729434967041 -1.7301740646362305 -0.8701682686805725 
vn -2.653141975402832 -2.055410623550415 -1.3987716436386108 
vn -2.619292974472046 -2.4650511741638184 -0.5322282314300537 
vn -2.441948175430298 -2.476706027984619 -1.0598375797271729 
vn -3.07729434967041 -1.7301740646362305 -0.8701682686805725 
vn -2.653141975402832 -2.055410623550415 -1.3987716436386108 
vn -2.163912534713745 -2.4998738765716553 -1.5127959251403809 
vn -1.836403489112854 -2.5113863945007324 -1.8817546367645264 
vn -2.1325063705444336 -2.333789110183716 -1.796185851097107 
vn -3.2516818046569824 -1.603110671043396 -0.2775561809539795 
vn -2.619292974472046 -2.4650511741638184 -0.5322282314300537 
vn -2.435669422149658 -2.6995880603790283 -0.013435584492981434 
vn -1.8371295928955078 -3.06502366065979 0.6715861558914185 
vn -1.8101656436920166 -3.047813653945923 0.809058666229248 
vn -1.8455114364624023 -3.0303707122802734 0.7945971488952637 
vn -1.651247262954712 -3.216668128967285 0.38323915004730225 
vn -1.8052738904953003 -3.139554500579834 0.3234618306159973 
vn -2.6363515853881836 -2.4998743534088135 0.14394107460975647 
vn -2.435669422149658 -2.6995880603790283 -0.013435584492981434 
vn -3.2516818046569824 -1.603110671043396 -0.2775561809539795 
vn 2.263993978500366 -2.522850751876831 -1.3152929544448853 
vn 2.512395143508911 -2.4883134365081787 -0.846526026725769 
vn 1.8223559856414795 -3.0391204357147217 -0.8143759369850159 
vn -2.1325063705444336 -2.333789110183716 -1.796185851097107 
vn -2.653141975402832 -2.055410623550415 -1.3987716436386108 
vn -2.163912534713745 -2.4998738765716553 -1.5127959251403809 
vn 1.6498481035232544 -2.222369909286499 2.3578615188598633 
vn 1.1011834144592285 -2.488314151763916 2.4116649627685547 
vn 1.2296301126480103 -2.568225860595703 2.261120557785034 
vn 2.4156153202056885 -2.3821606636047363 1.307881236076355 
vn 2.142775058746338 -2.556954860687256 1.4460073709487915 
vn 2.0877130031585693 -2.333789348602295 1.8480587005615234 
vn -3.208472728729248 -0.2777535915374756 1.687894582748413 
vn -3.2224152088165283 0.007942987605929375 1.6841644048690796 
vn -2.9494478702545166 -0.277753621339798 2.1080896854400635 
vn -2.948474168777466 0.007942947559058666 2.1276443004608154 
vn -2.651806592941284 -0.007944145239889622 2.4876275062561035 
vn -2.63912034034729 -0.30942395329475403 2.4818809032440186 
vn -2.4967215061187744 -0.023831067606806755 2.643150568008423 
vn -2.359128475189209 -0.24606214463710785 2.755793571472168 
vn -2.2902307510375977 0.007942906580865383 2.8240420818328857 
vn -1.9146322011947632 -0.2935916483402252 3.0770797729492188 
vn -3.3377459049224854 -0.2777535617351532 1.4151813983917236 
vn -3.3510472774505615 0.007943015545606613 1.4109753370285034 
vn -3.491764783859253 -0.2777535021305084 0.9751230478286743 
vn -3.4966886043548584 0.007943063043057919 0.9967636466026306 
vn -3.6133832931518555 0.007943139411509037 0.40476083755493164 
vn -3.491764783859253 0.2777525782585144 0.9751231670379639 
vn -3.340177297592163 0.2935904860496521 1.4062196016311646 
vn -3.211472511291504 0.2935904562473297 1.6794884204864502 
vn -2.9494478702545166 0.27775245904922485 2.1080896854400635 
vn -2.635744571685791 0.27775242924690247 2.489203929901123 
vn -2.4802565574645996 0.27775242924690247 2.6441659927368164 
vn -2.29449200630188 0.27775242924690247 2.806882858276367 
vn -1.9152917861938477 0.2777523994445801 3.0781397819519043 
vn -1.9331316947937012 -0.007944165728986263 3.0795085430145264 
vn -1.4979760646820068 -0.007944159209728241 3.313070774078369 
vn -1.4837592840194702 -0.3094239830970764 3.305018663406372 
vn -1.2951799631118774 -0.023831067606806755 3.397406816482544 
vn -1.121690034866333 -0.24606214463710785 3.4498836994171143 
vn -3.6021006107330322 -0.27775344252586365 0.4100691080093384 
vn -1.5044147968292236 0.27775242924690247 3.298487901687622 
vn -1.2763694524765015 0.27775242924690247 3.3932533264160156 
vn -1.0686569213867188 0.27775242924690247 3.4642834663391113 
vn -1.0351831912994385 0.007942925207316875 3.4855079650878906 
vn -0.5881609916687012 0.27775245904922485 3.577338695526123 
vn -0.6075039505958557 -0.007944116368889809 3.584872245788574 
vn -0.5879583358764648 -0.29359158873558044 3.5761070251464844 
vn 0.6577373743057251 1.6031100749969482 3.196537971496582 
vn 0.17231301963329315 1.5888351202011108 3.265937328338623 
vn 0.45362237095832825 1.041686773300171 3.453917980194092 
vn -0.09615679085254669 0.8267754316329956 3.5394392013549805 
vn 1.1758219003677368 0.8112967610359192 3.343601942062378 
vn 1.0926631689071655 1.5745301246643066 3.0898830890655518 
vn 0.5174148082733154 2.297041654586792 2.7706174850463867 
vn 0.9576900005340576 2.2723236083984375 2.6720428466796875 
vn 1.4890543222427368 1.58883535861969 2.911830186843872 
vn 1.6206011772155762 0.8576854467391968 3.1398186683654785 
vn 2.0868453979492188 0.8576855659484863 2.851295232772827 
vn 1.939102292060852 1.5745302438735962 2.642190933227539 
vn 2.5791022777557373 0.8576856255531311 2.4151690006256104 
vn 2.390481948852539 1.5745303630828857 2.2420716285705566 
vn 1.6696581840515137 2.259899854660034 2.307711601257324 
vn 2.080772638320923 2.259899854660034 1.9451676607131958 
vn 2.4148311614990234 2.2599000930786133 1.5105897188186646 
vn 2.7755868434906006 1.5745304822921753 1.7428158521652222 
vn 2.9966392517089844 0.8576857447624207 1.8721543550491333 
vn 3.3112337589263916 0.857685923576355 1.2331013679504395 
vn 3.067730665206909 1.5745306015014648 1.1533944606781006 
vn 2.6691696643829346 2.2599000930786133 0.9943956136703491 
vn 2.810218334197998 2.2599000930786133 0.4647180140018463 
vn 3.2318267822265625 1.5745307207107544 0.5445966124534607 
vn 3.486936569213867 0.8576859831809998 0.5710361003875732 
vn 1.3099640607833862 2.2723238468170166 2.518129825592041 
vn -3.049561023712158 -1.5025599002838135 1.289544939994812 
vn -3.0470528602600098 -1.517012596130371 1.2785059213638306 
vn -3.1822328567504883 -1.5170124769210815 0.8902260065078735 
vn -3.1822328567504883 -1.5170124769210815 0.8902260065078735 
vn -3.282553195953369 -1.5170124769210815 0.3794114589691162 
vn -3.282553195953369 -1.5170124769210815 0.3794114589691162 
vn -3.3106610774993896 -1.502559781074524 -0.047674715518951416 
vn -3.3106610774993896 -1.502559781074524 -0.047674715518951416 
vn -3.262208938598633 -1.5025596618652344 -0.5663415193557739 
vn -3.262208938598633 -1.5025596618652344 -0.5663415193557739 
vn -0.5294045209884644 -1.517012596130371 3.261723518371582 
vn -0.058437783271074295 -1.560195803642273 3.2837188243865967 
vn -0.5294045209884644 -1.517012596130371 3.261723518371582 
vn -0.15988202393054962 -1.5458307266235352 3.2871387004852295 
vn 0.0880642756819725 -1.4735686779022217 3.3228414058685303 
vn 0.09615927934646606 -1.4590307474136353 3.329026699066162 
vn 0.21290871500968933 -1.5025599002838135 3.304152011871338 
vn 0.20869296789169312 -1.517012596130371 3.2978105545043945 
vn 0.5896345376968384 -1.5170124769210815 3.2513749599456787 
vn 0.6166008114814758 -1.5170124769210815 3.246368885040283 
vn 1.1187891960144043 -1.5170124769210815 3.1092474460601807 
vn 1.1187891960144043 -1.5170124769210815 3.1092474460601807 
vn 1.5010337829589844 -1.502559781074524 2.9512112140655518 
vn 1.5254449844360352 -1.502559781074524 2.9386677742004395 
vn 1.9453352689743042 -1.5025596618652344 2.679257392883301 
vn 1.9453352689743042 -1.5025596618652344 2.679257392883301 
vn 2.41780161857605 -1.5025595426559448 2.262075424194336 
vn 2.41780161857605 -1.5025595426559448 2.262075424194336 
vn 2.817169189453125 -1.5025594234466553 1.7396289110183716 
vn 2.817169189453125 -1.5025594234466553 1.7396289110183716 
vn 3.0957813262939453 -1.5025593042373657 1.1742613315582275 
vn 3.0957813262939453 -1.5025593042373657 1.1742613315582275 
vn 3.266791582107544 -1.5025591850280762 0.539280891418457 
vn 3.266791582107544 -1.5025591850280762 0.539280891418457 
vn -2.43989634513855 2.5569546222686768 0.8540079593658447 
vn -2.1188294887542725 2.7932589054107666 0.9636949300765991 
vn -2.34906005859375 2.720769166946411 0.5475144386291504 
vn -3.2861735820770264 -1.0112056732177734 -1.1827763319015503 
vn -3.45809006690979 -1.117538571357727 -0.11469381302595139 
vn -3.3136467933654785 -1.026456356048584 -1.0892964601516724 
vn -3.4548041820526123 -1.1326459646224976 -0.04330489784479141 
vn -3.2749505043029785 -1.1627955436706543 1.069130778312683 
vn -3.3819620609283447 -1.1175386905670166 0.7306678295135498 
vn -3.053786516189575 -1.207852840423584 1.5607415437698364 
vn -2.7248694896698 -1.31216561794281 2.0183513164520264 
vn -2.6063168048858643 -1.31216561794281 2.169278383255005 
vn -2.156947374343872 -1.3712282180786133 2.5860676765441895 
vn -2.051645040512085 -1.385928988456726 2.662778377532959 
vn -1.6478863954544067 -1.4006034135818481 2.9228780269622803 
vn -1.6741893291473389 -1.4152511358261108 2.9007914066314697 
vn -1.1778746843338013 -1.3417481184005737 3.1674530506134033 
vn -1.0364011526107788 -1.31216561794281 3.2287039756774902 
vn -0.3075887858867645 -1.207852840423584 3.41568660736084 
vn -0.13091829419136047 -1.1778373718261719 3.4374399185180664 
vn 0.7321045398712158 -1.312164545059204 -3.3109941482543945 
vn 1.3203866481781006 -1.1928552389144897 -3.17082142829895 
vn 0.7952529191970825 -1.2973356246948242 -3.3022608757019043 
vn 1.7517852783203125 -1.087259292602539 -2.9949207305908203 
vn 2.005521535873413 -1.087259292602539 -2.831286907196045 
vn 2.3894240856170654 -1.2228249311447144 -2.452709913253784 
vn 2.42024564743042 -1.2377749681472778 -2.414696455001831 
vn 2.872264862060547 -1.2824817895889282 -1.82366943359375 
vn 2.936988592147827 -1.2676036357879639 -1.728500247001648 
vn 3.2713794708251953 -1.2377750873565674 -0.9931890368461609 
vn 3.2943387031555176 -1.2377750873565674 -0.9141553640365601 
vn 3.4740712642669678 -1.0720889568328857 0.043442074209451675 
vn 3.4818060398101807 -1.0112053155899048 0.27372270822525024 
vn -3.448683023452759 0.7025285959243774 -0.9129475355148315 
vn -3.0171658992767334 0.8267759084701538 -1.8529936075210571 
vn -3.448683023452759 0.7025285959243774 -0.9129475355148315 
vn -3.1281943321228027 0.7802934646606445 -1.6810637712478638 
vn -2.8416526317596436 0.6713269948959351 -2.1667401790618896 
vn -2.6322896480560303 0.6557067632675171 -2.421060562133789 
vn -2.6136155128479004 0.6557067632675171 -2.4412078857421875 
vn -1.9624651670455933 0.6713271737098694 -2.9863829612731934 
vn -1.9624651670455933 0.6713271737098694 -2.9863829612731934 
vn -1.0201072692871094 0.6713273525238037 -3.4247822761535645 
vn -1.0201072692871094 0.6713273525238037 -3.4247822761535645 
vn -0.20292213559150696 0.7025293111801147 -3.5617003440856934 
vn -0.17533859610557556 0.7181102633476257 -3.5600571632385254 
vn 0.39901217818260193 0.7647697329521179 -3.5321877002716064 
vn 0.4262981712818146 0.7647697329521179 -3.528998374938965 
vn 0.9363313317298889 0.8267765045166016 -3.4146974086761475 
vn 0.962790846824646 0.8267765045166016 -3.4073314666748047 
vn -0.9920288324356079 -2.3701353073120117 -2.5726985931396484 
vn 0.08032261580228806 -2.3821604251861572 -2.7457785606384277 
vn -0.30788058042526245 -3.065023183822632 -1.9316534996032715 
vn 0.15796861052513123 -2.234922170639038 -2.8636703491210938 
vn 1.8678069114685059 -3.065023183822632 -0.5808385610580444 
vn 2.4330997467041016 -2.3821604251861572 -1.2750601768493652 
vn 2.7462596893310547 -2.3701353073120117 -0.24689508974552155 
vn 2.7462596893310547 -2.3701353073120117 -0.24689508974552155 
vn 1.8678069114685059 -3.065023183822632 -0.5808385610580444 
vn 2.29673433303833 -2.803402900695801 0.2939136326313019 
vn 2.319776773452759 -2.699587345123291 -0.7424986958503723 
vn 2.1228270530700684 -2.699587345123291 -1.1942672729492188 
vn 0.8649526238441467 -3.519857883453369 -0.28793421387672424 
vn 0.7861865162849426 -3.519857883453369 -0.4614758789539337 
vn -0.020717112347483635 -3.5198581218719482 0.9113825559616089 
vn 0.19594456255435944 -3.5198581218719482 0.8903107047080994 
vn 0.9085562825202942 -3.519857883453369 -0.07466202974319458 
vn 0.9072867035865784 -3.519857883453369 0.08876675367355347 
vn 2.424532413482666 -2.69958758354187 -0.233046755194664 
vn 2.4187355041503906 -2.69958758354187 0.28703150153160095 
vn 2.3114445209503174 -2.69958758354187 0.7680437564849854 
vn 0.8603751063346863 -3.519857883453369 0.30133581161499023 
vn 2.0956790447235107 -2.699587821960449 1.2412880659103394 
vn 0.778922438621521 -3.519857883453369 0.4736328423023224 
vn 1.8029108047485352 -2.699587821960449 1.6377358436584473 
vn 0.68183434009552 -3.519857883453369 0.6051032543182373 
vn 1.4140903949737549 -2.699587821960449 1.9831829071044922 
vn 0.541126549243927 -3.519857883453369 0.7336416244506836 
vn 0.3517668843269348 -3.519857883453369 0.8410158157348633 
vn 0.49057668447494507 -2.6995880603790283 2.385791301727295 
vn -0.027147727087140083 -2.6995880603790283 2.4355549812316895 
vn -0.20975159108638763 -3.5198581218719482 0.8871592283248901 
vn 0.6730603575706482 -3.51985764503479 -0.6148488521575928 
vn 1.8208681344985962 -2.699587345123291 -1.6177477836608887 
vn 0.5524585843086243 -3.51985764503479 -0.7251474857330322 
vn 1.4579447507858276 -2.699587345123291 -1.9511704444885254 
vn 0.9859320521354675 -2.6995880603790283 2.227241277694702 
vn -0.021926438435912132 -2.0554111003875732 2.999207019805908 
vn -0.6476962566375732 -2.0554111003875732 2.9285171031951904 
vn -0.5168656706809998 -2.6995880603790283 2.3802342414855957 
vn -1.010441780090332 -2.6995880603790283 2.216229200363159 
vn -0.3896189033985138 -3.5198581218719482 0.8241627812385559 
vn -1.4358817338943481 -2.6995880603790283 1.967462420463562 
vn -0.530517578125 -3.5198581218719482 0.741348922252655 
vn -1.8208675384521484 -2.6995880603790283 1.6177469491958618 
vn -0.6730597019195557 -3.5198581218719482 0.6148478388786316 
vn -2.12282657623291 -2.6995880603790283 1.194266438484192 
vn -0.7861859202384949 -3.5198581218719482 0.46147486567497253 
vn -2.3197762966156006 -2.6995880603790283 0.7424979209899902 
vn -0.8649519681930542 -3.5198581218719482 0.2879331707954407 
vn -0.9085556268692017 -3.519857883453369 0.0746610015630722 
vn -2.424531936645508 -2.6995880603790283 0.23304596543312073 
vn -2.4187350273132324 -2.699587821960449 -0.2870323061943054 
vn -0.9072860479354858 -3.519857883453369 -0.08876778185367584 
vn -0.1959439218044281 -3.519857883453369 -0.8903117775917053 
vn 0.020717766135931015 -3.519857883453369 -0.9113835692405701 
vn 0.20975224673748016 -3.51985764503479 -0.8871602416038513 
vn 0.027148228138685226 -2.699587345123291 -2.4355556964874268 
vn -0.4905761778354645 -2.699587345123291 -2.3857920169830322 
vn -0.9859315752983093 -2.69958758354187 -2.2272419929504395 
vn -0.3517662286758423 -3.519857883453369 -0.8410168886184692 
vn -0.5411258935928345 -3.519857883453369 -0.7336426377296448 
vn -1.4140899181365967 -2.69958758354187 -1.9831836223602295 
vn -0.6818336844444275 -3.519857883453369 -0.6051043272018433 
vn -1.802910327911377 -2.69958758354187 -1.6377366781234741 
vn -2.0956785678863525 -2.699587821960449 -1.2412889003753662 
vn -0.7789217829704285 -3.519857883453369 -0.47363385558128357 
vn -0.8603744506835938 -3.519857883453369 -0.3013368248939514 
vn -2.311444044113159 -2.699587821960449 -0.7680445313453674 
vn -2.8465051651000977 -2.055410623550415 -0.9450568556785583 
vn -2.981093645095825 -2.055410861968994 -0.32985708117485046 
vn 0.5168662071228027 -2.699587345123291 -2.380234956741333 
vn 0.38961952924728394 -3.51985764503479 -0.8241638541221619 
vn 1.0104422569274902 -2.699587345123291 -2.2162299156188965 
vn 3.3915507793426514 1.2527021169662476 0.38542842864990234 
vn 3.4644837379455566 1.0264564752578735 0.4051835834980011 
vn 3.397660255432129 1.252702236175537 -0.3272261619567871 
vn 3.4719812870025635 1.026456594467163 -0.334913969039917 
vn 3.2556540966033936 1.252702236175537 -1.0256155729293823 
vn 3.590864419937134 0.4042831063270569 0.40333837270736694 
vn 3.597736358642578 0.40428319573402405 -0.3365721106529236 
vn 3.611963987350464 -0.007943259552121162 0.41723519563674927 
vn 3.619084358215332 -0.007943146862089634 -0.3501408100128174 
vn 3.4455747604370117 0.4042833149433136 -1.088578224182129 
vn 3.4649882316589355 -0.007943050004541874 -1.1019195318222046 
vn 3.3231558799743652 1.0264567136764526 -1.0599321126937866 
vn 2.9717233180999756 1.2527023553848267 -1.679295301437378 
vn 3.038292646408081 1.0264567136764526 -1.7133586406707764 
vn 2.5582449436187744 1.2527023553848267 -2.2597687244415283 
vn 2.6083908081054688 1.0264568328857422 -2.31584095954895 
vn 2.0332441329956055 1.2527024745941162 -2.7417311668395996 
vn 2.0831410884857178 1.0264568328857422 -2.797739028930664 
vn 1.4196072816848755 1.2527024745941162 -3.104172468185425 
vn 1.4459465742111206 1.0264568328857422 -3.174280881881714 
vn 0.7440850138664246 1.2527023553848267 -3.3312923908233643 
vn 0.7436496615409851 1.0264568328857422 -3.4079034328460693 
vn 0.775582492351532 0.40428340435028076 -3.529229164123535 
vn 1.5032285451889038 0.40428343415260315 -3.2859232425689697 
vn 1.4979760646820068 -0.007942907512187958 -3.313070774078369 
vn 2.1599624156951904 -0.00794290378689766 -2.92488169670105 
vn 2.1410491466522217 0.40428346395492554 -2.9108240604400635 
vn 2.7257308959960938 -0.007942927069962025 -2.406400203704834 
vn 2.707350254058838 0.40428343415260315 -2.3931660652160645 
vn 3.138071298599243 0.4042833745479584 -1.7915065288543701 
vn 3.1565401554107666 -0.007942975498735905 -1.8046120405197144 
vn 0.7960754036903381 -0.00794293824583292 -3.547764778137207 
vn -1.4071093797683716 1.2527012825012207 3.1098580360412598 
vn -2.0610482692718506 1.0264556407928467 2.814054489135742 
vn -2.0221991539001465 1.2527012825012207 2.7498881816864014 
vn -2.608391046524048 1.0264556407928467 2.3158411979675293 
vn -2.5491344928741455 1.2527012825012207 2.2700414657592773 
vn -3.03829288482666 1.0264556407928467 1.713358998298645 
vn -2.964944362640381 1.2527012825012207 1.6912357807159424 
vn -3.3231561183929443 1.0264557600021362 1.0599323511123657 
vn -3.251502513885498 1.2527014017105103 1.0387035608291626 
vn -1.4459468126296997 1.0264556407928467 3.174281358718872 
vn -2.1520915031433105 0.40428221225738525 2.902669668197632 
vn -1.4907352924346924 0.40428221225738525 3.2916102409362793 
vn -1.4979760646820068 -0.007944159209728241 3.313070774078369 
vn -2.1599624156951904 -0.007944163866341114 2.92488169670105 
vn -2.7257308959960938 -0.007944139651954174 2.406400203704834 
vn -2.69823956489563 0.40428221225738525 2.4034335613250732 
vn -3.1565401554107666 -0.007944091223180294 1.8046120405197144 
vn -3.1448543071746826 0.40428227186203003 1.7795729637145996 
vn -3.4649882316589355 -0.007944016717374325 1.1019195318222046 
vn -3.4414145946502686 0.4042823314666748 1.1016595363616943 
vn -3.619084358215332 -0.00794392079114914 0.3501408100128174 
vn -3.5964319705963135 0.40428245067596436 0.35023677349090576 
vn -3.611963987350464 -0.007943807169795036 -0.41723519563674927 
vn -3.589306116104126 0.4042825400829315 -0.4169762134552002 
vn -3.4719812870025635 1.0264558792114258 0.33491426706314087 
vn -3.4644837379455566 1.0264559984207153 -0.4051832854747772 
vn -3.3963167667388916 1.2527015209197998 0.34089091420173645 
vn -3.3930740356445312 1.2527015209197998 -0.3717823624610901 
vn 0.6342981457710266 -2.055410146713257 -2.9314489364624023 
vn 0.5168662071228027 -2.699587345123291 -2.380234956741333 
vn 1.2324209213256836 -2.055410146713257 -2.7343857288360596 
vn 1.0104422569274902 -2.699587345123291 -2.2162299156188965 
vn 1.7762115001678467 -2.055410146713257 -2.4167749881744385 
vn 1.4579447507858276 -2.699587345123291 -1.9511704444885254 
vn 1.8208681344985962 -2.699587345123291 -1.6177477836608887 
vn 2.2416958808898926 -2.055410146713257 -1.9926180839538574 
vn 2.6083531379699707 -2.055410146713257 -1.4806147813796997 
vn 2.1228270530700684 -2.699587345123291 -1.1942672729492188 
vn 2.319776773452759 -2.699587345123291 -0.7424986958503723 
vn 2.8600189685821533 -2.055410146713257 -0.9033373594284058 
vn 2.424532413482666 -2.69958758354187 -0.233046755194664 
vn 2.985598087310791 -2.055410146713257 -0.286235511302948 
vn 2.9795544147491455 -2.055410385131836 0.3434852957725525 
vn 2.4187355041503906 -2.69958758354187 0.28703150153160095 
vn 2.4187355041503906 -2.69958758354187 0.28703150153160095 
vn 2.3114445209503174 -2.69958758354187 0.7680437564849854 
vn 2.9795544147491455 -2.055410385131836 0.3434852957725525 
vn 2.8421542644500732 -2.055410385131836 0.9580632448196411 
vn 2.5794551372528076 -2.055410623550415 1.5304040908813477 
vn 2.0956790447235107 -2.699587821960449 1.2412880659103394 
vn 2.221560478210449 -2.055410623550415 2.0150420665740967 
vn 1.8029108047485352 -2.699587821960449 1.6377358436584473 
vn 1.7518372535705566 -2.055410861968994 2.434500217437744 
vn 1.4140903949737549 -2.699587821960449 1.9831829071044922 
vn 0.9859320521354675 -2.6995880603790283 2.227241277694702 
vn 1.2048827409744263 -2.055410861968994 2.746630907058716 
vn 0.6048099398612976 -2.055410861968994 2.937674045562744 
vn 0.49057668447494507 -2.6995880603790283 2.385791301727295 
vn -0.021926438435912132 -2.0554111003875732 2.999207019805908 
vn -0.027147727087140083 -2.6995880603790283 2.4355549812316895 
vn -0.5168656706809998 -2.6995880603790283 2.3802342414855957 
vn -1.010441780090332 -2.6995880603790283 2.216229200363159 
vn -0.6476962566375732 -2.0554111003875732 2.9285171031951904 
vn -1.244911789894104 -2.0554111003875732 2.7287209033966064 
vn -1.010441780090332 -2.6995880603790283 2.216229200363159 
vn -1.4358817338943481 -2.6995880603790283 1.967462420463562 
vn -1.244911789894104 -2.0554111003875732 2.7287209033966064 
vn -1.787244200706482 -2.0554111003875732 2.4086265563964844 
vn -2.250784158706665 -2.0554111003875732 1.982345461845398 
vn -1.8208675384521484 -2.6995880603790283 1.6177469491958618 
vn -2.12282657623291 -2.6995880603790283 1.194266438484192 
vn -2.6150963306427 -2.0554111003875732 1.4686710834503174 
vn -2.3197762966156006 -2.6995880603790283 0.7424979209899902 
vn -2.8558578491210938 -2.055410861968994 0.9164059162139893 
vn -2.984257459640503 -2.055410861968994 0.2998848259449005 
vn -2.424531936645508 -2.6995880603790283 0.23304596543312073 
vn -2.981093645095825 -2.055410861968994 -0.32985708117485046 
vn -2.4187350273132324 -2.699587821960449 -0.2870323061943054 
vn -2.8465051651000977 -2.055410623550415 -0.9450568556785583 
vn -2.311444044113159 -2.699587821960449 -0.7680445313453674 
vn -2.586426258087158 -2.055410623550415 -1.5185930728912354 
vn -2.0956785678863525 -2.699587821960449 -1.2412889003753662 
vn -2.212322235107422 -2.055410385131836 -2.0251808166503906 
vn -1.802910327911377 -2.69958758354187 -1.6377366781234741 
vn -1.7406857013702393 -2.055410385131836 -2.44248628616333 
vn -1.4140899181365967 -2.69958758354187 -1.9831836223602295 
vn -0.9859315752983093 -2.69958758354187 -2.2272419929504395 
vn -1.1923097372055054 -2.055410385131836 -2.752112627029419 
vn -0.5913694500923157 -2.055410146713257 -2.9404096603393555 
vn -0.4905761778354645 -2.699587345123291 -2.3857920169830322 
vn 0.035641688853502274 -2.055410146713257 -2.9990758895874023 
vn 0.027148228138685226 -2.699587345123291 -2.4355556964874268 
vn 0.6342981457710266 -2.055410146713257 -2.9314489364624023 
vn 0.5168662071228027 -2.699587345123291 -2.380234956741333 
vn 3.2375922203063965 1.252701997756958 1.0812808275222778 
vn 3.3915507793426514 1.2527021169662476 0.38542842864990234 
vn 3.309772253036499 1.026456356048584 1.1010123491287231 
vn 3.4644837379455566 1.0264564752578735 0.4051835834980011 
vn 3.0029585361480713 1.0264562368392944 1.774559497833252 
vn 2.9424962997436523 1.2527018785476685 1.7299964427947998 
vn 2.5795061588287354 1.0264561176300049 2.3479714393615723 
vn 2.519127130508423 1.252701759338379 2.303295850753784 
vn 2.0260345935821533 1.0264559984207153 2.839367151260376 
vn 1.9859404563903809 1.2527016401290894 2.77618670463562 
vn 1.4065182209014893 1.0264558792114258 3.1919474601745605 
vn 1.366180181503296 1.2527015209197998 3.128054618835449 
vn 0.7013814449310303 1.0264557600021362 3.416853427886963 
vn 0.6868634223937988 1.2527014017105103 3.343559980392456 
vn -0.03533424437046051 1.0264556407928467 3.4879183769226074 
vn -0.022395864129066467 1.2527012825012207 3.4133081436157227 
vn -0.026696283370256424 0.4042823016643524 3.613347053527832 
vn 0.7367945909500122 0.4042823612689972 3.5375306606292725 
vn 1.4419366121292114 0.40428248047828674 3.31327748298645 
vn 0.7301071286201477 -0.007943989709019661 3.5619254112243652 
vn 1.4614261388778687 -0.007943887263536453 3.329354763031006 
vn 2.1089673042297363 0.4042825996875763 2.9341516494750977 
vn 2.1053173542022705 -0.00794377364218235 2.9644575119018555 
vn 2.6624324321746826 0.40428271889686584 2.4430394172668457 
vn 2.6806089878082275 -0.007943646050989628 2.456563711166382 
vn 3.1364898681640625 -0.007943512871861458 1.8392393589019775 
vn 3.1182165145874023 0.4042828381061554 1.8258461952209473 
vn -0.03373546898365021 -0.007944070734083652 3.6358261108398438 
vn 3.4247610569000244 0.40428298711776733 1.152388572692871 
vn 3.590864419937134 0.4042831063270569 0.40333837270736694 
vn 3.4526522159576416 -0.007943380624055862 1.1399837732315063 
vn 3.611963987350464 -0.007943259552121162 0.41723519563674927 
vn -3.611963987350464 -0.007943807169795036 -0.41723519563674927 
vn -3.4526522159576416 -0.007943686097860336 -1.1399837732315063 
vn -3.589306116104126 0.4042825400829315 -0.4169762134552002 
vn -3.4291141033172607 0.40428268909454346 -1.1393702030181885 
vn -3.309772491455078 1.0264561176300049 -1.1010119915008545 
vn -3.111258029937744 0.404282808303833 -1.83767831325531 
vn -3.0029587745666504 1.0264562368392944 -1.7745592594146729 
vn -3.2419159412384033 1.2527016401290894 -1.0682485103607178 
vn -2.949431896209717 1.252701759338379 -1.7181459665298462 
vn -2.5795063972473145 1.026456356048584 -2.347971200942993 
vn -2.5098419189453125 1.2527018785476685 -2.3134102821350098 
vn -2.0260348320007324 1.0264564752578735 -2.839366912841797 
vn -1.9747575521469116 1.252701997756958 -2.7841525077819824 
vn -1.4065184593200684 1.026456594467163 -3.1919472217559814 
vn -1.3535866737365723 1.2527021169662476 -3.1335244178771973 
vn -0.7013816237449646 1.026456594467163 -3.4168529510498047 
vn -0.6734086275100708 1.252702236175537 -3.3462953567504883 
vn 0.03533405438065529 1.0264567136764526 -3.4879181385040283 
vn 0.03612552583217621 1.2527023553848267 -3.4131901264190674 
vn 0.7436496615409851 1.0264568328857422 -3.4079034328460693 
vn 0.7440850138664246 1.2527023553848267 -3.3312923908233643 
vn -3.3930740356445312 1.2527015209197998 -0.3717823624610901 
vn -3.4644837379455566 1.0264559984207153 -0.4051832854747772 
vn -3.1364898681640625 -0.007943553850054741 -1.8392393589019775 
vn -2.6806089878082275 -0.007943421602249146 -2.456563711166382 
vn 0.04042231664061546 0.4042833745479584 -3.6132192611694336 
vn 0.775582492351532 0.40428340435028076 -3.529229164123535 
vn 0.7960754036903381 -0.00794293824583292 -3.547764778137207 
vn 0.033735472708940506 -0.007942995987832546 -3.6358261108398438 
vn -0.7233510613441467 0.4042832851409912 -3.5403037071228027 
vn -0.7301071286201477 -0.007943077944219112 -3.5619254112243652 
vn -1.4545127153396606 0.40428316593170166 -3.3077757358551025 
vn -1.4614261388778687 -0.007943179458379745 -3.329354763031006 
vn -2.1053173542022705 -0.007943293079733849 -2.9644575119018555 
vn -2.097805976867676 0.4042830765247345 -2.9421417713165283 
vn -2.671694040298462 0.40428292751312256 -2.432907819747925 
vn -1.4071093797683716 1.2527012825012207 3.1098580360412598 
vn -0.7306791543960571 1.2527012825012207 3.334259033203125 
vn -1.4459468126296997 1.0264556407928467 3.174281358718872 
vn -0.7436498403549194 1.0264556407928467 3.4079036712646484 
vn -0.7889835834503174 0.40428224205970764 3.5262577533721924 
vn -0.03533424437046051 1.0264556407928467 3.4879183769226074 
vn -0.026696283370256424 0.4042823016643524 3.613347053527832 
vn -0.7960754036903381 -0.007944128476083279 3.547764778137207 
vn -0.03373546898365021 -0.007944070734083652 3.6358261108398438 
vn -0.022395864129066467 1.2527012825012207 3.4133081436157227 
vn -1.4907352924346924 0.40428221225738525 3.2916102409362793 
vn -1.4979760646820068 -0.007944159209728241 3.313070774078369 
vn -3.5715909004211426 -0.26191002130508423 -0.628947913646698 
vn -3.5801823139190674 0.007943294942378998 -0.6345589756965637 
vn -3.626119375228882 -0.2619101107120514 -0.055622100830078125 
vn -3.635467767715454 0.007943205535411835 -0.06119174510240555 
vn -3.6021006107330322 0.2777526378631592 0.41006916761398315 
vn -3.6249406337738037 0.27775272727012634 -0.055604103952646255 
vn -3.570429563522339 0.2777528166770935 -0.6287432909011841 
vn -3.5801823139190674 0.007943294942378998 -0.6345589756965637 
vn -3.407155990600586 0.007943403907120228 -1.2695106267929077 
vn -3.5715909004211426 -0.26191002130508423 -0.628947913646698 
vn -3.3894996643066406 -0.2619099020957947 -1.2896230220794678 
vn -3.071866750717163 -0.2619097828865051 -1.9275555610656738 
vn -3.0940191745758057 0.007943527773022652 -1.909820556640625 
vn -2.6619808673858643 0.007943650707602501 -2.4767370223999023 
vn -3.0708682537078857 0.2777530550956726 -1.9269288778305054 
vn -2.6535348892211914 0.27775317430496216 -2.4702303409576416 
vn -2.1192383766174316 0.2777532935142517 -2.9414474964141846 
vn -2.1276443004608154 0.007943769916892052 -2.948474168777466 
vn -2.1199276447296143 -0.261909544467926 -2.942404270172119 
vn -1.51154363155365 0.007943879812955856 -3.3069028854370117 
vn -3.570429563522339 0.2777528166770935 -0.6287432909011841 
vn -3.3883979320526123 0.27775290608406067 -1.2892037630081177 
vn -2.654397964477539 -0.2619096636772156 -2.471033811569214 
vn -1.5035979747772217 -0.26190945506095886 -3.3001558780670166 
vn -0.8292080163955688 -0.2619093358516693 -3.5304744243621826 
vn -0.8373547792434692 0.007943975739181042 -3.5382490158081055 
vn -0.13098721206188202 0.007944055832922459 -3.633622407913208 
vn -0.8289385437965393 0.27775347232818604 -3.5293266773223877 
vn -0.12275899201631546 0.2777535617351532 -3.6232879161834717 
vn 0.5881609320640564 0.277753621339798 -3.577338695526123 
vn 0.5804142951965332 0.00794411450624466 -3.589357852935791 
vn 0.5883523225784302 -0.26190921664237976 -3.5785021781921387 
vn -0.12279875576496124 -0.26190927624702454 -3.6244664192199707 
vn -1.503109335899353 0.27775338292121887 -3.2990829944610596 
vn 3.589357852935791 0.007943781092762947 0.580414354801178 
vn 3.576249599456787 -0.261909544467926 0.6018927097320557 
vn 3.407155990600586 0.007943662814795971 1.2695106267929077 
vn 3.3894996643066406 -0.2619096636772156 1.2896230220794678 
vn 3.071866750717163 -0.2619097828865051 1.9275554418563843 
vn 3.0940191745758057 0.007943539880216122 1.909820556640625 
vn 2.6619808673858643 0.007943416945636272 2.4767370223999023 
vn 3.0708682537078857 0.2777530550956726 1.926928997039795 
vn 2.6535348892211914 0.27775293588638306 2.4702305793762207 
vn 2.141444683074951 0.2777528166770935 2.925320863723755 
vn 2.1498501300811768 0.007943302392959595 2.9323222637176514 
vn 2.142141103744507 -0.26191002130508423 2.926271915435791 
vn 1.6518909931182861 -0.2619101107120514 3.2284815311431885 
vn 1.6597813367843628 0.007943212054669857 3.235041856765747 
vn 1.2234998941421509 -0.27775344252586365 3.412672519683838 
vn 1.2319393157958984 0.007943144999444485 3.4209203720092773 
vn 0.667834460735321 -0.2777535021305084 3.5633246898651123 
vn 3.575086832046509 0.2777532935142517 0.6016970276832581 
vn 3.388397693634033 0.27775317430496216 1.2892037630081177 
vn 2.654397964477539 -0.2619099020957947 2.471033811569214 
vn 1.6513538360595703 0.27775272727012634 3.2274317741394043 
vn 1.2234998941421509 0.27775266766548157 3.412672519683838 
vn 0.6678344011306763 0.2777525782585144 3.5633246898651123 
vn 0.6762271523475647 0.00794307142496109 3.5725462436676025 
vn 0.21326878666877747 0.007943020202219486 3.6297225952148438 
vn 0.20500612258911133 -0.2777535617351532 3.619565963745117 
vn -0.08864440768957138 0.007942991331219673 3.634901762008667 
vn -0.09676127135753632 -0.2777535915374756 3.624075412750244 
vn -0.5879583358764648 -0.29359158873558044 3.5761070251464844 
vn -0.6075039505958557 -0.007944116368889809 3.584872245788574 
vn -0.5881609916687012 0.27775245904922485 3.577338695526123 
vn -0.10092931240797043 0.2935904860496521 3.622713088989258 
vn 0.20110270380973816 0.2935904860496521 3.618535041809082 
vn 0.5804142951965332 0.00794411450624466 -3.589357852935791 
vn 1.2695106267929077 0.007944151759147644 -3.407155990600586 
vn 0.5883523225784302 -0.26190921664237976 -3.5785021781921387 
vn 1.2767844200134277 -0.2619091868400574 -3.3943567276000977 
vn 1.9159146547317505 -0.261909157037735 -3.0791409015655518 
vn 1.909820556640625 0.007944165728986263 -3.0940191745758057 
vn 2.4767370223999023 0.007944154553115368 -2.6619808673858643 
vn 1.9152917861938477 0.27775368094444275 -3.0781397819519043 
vn 2.4802565574645996 0.27775365114212036 -2.6441659927368164 
vn 2.9494478702545166 0.277753621339798 -2.1080896854400635 
vn 0.5881609320640564 0.277753621339798 -3.577338695526123 
vn 1.276369333267212 0.27775365114212036 -3.3932530879974365 
vn 2.4810631275177 -0.2619091868400574 -2.6450259685516357 
vn 2.9504072666168213 -0.26190921664237976 -2.1087753772735596 
vn 2.948474168777466 0.007944120094180107 -2.1276443004608154 
vn 3.3069028854370117 0.007944062352180481 -1.51154363155365 
vn 3.304748773574829 0.2777535617351532 -1.4906113147735596 
vn 3.5324389934539795 0.2777535021305084 -0.8155738711357117 
vn 3.5382490158081055 0.007943985052406788 -0.8373547792434692 
vn 3.633622407913208 0.007943890057504177 -0.13098721206188202 
vn 3.533587694168091 -0.2619093358516693 -0.8158391118049622 
vn 3.6249051094055176 -0.2619094252586365 -0.10907916724681854 
vn 3.576249599456787 -0.261909544467926 0.6018927097320557 
vn 3.589357852935791 0.007943781092762947 0.580414354801178 
vn 3.575086832046509 0.2777532935142517 0.6016970276832581 
vn 3.6237266063690186 0.27775338292121887 -0.10904360562562943 
vn 3.30582332611084 -0.26190927624702454 -1.491096019744873 
vn 0.5778051614761353 0.8576863408088684 -3.485821008682251 
vn -0.10563268512487411 0.8576862812042236 -3.5318055152893066 
vn 0.5310541391372681 1.5745309591293335 -3.234079360961914 
vn -0.09808140993118286 1.5745309591293335 -3.2759225368499756 
vn 0.46471747756004333 2.2599005699157715 -2.810218095779419 
vn -0.08216974884271622 2.2599003314971924 -2.847198009490967 
vn -0.6527626514434814 2.2599003314971924 -2.772578239440918 
vn -0.750339925289154 1.574530839920044 -3.1903414726257324 
vn -1.347386121749878 1.5745307207107544 -2.987614393234253 
vn -1.460096836090088 0.8576861023902893 -3.2175962924957275 
vn -1.916899561882019 1.5745307207107544 -2.6583425998687744 
vn -2.0534873008728027 0.8576859831809998 -2.875412702560425 
vn -2.569704055786133 0.8576858639717102 -2.425165891647339 
vn -2.390482187271118 1.5745306015014648 -2.2420711517333984 
vn -1.6473424434661865 2.2599000930786133 -2.3236937522888184 
vn -2.080772876739502 2.2599000930786133 -1.9451669454574585 
vn -2.4148316383361816 2.2599000930786133 -1.5105891227722168 
vn -2.775587320327759 1.5745304822921753 -1.742815375328064 
vn -3.0038869380950928 0.8576857447624207 -1.8605031967163086 
vn -3.3064205646514893 0.8576856255531311 -1.2459502220153809 
vn -3.0677309036254883 1.5745303630828857 -1.1533939838409424 
vn -2.6691701412200928 2.259899854660034 -0.9943949580192566 
vn -0.8118332624435425 0.8576862215995789 -3.438856601715088 
vn -1.1717488765716553 2.2599003314971924 -2.596207618713379 
vn -3.2271511554718018 1.5745302438735962 -0.5716515183448792 
vn -3.4800477027893066 0.8576855659484863 -0.6116185784339905 
vn 3.2960124015808105 1.4298714399337769 0.5587538480758667 
vn 3.452657461166382 0.9653393030166626 0.6063914895057678 
vn 3.1324515342712402 1.4298713207244873 1.1677545309066772 
vn 3.278458595275879 0.965339183807373 1.2410731315612793 
vn 2.9742515087127686 0.9653390645980835 1.8553657531738281 
vn 2.8430914878845215 1.4298712015151978 1.7586170434951782 
vn 2.443617343902588 1.4298710823059082 2.281367778778076 
vn 2.5563130378723145 0.965338945388794 2.398711681365967 
vn 2.0406248569488525 0.9653388261795044 2.850334405899048 
vn 1.995576024055481 1.222825288772583 2.782590389251709 
vn 1.4469057321548462 0.9653387069702148 3.1929638385772705 
vn 1.3798788785934448 1.429870843887329 3.0449695587158203 
vn 1.949500560760498 1.4298709630966187 2.7157599925994873 
vn 3.374105215072632 1.2228257656097412 0.5835626125335693 
vn 3.200330972671509 1.2228256464004517 1.2177907228469849 
vn 3.0323679447174072 1.9359062910079956 0.5267338156700134 
vn 2.881117343902588 1.935906171798706 1.082527995109558 
vn 2.6145668029785156 1.9359060525894165 1.6238057613372803 
vn 2.9085230827331543 1.222825527191162 1.807104468345642 
vn 2.490692138671875 1.2228254079818726 2.3498055934906006 
vn 1.7941412925720215 1.935905933380127 2.5007524490356445 
vn 1.4018678665161133 1.2228251695632935 3.1240837574005127 
vn 1.2717947959899902 1.9359058141708374 2.802720785140991 
vn 0.7005740404129028 1.9359056949615479 2.9969820976257324 
vn 2.247539758682251 1.9359060525894165 2.1026813983917236 
vn 0.7788206338882446 1.222825050354004 3.3344521522521973 
vn 0.09962183237075806 1.222825050354004 3.4227488040924072 
vn 0.10243052244186401 1.9359056949615479 3.076071262359619 
vn -0.4996493458747864 1.9359055757522583 3.0369486808776855 
vn -0.5565031170845032 1.2228249311447144 3.378674030303955 
vn 0.11830312758684158 0.9653385281562805 3.503506898880005 
vn -0.5657762289047241 0.9653384685516357 3.459545135498047 
vn 0.10443688184022903 1.4298707246780396 3.3414065837860107 
vn -0.5519847869873047 1.42987060546875 3.2971529960632324 
vn 0.7978589534759521 0.9653386473655701 3.413498878479004 
vn 0.7568138241767883 1.4298707246780396 3.2562458515167236 
vn -2.7117512226104736 1.42987060546875 1.9550732374191284 
vn -2.2763452529907227 1.42987060546875 2.4482967853546143 
vn -2.8423187732696533 0.9653384685516357 2.051774501800537 
vn -2.3886797428131104 0.9653384685516357 2.565690040588379 
vn -2.782590389251709 1.2228249311447144 1.99557626247406 
vn -3.1986072063446045 0.9653385281562805 1.434387445449829 
vn -3.0421295166015625 1.4298707246780396 1.386128544807434 
vn -3.416598320007324 0.9653386473655701 0.7844817042350769 
vn -3.2546849250793457 1.4298707246780396 0.7634986042976379 
vn -3.3411850929260254 1.429870843887329 0.11129805445671082 
vn -3.5039432048797607 0.9653387069702148 0.10457857698202133 
vn -3.4573023319244385 0.9653388261795044 -0.5793232917785645 
vn -3.378673791885376 1.222825288772583 -0.5565028190612793 
vn -3.4227488040924072 1.2228251695632935 0.09962212294340134 
vn -3.0369486808776855 1.935905933380127 -0.4996488690376282 
vn -3.076071262359619 1.9359058141708374 0.10243098437786102 
vn -2.9969818592071533 1.9359056949615479 0.700574517250061 
vn -3.3344521522521973 1.222825050354004 0.7788209319114685 
vn -3.1240837574005127 1.222825050354004 1.4018681049346924 
vn -3.2982795238494873 1.4298709630966187 -0.5452132225036621 
vn -2.802720546722412 1.9359056949615479 1.2717952728271484 
vn -2.5007522106170654 1.9359055757522583 1.7941417694091797 
vn -2.3498055934906006 1.2228249311447144 2.490692377090454 
vn -1.8071043491363525 1.2228249311447144 2.9085233211517334 
vn -1.8437007665634155 0.9653384685516357 2.981496810913086 
vn -1.7760969400405884 1.42987060546875 2.832204818725586 
vn -1.187027931213379 1.42987060546875 3.12519907951355 
vn -1.2282212972640991 0.9653384685516357 3.2832953929901123 
vn -1.2177906036376953 1.2228249311447144 3.200331211090088 
vn -1.6238056421279907 1.9359055757522583 2.614567279815674 
vn -1.0825278759002686 1.9359055757522583 2.881117820739746 
vn -0.4996493458747864 1.9359055757522583 3.0369486808776855 
vn -0.5565031170845032 1.2228249311447144 3.378674030303955 
vn -0.5657762289047241 0.9653384685516357 3.459545135498047 
vn -0.5519847869873047 1.42987060546875 3.2971529960632324 
vn -2.1026813983917236 1.9359055757522583 2.247540235519409 
vn -1.515975832939148 1.4298714399337769 -2.979550361633301 
vn -1.5953420400619507 0.9653393626213074 -3.121448040008545 
vn -1.1757867336273193 0.9806470274925232 -3.297922134399414 
vn -1.140575647354126 1.2377759218215942 -3.222954034805298 
vn -0.6372018456459045 1.2377759218215942 -3.3589162826538086 
vn -0.5581748485565186 1.9493361711502075 -3.018106460571289 
vn -1.960637092590332 1.4298714399337769 -2.707730531692505 
vn -1.1313645839691162 1.4444648027420044 -3.139103412628174 
vn -0.6460767984390259 0.9806471467018127 -3.4411263465881348 
vn -0.2102430909872055 0.9806471467018127 -3.494933843612671 
vn -0.21088671684265137 1.2527023553848267 -3.406860589981079 
vn -0.16845127940177917 1.962728500366211 -3.0561020374298096 
vn 0.09103722870349884 1.2527023553848267 -3.4121670722961426 
vn 0.07871320098638535 1.962728500366211 -3.0597283840179443 
vn 0.4887182116508484 1.962728500366211 -3.0214712619781494 
vn 0.5650997161865234 1.2377760410308838 -3.371795892715454 
vn 0.10954076051712036 0.9959362149238586 -3.4952175617218018 
vn 0.07254913449287415 1.4590307474136353 -3.329624652862549 
vn -0.19242097437381744 1.444464921951294 -3.3312056064605713 
vn -0.6013885736465454 1.444464921951294 -3.282116413116455 
vn 0.5833654999732971 0.9806472659111023 -3.452310562133789 
vn 0.5468910336494446 1.4444650411605835 -3.291635751724243 
vn -1.0350849628448486 1.949336051940918 -2.8894853591918945 
vn -1.5504131317138672 1.2228257656097412 -3.053088665008545 
vn -1.3955585956573486 1.9359064102172852 -2.743195056915283 
vn -2.0178122520446777 1.2228257656097412 -2.766507863998413 
vn -1.8163889646530151 1.9359062910079956 -2.4846396446228027 
vn -2.0628926753997803 0.9653393030166626 -2.8342597484588623 
vn -2.4342281818389893 1.4298713207244873 -2.2913832664489746 
vn -2.5563132762908936 0.965339183807373 -2.3987114429473877 
vn -2.490692377090454 1.2228256464004517 -2.3498051166534424 
vn -2.247540235519409 1.935906171798706 -2.1026809215545654 
vn -2.614567279815674 1.9359060525894165 -1.6238051652908325 
vn -2.9085233211517334 1.222825527191162 -1.8071041107177734 
vn -2.9742517471313477 0.9653390645980835 -1.855365514755249 
vn -2.835845947265625 1.4298712015151978 -1.7702773809432983 
vn -3.1276297569274902 1.4298710823059082 -1.1806079149246216 
vn -3.278458833694458 0.965338945388794 -1.2410728931427002 
vn -3.200331211090088 1.2228254079818726 -1.2177903652191162 
vn -2.881117582321167 1.9359060525894165 -1.0825273990631104 
vn -3.0369486808776855 1.935905933380127 -0.4996488690376282 
vn -3.378673791885376 1.222825288772583 -0.5565028190612793 
vn -3.4573023319244385 0.9653388261795044 -0.5793232917785645 
vn -3.2982795238494873 1.4298709630966187 -0.5452132225036621 
vn -3.262208938598633 -1.5025596618652344 -0.5663415193557739 
vn -3.095780849456787 -1.5025595426559448 -1.1742616891860962 
vn -3.262208938598633 -1.5025596618652344 -0.5663415193557739 
vn -3.095780849456787 -1.5025595426559448 -1.1742616891860962 
vn -2.817168712615967 -1.5025594234466553 -1.7396293878555298 
vn -2.817168712615967 -1.5025594234466553 -1.7396293878555298 
vn -2.4178013801574707 -1.5025593042373657 -2.262075901031494 
vn -2.4178013801574707 -1.5025593042373657 -2.262075901031494 
vn -1.9230595827102661 -1.5025591850280762 -2.6952908039093018 
vn -1.9230595827102661 -1.5025591850280762 -2.6952908039093018 
vn -1.3774640560150146 -1.5025590658187866 -3.010870933532715 
vn -1.3774640560150146 -1.5025590658187866 -3.010870933532715 
vn -0.755256712436676 -1.5025590658187866 -3.223715305328369 
vn -0.755256712436676 -1.5025590658187866 -3.223715305328369 
vn -0.103256955742836 -1.502558946609497 -3.309394121170044 
vn -0.103256955742836 -1.502558946609497 -3.309394121170044 
vn 0.5528161525726318 -1.502558946609497 -3.264528751373291 
vn 0.5528161525726318 -1.502558946609497 -3.264528751373291 
vn 0.5528161525726318 -1.502558946609497 -3.264528751373291 
vn 1.1614208221435547 -1.5025588274002075 -3.100621461868286 
vn 0.5528161525726318 -1.502558946609497 -3.264528751373291 
vn 1.1614208221435547 -1.5025588274002075 -3.100621461868286 
vn 1.7512903213500977 -1.5025588274002075 -2.8099350929260254 
vn 1.7512903213500977 -1.5025588274002075 -2.8099350929260254 
vn 2.2720770835876465 -1.5025588274002075 -2.4084055423736572 
vn 2.2720770835876465 -1.5025588274002075 -2.4084055423736572 
vn 2.6872973442077637 -1.502558946609497 -1.9342142343521118 
vn 2.6872973442077637 -1.502558946609497 -1.9342142343521118 
vn 3.016554117202759 -1.502558946609497 -1.3649739027023315 
vn 3.016554117202759 -1.502558946609497 -1.3649739027023315 
vn 3.2268176078796387 -1.5025590658187866 -0.7418895959854126 
vn 3.2268176078796387 -1.5025590658187866 -0.7418895959854126 
vn 3.3089377880096436 -1.5025590658187866 -0.11697228997945786 
vn 3.3089377880096436 -1.5025590658187866 -0.11697228997945786 
vn 3.266791582107544 -1.5025591850280762 0.539280891418457 
vn 3.266791582107544 -1.5025591850280762 0.539280891418457 
vn -0.5935724973678589 -0.5617330074310303 3.542959451675415 
vn -1.2556945085525513 -0.5617330074310303 3.365727424621582 
vn -0.5935724973678589 -0.5617330074310303 3.542959451675415 
vn -1.2556945085525513 -0.5617330074310303 3.365727424621582 
vn -1.895482063293457 -0.5617330074310303 3.051563024520874 
vn -1.895482063293457 -0.5617330074310303 3.051563024520874 
vn -2.4606502056121826 -0.5617330074310303 2.617267608642578 
vn -2.4606502056121826 -0.5617330074310303 2.617267608642578 
vn -2.912965774536133 -0.5617330074310303 2.1022653579711914 
vn -2.912965774536133 -0.5617330074310303 2.1022653579711914 
vn -3.270684003829956 -0.5617329478263855 1.4857711791992188 
vn -3.270684003829956 -0.5617329478263855 1.4857711791992188 
vn -3.4996447563171387 -0.561732828617096 0.8107864260673523 
vn -3.4996447563171387 -0.561732828617096 0.8107864260673523 
vn -3.5908353328704834 -0.5617327690124512 0.10388351231813431 
vn -3.5908353328704834 -0.5617327690124512 0.10388351231813431 
vn -3.5452020168304443 -0.5617326498031616 -0.5800275206565857 
vn -3.5452020168304443 -0.5617326498031616 -0.5800275206565857 
vn -3.5452020168304443 -0.5617326498031616 -0.5800275206565857 
vn -3.360903739929199 -0.5617325305938721 -1.268548846244812 
vn -3.5452020168304443 -0.5617326498031616 -0.5800275206565857 
vn -3.360903739929199 -0.5617325305938721 -1.268548846244812 
vn -3.0442965030670166 -0.5617324113845825 -1.9071310758590698 
vn -3.0442965030670166 -0.5617324113845825 -1.9071310758590698 
vn -2.626652717590332 -0.561732292175293 -2.450629472732544 
vn -2.626652717590332 -0.561732292175293 -2.450629472732544 
vn -2.1133830547332764 -0.5617321729660034 -2.904910087585449 
vn -2.1133830547332764 -0.5617321729660034 -2.904910087585449 
vn -1.6463732719421387 -0.5617321133613586 -3.1928584575653076 
vn -1.6463732719421387 -0.5617321133613586 -3.1928584575653076 
vn -1.2179218530654907 -0.5774229764938354 -3.3769338130950928 
vn -1.2179218530654907 -0.5774229764938354 -3.3769338130950928 
vn -0.6625262498855591 -0.5774229168891907 -3.5281829833984375 
vn -0.6625262498855591 -0.5774229168891907 -3.5281829833984375 
vn -0.2094905823469162 -0.593102753162384 -3.581169843673706 
vn -0.2094905823469162 -0.593102753162384 -3.581169843673706 
vn 0.06487776339054108 -0.6087713241577148 -3.584078788757324 
vn 0.11981425434350967 -0.5931026935577393 -3.5852901935577393 
vn 0.5931613445281982 -0.5774227976799011 -3.5405049324035645 
vn 0.5931613445281982 -0.5774227976799011 -3.5405049324035645 
vn 0.5931613445281982 -0.5774227976799011 -3.5405049324035645 
vn 1.046934962272644 -0.5774227380752563 -3.4337942600250244 
vn 0.5931613445281982 -0.5774227976799011 -3.5405049324035645 
vn 1.046934962272644 -0.5774227380752563 -3.4337942600250244 
vn 1.2556946277618408 -0.5617318153381348 -3.365727663040161 
vn 1.2556946277618408 -0.5617318153381348 -3.365727663040161 
vn 1.4830554723739624 -0.5774227380752563 -3.269183874130249 
vn 1.4830554723739624 -0.5774227380752563 -3.269183874130249 
vn 1.8941690921783447 -0.5774227380752563 -3.0494492053985596 
vn 1.8941690921783447 -0.5774227380752563 -3.0494492053985596 
vn 2.273343563079834 -0.5774227380752563 -2.7782955169677734 
vn 2.273343563079834 -0.5774227380752563 -2.7782955169677734 
vn 2.4606502056121826 -0.5617318153381348 -2.617267608642578 
vn 2.4606502056121826 -0.5617318153381348 -2.617267608642578 
vn 2.6141855716705322 -0.5774227380752563 -2.460294723510742 
vn 2.6141855716705322 -0.5774227380752563 -2.460294723510742 
vn 2.910947799682617 -0.5774227976799011 -2.100809335708618 
vn 2.910947799682617 -0.5774227976799011 -2.100809335708618 
vn 3.190091133117676 -0.6087712645530701 -1.634976863861084 
vn 3.167011260986328 -0.5931026935577393 -1.6848448514938354 
vn 3.3081791400909424 -0.593102753162384 -1.387304425239563 
vn 3.3081791400909424 -0.593102753162384 -1.387304425239563 
vn 3.45639705657959 -0.5774229168891907 -0.9697087407112122 
vn 3.45639705657959 -0.5774229168891907 -0.9697087407112122 
vn 3.5669524669647217 -0.5774229764938354 -0.4048035442829132 
vn 3.5669524669647217 -0.5774229764938354 -0.4048035442829132 
vn 3.591822385787964 -0.5617320537567139 0.06085309386253357 
vn 3.591822385787964 -0.5617320537567139 0.06085309386253357 
vn 3.5406651496887207 -0.5617321729660034 0.6071088910102844 
vn 3.5406651496887207 -0.5617321729660034 0.6071088910102844 
vn 3.5406651496887207 -0.5617321729660034 0.6071088910102844 
vn 3.5406651496887207 -0.5617321729660034 0.6071088910102844 
vn 3.3609039783477783 -0.561732292175293 1.268548607826233 
vn 3.3609039783477783 -0.561732292175293 1.268548607826233 
vn 3.0442967414855957 -0.5617324113845825 1.9071309566497803 
vn 3.0442967414855957 -0.5617324113845825 1.9071309566497803 
vn 2.626652956008911 -0.5617325305938721 2.450629234313965 
vn 2.626652956008911 -0.5617325305938721 2.450629234313965 
vn 2.0911171436309814 -0.5617326498031616 2.9209790229797363 
vn 2.0911171436309814 -0.5617326498031616 2.9209790229797363 
vn 1.4732602834701538 -0.5617327690124512 3.2763383388519287 
vn 1.4732602834701538 -0.5617327690124512 3.2763383388519287 
vn 0.8241559863090515 -0.561732828617096 3.496520519256592 
vn 0.8241559863090515 -0.561732828617096 3.496520519256592 
vn 0.11760670691728592 -0.5617329478263855 3.590411901473999 
vn 0.11760670691728592 -0.5617329478263855 3.590411901473999 
vn -0.5935724973678589 -0.5617330074310303 3.542959451675415 
vn -0.5935724973678589 -0.5617330074310303 3.542959451675415 
vn 3.486936569213867 0.8576859831809998 0.5710361003875732 
vn 3.5315937995910645 0.8576861023902893 -0.11248995363712311 
vn 3.2318267822265625 1.5745307207107544 0.5445966124534607 
vn 3.2754831314086914 1.5745307207107544 -0.11180241405963898 
vn 2.810218334197998 2.2599000930786133 0.4647180140018463 
vn 2.847198247909546 2.2599003314971924 -0.08216920495033264 
vn 2.772578477859497 2.2599003314971924 -0.6527621150016785 
vn 3.1934564113616943 1.574530839920044 -0.7369693517684937 
vn 2.9819443225860596 1.5745309591293335 -1.3598884344100952 
vn 3.2147552967071533 0.8576862812042236 -1.466341257095337 
vn 2.666348695755005 1.5745309591293335 -1.9057472944259644 
vn 2.87142014503479 0.8576863408088684 -2.0590662956237793 
vn 2.4201719760894775 0.8576864004135132 -2.5744078159332275 
vn 2.2320384979248047 1.574531078338623 -2.3998525142669678 
vn 2.3236937522888184 2.2599005699157715 -1.6473419666290283 
vn 1.945167064666748 2.2599005699157715 -2.0807723999023438 
vn 1.5105892419815063 2.2599005699157715 -2.4148311614990234 
vn 1.7311737537384033 1.574531078338623 -2.782862663269043 
vn 1.8779691457748413 0.8576864004135132 -2.9929986000061035 
vn 1.2395280599594116 0.8576864004135132 -3.308833360671997 
vn 1.1662338972091675 1.5745309591293335 -3.0628721714019775 
vn 0.9943950772285461 2.2599005699157715 -2.6691696643829346 
vn 0.46471747756004333 2.2599005699157715 -2.810218095779419 
vn 0.5310541391372681 1.5745309591293335 -3.234079360961914 
vn 0.5778051614761353 0.8576863408088684 -3.485821008682251 
vn 3.4435272216796875 0.8576862215995789 -0.7917881608009338 
vn 2.596207857131958 2.2599003314971924 -1.171748399734497 
vn -0.5683825016021729 0.8731157779693604 3.48353910446167 
vn -0.5429932475090027 1.6031099557876587 3.2180168628692627 
vn -1.0377155542373657 0.8112965822219849 3.3890085220336914 
vn -0.9667657017707825 1.5888351202011108 3.124324321746826 
vn -0.45806941390037537 2.2847044467926025 2.791189193725586 
vn -0.8444099426269531 3.5315046310424805 0.18945778906345367 
vn -0.8304226398468018 3.515840768814087 0.41195690631866455 
vn -0.8212409019470215 3.4947516918182373 0.5768207311630249 
vn -1.3174347877502441 3.1788694858551025 1.1745632886886597 
vn -0.7808735370635986 3.4766786098480225 0.7234562635421753 
vn -1.1542816162109375 3.155461072921753 1.3896559476852417 
vn -0.6900169849395752 3.471994161605835 0.830409049987793 
vn -0.9537985324859619 3.155461072921753 1.5342028141021729 
vn -0.5791081190109253 3.471994161605835 0.9112280011177063 
vn -0.458843469619751 3.471994161605835 0.9773256778717041 
vn -0.7354618906974792 3.155461072921753 1.6500320434570312 
vn -0.3058222830295563 3.4812965393066406 1.003739595413208 
vn -0.4751734733581543 3.186551094055176 1.685392141342163 
vn -0.16265104711055756 3.4947516918182373 0.990304708480835 
vn -0.0015742294490337372 3.519857883453369 0.911617636680603 
vn 0.18729782104492188 3.535252332687378 0.8290711045265198 
vn 0.43638327717781067 3.515840768814087 0.8178504705429077 
vn 0.09074647724628448 3.6309964656829834 0.16756300628185272 
vn 0.027291137725114822 3.630129337310791 0.20460930466651917 
vn 0.012233090586960316 3.629192590713501 0.2219439446926117 
vn -0.04334632307291031 3.629192590713501 0.21801349520683289 
vn -0.07032879441976547 3.629192590713501 0.2108617126941681 
vn -0.10605151206254959 3.6281869411468506 0.21321791410446167 
vn -0.1300874650478363 3.6281869411468506 0.19946444034576416 
vn -0.15236420929431915 3.6281869411468506 0.18301354348659515 
vn -0.16321279108524323 3.629192590713501 0.15089860558509827 
vn -0.18083834648132324 3.629192590713501 0.12925277650356293 
vn -0.19561198353767395 3.629192590713501 0.10556856542825699 
vn -0.21572020649909973 3.629192590713501 0.05360531806945801 
vn -0.2062983363866806 3.630129337310791 -0.007120599038898945 
vn -0.9261194467544556 3.515840768814087 -0.04015633463859558 
vn -0.1657165288925171 3.6317944526672363 -0.055270738899707794 
vn -0.5683825016021729 0.8731157779693604 3.48353910446167 
vn -0.5429932475090027 1.6031099557876587 3.2180168628692627 
vn -0.07484833896160126 1.5888351202011108 3.269623279571533 
vn 0.14415015280246735 2.2847044467926025 2.8248512744903564 
vn -0.0755268782377243 2.2847044467926025 2.8275182247161865 
vn -3.270136594772339 1.58883535861969 -0.047380730509757996 
vn -3.2271511554718018 1.5745302438735962 -0.5716515183448792 
vn -2.8378372192382812 2.2723238468170166 -0.06051674485206604 
vn -2.805609941482544 2.259899854660034 -0.4917767643928528 
vn -3.0677309036254883 1.5745303630828857 -1.1533939838409424 
vn -2.6691701412200928 2.259899854660034 -0.9943949580192566 
vn -0.5429932475090027 1.6031099557876587 3.2180168628692627 
vn -0.07484833896160126 1.5888351202011108 3.269623279571533 
vn -0.45806941390037537 2.2847044467926025 2.791189193725586 
vn -0.0755268782377243 2.2847044467926025 2.8275182247161865 
vn 2.4395484924316406 2.634812355041504 -0.5716710686683655 
vn 2.459080934524536 2.6782000064849854 0.02460184507071972 
vn 2.457031011581421 2.634812355041504 -0.4911242127418518 
vn 2.446362018585205 2.68891978263855 0.07392239570617676 
vn 2.3340184688568115 2.710204601287842 0.653903603553772 
vn 2.3340184688568115 2.710204601287842 0.653903603553772 
vn 2.0912206172943115 2.6889195442199707 1.2715933322906494 
vn 2.062161922454834 2.6889195442199707 1.3181960582733154 
vn 1.7434122562408447 2.6128156185150146 1.831433892250061 
vn 1.7012709379196167 2.5906193256378174 1.901265025138855 
vn 1.7434122562408447 2.6128156185150146 1.831433892250061 
vn 1.7012709379196167 2.5906193256378174 1.901265025138855 
vn 1.27947998046875 2.47670578956604 2.3343734741210938 
vn 1.1847772598266602 2.4415998458862305 2.4197795391082764 
vn 0.6783766746520996 2.297041654586792 2.735661506652832 
vn 0.5454288721084595 2.259899616241455 2.795675277709961 
vn 0.014367710798978806 2.1589736938476562 2.9255878925323486 
vn -0.05989786610007286 2.146169900894165 2.934417486190796 
vn -0.4606156051158905 2.0945475101470947 2.936178207397461 
vn -0.5338685512542725 2.0815412998199463 2.9330203533172607 
vn -2.7469284534454346 2.3821604251861572 0.01164218969643116 
vn -2.789984703063965 2.2474324703216553 0.6208627223968506 
vn -2.7841315269470215 2.2097742557525635 0.7654721736907959 
vn -2.6702828407287598 2.107513904571533 1.2839051485061646 
vn -2.6335608959198 2.107513904571533 1.3576377630233765 
vn -2.443286657333374 2.055410146713257 1.739562749862671 
vn -2.411012649536133 2.055410146713257 1.7840251922607422 
vn -2.2116401195526123 2.0291216373443604 2.052255153656006 
vn -2.188753128051758 2.0159194469451904 2.089465618133545 
vn -1.9378750324249268 1.9893993139266968 2.346778392791748 
vn -1.9378750324249268 1.9893993139266968 2.346778392791748 
vn -1.6201459169387817 1.9760822057724 2.5866315364837646 
vn -1.6201459169387817 1.9760822057724 2.5866315364837646 
vn -1.2644526958465576 1.9893993139266968 2.7683727741241455 
vn -1.2466650009155273 2.002678632736206 2.7668652534484863 
vn -0.9099948406219482 2.042285442352295 2.8673014640808105 
vn -0.8574745059013367 2.042285442352295 2.8834433555603027 
vn -0.5338685512542725 2.0815412998199463 2.9330203533172607 
vn -0.4606156051158905 2.0945475101470947 2.936178207397461 
vn -2.712841033935547 2.4179623126983643 -0.11996423453092575 
vn -0.016738565638661385 2.5228514671325684 -2.6182780265808105 
vn 0.8154944777488708 2.4060750007629395 -2.601194381713867 
vn 0.11385799199342728 2.4998743534088135 -2.637821912765503 
vn 1.0971975326538086 2.34594988822937 -2.5520806312561035 
vn 0.11385799199342728 2.4998743534088135 -2.637821912765503 
vn -0.5750381946563721 2.568225860595703 -2.508781909942627 
vn -0.016738565638661385 2.5228514671325684 -2.6182780265808105 
vn -0.6568463444709778 2.5794475078582764 -2.476983070373535 
vn -1.1302037239074707 2.6238391399383545 -2.24912166595459 
vn -1.1562609672546387 2.634812355041504 -2.222895860671997 
vn -1.6658376455307007 2.6566076278686523 -1.8406147956848145 
vn -1.6658376455307007 2.6566076278686523 -1.8406147956848145 
vn -1.6658376455307007 2.6566076278686523 -1.8406147956848145 
vn -2.0998544692993164 2.645735025405884 -1.34578537940979 
vn -1.6658376455307007 2.6566076278686523 -1.8406147956848145 
vn -2.145385265350342 2.634812116622925 -1.294421672821045 
vn -2.4686660766601562 2.556954860687256 -0.7668835520744324 
vn -2.5049703121185303 2.545635461807251 -0.6821321845054626 
vn -2.712841033935547 2.4179623126983643 -0.11996423453092575 
vn -2.7469284534454346 2.3821604251861572 0.01164218969643116 
vn -3.5970277786254883 0.07148699462413788 -0.5260367393493652 
vn -3.2650065422058105 -0.10325220227241516 -1.596717119216919 
vn -3.4508066177368164 -0.11913192272186279 -1.1393743753433228 
vn -3.276533365249634 -0.11913184076547623 -1.5718045234680176 
vn -3.1223318576812744 0.03971689194440842 -1.8627663850784302 
vn -3.1223318576812744 0.03971689194440842 -1.8627663850784302 
vn -0.0062762158922851086 0.07148671895265579 3.6352832317352295 
vn 0.810564398765564 -0.039717353880405426 3.5442686080932617 
vn -0.3078937232494354 0.0714866891503334 3.6222264766693115 
vn 0.810564398765564 -0.039717353880405426 3.5442686080932617 
vn 1.7084516286849976 -0.007943847216665745 3.2096047401428223 
vn 1.7084516286849976 -0.007943847216665745 3.2096047401428223 
vn 2.4269156455993652 -0.007943706586956978 2.7074801921844482 
vn 2.4269156455993652 -0.007943706586956978 2.7074801921844482 
vn 2.8918702602386475 -0.023830503225326538 2.2038490772247314 
vn 2.8751447200775146 -0.023830508813261986 2.2256252765655518 
vn 3.049785852432251 -0.03971691429615021 1.9793083667755127 
vn 3.049785852432251 -0.03971691429615021 1.9793083667755127 
vn -0.23811101913452148 0.2935904562473297 3.616288185119629 
vn -1.5590846538543701 0.29359039664268494 3.2716193199157715 
vn -0.23811101913452148 0.2935904562473297 3.616288185119629 
vn -1.6575385332107544 0.29359039664268494 3.2228565216064453 
vn -2.6915907859802246 0.27775242924690247 2.428708791732788 
vn -2.781568765640259 0.27775242924690247 2.325115442276001 
vn -3.4172792434692383 0.277752548456192 1.2105740308761597 
vn -3.4523637294769287 0.277752548456192 1.1065584421157837 
vn -3.6202402114868164 0.27775272727012634 -0.19273731112480164 
vn -3.6127452850341797 0.27775275707244873 -0.3022545278072357 
vn -3.6202402114868164 0.27775272727012634 -0.19273731112480164 
vn -3.6127452850341797 0.27775275707244873 -0.3022545278072357 
vn -3.269427537918091 0.27775296568870544 -1.5665664672851562 
vn -3.2204997539520264 0.27775299549102783 -1.6648328304290771 
vn -2.4388792514801025 0.27775320410728455 -2.6823785305023193 
vn -2.3356270790100098 0.27775323390960693 -2.7727479934692383 
vn -1.2234998941421509 0.27775344252586365 -3.412672519683838 
vn -1.0934830904006958 0.27775344252586365 -3.4565272331237793 
vn 0.18728108704090118 0.35688430070877075 -3.613584518432617 
vn 0.32407692074775696 0.37269124388694763 -3.602292060852051 
vn -1.5726451873779297 -0.00794416107237339 3.2782857418060303 
vn -1.909820556640625 -0.007944165728986263 3.0940191745758057 
vn -1.909820556640625 -0.007944165728986263 3.0940191745758057 
vn -2.247317314147949 -0.007944162003695965 2.858309745788574 
vn -2.247317314147949 -0.007944162003695965 2.858309745788574 
vn -2.6329448223114014 -0.007944146171212196 2.507582664489746 
vn -2.6329448223114014 -0.007944146171212196 2.507582664489746 
vn -3.071558713912964 -0.007944104261696339 1.9457381963729858 
vn -3.071558713912964 -0.007944104261696339 1.9457381963729858 
vn -3.4115192890167236 -0.007944035343825817 1.2577383518218994 
vn -3.4115192890167236 -0.007944035343825817 1.2577383518218994 
vn -3.5955276489257812 -0.007943946868181229 0.5408795475959778 
vn -3.5955276489257812 -0.007943946868181229 0.5408795475959778 
vn -3.6319611072540283 -0.007943845354020596 -0.17096586525440216 
vn -3.6319611072540283 -0.007943845354020596 -0.17096586525440216 
vn -3.528820037841797 -0.007943731732666492 -0.8762412071228027 
vn -3.528820037841797 -0.007943731732666492 -0.8762412071228027 
vn -1.5726451873779297 -0.00794416107237339 3.2782857418060303 
vn -1.08770751953125 -0.007944144308567047 3.469475746154785 
vn -1.08770751953125 -0.007944144308567047 3.469475746154785 
vn -0.3899464011192322 -0.007944101467728615 3.6150119304656982 
vn -0.3899464011192322 -0.007944101467728615 3.6150119304656982 
vn -0.3899464011192322 -0.007944101467728615 3.6150119304656982 
vn 0.3774615228176117 -0.00794402975589037 3.6163368225097656 
vn -0.3899464011192322 -0.007944101467728615 3.6150119304656982 
vn 0.3774615228176117 -0.00794402975589037 3.6163368225097656 
vn 1.1019195318222046 -0.007943940348923206 3.4649882316589355 
vn 1.1019195318222046 -0.007943940348923206 3.4649882316589355 
vn 1.7567321062088013 -0.007943838834762573 3.1834354400634766 
vn 1.7567321062088013 -0.007943838834762573 3.1834354400634766 
vn 2.344034433364868 -0.007943724282085896 2.779545307159424 
vn 2.344034433364868 -0.007943724282085896 2.779545307159424 
vn 2.8240420818328857 -0.007943607866764069 2.2902307510375977 
vn 2.8240420818328857 -0.007943607866764069 2.2902307510375977 
vn 3.0795085430145264 -0.007943532429635525 1.9331316947937012 
vn 3.0795085430145264 -0.007943532429635525 1.9331316947937012 
vn 3.216580629348755 -0.007943484000861645 1.6952812671661377 
vn 3.216580629348755 -0.007943484000861645 1.6952812671661377 
vn 3.3568027019500732 -0.007943427190184593 1.3972278833389282 
vn 3.3568027019500732 -0.007943427190184593 1.3972278833389282 
vn 3.5151164531707764 -0.02383025921881199 0.9294202327728271 
vn 3.5151164531707764 -0.02383025921881199 0.9294202327728271 
vn 3.624725103378296 0.05560290440917015 0.2805519998073578 
vn 3.608503580093384 0.0397171787917614 0.44447481632232666 
vn -0.3075887858867645 -1.207852840423584 3.41568660736084 
vn 0.7265474200248718 -1.1326459646224976 3.377821207046509 
vn -0.13091829419136047 -1.1778373718261719 3.4374399185180664 
vn 0.7265474200248718 -1.1326459646224976 3.377821207046509 
vn 1.6094533205032349 -1.1024099588394165 3.068352460861206 
vn 1.6578723192214966 -1.1024099588394165 3.042464017868042 
vn 2.427109718322754 -1.026456356048584 2.5051863193511963 
vn 2.504697561264038 -1.026456356048584 2.427614450454712 
vn 2.954747200012207 -0.9193066358566284 1.9091300964355469 
vn 3.047229766845703 -0.8885301351547241 1.7735099792480469 
vn 3.3046042919158936 -0.8422387838363647 1.2612128257751465 
vn 3.323772430419922 -0.8422387838363647 1.209795355796814 
vn 3.4818060398101807 -1.0112053155899048 0.27372270822525024 
vn 3.4740712642669678 -1.0720889568328857 0.043442074209451675 
vn 0.7321045398712158 -1.312164545059204 -3.3109941482543945 
vn -0.19303761422634125 -1.2676037549972534 -3.4024038314819336 
vn 0.7952529191970825 -1.2973356246948242 -3.3022608757019043 
vn -0.41003087162971497 -1.2377750873565674 -3.3941452503204346 
vn -1.5128408670425415 -1.0568981170654297 -3.1328442096710205 
vn -1.7225028276443481 -0.9959353804588318 -3.04327654838562 
vn -2.582160711288452 -0.8422387838363647 -2.4173359870910645 
vn -2.5633318424224854 -0.8422387838363647 -2.43729305267334 
vn -2.938532590866089 -0.8885301351547241 -1.9483261108398438 
vn -3.0199661254882812 -0.9193066358566284 -1.804193377494812 
vn -3.2861735820770264 -1.0112056732177734 -1.1827763319015503 
vn -3.3136467933654785 -1.026456356048584 -1.0892964601516724 
vn -1.3665460348129272 1.1175376176834106 3.178694009780884 
vn -1.7517294883728027 1.1778361797332764 2.960503339767456 
vn -1.725080966949463 1.1627944707870483 2.9820191860198975 
vn -2.0218069553375244 1.1477307081222534 2.79561185836792 
vn -2.1451358795166016 1.1326450109481812 2.708494186401367 
vn -2.476855516433716 1.0264556407928467 2.45601487159729 
vn -2.6532139778137207 0.9500124454498291 2.297469139099121 
vn -3.0027427673339844 0.8267753720283508 1.8762761354446411 
vn -3.045588731765747 0.8267753720283508 1.8058974742889404 
vn -3.3303210735321045 0.7492297291755676 1.252218246459961 
vn -3.3491055965423584 0.7336764931678772 1.2106372117996216 
vn -3.553762197494507 0.7025284171104431 0.31250864267349243 
vn -3.553762197494507 0.7025284171104431 0.31250864267349243 
vn -3.448683023452759 0.7025285959243774 -0.9129475355148315 
vn -3.448683023452759 0.7025285959243774 -0.9129475355148315 
vn -1.2028932571411133 1.0720887184143066 3.2594642639160156 
vn -0.6886959075927734 0.9193060398101807 3.4497838020324707 
vn -0.3974510729312897 0.8267753720283508 3.518367290496826 
vn -3.3724668924151047e-7 3.635993480682373 5.343194402485096e-7 
vn -3.3724668924151047e-7 3.635993480682373 5.343194402485096e-7 
vn -3.3724668924151047e-7 3.635993480682373 5.343194402485096e-7 
vn -3.3724668924151047e-7 3.635993480682373 5.343194402485096e-7 
vn -3.3724668924151047e-7 3.635993480682373 5.343194402485096e-7 
vn -3.3724668924151047e-7 3.635993480682373 5.343194402485096e-7 
vn -3.3724668924151047e-7 3.635993480682373 5.343194402485096e-7 
vn -3.3724668924151047e-7 3.635993480682373 5.343194402485096e-7 
vn -3.3724668924151047e-7 3.635993480682373 5.343194402485096e-7 
vn -3.3724668924151047e-7 3.635993480682373 5.343194402485096e-7 
vn -3.3724668924151047e-7 3.635993480682373 5.343194402485096e-7 
vn -3.3724668924151047e-7 3.635993480682373 5.343194402485096e-7 
vn -3.3724668924151047e-7 3.635993480682373 5.343194402485096e-7 
vn -3.3724668924151047e-7 3.635993480682373 5.343194402485096e-7 
vn -0.005026243161410093 -3.635958671569824 0.015070328488945961 
vn -0.005026243161410093 -3.635958671569824 0.015070328488945961 
vn -0.005026243161410093 -3.635958671569824 0.015070328488945961 
vn -0.005026243161410093 -3.635958671569824 0.015070328488945961 
vn -0.005026243161410093 -3.635958671569824 0.015070328488945961 
vn -0.005026243161410093 -3.635958671569824 0.015070328488945961 
vn -0.005026243161410093 -3.635958671569824 0.015070328488945961 
vn -0.005026243161410093 -3.635958671569824 0.015070328488945961 
vn -0.005026243161410093 -3.635958671569824 0.015070328488945961 
vn -0.005026243161410093 -3.635958671569824 0.015070328488945961 
vn -0.005026243161410093 -3.635958671569824 0.015070328488945961 
vn -0.005026243161410093 -3.635958671569824 0.015070328488945961 
vn -0.005026243161410093 -3.635958671569824 0.015070328488945961 
vn -0.005026243161410093 -3.635958671569824 0.015070328488945961 
vn -3.3724668924151047e-7 3.635993480682373 5.343194402485096e-7 
vn -3.3724668924151047e-7 3.635993480682373 5.343194402485096e-7 
vn -3.3724668924151047e-7 3.635993480682373 5.343194402485096e-7 
vn -3.3724668924151047e-7 3.635993480682373 5.343194402485096e-7 
vn -3.3724668924151047e-7 3.635993480682373 5.343194402485096e-7 
vn -3.3724668924151047e-7 3.635993480682373 5.343194402485096e-7 
vn -3.3724668924151047e-7 3.635993480682373 5.343194402485096e-7 
vn -3.3724668924151047e-7 3.635993480682373 5.343194402485096e-7 
vn -3.3724668924151047e-7 3.635993480682373 5.343194402485096e-7 
vn -3.3724668924151047e-7 3.635993480682373 5.343194402485096e-7 
vn -3.3724668924151047e-7 3.635993480682373 5.343194402485096e-7 
vn -3.3724668924151047e-7 3.635993480682373 5.343194402485096e-7 
vn -3.3724668924151047e-7 3.635993480682373 5.343194402485096e-7 
vn -3.3724668924151047e-7 3.635993480682373 5.343194402485096e-7 
vn -3.3724668924151047e-7 3.635993480682373 5.343194402485096e-7 
vn -3.3724668924151047e-7 3.635993480682373 5.343194402485096e-7 
vt 0.6977682709693909 0.031081339344382286 
vt 0.6978896260261536 0.027317846193909645 
vt 0.7203393578529358 0.01881963573396206 
vt 0.7214314937591553 0.014934740029275417 
vt 0.7355080842971802 0.012749485671520233 
vt 0.7345373034477234 0.00971441064029932 
vt 0.7505555152893066 0.006436530034989119 
vt 0.7514049410820007 0.009350202046334743 
vt 0.7770097851753235 0.007043545134365559 
vt 0.7770097851753235 0.004008470103144646 
vt 0.7908437252044678 0.007286351174116135 
vt 0.7912077307701111 0.004129873123019934 
vt 0.8057697415351868 0.006800739094614983 
vt 0.8054057359695435 0.009835814125835896 
vt 0.8316172957420349 0.01772700808942318 
vt 0.8386555910110474 0.016755785793066025 
vt 0.8388983011245728 0.02039787545800209 
vt 0.8516400456428528 0.024404173716902733 
vt 0.8500624895095825 0.027075039222836494 
vt 0.8691144585609436 0.03824411705136299 
vt 0.8671728372573853 0.0406721755862236 
vt 0.8881664276123047 0.0580328032374382 
vt 0.8858607411384583 0.05997525155544281 
vt 0.9038205742835999 0.08146358281373978 
vt 0.9011508822441101 0.08292041718959808 
vt 0.9117082953453064 0.10841505229473114 
vt 0.9146206974983215 0.10756523162126541 
vt 0.9202027916908264 0.13524511456489563 
vt 0.9170477390289307 0.13548791408538818 
vt 0.9171690344810486 0.163167804479599 
vt 0.9202027916908264 0.16341060400009155 
vt 0.9146206974983215 0.19109049439430237 
vt 0.9117082953453064 0.19024066627025604 
vt 0.9011508822441101 0.2157353013753891 
vt 0.9038205742835999 0.217192143201828 
vt 0.8881664276123047 0.24062292277812958 
vt 0.8857393860816956 0.23868046700954437 
vt 0.8662020564079285 0.2582263648509979 
vt 0.8681436777114868 0.26065441966056824 
vt 0.844723105430603 0.2763153910636902 
vt 0.8432669043540955 0.27352312207221985 
vt 0.8177834153175354 0.2842065989971161 
vt 0.8186328411102295 0.2871202528476715 
vt 0.7909650802612305 0.2925834059715271 
vt 0.7907223701477051 0.2895483374595642 
vt 0.7630545496940613 0.2895483374595642 
vt 0.7626904845237732 0.2925834059715271 
vt 0.7350227236747742 0.2869988679885864 
vt 0.735993504524231 0.2840851843357086 
vt 0.7103886604309082 0.27352312207221985 
vt 0.7090538144111633 0.2761940062046051 
vt 0.6855118870735168 0.26053300499916077 
vt 0.6874535083770752 0.2582263648509979 
vt 0.6679161787033081 0.23868046700954437 
vt 0.6656104922294617 0.24062292277812958 
vt 0.6499563455581665 0.217192143201828 
vt 0.6526260375976562 0.2157353013753891 
vt 0.64206862449646 0.19024066627025604 
vt 0.6391562223434448 0.19109049439430237 
vt 0.6335741281509399 0.16341060400009155 
vt 0.6366078853607178 0.16304640471935272 
vt 0.6366078853607178 0.13548791408538818 
vt 0.6335741281509399 0.13512371480464935 
vt 0.6414618492126465 0.10902206599712372 
vt 0.6385494470596313 0.10817224532365799 
vt 0.6481361389160156 0.0882621556520462 
vt 0.6453450322151184 0.08692672103643417 
vt 0.6537182331085205 0.07660746574401855 
vt 0.6518979668617249 0.0734509825706482 
vt 0.6583294868469238 0.07017310708761215 
vt 0.6737409830093384 0.046863727271556854 
vt 0.6758038997650146 0.04917038604617119 
vt 0.6863613724708557 0.038972534239292145 
vt 0.6844197511672974 0.036544475704431534 
vt 0.6273852586746216 0.540002703666687 
vt 0.6408551335334778 0.5356321930885315 
vt 0.6283560395240784 0.5368462204933167 
vt 0.6545676589012146 0.5317472815513611 
vt 0.6540822386741638 0.5291978716850281 
vt 0.6145221590995789 0.5455872416496277 
vt 0.6133086681365967 0.5432806015014648 
vt 0.6006882786750793 0.5514146089553833 
vt 0.6028725504875183 0.5529928207397461 
vt 0.5934072732925415 0.560519814491272 
vt 0.5805441737174988 0.5710818767547607 
vt 0.5787239074707031 0.569260835647583 
vt 0.5747193694114685 0.576545000076294 
vt 0.5727777481079102 0.5747239589691162 
vt 0.5647686719894409 0.5855288505554199 
vt 0.5668315887451172 0.5871070623397827 
vt 0.5538471341133118 0.6051961183547974 
vt 0.5561528205871582 0.6064101457595825 
vt 0.5437750816345215 0.6308121681213379 
vt 0.5462021231651306 0.6316619515419006 
vt 0.5381929874420166 0.6587348580360413 
vt 0.5407413840293884 0.6589776277542114 
vt 0.5407413840293884 0.6870217323303223 
vt 0.5381929874420166 0.6872645616531372 
vt 0.5437750816345215 0.7150658369064331 
vt 0.5462021231651306 0.7143374085426331 
vt 0.5568808913230896 0.7401962876319885 
vt 0.5546966195106506 0.7414103150367737 
vt 0.5704721212387085 0.7650838494300842 
vt 0.5725350379943848 0.763384222984314 
vt 0.5921937823295593 0.7831729054450989 
vt 0.5906162261962891 0.7851153612136841 
vt 0.6142794489860535 0.8008977770805359 
vt 0.6154929399490356 0.7987124919891357 
vt 0.6413404941558838 0.809395968914032 
vt 0.6406124234199524 0.8118240237236023 
vt 0.6685228943824768 0.817408561706543 
vt 0.6687656044960022 0.8147376775741577 
vt 0.6966761350631714 0.8147376775741577 
vt 0.696918785572052 0.8172871470451355 
vt 0.7248293161392212 0.8118240237236023 
vt 0.724101185798645 0.8092745542526245 
vt 0.7498273849487305 0.7985910773277283 
vt 0.7510409355163574 0.8008977770805359 
vt 0.7747041583061218 0.7851153612136841 
vt 0.7731266021728516 0.7830515503883362 
vt 0.792906641960144 0.7632628083229065 
vt 0.7948482632637024 0.7649624943733215 
vt 0.8106237649917603 0.7412889003753662 
vt 0.8083181381225586 0.740074872970581 
vt 0.8189969062805176 0.7142159938812256 
vt 0.8215452432632446 0.7149444222450256 
vt 0.8270059823989868 0.6871431469917297 
vt 0.8244576454162598 0.6867789626121521 
vt 0.8244576454162598 0.6588562726974487 
vt 0.8270059823989868 0.6586134433746338 
vt 0.8214238882064819 0.6306907534599304 
vt 0.8189969062805176 0.6315405964851379 
vt 0.8083181381225586 0.6056817173957825 
vt 0.8105024099349976 0.6044676899909973 
vt 0.7935134172439575 0.5828579664230347 
vt 0.7955763339996338 0.5812797546386719 
vt 0.7793154716491699 0.5661043524742126 
vt 0.7810143828392029 0.5641618967056274 
vt 0.7696074843406677 0.5572419166564941 
vt 0.7710636854171753 0.5551781058311462 
vt 0.7641466856002808 0.5509290099143982 
vt 0.7628118395805359 0.5531142354011536 
vt 0.7391486167907715 0.5376960635185242 
vt 0.7481285333633423 0.54522305727005 
vt 0.7372069954872131 0.5397599339485168 
vt 0.7244652509689331 0.5346609950065613 
vt 0.7251933813095093 0.532232940196991 
vt 0.7112380862236023 0.5291978716850281 
vt 0.7107527256011963 0.5317472815513611 
vt 0.6845411062240601 0.5264055728912354 
vt 0.6965547800064087 0.5301690697669983 
vt 0.6824781894683838 0.5289550423622131 
vt 0.6684015393257141 0.5291978716850281 
vt 0.6681588888168335 0.5266484022140503 
vt 0.8444803953170776 0.6901782155036926 
vt 0.8469074368476868 0.6913922429084778 
vt 0.8446017503738403 0.7015901207923889 
vt 0.8446017503738403 0.7103311419487 
vt 0.8444803953170776 0.6769453287124634 
vt 0.8469074368476868 0.6769453287124634 
vt 0.8469074368476868 0.6633481383323669 
vt 0.8444803953170776 0.6633481383323669 
vt 0.8470287322998047 0.6496296525001526 
vt 0.8446017503738403 0.6498724222183228 
vt 0.844723105430603 0.6362752914428711 
vt 0.8471500873565674 0.6360324621200562 
vt 0.8449658155441284 0.623285174369812 
vt 0.8473927974700928 0.6229209899902344 
vt 0.8476355075836182 0.6106592416763306 
vt 0.8452085256576538 0.6111449003219604 
vt 0.8479995727539062 0.5988831520080566 
vt 0.8455725312232971 0.5994901657104492 
vt 0.8459365963935852 0.5880783200263977 
vt 0.8483636379241943 0.5873498916625977 
vt 0.846422016620636 0.5775162577629089 
vt 0.8488489985466003 0.5767878293991089 
vt 0.7913290858268738 0.0030372459441423416 
vt 0.7770097851753235 0.0027944399043917656 
vt 0.7912077307701111 0.004129873123019934 
vt 0.7770097851753235 0.004008470103144646 
vt 0.7625691890716553 0.004008470103144646 
vt 0.7505555152893066 0.006436530034989119 
vt 0.748249888420105 0.0055867088958621025 
vt 0.8061338067054749 0.0057081119157373905 
vt 0.8057697415351868 0.006800739094614983 
vt 0.8386555910110474 0.016755785793066025 
vt 0.8331948518753052 0.013842113316059113 
vt 0.8408399224281311 0.01663438230752945 
vt 0.8522468209266663 0.02343294955790043 
vt 0.8516400456428528 0.024404173716902733 
vt 0.8698425889015198 0.03739429637789726 
vt 0.8691144585609436 0.03824411705136299 
vt 0.8891372084617615 0.05730438604950905 
vt 0.8881664276123047 0.0580328032374382 
vt 0.9049127101898193 0.08097796887159348 
vt 0.9038205742835999 0.08146358281373978 
vt 0.9146206974983215 0.10756523162126541 
vt 0.915712833404541 0.10720101743936539 
vt 0.9212949872016907 0.13512371480464935 
vt 0.9202027916908264 0.13524511456489563 
vt 0.9202027916908264 0.16341060400009155 
vt 0.9212949872016907 0.16353201866149902 
vt 0.915712833404541 0.1914547085762024 
vt 0.9146206974983215 0.19109049439430237 
vt 0.9038205742835999 0.217192143201828 
vt 0.9049127101898193 0.2176777571439743 
vt 0.8890158534049988 0.24135133624076843 
vt 0.8881664276123047 0.24062292277812958 
vt 0.8681436777114868 0.26065441966056824 
vt 0.8688717484474182 0.26150423288345337 
vt 0.8452085256576538 0.2772866189479828 
vt 0.844723105430603 0.2763153910636902 
vt 0.8186328411102295 0.2871202528476715 
vt 0.8189969062805176 0.2882128953933716 
vt 0.7910864353179932 0.2936760187149048 
vt 0.7909650802612305 0.2925834059715271 
vt 0.7626904845237732 0.2925834059715271 
vt 0.7626904845237732 0.2936760187149048 
vt 0.7347800135612488 0.2882128953933716 
vt 0.7350227236747742 0.2869988679885864 
vt 0.7090538144111633 0.2761940062046051 
vt 0.7084470391273499 0.2772866189479828 
vt 0.6847838163375854 0.26150423288345337 
vt 0.6855118870735168 0.26053300499916077 
vt 0.6656104922294617 0.24062292277812958 
vt 0.6646397113800049 0.24135133624076843 
vt 0.648864209651947 0.2176777571439743 
vt 0.6499563455581665 0.217192143201828 
vt 0.6391562223434448 0.19109049439430237 
vt 0.6380640864372253 0.1914547085762024 
vt 0.6324819326400757 0.16353201866149902 
vt 0.6335741281509399 0.16341060400009155 
vt 0.6335741281509399 0.13512371480464935 
vt 0.6324819326400757 0.13512371480464935 
vt 0.6385494470596313 0.10817224532365799 
vt 0.6374573111534119 0.10792943835258484 
vt 0.6453450322151184 0.08692672103643417 
vt 0.6442528963088989 0.08644110709428787 
vt 0.6518979668617249 0.0734509825706482 
vt 0.6500777006149292 0.0744222104549408 
vt 0.65481036901474 0.06786644458770752 
vt 0.6728914976119995 0.0461353100836277 
vt 0.6737409830093384 0.046863727271556854 
vt 0.6844197511672974 0.036544475704431534 
vt 0.683691680431366 0.03569465130567551 
vt 0.6954625844955444 0.027560651302337646 
vt 0.6978896260261536 0.027317846193909645 
vt 0.7214314937591553 0.014934740029275417 
vt 0.7080830335617065 0.020519277080893517 
vt 0.7209461331367493 0.013842113316059113 
vt 0.7345373034477234 0.00971441064029932 
vt 0.734294593334198 0.008621783927083015 
vt 0.6845411062240601 0.40488117933273315 
vt 0.6846624612808228 0.39055562019348145 
vt 0.6835703253746033 0.39261946082115173 
vt 0.27862536907196045 0.8738609552383423 
vt 0.271587073802948 0.8731325268745422 
vt 0.27886804938316345 0.8602638244628906 
vt 0.271829754114151 0.8602638244628906 
vt 0.27777591347694397 0.846666693687439 
vt 0.26964545249938965 0.8365902304649353 
vt 0.2761983573436737 0.8329481482505798 
vt 0.2761983573436737 0.8872153162956238 
vt 0.26879599690437317 0.8880650997161865 
vt 0.2724364995956421 0.900448203086853 
vt 0.2617577016353607 0.9107674956321716 
vt 0.2681892514228821 0.9135597348213196 
vt 0.25666099786758423 0.922664999961853 
vt 0.2628498673439026 0.9259428381919861 
vt 0.25569021701812744 0.9371119141578674 
vt 0.24913731217384338 0.9340768456459045 
vt 0.2484092116355896 0.9463385343551636 
vt 0.2295999526977539 0.9578718543052673 
vt 0.24270576238632202 0.9532585144042969 
vt 0.23821580410003662 0.9587216377258301 
vt 0.23299776017665863 0.9644275903701782 
vt 0.22280435264110565 0.9719545841217041 
vt 0.21855710446834564 0.966248631477356 
vt 0.20411646366119385 0.9822738170623779 
vt 0.20096136629581451 0.9760822653770447 
vt 0.17972511053085327 0.991986095905304 
vt 0.17778350412845612 0.9853089451789856 
vt 0.15327081084251404 0.9972063899040222 
vt 0.15266406536102295 0.9902864694595337 
vt 0.1269378662109375 0.9902864694595337 
vt 0.12633110582828522 0.9972063899040222 
vt 0.09987681359052658 0.9918646812438965 
vt 0.10181841254234314 0.9851875305175781 
vt 0.07815515995025635 0.9754752516746521 
vt 0.07487870752811432 0.9815454483032227 
vt 0.0524289608001709 0.9666128754615784 
vt 0.0569189116358757 0.9611496925354004 
vt 0.03871640935540199 0.9430606961250305 
vt 0.03337701037526131 0.947431206703186 
vt 0.01832960918545723 0.9249716401100159 
vt 0.024518460035324097 0.921693742275238 
vt 0.014689110219478607 0.8980201482772827 
vt 0.0080148596316576 0.9000840187072754 
vt 0.0027968098875135183 0.8736181855201721 
vt 0.009713759645819664 0.8728897571563721 
vt 0.009713759645819664 0.8472737073898315 
vt 0.0027968098875135183 0.846666693687439 
vt 0.008136210031807423 0.8200794458389282 
vt 0.014810459688305855 0.8221433162689209 
vt 0.024639809504151344 0.7984697222709656 
vt 0.018450960516929626 0.7951918244361877 
vt 0.03337701037526131 0.7727322578430176 
vt 0.03883776068687439 0.7772241830825806 
vt 0.0569189116358757 0.7591351270675659 
vt 0.052550308406353 0.7536720037460327 
vt 0.07500006258487701 0.7387394309043884 
vt 0.07827650755643845 0.7448095679283142 
vt 0.10193976014852524 0.735097348690033 
vt 0.09987681359052658 0.7282987833023071 
vt 0.12633110582828522 0.7230784296989441 
vt 0.127059206366539 0.7301198244094849 
vt 0.15266406536102295 0.7301198244094849 
vt 0.15339216589927673 0.7230784296989441 
vt 0.17984646558761597 0.7284201979637146 
vt 0.17778350412845612 0.735097348690033 
vt 0.2014467567205429 0.7449309825897217 
vt 0.20484456419944763 0.7387394309043884 
vt 0.22244031727313995 0.7584066987037659 
vt 0.22680890560150146 0.7529435753822327 
vt 0.23785175383090973 0.7715182304382324 
vt 0.2430698126554489 0.7667835354804993 
vt 0.24707436561584473 0.7818374633789062 
vt 0.2515643239021301 0.7761315703392029 
vt 0.25556886196136475 0.7826873064041138 
vt 0.2589666545391083 0.7890002727508545 
vt 0.2632139027118683 0.796891450881958 
vt 0.2615150213241577 0.8090317845344543 
vt 0.26855331659317017 0.8073320984840393 
vt 0.2666116952896118 0.8217790722846985 
vt 0.27340731024742126 0.8197152018547058 
vt 0.871541440486908 0.7165226936340332 
vt 0.8695998787879944 0.7164012789726257 
vt 0.8712987303733826 0.7301198244094849 
vt 0.869357168674469 0.7279345393180847 
vt 0.8691144585609436 0.7389822602272034 
vt 0.867658257484436 0.7293913960456848 
vt 0.8670514822006226 0.7489372491836548 
vt 0.8679009675979614 0.7159156799316406 
vt 0.8697212338447571 0.7040181756019592 
vt 0.8716627955436707 0.7041395902633667 
vt 0.8717841506004333 0.680830180644989 
vt 0.8698425889015198 0.6912708282470703 
vt 0.8698425889015198 0.6785235404968262 
vt 0.8681436777114868 0.6784021258354187 
vt 0.8681436777114868 0.665776252746582 
vt 0.8698425889015198 0.6656548380851746 
vt 0.8717841506004333 0.6656548380851746 
vt 0.8716627955436707 0.6520577073097229 
vt 0.8697212338447571 0.6521790623664856 
vt 0.8680223226547241 0.6533930897712708 
vt 0.8677796125411987 0.6353040933609009 
vt 0.869357168674469 0.6274128556251526 
vt 0.867658257484436 0.6278985142707825 
vt 0.867658257484436 0.6209785342216492 
vt 0.8680223226547241 0.701347291469574 
vt 0.8712987303733826 0.6219497323036194 
vt 0.8692358136177063 0.6204928755760193 
vt 0.8709347248077393 0.6094452142715454 
vt 0.8689931035041809 0.6096880435943604 
vt 0.8703279495239258 0.5926916003227234 
vt 0.8683863878250122 0.5929344296455383 
vt 0.8695998787879944 0.5739955306053162 
vt 0.8675369024276733 0.5743597745895386 
vt 0.867294192314148 0.6102950572967529 
vt 0.8666874766349792 0.5937842726707458 
vt 0.8062551617622375 0.2211984395980835 
vt 0.8039495348930359 0.22933243215084076 
vt 0.7950909733772278 0.22180545330047607 
vt 0.8012797832489014 0.2340671569108963 
vt 0.8056483864784241 0.2321247011423111 
vt 0.8085607886314392 0.22229106724262238 
vt 0.8094102740287781 0.22629736363887787 
vt 0.8126866817474365 0.1993459016084671 
vt 0.8143855929374695 0.17470109462738037 
vt 0.8051630258560181 0.2371022254228592 
vt 0.8017652034759521 0.2385590672492981 
vt 0.79630446434021 0.23868046700954437 
vt 0.7850189208984375 0.227147176861763 
vt 0.8077113628387451 0.13427388668060303 
vt 0.8216665983200073 0.1433791071176529 
vt 0.8209385275840759 0.15636923909187317 
vt 0.8165699243545532 0.17518669366836548 
vt 0.8206958174705505 0.20225957036018372 
vt 0.8270059823989868 0.2485141158103943 
vt 0.8123226761817932 0.25312742590904236 
vt 0.7992168664932251 0.24329377710819244 
vt 0.7931493520736694 0.24365799129009247 
vt 0.7842907905578613 0.2424439638853073 
vt 0.7749468684196472 0.23139628767967224 
vt 0.7675445079803467 0.24317237734794617 
vt 0.777616560459137 0.24632886052131653 
vt 0.7875672578811646 0.24730008840560913 
vt 0.7970325350761414 0.24827130138874054 
vt 0.8097743391990662 0.2689098119735718 
vt 0.8214238882064819 0.2644179165363312 
vt 0.8376848101615906 0.2559196949005127 
vt 0.8263992667198181 0.20177395641803741 
vt 0.8444803953170776 0.2522776126861572 
vt 0.8253071308135986 0.15782606601715088 
vt 0.8236082196235657 0.14544296264648438 
vt 0.8272486925125122 0.13718755543231964 
vt 0.8363499641418457 0.185991570353508 
vt 0.8505479097366333 0.2485141158103943 
vt 0.8330734968185425 0.13075320422649384 
vt 0.8594064712524414 0.24062292277812958 
vt 0.8722695708274841 0.22544753551483154 
vt 0.8856180310249329 0.2048090249300003 
vt 0.8473927974700928 0.11630624532699585 
vt 0.8953260779380798 0.18137826025485992 
vt 0.852853536605835 0.10707961767911911 
vt 0.9003013968467712 0.15661203861236572 
vt 0.8552805781364441 0.09676036238670349 
vt 0.9003013968467712 0.1313602179288864 
vt 0.8545524477958679 0.08559128642082214 
vt 0.8953260779380798 0.10659400373697281 
vt 0.8511546850204468 0.0749078243970871 
vt 0.8856180310249329 0.08316322416067123 
vt 0.8454512357711792 0.06580259650945663 
vt 0.8716627955436707 0.06216050684452057 
vt 0.8370780348777771 0.05778999999165535 
vt 0.8537030220031738 0.04431426525115967 
vt 0.8257924914360046 0.05038441717624664 
vt 0.8327094316482544 0.030231518670916557 
vt 0.8123226761817932 0.04419286176562309 
vt 0.8094102740287781 0.020519277080893517 
vt 0.7977606654167175 0.0397009514272213 
vt 0.7846548557281494 0.015663158148527145 
vt 0.7824705839157104 0.03715148940682411 
vt 0.7669377326965332 0.03666587546467781 
vt 0.759292721748352 0.015663158148527145 
vt 0.7517690062522888 0.03824411705136299 
vt 0.7345373034477234 0.020519277080893517 
vt 0.7374497056007385 0.041643399745225906 
vt 0.7112380862236023 0.030231518670916557 
vt 0.7249506711959839 0.04674232751131058 
vt 0.6901232004165649 0.04419286176562309 
vt 0.715121328830719 0.05293387919664383 
vt 0.6722847819328308 0.06216050684452057 
vt 0.7077189683914185 0.06070367246866226 
vt 0.6582081317901611 0.08316322416067123 
vt 0.7022582292556763 0.07053731381893158 
vt 0.6485001444816589 0.10647260397672653 
vt 0.6994671821594238 0.0813421830534935 
vt 0.6436461806297302 0.13123881816864014 
vt 0.6998311877250671 0.09190424531698227 
vt 0.6436461806297302 0.15649063885211945 
vt 0.7033503651618958 0.10210209339857101 
vt 0.6485001444816589 0.18137826025485992 
vt 0.7128156423568726 0.116549052298069 
vt 0.6576014161109924 0.20420201122760773 
vt 0.6671880483627319 0.22156263887882233 
vt 0.7005593180656433 0.1725158393383026 
vt 0.6743476986885071 0.2311534881591797 
vt 0.6800511479377747 0.2364952117204666 
vt 0.7166988849639893 0.14556436240673065 
vt 0.7182763814926147 0.12492585927248001 
vt 0.7200966477394104 0.13063180446624756 
vt 0.7214314937591553 0.14192228019237518 
vt 0.7234944701194763 0.13670195639133453 
vt 0.7221596240997314 0.12832514941692352 
vt 0.719368577003479 0.1210409626364708 
vt 0.7062627673149109 0.10210209339857101 
vt 0.7022582292556763 0.09105442464351654 
vt 0.7017728090286255 0.0813421830534935 
vt 0.7041997909545898 0.07175134122371674 
vt 0.7149999737739563 0.0823134034872055 
vt 0.7153640389442444 0.09069021046161652 
vt 0.7181550860404968 0.09906701743602753 
vt 0.7230090498924255 0.10671541094779968 
vt 0.7289552092552185 0.11278555542230606 
vt 0.7351440787315369 0.1160634383559227 
vt 0.742303729057312 0.1170346662402153 
vt 0.7384204864501953 0.12638269364833832 
vt 0.7747041583061218 0.11266415566205978 
vt 0.7635399699211121 0.11266415566205978 
vt 0.7731266021728516 0.1110859140753746 
vt 0.7756749391555786 0.11120732128620148 
vt 0.7857469916343689 0.11484941095113754 
vt 0.8057697415351868 0.12334761768579483 
vt 0.8267633318901062 0.13305985927581787 
vt 0.8129293918609619 0.12383323162794113 
vt 0.819603681564331 0.12176938354969025 
vt 0.8266419768333435 0.1170346662402153 
vt 0.8446017503738403 0.11569923162460327 
vt 0.8329521417617798 0.11035750061273575 
vt 0.8371993899345398 0.10270910710096359 
vt 0.8505479097366333 0.10574418306350708 
vt 0.8392623662948608 0.09457510709762573 
vt 0.8529748916625977 0.09627474844455719 
vt 0.8524895310401917 0.08644110709428787 
vt 0.8388983011245728 0.0863197073340416 
vt 0.742789089679718 0.2226552665233612 
vt 0.7339305877685547 0.21646371483802795 
vt 0.7242225408554077 0.16596007347106934 
vt 0.7220382690429688 0.1662028729915619 
vt 0.7072335481643677 0.1899978667497635 
vt 0.6974042057991028 0.23564539849758148 
vt 0.6992244720458984 0.2519133985042572 
vt 0.7125729322433472 0.19181890785694122 
vt 0.721067488193512 0.19060488045215607 
vt 0.7191258668899536 0.21707072854042053 
vt 0.7109954357147217 0.24317237734794617 
vt 0.7102673053741455 0.25907617807388306 
vt 0.7268922328948975 0.24122993648052216 
vt 0.721916913986206 0.26417508721351624 
vt 0.7442452907562256 0.27109506726264954 
vt 0.7426677346229553 0.24390079081058502 
vt 0.7666950821876526 0.24802850186824799 
vt 0.7590500116348267 0.2738873362541199 
vt 0.774218738079071 0.27400875091552734 
vt 0.7973966002464294 0.27158069610595703 
vt 0.7618410587310791 0.24584324657917023 
vt 0.7527397871017456 0.2414727360010147 
vt 0.7527397871017456 0.22933243215084076 
vt 0.729561984539032 0.2321247011423111 
vt 0.7404834628105164 0.23819485306739807 
vt 0.7315035462379456 0.2375878393650055 
vt 0.7463082671165466 0.24317237734794617 
vt 0.730047345161438 0.23928748071193695 
vt 0.7217955589294434 0.2305464744567871 
vt 0.721552848815918 0.22386930882930756 
vt 0.7207034230232239 0.21355004608631134 
vt 0.7231304049491882 0.21233601868152618 
vt 0.7243438959121704 0.22374789416790009 
vt 0.7242225408554077 0.23103207349777222 
vt 0.6665813326835632 0.4610907733440399 
vt 0.6679161787033081 0.4616977870464325 
vt 0.6687656044960022 0.45089292526245117 
vt 0.673498272895813 0.4513785243034363 
vt 0.6742263436317444 0.43960243463516235 
vt 0.6765320301055908 0.43013298511505127 
vt 0.6748331189155579 0.4275835454463959 
vt 0.6727701425552368 0.4621833860874176 
vt 0.6753185391426086 0.4518641233444214 
vt 0.6744690537452698 0.4626690149307251 
vt 0.6673094034194946 0.4504072964191437 
vt 0.6694937348365784 0.43923822045326233 
vt 0.6701004505157471 0.42721933126449585 
vt 0.6707072257995605 0.41483622789382935 
vt 0.669251024723053 0.4144720137119293 
vt 0.6710712313652039 0.4016032814979553 
vt 0.6696150302886963 0.40136048197746277 
vt 0.6713139414787292 0.3878847658634186 
vt 0.6698577404022217 0.3877633512020111 
vt 0.6701004505157471 0.374044805765152 
vt 0.6715566515922546 0.37416622042655945 
vt 0.6702218055725098 0.3604476749897003 
vt 0.6680375337600708 0.4387526214122772 
vt 0.6686442494392395 0.4268551170825958 
vt 0.67604660987854 0.38800615072250366 
vt 0.6758038997650146 0.40184611082077026 
vt 0.6754398345947266 0.4150790274143219 
vt 0.6772601008415222 0.41532182693481445 
vt 0.677745521068573 0.3996608555316925 
vt 0.6762893199920654 0.37416622042655945 
vt 0.6716780066490173 0.3604476749897003 
vt 0.6715566515922546 0.3460007309913635 
vt 0.6701004505157471 0.3462435305118561 
vt 0.6696150302886963 0.3198990821838379 
vt 0.6710712313652039 0.31953486800193787 
vt 0.6694937348365784 0.312372088432312 
vt 0.6781095862388611 0.37428760528564453 
vt 0.6764106750488281 0.3604476749897003 
vt 0.678230881690979 0.36032626032829285 
vt 0.6781095862388611 0.3457579016685486 
vt 0.6764106750488281 0.34587931632995605 
vt 0.6759252548217773 0.3194134533405304 
vt 0.6709499359130859 0.31212928891181946 
vt 0.6704645156860352 0.30071741342544556 
vt 0.6690083146095276 0.3010815978050232 
vt 0.6694937348365784 0.28299257159233093 
vt 0.6680375337600708 0.28347817063331604 
vt 0.6679161787033081 0.2633252739906311 
vt 0.6665813326835632 0.2639322876930237 
vt 0.677745521068573 0.31917065382003784 
vt 0.6727701425552368 0.262839674949646 
vt 0.6742263436317444 0.2826283574104309 
vt 0.6753185391426086 0.30035319924354553 
vt 0.675682544708252 0.3118864893913269 
vt 0.6775028109550476 0.31164366006851196 
vt 0.6770173907279968 0.300110399723053 
vt 0.67604660987854 0.2821427285671234 
vt 0.6744690537452698 0.2623540461063385 
vt 0.8187541961669922 0.1210409626364708 
vt 0.8122013211250305 0.1229834109544754 
vt 0.8257924914360046 0.11642764508724213 
vt 0.7767671346664429 0.09214704483747482 
vt 0.831981360912323 0.10987188667058945 
vt 0.836228609085083 0.10234490036964417 
vt 0.8378061652183533 0.08607690036296844 
vt 0.8381702303886414 0.09433230012655258 
vt 0.8052843809127808 0.12237639725208282 
vt 0.7858683466911316 0.11412099003791809 
vt 0.7761603593826294 0.11084310710430145 
vt 0.7726411819458008 0.11072170734405518 
vt 0.7636613249778748 0.11181433498859406 
vt 0.7429104447364807 0.11618484556674957 
vt 0.8355005383491516 0.07842850685119629 
vt 0.8312532305717468 0.07175134122371674 
vt 0.8245790004730225 0.06568119674921036 
vt 0.815356433391571 0.05997525155544281 
vt 0.8044348955154419 0.05511913448572159 
vt 0.7927852869033813 0.0515984445810318 
vt 0.7808930277824402 0.049534596502780914 
vt 0.7688793540000916 0.04917038604617119 
vt 0.7568656802177429 0.05038441717624664 
vt 0.7450947761535645 0.053055282682180405 
vt 0.7349013686180115 0.056818775832653046 
vt 0.7272562980651855 0.061432089656591415 
vt 0.7179123759269714 0.07430081069469452 
vt 0.7217955589294434 0.06713803112506866 
vt 0.7160921096801758 0.08219200372695923 
vt 0.7164561748504639 0.09056881070137024 
vt 0.7191258668899536 0.0987028107047081 
vt 0.7238585352897644 0.10635119676589966 
vt 0.735993504524231 0.11545642465353012 
vt 0.7298046350479126 0.11217854171991348 
vt 0.9458076357841492 0.06531698256731033 
vt 0.9468998312950134 0.06616680324077606 
vt 0.9458076357841492 0.07199414819478989 
vt 0.9467784762382507 0.07272256910800934 
vt 0.9464144110679626 0.09372528642416 
vt 0.9473851919174194 0.09384669363498688 
vt 0.9465357661247253 0.1031947210431099 
vt 0.9476279020309448 0.10283051431179047 
vt 0.9465357661247253 0.10574418306350708 
vt 0.9476279020309448 0.10622979700565338 
vt 0.9473851919174194 0.11484941095113754 
vt 0.9462930560112 0.11448519676923752 
vt 0.9467784762382507 0.1314816176891327 
vt 0.9456862807273865 0.13172443211078644 
vt 0.9467784762382507 0.13803738355636597 
vt 0.9456862807273865 0.13852299749851227 
vt 0.9470211863517761 0.14495734870433807 
vt 0.9460503458976746 0.14556436240673065 
vt 0.9475065469741821 0.15284854173660278 
vt 0.9465357661247253 0.15357697010040283 
vt 0.7086897492408752 0.0029158429242670536 
vt 0.709175169467926 0.004494082182645798 
vt 0.7119662165641785 0.0030372459441423416 
vt 0.7137864828109741 0.004736888222396374 
vt 0.7142718434333801 0.0031586489640176296 
vt 0.7165775299072266 0.004736888222396374 
vt 0.719853937625885 0.0031586489640176296 
vt 0.721067488193512 0.004736888222396374 
vt 0.724101185798645 0.0030372459441423416 
vt 0.7242225408554077 0.004615485202521086 
vt 0.7268922328948975 0.0030372459441423416 
vt 0.7279844284057617 0.004494082182645798 
vt 0.7291979193687439 0.0029158429242670536 
vt 0.9586707353591919 0.0048582907766103745 
vt 0.95903480052948 0.0029158429242670536 
vt 0.9607337117195129 0.0049796937964856625 
vt 0.9621899127960205 0.0031586489640176296 
vt 0.9630393385887146 0.0051010968163609505 
vt 0.9663158059120178 0.0032800519838929176 
vt 0.9663158059120178 0.0051010968163609505 
vt 0.9694709181785583 0.0049796937964856625 
vt 0.9693495631217957 0.0031586489640176296 
vt 0.97177654504776 0.0029158429242670536 
vt 0.9720192551612854 0.0048582907766103745 
vt 0.8496984839439392 0.013599307276308537 
vt 0.8498198390007019 0.01542035210877657 
vt 0.8520041108131409 0.013720709830522537 
vt 0.8520041108131409 0.01554175466299057 
vt 0.8543097376823425 0.01554175466299057 
vt 0.8546738028526306 0.013720709830522537 
vt 0.8577075600624084 0.01554175466299057 
vt 0.8577075600624084 0.013720709830522537 
vt 0.8603772521018982 0.013599307276308537 
vt 0.8604986071586609 0.01542035210877657 
vt 0.9511470794677734 0.5478938817977905 
vt 0.9431379437446594 0.5498363375663757 
vt 0.9433806538581848 0.5651331543922424 
vt 0.9364637136459351 0.552507221698761 
vt 0.9551516175270081 0.5642833113670349 
vt 0.9579426646232605 0.5486223101615906 
vt 0.9655877351760864 0.565011739730835 
vt 0.9671652317047119 0.5514146089553833 
vt 0.9735968112945557 0.5549352765083313 
vt 0.9735968112945557 0.5676826238632202 
vt 0.9790575504302979 0.5591843724250793 
vt 0.9826980829238892 0.5631906986236572 
vt 0.977722704410553 0.5705962777137756 
vt 0.9871879816055298 0.5697464346885681 
vt 0.979785680770874 0.5731457471847534 
vt 0.9811205267906189 0.5761808156967163 
vt 0.9893723130226135 0.5747239589691162 
vt 0.981969952583313 0.5839505791664124 
vt 0.9911925792694092 0.5820081233978271 
vt 0.9930127859115601 0.5952410697937012 
vt 0.9812418818473816 0.5964550971984863 
vt 0.9956825375556946 0.6353040933609009 
vt 0.9871879816055298 0.6450163125991821 
vt 0.9955611824989319 0.6481727957725525 
vt 0.9941049814224243 0.6561853885650635 
vt 0.9864599108695984 0.6565495729446411 
vt 0.9914352893829346 0.6628625392913818 
vt 0.9852464199066162 0.6611629128456116 
vt 0.9876734018325806 0.6688113212585449 
vt 0.9833047986030579 0.6643193960189819 
vt 0.9803923964500427 0.6669902801513672 
vt 0.9829407334327698 0.6736674308776855 
vt 0.9766305685043335 0.66929692029953 
vt 0.9773586392402649 0.6774309277534485 
vt 0.9721406102180481 0.6712393760681152 
vt 0.9711698293685913 0.6798589825630188 
vt 0.9626753330230713 0.6735460162162781 
vt 0.9641315340995789 0.6811944246292114 
vt 0.956850528717041 0.6742744445800781 
vt 0.9561223983764648 0.6819227933883667 
vt 0.9499335885047913 0.6740316152572632 
vt 0.9482346773147583 0.681801438331604 
vt 0.9410750269889832 0.680830180644989 
vt 0.9394974708557129 0.6723319888114929 
vt 0.9346434473991394 0.6787663698196411 
vt 0.9348861575126648 0.6706323623657227 
vt 0.9289399981498718 0.6754884719848633 
vt 0.9310029745101929 0.66856849193573 
vt 0.9238433241844177 0.6708751320838928 
vt 0.927969217300415 0.6661404371261597 
vt 0.9257848858833313 0.6631053686141968 
vt 0.9195960760116577 0.6652905941009521 
vt 0.9243286848068237 0.6586134433746338 
vt 0.9165623188018799 0.6588562726974487 
vt 0.9227511882781982 0.6472015380859375 
vt 0.9146206974983215 0.6509650349617004 
vt 0.9136499166488647 0.6380963325500488 
vt 0.9136499166488647 0.5979119539260864 
vt 0.9232365489006042 0.6412528157234192 
vt 0.9246927499771118 0.6383391618728638 
vt 0.925420880317688 0.5982761383056641 
vt 0.9289399981498718 0.6077455878257751 
vt 0.9272410869598389 0.635789692401886 
vt 0.9325805306434631 0.6115090847015381 
vt 0.9306389093399048 0.6334830522537231 
vt 0.9367064237594604 0.6308121681213379 
vt 0.9407109618186951 0.6153939962387085 
vt 0.9459289908409119 0.6291125416755676 
vt 0.9529672861099243 0.6172150373458862 
vt 0.9575785994529724 0.628505527973175 
vt 0.9631606936454773 0.6156367659568787 
vt 0.9677720069885254 0.6289911270141602 
vt 0.9715338349342346 0.6124802827835083 
vt 0.9763878583908081 0.6309335827827454 
vt 0.97602379322052 0.6090810298919678 
vt 0.981969952583313 0.6339686512947083 
vt 0.9784508347511292 0.6060459613800049 
vt 0.9846396446228027 0.6363967061042786 
vt 0.9863385558128357 0.6391889452934265 
vt 0.9239646792411804 0.5857716202735901 
vt 0.9144993424415588 0.5845575928688049 
vt 0.9159555435180664 0.5771520137786865 
vt 0.9242073893547058 0.578001856803894 
vt 0.9175330996513367 0.5726601481437683 
vt 0.9252995252609253 0.5749667882919312 
vt 0.9210522770881653 0.5661043524742126 
vt 0.9280905723571777 0.5713247060775757 
vt 0.9251781702041626 0.5608840584754944 
vt 0.9348861575126648 0.5671969652175903 
vt 0.9302748441696167 0.5563921332359314 
vt 0.9073396921157837 0.01991226337850094 
vt 0.9069756865501404 0.025375397875905037 
vt 0.909281313419342 0.01991226337850094 
vt 0.9086745381355286 0.02743924967944622 
vt 0.9066116213798523 0.032173965126276016 
vt 0.908431887626648 0.033266592770814896 
vt 0.9064902663230896 0.03593745827674866 
vt 0.9083105325698853 0.04152199625968933 
vt 0.9063689112663269 0.04152199625968933 
vt 0.9081891775131226 0.04856337234377861 
vt 0.9063689112663269 0.04856337234377861 
vt 0.9083105325698853 0.05584755167365074 
vt 0.9064902663230896 0.05584755167365074 
vt 0.9066116213798523 0.062281910330057144 
vt 0.9085531830787659 0.062281910330057144 
vt 0.9068543314933777 0.06713803112506866 
vt 0.9087958931922913 0.06810925155878067 
vt 0.9073396921157837 0.07332958281040192 
vt 0.9091599583625793 0.07381519675254822 
vt 0.9749316573143005 0.07090152055025101 
vt 0.9750530123710632 0.07842850685119629 
vt 0.9732327461242676 0.07782149314880371 
vt 0.9751743674278259 0.08316322416067123 
vt 0.9733541011810303 0.08316322416067123 
vt 0.9751743674278259 0.09044740349054337 
vt 0.9733541011810303 0.09056881070137024 
vt 0.9750530123710632 0.10283051431179047 
vt 0.9732327461242676 0.10295191407203674 
vt 0.9726260304450989 0.13913001120090485 
vt 0.9744462370872498 0.13900861144065857 
vt 0.9723833203315735 0.15017768740653992 
vt 0.9742035865783691 0.15017768740653992 
vt 0.9739608764648438 0.15649063885211945 
vt 0.9721406102180481 0.15649063885211945 
vt 0.9731113910675049 0.069930300116539 
vt 0.9746889472007751 0.06458856910467148 
vt 0.9728686809539795 0.06458856910467148 
vt 0.9725046753883362 0.05827561020851135 
vt 0.9744462370872498 0.05827561020851135 
vt 0.9721406102180481 0.0520840585231781 
vt 0.9739608764648438 0.051962655037641525 
vt 0.7418183088302612 0.5846790075302124 
vt 0.740240752696991 0.5902635455131531 
vt 0.7408475279808044 0.5918418169021606 
vt 0.7387845516204834 0.5981547236442566 
vt 0.7379351258277893 0.5981547236442566 
vt 0.7355080842971802 0.6039820909500122 
vt 0.7346586585044861 0.6037392616271973 
vt 0.7308968305587769 0.6090810298919678 
vt 0.7304114103317261 0.6085954308509827 
vt 0.7250720262527466 0.6124802827835083 
vt 0.725314736366272 0.6132087111473083 
vt 0.7187618017196655 0.6153939962387085 
vt 0.7188831567764282 0.6162437796592712 
vt 0.7103886604309082 0.6173364520072937 
vt 0.7109954357147217 0.6181862354278564 
vt 0.698132336139679 0.6192788481712341 
vt 0.6491069197654724 0.6174578070640564 
vt 0.6579654812812805 0.6192788481712341 
vt 0.644616961479187 0.6183076500892639 
vt 0.6378213763237 0.6160010099411011 
vt 0.6372146010398865 0.6169722080230713 
vt 0.6323606371879578 0.6141799688339233 
vt 0.6326032876968384 0.615272581577301 
vt 0.6261717677116394 0.611751914024353 
vt 0.6241087913513184 0.6090810298919678 
vt 0.6209537386894226 0.6076241731643677 
vt 0.6177986264228821 0.6021610498428345 
vt 0.6164637804031372 0.6026466488838196 
vt 0.6135513782501221 0.5948768854141235 
vt 0.6124591827392578 0.5963336825370789 
vt 0.6099108457565308 0.589777946472168 
vt 0.6100322008132935 0.5820081233978271 
vt 0.6079692840576172 0.581765353679657 
vt 0.6082119345664978 0.578001856803894 
vt 0.6107603311538696 0.5738741755485535 
vt 0.6093041300773621 0.5725387334823608 
vt 0.611488401889801 0.565740168094635 
vt 0.615250289440155 0.5613696575164795 
vt 0.6150075793266296 0.5591843724250793 
vt 0.619133472442627 0.5538426637649536 
vt 0.6225312352180481 0.5520216226577759 
vt 0.6232593655586243 0.5500791668891907 
vt 0.6295695304870605 0.5457086563110352 
vt 0.6316325068473816 0.5457086563110352 
vt 0.6346662640571594 0.5435234308242798 
vt 0.64206862449646 0.5417023301124573 
vt 0.6454663872718811 0.5423093438148499 
vt 0.6552957892417908 0.5398812890052795 
vt 0.6953412890434265 0.5372104644775391 
vt 0.7073549032211304 0.5381816625595093 
vt 0.7082043886184692 0.5373318195343018 
vt 0.7162134647369385 0.5386672616004944 
vt 0.7163348197937012 0.5396385192871094 
vt 0.7228876948356628 0.5413381457328796 
vt 0.7227663397789001 0.5420665740966797 
vt 0.7288338541984558 0.5451016426086426 
vt 0.728348433971405 0.5457086563110352 
vt 0.7329597473144531 0.5502005815505981 
vt 0.7336878776550293 0.5499577522277832 
vt 0.7364789247512817 0.5555422902107239 
vt 0.7374497056007385 0.5554208755493164 
vt 0.7389059066772461 0.5616124272346497 
vt 0.7398766875267029 0.5617338418960571 
vt 0.7409688830375671 0.573024332523346 
vt 0.7412115335464478 0.5687752366065979 
vt 0.7419396638870239 0.5766664147377014 
vt 0.6341808438301086 0.6083526015281677 
vt 0.6323606371879578 0.6141799688339233 
vt 0.6374573111534119 0.6094452142715454 
vt 0.6378213763237 0.6160010099411011 
vt 0.6443742513656616 0.6098094582557678 
vt 0.6491069197654724 0.6174578070640564 
vt 0.6582081317901611 0.6082311868667603 
vt 0.6315111517906189 0.606288731098175 
vt 0.6241087913513184 0.6090810298919678 
vt 0.627627968788147 0.6014326214790344 
vt 0.6177986264228821 0.6021610498428345 
vt 0.6244728565216064 0.5929344296455383 
vt 0.6135513782501221 0.5948768854141235 
vt 0.6231380105018616 0.5833435654640198 
vt 0.6100322008132935 0.5820081233978271 
vt 0.6107603311538696 0.5738741755485535 
vt 0.6231380105018616 0.5729029178619385 
vt 0.615250289440155 0.5613696575164795 
vt 0.6245942115783691 0.5639191269874573 
vt 0.6225312352180481 0.5520216226577759 
vt 0.6275066137313843 0.5576061606407166 
vt 0.6298122406005859 0.5545710921287537 
vt 0.6316325068473816 0.5457086563110352 
vt 0.6323606371879578 0.5523858070373535 
vt 0.6355156898498535 0.5509290099143982 
vt 0.6423113346099854 0.5502005815505981 
vt 0.6454663872718811 0.5423093438148499 
vt 0.6562665700912476 0.5508075952529907 
vt 0.6952199339866638 0.5491079688072205 
vt 0.6673094034194946 0.5539640784263611 
vt 0.6715566515922546 0.5578489303588867 
vt 0.6910939812660217 0.5562707185745239 
vt 0.6754398345947266 0.5651331543922424 
vt 0.6890310645103455 0.5648903250694275 
vt 0.6775028109550476 0.5736313462257385 
vt 0.6886669993400574 0.582493782043457 
vt 0.6781095862388611 0.5797014832496643 
vt 0.6772601008415222 0.5888067483901978 
vt 0.6909726858139038 0.5963336825370789 
vt 0.6749544739723206 0.5965765118598938 
vt 0.6944918036460876 0.6041035056114197 
vt 0.6719207167625427 0.6015540361404419 
vt 0.6690083146095276 0.6043462753295898 
vt 0.6983749866485596 0.6081097722053528 
vt 0.7012873888015747 0.6095666289329529 
vt 0.707112193107605 0.610052227973938 
vt 0.7103886604309082 0.6173364520072937 
vt 0.7187618017196655 0.6153939962387085 
vt 0.7186404466629028 0.6085954308509827 
vt 0.7250720262527466 0.6124802827835083 
vt 0.7231304049491882 0.6071385741233826 
vt 0.7304114103317261 0.6085954308509827 
vt 0.7273776531219482 0.6037392616271973 
vt 0.7346586585044861 0.6037392616271973 
vt 0.7318676114082336 0.5952410697937012 
vt 0.7379351258277893 0.5981547236442566 
vt 0.740240752696991 0.5902635455131531 
vt 0.7341732382774353 0.5828579664230347 
vt 0.7409688830375671 0.573024332523346 
vt 0.7341732382774353 0.5738741755485535 
vt 0.7389059066772461 0.5616124272346497 
vt 0.7306541204452515 0.5589416027069092 
vt 0.7364789247512817 0.5555422902107239 
vt 0.7329597473144531 0.5502005815505981 
vt 0.7256787419319153 0.5506861805915833 
vt 0.728348433971405 0.5457086563110352 
vt 0.7211887836456299 0.5476511120796204 
vt 0.7227663397789001 0.5420665740966797 
vt 0.7165775299072266 0.5464370846748352 
vt 0.7163348197937012 0.5396385192871094 
vt 0.7050492763519287 0.5457086563110352 
vt 0.7073549032211304 0.5381816625595093 
vt 0.6992244720458984 0.5465584993362427 
vt 0.9009081721305847 0.013720709830522537 
vt 0.9005441069602966 0.022218920290470123 
vt 0.898238480091095 0.013599307276308537 
vt 0.8978744149208069 0.0225831288844347 
vt 0.9004227519035339 0.028167666867375374 
vt 0.8977530598640442 0.028896085917949677 
vt 0.9003013968467712 0.034602027386426926 
vt 0.8976317048072815 0.03448062390089035 
vt 0.8976317048072815 0.04419286176562309 
vt 0.9003013968467712 0.04443566873669624 
vt 0.8977530598640442 0.04904898256063461 
vt 0.9003013968467712 0.04917038604617119 
vt 0.8978744149208069 0.05341948941349983 
vt 0.9004227519035339 0.05341948941349983 
vt 0.8979957699775696 0.05718298256397247 
vt 0.9006654620170593 0.05694017931818962 
vt 0.898238480091095 0.06021805852651596 
vt 0.900786817073822 0.05973244830965996 
vt 0.6452237367630005 0.06568119674921036 
vt 0.6453450322151184 0.06179629638791084 
vt 0.6477720737457275 0.06592400372028351 
vt 0.6478934288024902 0.06191769987344742 
vt 0.6454663872718811 0.055726148188114166 
vt 0.6481361389160156 0.05123423784971237 
vt 0.6455877423286438 0.04965599626302719 
vt 0.6455877423286438 0.04540689289569855 
vt 0.6482574343681335 0.04540689289569855 
vt 0.6455877423286438 0.042493220418691635 
vt 0.6481361389160156 0.042250413447618484 
vt 0.6454663872718811 0.03957954794168472 
vt 0.6480147838592529 0.03909393772482872 
vt 0.6452237367630005 0.03593745827674866 
vt 0.6477720737457275 0.03448062390089035 
vt 0.6944918036460876 0.5510503649711609 
vt 0.6967974305152893 0.5485008955001831 
vt 0.6952199339866638 0.5491079688072205 
vt 0.6992244720458984 0.5465584993362427 
vt 0.6993458271026611 0.5470440983772278 
vt 0.7050492763519287 0.5457086563110352 
vt 0.7035930752754211 0.5464370846748352 
vt 0.7100245952606201 0.5464370846748352 
vt 0.692671537399292 0.5543282628059387 
vt 0.6910939812660217 0.5562707185745239 
vt 0.6907299757003784 0.5595486164093018 
vt 0.6890310645103455 0.5648903250694275 
vt 0.6895164847373962 0.5686538219451904 
vt 0.6886669993400574 0.582493782043457 
vt 0.6896378397941589 0.581765353679657 
vt 0.6908513307571411 0.5929344296455383 
vt 0.6909726858139038 0.5963336825370789 
vt 0.6936423778533936 0.6011898517608643 
vt 0.6944918036460876 0.6041035056114197 
vt 0.6963120698928833 0.6054389476776123 
vt 0.6983749866485596 0.6081097722053528 
vt 0.6987390518188477 0.6077455878257751 
vt 0.7012873888015747 0.6095666289329529 
vt 0.7014087438583374 0.6090810298919678 
vt 0.707112193107605 0.610052227973938 
vt 0.7056559920310974 0.6094452142715454 
vt 0.7120875716209412 0.6090810298919678 
vt 0.7186404466629028 0.6085954308509827 
vt 0.7185190916061401 0.6079884171485901 
vt 0.7231304049491882 0.6071385741233826 
vt 0.7228876948356628 0.6066529750823975 
vt 0.725800096988678 0.6045891046524048 
vt 0.7165775299072266 0.5464370846748352 
vt 0.7165775299072266 0.5469226837158203 
vt 0.7211887836456299 0.5476511120796204 
vt 0.7209461331367493 0.548015296459198 
vt 0.7239798307418823 0.5499577522277832 
vt 0.22171221673488617 0.011656858958303928 
vt 0.21819305419921875 0.011292650364339352 
vt 0.22353245317935944 0.011292650364339352 
vt 0.8643817901611328 0.0034014550037682056 
vt 0.8681436777114868 0.0034014550037682056 
vt 0.8700852394104004 0.0030372459441423416 
vt 0.6709499359130859 0.03484483063220978 
vt 0.6761679649353027 0.035209041088819504 
vt 0.6680375337600708 0.035209041088819504 
vt 0.7287124991416931 0.5562707185745239 
vt 0.7305327653884888 0.5606412291526794 
vt 0.7306541204452515 0.5589416027069092 
vt 0.7329597473144531 0.5703534483909607 
vt 0.7341732382774353 0.5738741755485535 
vt 0.7336878776550293 0.5769092440605164 
vt 0.7341732382774353 0.5828579664230347 
vt 0.7333238124847412 0.5835863947868347 
vt 0.7318676114082336 0.5952410697937012 
vt 0.7316249012947083 0.5934200286865234 
vt 0.730047345161438 0.5979119539260864 
vt 0.9006654620170593 0.046013906598091125 
vt 0.9009081721305847 0.05560474470257759 
vt 0.9003013968467712 0.04917038604617119 
vt 0.9004227519035339 0.05341948941349983 
vt 0.9502975940704346 0.18708419799804688 
vt 0.9533313512802124 0.17688633501529694 
vt 0.9558796882629395 0.17664353549480438 
vt 0.9609764218330383 0.16438183188438416 
vt 0.9621899127960205 0.1498134732246399 
vt 0.9640101790428162 0.1512703150510788 
vt 0.965830385684967 0.13755176961421967 
vt 0.9651023149490356 0.1215265765786171 
vt 0.9672865867614746 0.12395463138818741 
vt 0.9672865867614746 0.11035750061273575 
vt 0.9620685577392578 0.0932396724820137 
vt 0.9651023149490356 0.09700316935777664 
vt 0.961583137512207 0.08364883810281754 
vt 0.9533313512802124 0.06616680324077606 
vt 0.9575785994529724 0.07053731381893158 
vt 0.9524819254875183 0.0580328032374382 
vt 0.9454436302185059 0.04674232751131058 
vt 0.9390120506286621 0.04152199625968933 
vt 0.9384053349494934 0.03739429637789726 
vt 0.9328231811523438 0.030352920293807983 
vt 0.919960081577301 0.020276471972465515 
vt 0.9284546375274658 0.02476838231086731 
vt 0.9233579039573669 0.018941039219498634 
vt 0.9132858514785767 0.011292650364339352 
vt 0.8970249891281128 0.0036442610435187817 
vt 0.9273624420166016 0.12771812081336975 
vt 0.9273624420166016 0.09930982440710068 
vt 0.9291827082633972 0.10683681070804596 
vt 0.9273624420166016 0.03775850310921669 
vt 0.936099648475647 0.06483137607574463 
vt 0.9331872463226318 0.04649952054023743 
vt 0.9396188259124756 0.07272256910800934 
vt 0.9391334056854248 0.09311827272176743 
vt 0.9409536719322205 0.0996740311384201 
vt 0.9362210035324097 0.12140516936779022 
vt 0.9369491338729858 0.12638269364833832 
vt 0.9273624420166016 0.14859944581985474 
vt 0.9464144110679626 0.0030372459441423416 
vt 0.9654663801193237 0.02416136860847473 
vt 0.9492054581642151 0.0035228580236434937 
vt 0.9672865867614746 0.02367575652897358 
vt 0.9809991717338562 0.046863727271556854 
vt 0.979785680770874 0.04880617558956146 
vt 0.9898577332496643 0.07235836237668991 
vt 0.9886441826820374 0.0758790448307991 
vt 0.9936195611953735 0.09906701743602753 
vt 0.9916779398918152 0.1041659414768219 
vt 0.992163360118866 0.1260184794664383 
vt 0.9887655377388 0.1324528455734253 
vt 0.9853677749633789 0.1522415280342102 
vt 0.9799070358276367 0.15952570736408234 
vt 0.9735968112945557 0.1765221357345581 
vt 0.9657090306282043 0.18429192900657654 
vt 0.9574572443962097 0.19813187420368195 
vt 0.9467784762382507 0.20541605353355408 
vt 0.8918069005012512 0.6922420859336853 
vt 0.8915641903877258 0.6655334234237671 
vt 0.8901079893112183 0.6799803972244263 
vt 0.8925350308418274 0.7178581357002258 
vt 0.890593409538269 0.7075388431549072 
vt 0.8901079893112183 0.6514506936073303 
vt 0.8918069005012512 0.6385819315910339 
vt 0.36211416125297546 0.00837897788733244 
vt 0.38225826621055603 0.007893365807831287 
vt 0.3647838532924652 0.009957216680049896 
vt 0.33638796210289 0.00874318741261959 
vt 0.3369947075843811 0.010442828759551048 
vt 0.3093269169330597 0.00874318741261959 
vt 0.3085988163948059 0.010442828759551048 
vt 0.28287261724472046 0.00837897788733244 
vt 0.2577531635761261 0.007771962787955999 
vt 0.2806883156299591 0.010078620165586472 
vt 0.9079464673995972 0.0027944399043917656 
vt 0.9364637136459351 0.0027944399043917656 
vt 0.9225084781646729 0.0058295149356126785 
vt 0.9550302624702454 0.09020459651947021 
vt 0.9532099962234497 0.08437725901603699 
vt 0.9532099962234497 0.11278555542230606 
vt 0.8818562030792236 0.5713247060775757 
vt 0.8806427121162415 0.5906277894973755 
vt 0.8791865110397339 0.5869856476783752 
vt 0.8780943751335144 0.6101736426353455 
vt 0.8796719312667847 0.6132087111473083 
vt 0.8791865110397339 0.6382177472114563 
vt 0.8774875998497009 0.6363967061042786 
vt 0.8443590402603149 0.7671477198600769 
vt 0.846422016620636 0.7734606862068176 
vt 0.8455725312232971 0.7537934184074402 
vt 0.9391334056854248 0.20153115689754486 
vt 0.9460503458976746 0.1948539912700653 
vt 0.9425312280654907 0.20104554295539856 
vt 0.9384053349494934 0.20760129392147064 
vt 0.929668128490448 0.21682792901992798 
vt 0.9200814366340637 0.2226552665233612 
vt 0.913164496421814 0.23030366003513336 
vt 0.8970249891281128 0.23940888047218323 
vt 0.9789361953735352 0.03144554793834686 
vt 0.9789361953735352 0.0030372459441423416 
vt 0.97602379322052 0.019426651298999786 
vt 0.9663158059120178 0.04783495143055916 
vt 0.9663158059120178 0.07624325156211853 
vt 0.9644955396652222 0.07223695516586304 
vt 0.6538395881652832 0.03071713075041771 
vt 0.6538395881652832 0.05912543088197708 
vt 0.6556597948074341 0.05596895515918732 
vt 0.95054030418396 0.04419286176562309 
vt 0.9485986828804016 0.041643399745225906 
vt 0.95054030418396 0.015663158148527145 
vt 0.6942490935325623 0.3614189028739929 
vt 0.6893951296806335 0.36117610335350037 
vt 0.6942490935325623 0.37623006105422974 
vt 0.6895164847373962 0.37623006105422974 
vt 0.6893951296806335 0.39055562019348145 
vt 0.6942490935325623 0.39055562019348145 
vt 0.6892737746238708 0.40488117933273315 
vt 0.6940063834190369 0.41690006852149963 
vt 0.6891524195671082 0.4190853238105774 
vt 0.6937637329101562 0.43268245458602905 
vt 0.6940063834190369 0.333617627620697 
vt 0.6891524195671082 0.333617627620697 
vt 0.693885087966919 0.3258478343486786 
vt 0.6890310645103455 0.3257264196872711 
vt 0.6887883543968201 0.31370753049850464 
vt 0.6842983961105347 0.3258478343486786 
vt 0.6844197511672974 0.333617627620697 
vt 0.6846624612808228 0.36129748821258545 
vt 0.6847838163375854 0.37623006105422974 
vt 0.6846624612808228 0.39055562019348145 
vt 0.6845411062240601 0.40488117933273315 
vt 0.6844197511672974 0.4190853238105774 
vt 0.684177041053772 0.43268245458602905 
vt 0.6889097094535828 0.4329252541065216 
vt 0.6886669993400574 0.44567257165908813 
vt 0.6933996677398682 0.44555118680000305 
vt 0.6883029341697693 0.458055704832077 
vt 0.692671537399292 0.46825355291366577 
vt 0.6936423778533936 0.3139503300189972 
vt 0.6839343309402466 0.44555118680000305 
vt 0.6835703253746033 0.4578128755092621 
vt 0.6830849051475525 0.46995317935943604 
vt 0.6878175735473633 0.4701959788799286 
vt 0.6827208399772644 0.4810008704662323 
vt 0.6874535083770752 0.48124366998672485 
vt 0.692186176776886 0.4810008704662323 
vt 0.9036992192268372 0.7199219465255737 
vt 0.9039419293403625 0.7257493138313293 
vt 0.9017575979232788 0.7217429876327515 
vt 0.902971088886261 0.7452951669692993 
vt 0.9013935327529907 0.709359884262085 
vt 0.9033351540565491 0.7091171145439148 
vt 0.9053981304168701 0.7193149328231812 
vt 0.905034065246582 0.7086314558982849 
vt 0.902971088886261 0.6900568008422852 
vt 0.9010295271873474 0.6901782155036926 
vt 0.900786817073822 0.665776252746582 
vt 0.9028497338294983 0.665776252746582 
vt 0.9009081721305847 0.6401602029800415 
vt 0.9028497338294983 0.6401602029800415 
vt 0.9045486450195312 0.6655334234237671 
vt 0.9045486450195312 0.640281617641449 
vt 0.905034065246582 0.6155153512954712 
vt 0.9032137989997864 0.6150297522544861 
vt 0.9012722373008728 0.6149083375930786 
vt 0.9020003080368042 0.5911133885383606 
vt 0.9039419293403625 0.5913561582565308 
vt 0.9056407809257507 0.5919631719589233 
vt 0.9066116213798523 0.5707176923751831 
vt 0.9049127101898193 0.5699892640113831 
vt 0.902971088886261 0.5696250200271606 
vt 0.9047913551330566 0.6896926164627075 
vt 0.8471500873565674 0.7177367210388184 
vt 0.844723105430603 0.717372477054596 
vt 0.8448444604873657 0.7247780561447144 
vt 0.8472714424133301 0.7251423001289368 
vt 0.8475141525268555 0.7366755604743958 
vt 0.8450871706008911 0.7360685467720032 
vt 0.8479995727539062 0.7544004321098328 
vt 0.8455725312232971 0.7537934184074402 
vt 0.8488489985466003 0.7743105292320251 
vt 0.846422016620636 0.7734606862068176 
vt 0.4309196174144745 0.0030372459441423416 
vt 0.4209689199924469 0.0037656640633940697 
vt 0.430070161819458 0.0054653058759868145 
vt 0.4209689199924469 0.0060723209753632545 
vt 0.4121103584766388 0.006557933054864407 
vt 0.40531477332115173 0.007043545134365559 
vt 0.40046074986457825 0.0048582907766103745 
vt 0.39985400438308716 0.007286351174116135 
vt 0.3936651647090912 0.007529157213866711 
vt 0.3942719101905823 0.0052224998362362385 
vt 0.3827436566352844 0.0055867088958621025 
vt 0.38225826621055603 0.007893365807831287 
vt 0.36247819662094116 0.0059509179554879665 
vt 0.36211416125297546 0.00837897788733244 
vt 0.3365093171596527 0.006315127015113831 
vt 0.33638796210289 0.00874318741261959 
vt 0.3093269169330597 0.006315127015113831 
vt 0.3093269169330597 0.00874318741261959 
vt 0.28287261724472046 0.00837897788733244 
vt 0.2825085520744324 0.0060723209753632545 
vt 0.2572677731513977 0.0053439028561115265 
vt 0.2577531635761261 0.007771962787955999 
vt 0.2350607067346573 0.006800739094614983 
vt 0.2343326061964035 0.00437267916277051 
vt 0.6833276152610779 0.3279116749763489 
vt 0.6844197511672974 0.333617627620697 
vt 0.6842983961105347 0.3258478343486786 
vt 0.9890082478523254 0.052812475711107254 
vt 0.9888868927955627 0.05050582066178322 
vt 0.992163360118866 0.05317668616771698 
vt 0.9920420050621033 0.050870027393102646 
vt 0.9887655377388 0.046620924025774 
vt 0.9919206500053406 0.047956354916095734 
vt 0.9917992949485779 0.04431426525115967 
vt 0.9886441826820374 0.03860832378268242 
vt 0.9916779398918152 0.03751569613814354 
vt 0.9886441826820374 0.030110115185379982 
vt 0.9917992949485779 0.02853187546133995 
vt 0.9886441826820374 0.018941039219498634 
vt 0.9917992949485779 0.018698232248425484 
vt 0.9920420050621033 0.009957216680049896 
vt 0.9888868927955627 0.00959300808608532 
vt 0.992163360118866 0.0030372459441423416 
vt 0.9891296029090881 0.0034014550037682056 
vt 0.9234792590141296 0.09566773474216461 
vt 0.9238433241844177 0.0882621556520462 
vt 0.9266343712806702 0.0946965143084526 
vt 0.9269984364509583 0.08401304483413696 
vt 0.9239646792411804 0.08267761766910553 
vt 0.9271197319030762 0.07405800372362137 
vt 0.9240860342979431 0.07381519675254822 
vt 0.9239646792411804 0.06555978953838348 
vt 0.9269984364509583 0.06507417559623718 
vt 0.923721969127655 0.05997525155544281 
vt 0.9267557263374329 0.05973244830965996 
vt 0.9234792590141296 0.056333161890506744 
vt 0.9266343712806702 0.056333161890506744 
vt 0.9834261536598206 0.117520272731781 
vt 0.983668863773346 0.11266415566205978 
vt 0.9808778166770935 0.11715606600046158 
vt 0.9809991717338562 0.11363537609577179 
vt 0.9812418818473816 0.10792943835258484 
vt 0.9839115738868713 0.10198069363832474 
vt 0.9813632369041443 0.10173788666725159 
vt 0.984032928943634 0.09736737608909607 
vt 0.9813632369041443 0.09724597632884979 
vt 0.9813632369041443 0.09384669363498688 
vt 0.9839115738868713 0.09360388666391373 
vt 0.9812418818473816 0.09032600373029709 
vt 0.9837902188301086 0.08996179699897766 
vt 0.9811205267906189 0.08668391406536102 
vt 0.983668863773346 0.08619830012321472 
vt 0.9808778166770935 0.08316322416067123 
vt 0.9834261536598206 0.08255621045827866 
vt 0.9409536719322205 0.016148770228028297 
vt 0.9413177371025085 0.01991226337850094 
vt 0.9418030977249146 0.017848411574959755 
vt 0.9409536719322205 0.02416136860847473 
vt 0.9668012261390686 0.013477903790771961 
vt 0.967529296875 0.01554175466299057 
vt 0.967529296875 0.011778262443840504 
vt 0.9316096901893616 0.018091218546032906 
vt 0.9302748441696167 0.01772700808942318 
vt 0.9348861575126648 0.01772700808942318 
vt 0.7244652509689331 0.36117610335350037 
vt 0.7125729322433472 0.3878847658634186 
vt 0.7396340370178223 0.3700385093688965 
vt 0.7291979193687439 0.3933478891849518 
vt 0.9363423585891724 0.34927859902381897 
vt 0.917411744594574 0.3321607708930969 
vt 0.754681408405304 0.34927859902381897 
vt 0.7736120223999023 0.3321607708930969 
vt 0.7416969537734985 0.3376239240169525 
vt 0.7632972598075867 0.31807804107666016 
vt 0.788659393787384 0.3033882677555084 
vt 0.7958190441131592 0.3194134533405304 
vt 0.8164485692977905 0.29440444707870483 
vt 0.8200890421867371 0.3115222752094269 
vt 0.8454512357711792 0.29136937856674194 
vt 0.8454512357711792 0.3088513910770416 
vt 0.8744538426399231 0.29440444707870483 
vt 0.8709347248077393 0.3115222752094269 
vt 0.8952047228813171 0.3194134533405304 
vt 0.9274837970733643 0.31807804107666016 
vt 0.9492054581642151 0.3376239240169525 
vt 0.9513897895812988 0.3700385093688965 
vt 0.7238585352897644 0.41835689544677734 
vt 0.7065054774284363 0.4164144694805145 
vt 0.7238585352897644 0.44397294521331787 
vt 0.7065054774284363 0.44567257165908813 
vt 0.9022430181503296 0.3033882677555084 
vt 0.9539381265640259 0.3331319987773895 
vt 0.9718979001045227 0.35789820551872253 
vt 0.9664371609687805 0.36117610335350037 
vt 0.9783294796943665 0.3878847658634186 
vt 0.9618258476257324 0.3933478891849518 
vt 0.9843969345092773 0.4164144694805145 
vt 0.9671652317047119 0.41835689544677734 
vt 0.9843969345092773 0.44567257165908813 
vt 0.9671652317047119 0.4438515305519104 
vt 0.9783294796943665 0.4742022752761841 
vt 0.9618258476257324 0.46886056661605835 
vt 0.9664371609687805 0.5009109377861023 
vt 0.9513897895812988 0.49229133129119873 
vt 0.9363423585891724 0.5129298567771912 
vt 0.9492054581642151 0.5244631171226501 
vt 0.9274837970733643 0.5440090298652649 
vt 0.917411744594574 0.5300476551055908 
vt 0.7736120223999023 0.5300476551055908 
vt 0.754681408405304 0.5129298567771912 
vt 0.7396340370178223 0.49229133129119873 
vt 0.7416969537734985 0.5244631171226501 
vt 0.7632972598075867 0.5440090298652649 
vt 0.788659393787384 0.5585773587226868 
vt 0.7958190441131592 0.5427950024604797 
vt 0.8200890421867371 0.5506861805915833 
vt 0.8164485692977905 0.5676826238632202 
vt 0.8454512357711792 0.5533570647239685 
vt 0.8454512357711792 0.5707176923751831 
vt 0.8744538426399231 0.5676826238632202 
vt 0.8709347248077393 0.5506861805915833 
vt 0.8952047228813171 0.5427950024604797 
vt 0.9022430181503296 0.5585773587226868 
vt 0.9047913551330566 0.5644047260284424 
vt 0.9312456846237183 0.5491079688072205 
vt 0.7244652509689331 0.5009109377861023 
vt 0.7291979193687439 0.46886056661605835 
vt 0.7125729322433472 0.4742022752761841 
vt 0.43832194805145264 0.5336897373199463 
vt 0.4338320195674896 0.5158435106277466 
vt 0.46077170968055725 0.532232940196991 
vt 0.4573739171028137 0.5141438841819763 
vt 0.48637655377388 0.5311402678489685 
vt 0.4314050078392029 0.4999397397041321 
vt 0.45543229579925537 0.4983614981174469 
vt 0.4314050078392029 0.015298948623239994 
vt 0.45543229579925537 0.013599307276308537 
vt 0.4828574061393738 0.49714747071266174 
vt 0.4828574061393738 0.012385277077555656 
vt 0.48407089710235596 0.5130512714385986 
vt 0.5139229893684387 0.5305332541465759 
vt 0.5130735635757446 0.512444257736206 
vt 0.5424402356147766 0.5304118990898132 
vt 0.5428043007850647 0.5123228430747986 
vt 0.5704721212387085 0.5307760834693909 
vt 0.5721710324287415 0.5128084421157837 
vt 0.5968050360679626 0.5317472815513611 
vt 0.5998387932777405 0.5137796401977539 
vt 0.6204683184623718 0.5332041382789612 
vt 0.6245942115783691 0.515236496925354 
vt 0.6268998384475708 0.4993326961994171 
vt 0.6015377044677734 0.4978758692741394 
vt 0.6015377044677734 0.013113695196807384 
vt 0.5731418132781982 0.01214247103780508 
vt 0.5731418132781982 0.4969046413898468 
vt 0.5430470108985901 0.011656858958303928 
vt 0.5430470108985901 0.4964190423488617 
vt 0.5125881433486938 0.4965404272079468 
vt 0.5125881433486938 0.011778262443840504 
vt 0.6268998384475708 0.014691933989524841 
vt 0.532489538192749 0.5505647659301758 
vt 0.5141656994819641 0.5748453736305237 
vt 0.532004177570343 0.5767878293991089 
vt 0.513801634311676 0.6041035056114197 
vt 0.5317614674568176 0.6047105193138123 
vt 0.5139229893684387 0.6339686512947083 
vt 0.5317614674568176 0.6331188082695007 
vt 0.5141656994819641 0.6629839539527893 
vt 0.532004177570343 0.6609200835227966 
vt 0.5146511197090149 0.5474082827568054 
vt 0.49826887249946594 0.5738741755485535 
vt 0.49887561798095703 0.5457086563110352 
vt 0.012747510336339474 0.5457086563110352 
vt 0.01226210966706276 0.5738741755485535 
vt 0.01201940979808569 0.6038606762886047 
vt 0.49802616238594055 0.6038606762886047 
vt 0.01201940979808569 0.6344542503356934 
vt 0.49802616238594055 0.6344542503356934 
vt 0.012383460067212582 0.6641979813575745 
vt 0.49839019775390625 0.6641979813575745 
vt 0.012990210205316544 0.6918778419494629 
vt 0.4989969730377197 0.6918778419494629 
vt 0.013839660212397575 0.7161584496498108 
vt 0.4998463988304138 0.7161584496498108 
vt 0.5147724747657776 0.6900568008422852 
vt 0.5156219005584717 0.7137303948402405 
vt 0.5326108932495117 0.6866575479507446 
vt 0.5334603786468506 0.709359884262085 
vt 0.6268998384475708 0.014691933989524841 
vt 0.6226525902748108 0.0055867088958621025 
vt 0.6015377044677734 0.013113695196807384 
vt 0.5985039472579956 0.004251276142895222 
vt 0.5731418132781982 0.01214247103780508 
vt 0.5714429020881653 0.0032800519838929176 
vt 0.542682945728302 0.0027944399043917656 
vt 0.5430470108985901 0.011656858958303928 
vt 0.5125881433486938 0.011778262443840504 
vt 0.5134376287460327 0.0029158429242670536 
vt 0.4851630628108978 0.0035228580236434937 
vt 0.4828574061393738 0.012385277077555656 
vt 0.458951473236084 0.004615485202521086 
vt 0.45543229579925537 0.013599307276308537 
vt 0.4314050078392029 0.015298948623239994 
vt 0.4358949661254883 0.0061937239952385426 
vt 0.2291145622730255 0.5366034507751465 
vt 0.252899169921875 0.5376960635185242 
vt 0.2247459590435028 0.527498185634613 
vt 0.24962270259857178 0.5285908579826355 
vt 0.2776545584201813 0.5294406414031982 
vt 0.27959614992141724 0.5385459065437317 
vt 0.30762800574302673 0.5298048853874207 
vt 0.3082347512245178 0.5389100909233093 
vt 0.338086873292923 0.5298048853874207 
vt 0.3373587727546692 0.5389100909233093 
vt 0.3658760190010071 0.5384244918823242 
vt 0.36793896555900574 0.5294406414031982 
vt 0.39584946632385254 0.5285908579826355 
vt 0.392451673746109 0.5376960635185242 
vt 0.4203621745109558 0.5273768305778503 
vt 0.4159935712814331 0.5366034507751465 
vt 0.8143855929374695 0.8422961831092834 
vt 0.8151137232780457 0.8182584047317505 
vt 0.8050416707992554 0.8465452790260315 
vt 0.8058910965919495 0.8214148879051208 
vt 0.00364625989459455 0.5488651394844055 
vt 0.003039509989321232 0.5756952166557312 
vt 0.012747510336339474 0.5457086563110352 
vt 0.01226210966706276 0.5738741755485535 
vt 0.01201940979808569 0.6038606762886047 
vt 0.0027968098875135183 0.6044676899909973 
vt 0.0027968098875135183 0.6336044073104858 
vt 0.01201940979808569 0.6344542503356934 
vt 0.0031608599238097668 0.6620127558708191 
vt 0.012383460067212582 0.6641979813575745 
vt 0.012990210205316544 0.6918778419494629 
vt 0.0037676100619137287 0.6884785890579224 
vt 0.013839660212397575 0.7161584496498108 
vt 0.004495710134506226 0.7117879390716553 
vt 0.19841301441192627 0.014327725395560265 
vt 0.19416576623916626 0.0052224998362362385 
vt 0.1734149158000946 0.013113695196807384 
vt 0.17025980353355408 0.004008470103144646 
vt 0.1452617049217224 0.012263873592019081 
vt 0.14344145357608795 0.0031586489640176296 
vt 0.11528825759887695 0.011778262443840504 
vt 0.11468151211738586 0.0027944399043917656 
vt 0.08555751293897629 0.0027944399043917656 
vt 0.08470805734395981 0.011778262443840504 
vt 0.054977308958768845 0.012263873592019081 
vt 0.0570402592420578 0.0032800519838929176 
vt 0.02718815952539444 0.013235097751021385 
vt 0.030585959553718567 0.004129873123019934 
vt 0.0027968098875135183 0.01457053143531084 
vt 0.007165410090237856 0.0054653058759868145 
vt 0.25459805130958557 0.009350202046334743 
vt 0.23142020404338837 0.008257575333118439 
vt 0.25132161378860474 0.02719644270837307 
vt 0.22717295587062836 0.02610381692647934 
vt 0.27874672412872314 0.0280462633818388 
vt 0.2806883156299591 0.010078620165586472 
vt 0.3079920709133148 0.028410473838448524 
vt 0.3085988163948059 0.010442828759551048 
vt 0.3377228081226349 0.028410473838448524 
vt 0.3369947075843811 0.010442828759551048 
vt 0.36684679985046387 0.027924861758947372 
vt 0.3647838532924652 0.009957216680049896 
vt 0.3940292000770569 0.02719644270837307 
vt 0.39075276255607605 0.009228798560798168 
vt 0.41793516278266907 0.025982413440942764 
vt 0.41356655955314636 0.008136171847581863 
vt 0.4203621745109558 0.04176480323076248 
vt 0.39584946632385254 0.042978834360837936 
vt 0.36793896555900574 0.043828655034303665 
vt 0.39584946632385254 0.5285908579826355 
vt 0.36793896555900574 0.5294406414031982 
vt 0.338086873292923 0.04419286176562309 
vt 0.338086873292923 0.5298048853874207 
vt 0.30762800574302673 0.04419286176562309 
vt 0.30762800574302673 0.5298048853874207 
vt 0.2776545584201813 0.5294406414031982 
vt 0.2776545584201813 0.043828655034303665 
vt 0.4203621745109558 0.5273768305778503 
vt 0.24962270259857178 0.04310023784637451 
vt 0.2247459590435028 0.04188620671629906 
vt 0.24962270259857178 0.5285908579826355 
vt 0.2247459590435028 0.527498185634613 
vt 0.21916386485099792 0.015905963256955147 
vt 0.19841301441192627 0.014327725395560265 
vt 0.21916386485099792 0.5012751817703247 
vt 0.19841301441192627 0.49969691038131714 
vt 0.19610735774040222 0.515479326248169 
vt 0.1734149158000946 0.498482882976532 
vt 0.17171600461006165 0.5142652988433838 
vt 0.1918601095676422 0.5334469676017761 
vt 0.1685609072446823 0.532232940196991 
vt 0.14429090917110443 0.5134154558181763 
vt 0.14234930276870728 0.5313830971717834 
vt 0.11504556238651276 0.5130512714385986 
vt 0.11443880945444107 0.5310189127922058 
vt 0.0851934626698494 0.5130512714385986 
vt 0.08592156320810318 0.5310189127922058 
vt 0.05606945976614952 0.5135368704795837 
vt 0.05825376138091087 0.5315045118331909 
vt 0.0290084108710289 0.5143866539001465 
vt 0.03240621089935303 0.5323543548583984 
vt 0.0052238102070987225 0.5157220959663391 
vt 0.009592410176992416 0.5335683822631836 
vt 0.2111547589302063 0.5349037647247314 
vt 0.2163728028535843 0.5170575380325317 
vt 0.1734149158000946 0.013113695196807384 
vt 0.1452617049217224 0.012263873592019081 
vt 0.02718815952539444 0.49860429763793945 
vt 0.0027968098875135183 0.4999397397041321 
vt 0.0027968098875135183 0.01457053143531084 
vt 0.02718815952539444 0.013235097751021385 
vt 0.054977308958768845 0.49763306975364685 
vt 0.054977308958768845 0.012263873592019081 
vt 0.08470805734395981 0.49714747071266174 
vt 0.08470805734395981 0.011778262443840504 
vt 0.11528825759887695 0.011778262443840504 
vt 0.11528825759887695 0.49714747071266174 
vt 0.1452617049217224 0.4975116550922394 
vt 0.2861490547657013 0.8176513910293579 
vt 0.2854209542274475 0.8409607410430908 
vt 0.3039875030517578 0.8208078742027283 
vt 0.30325940251350403 0.8452098369598389 
vt 0.3190349042415619 0.8475165367126465 
vt 0.30228862166404724 0.8656055331230164 
vt 0.3180641233921051 0.8683978319168091 
vt 0.8050416707992554 0.8465452790260315 
vt 0.8040708303451538 0.8674266338348389 
vt 0.28457149863243103 0.8605066537857056 
vt 0.3197630047798157 0.8223860859870911 
vt 0.8058910965919495 0.8214148879051208 
vt 0.692186176776886 0.27449434995651245 
vt 0.6874535083770752 0.2742515504360199 
vt 0.6930356025695801 0.29525426030158997 
vt 0.6883029341697693 0.2950114607810974 
vt 0.6840556859970093 0.3139503300189972 
vt 0.6835703253746033 0.29525426030158997 
vt 0.6827208399772644 0.27449434995651245 
vt 0.6373359560966492 0.4213919937610626 
vt 0.638670802116394 0.4011176824569702 
vt 0.64206862449646 0.4211491644382477 
vt 0.6434034705162048 0.40087488293647766 
vt 0.6443742513656616 0.37707987427711487 
vt 0.6396415829658508 0.3773227035999298 
vt 0.6402483582496643 0.35085684061050415 
vt 0.6349089741706848 0.37707987427711487 
vt 0.6355156898498535 0.3507354259490967 
vt 0.6356370449066162 0.3228127360343933 
vt 0.640369713306427 0.3228127360343933 
vt 0.6452237367630005 0.3228127360343933 
vt 0.6402483582496643 0.29428303241729736 
vt 0.6326032876968384 0.4211491644382477 
vt 0.6339381337165833 0.40087488293647766 
vt 0.6449810266494751 0.3507354259490967 
vt 0.6449810266494751 0.29428303241729736 
vt 0.6443742513656616 0.26648175716400146 
vt 0.6396415829658508 0.266360342502594 
vt 0.638670802116394 0.24013730883598328 
vt 0.6349089741706848 0.26648175716400146 
vt 0.6339381337165833 0.24038010835647583 
vt 0.6326032876968384 0.21682792901992798 
vt 0.6373359560966492 0.21658512949943542 
vt 0.64206862449646 0.2167065292596817 
vt 0.6434034705162048 0.24025870859622955 
vt 0.6355156898498535 0.29440444707870483 
vt 0.6538395881652832 0.44810065627098083 
vt 0.6585721969604492 0.44797924160957336 
vt 0.6549317240715027 0.42418426275253296 
vt 0.6597856879234314 0.4240628480911255 
vt 0.6606351733207703 0.39759698510169983 
vt 0.6557811498641968 0.3977183997631073 
vt 0.6563879251480103 0.36967429518699646 
vt 0.651048481464386 0.39759698510169983 
vt 0.6516552567481995 0.36967429518699646 
vt 0.6517766118049622 0.3411445915699005 
vt 0.656509280204773 0.3411445915699005 
vt 0.661241888999939 0.341266006231308 
vt 0.6611205339431763 0.31407174468040466 
vt 0.6563879251480103 0.3139503300189972 
vt 0.6608778834342957 0.29282620549201965 
vt 0.6560238599777222 0.2925834059715271 
vt 0.6605138182640076 0.2808073163032532 
vt 0.6491069197654724 0.4478578269481659 
vt 0.6501990556716919 0.4240628480911255 
vt 0.6611205339431763 0.36967429518699646 
vt 0.6516552567481995 0.31407174468040466 
vt 0.6512911915779114 0.2927047908306122 
vt 0.651048481464386 0.2808073163032532 
vt 0.6557811498641968 0.2805645167827606 
vt 0.6555384397506714 0.2741301357746124 
vt 0.6602711081504822 0.27437296509742737 
vt 0.6544463038444519 0.25264182686805725 
vt 0.6591789722442627 0.25276321172714233 
vt 0.6585721969604492 0.2424439638853073 
vt 0.6538395881652832 0.24220114946365356 
vt 0.6491069197654724 0.2424439638853073 
vt 0.6497136354446411 0.25276321172714233 
vt 0.6508058309555054 0.2742515504360199 
vt 0.9920420050621033 0.16098254919052124 
vt 0.990464448928833 0.18368491530418396 
vt 0.9873093366622925 0.1612253487110138 
vt 0.9857317805290222 0.18380631506443024 
vt 0.98451828956604 0.2093009501695633 
vt 0.9892509579658508 0.20917953550815582 
vt 0.9885228872299194 0.23673802614212036 
vt 0.9939836263656616 0.20942234992980957 
vt 0.9932554960250854 0.23685942590236664 
vt 0.9930127859115601 0.2652677297592163 
vt 0.9967746734619141 0.1612253487110138 
vt 0.9951971173286438 0.18380631506443024 
vt 0.9837902188301086 0.23685942590236664 
vt 0.9835475087165833 0.2652677297592163 
vt 0.988280177116394 0.2652677297592163 
vt 0.9885228872299194 0.2935546338558197 
vt 0.9932554960250854 0.29343321919441223 
vt 0.9939836263656616 0.320384681224823 
vt 0.9892509579658508 0.32050609588623047 
vt 0.990464448928833 0.345150887966156 
vt 0.98451828956604 0.320384681224823 
vt 0.9857317805290222 0.34490808844566345 
vt 0.9873093366622925 0.36627501249313354 
vt 0.9920420050621033 0.36663922667503357 
vt 0.9967746734619141 0.36627501249313354 
vt 0.9951971173286438 0.3450295031070709 
vt 0.9837902188301086 0.29343321919441223 
vt 0.8347724080085754 0.7602277398109436 
vt 0.833680272102356 0.7391036152839661 
vt 0.8367140293121338 0.7599849700927734 
vt 0.8356218338012695 0.7388608455657959 
vt 0.838412880897522 0.7591351270675659 
vt 0.8373207449913025 0.7382538318634033 
vt 0.8367140293121338 0.7149444222450256 
vt 0.8348937630653381 0.715308666229248 
vt 0.8346510529518127 0.6902996301651001 
vt 0.8325881361961365 0.6904210448265076 
vt 0.8346510529518127 0.664804995059967 
vt 0.8325881361961365 0.664804995059967 
vt 0.8329521417617798 0.6395531892776489 
vt 0.8348937630653381 0.6396746039390564 
vt 0.8363499641418457 0.6649264097213745 
vt 0.8367140293121338 0.640038788318634 
vt 0.8373207449913025 0.6166080236434937 
vt 0.8356218338012695 0.6160010099411011 
vt 0.833680272102356 0.6158795952796936 
vt 0.8347724080085754 0.5943912863731384 
vt 0.8367140293121338 0.5947554707527161 
vt 0.838412880897522 0.5954838991165161 
vt 0.8329521417617798 0.7154300212860107 
vt 0.8363499641418457 0.6901782155036926 
vt 0.837927520275116 0.576545000076294 
vt 0.8359858989715576 0.5761808156967163 
vt 0.5932859182357788 0.5699892640113831 
vt 0.5951061844825745 0.5704748630523682 
vt 0.5921937823295593 0.5931771993637085 
vt 0.5938926339149475 0.5935414433479309 
vt 0.5930432081222534 0.619036078453064 
vt 0.5913442969322205 0.618793249130249 
vt 0.5907375812530518 0.6459875106811523 
vt 0.5925577878952026 0.6461089253425598 
vt 0.592315137386322 0.6735460162162781 
vt 0.5971691012382507 0.6735460162162781 
vt 0.5925577878952026 0.7003760933876038 
vt 0.5907375812530518 0.7006188631057739 
vt 0.5906162261962891 0.6736674308776855 
vt 0.5998387932777405 0.5709604620933533 
vt 0.598746657371521 0.5939056277275085 
vt 0.601294994354248 0.5714461207389832 
vt 0.6000815033912659 0.594269871711731 
vt 0.5992320775985718 0.6195216774940491 
vt 0.5978972315788269 0.6192788481712341 
vt 0.5972904562950134 0.6462303400039673 
vt 0.5986253023147583 0.6734246015548706 
vt 0.5972904562950134 0.7002546787261963 
vt 0.598746657371521 0.7000118494033813 
vt 0.5992320775985718 0.7250208854675293 
vt 0.598746657371521 0.6462303400039673 
vt 0.5977758765220642 0.7253850698471069 
vt 0.5986253023147583 0.7479660511016846 
vt 0.6000815033912659 0.747359037399292 
vt 0.6011736392974854 0.7664192914962769 
vt 0.5998387932777405 0.7670263051986694 
vt 0.5938926339149475 0.7483302354812622 
vt 0.5949848294258118 0.7675119638442993 
vt 0.5920724272727966 0.7488158941268921 
vt 0.5932859182357788 0.7681189775466919 
vt 0.5930432081222534 0.7256278991699219 
vt 0.5912229418754578 0.7259920835494995 
vt 0.7622051239013672 0.6705109477043152 
vt 0.7623264789581299 0.6429524421691895 
vt 0.7640253305435181 0.6705109477043152 
vt 0.7641466856002808 0.6430738568305969 
vt 0.7687579989433289 0.6705109477043152 
vt 0.7641466856002808 0.697826623916626 
vt 0.7623264789581299 0.6979480385780334 
vt 0.7645107507705688 0.7239282727241516 
vt 0.7626904845237732 0.7242924571037292 
vt 0.7632972598075867 0.7483302354812622 
vt 0.7651175260543823 0.7479660511016846 
vt 0.7659669518470764 0.7688473463058472 
vt 0.7706996202468872 0.7683617472648621 
vt 0.7698501348495483 0.7476018667221069 
vt 0.7721558213233948 0.7677547335624695 
vt 0.7713063359260559 0.747116208076477 
vt 0.7706996202468872 0.723321259021759 
vt 0.7692434191703796 0.7236854434013367 
vt 0.7688793540000916 0.6977052092552185 
vt 0.7641466856002808 0.769333004951477 
vt 0.7703355550765991 0.6974623799324036 
vt 0.7702142000198364 0.6705109477043152 
vt 0.7688793540000916 0.6431952714920044 
vt 0.7692434191703796 0.6168507933616638 
vt 0.7645107507705688 0.6167294383049011 
vt 0.7626904845237732 0.6163651943206787 
vt 0.7632972598075867 0.5918418169021606 
vt 0.7651175260543823 0.5922060012817383 
vt 0.7698501348495483 0.5925701856613159 
vt 0.7706996202468872 0.6172150373458862 
vt 0.7713063359260559 0.5930558443069458 
vt 0.7721558213233948 0.5716888904571533 
vt 0.7706996202468872 0.5710818767547607 
vt 0.7659669518470764 0.5705962777137756 
vt 0.7641466856002808 0.5701106786727905 
vt 0.7703355550765991 0.6434380412101746 
vt 0.7461869120597839 0.6797375679016113 
vt 0.7480071783065796 0.6796161532402039 
vt 0.7483711838722229 0.7011045217514038 
vt 0.7531038522720337 0.7009831070899963 
vt 0.7533465623855591 0.7133662104606628 
vt 0.7548027634620667 0.7131233811378479 
vt 0.7459442019462585 0.6529074907302856 
vt 0.746550977230072 0.701347291469574 
vt 0.7486138939857483 0.713608980178833 
vt 0.7489779591560364 0.7206503748893738 
vt 0.7537106275558472 0.7204075455665588 
vt 0.7551668286323547 0.7200433611869812 
vt 0.7548027634620667 0.7442025542259216 
vt 0.7562589645385742 0.743838369846344 
vt 0.7568656802177429 0.7554930448532104 
vt 0.755530834197998 0.7559786438941956 
vt 0.7499487400054932 0.744566798210144 
vt 0.748249888420105 0.7449309825897217 
vt 0.7471576929092407 0.7210145592689514 
vt 0.7467936873435974 0.713851809501648 
vt 0.7506768703460693 0.7564642429351807 
vt 0.7489779591560364 0.7569499015808105 
vt 0.7545600533485413 0.7007402777671814 
vt 0.7527397871017456 0.6794947385787964 
vt 0.7541959881782532 0.6793733835220337 
vt 0.7526184320449829 0.6529074907302856 
vt 0.7539533376693726 0.6530289053916931 
vt 0.7477644681930542 0.6529074907302856 
vt 0.7461869120597839 0.6257132291793823 
vt 0.7480071783065796 0.6259560585021973 
vt 0.7527397871017456 0.62607741355896 
vt 0.7541959881782532 0.6263202428817749 
vt 0.7548027634620667 0.6010684370994568 
vt 0.7533465623855591 0.6007041931152344 
vt 0.7484925389289856 0.6004614233970642 
vt 0.7467936873435974 0.6000971794128418 
vt 0.7476431131362915 0.5770306587219238 
vt 0.7494633793830872 0.5775162577629089 
vt 0.7541959881782532 0.5778804421424866 
vt 0.7556521892547607 0.5783660411834717 
vt 0.7568656802177429 0.5589416027069092 
vt 0.7554095387458801 0.5583345890045166 
vt 0.7506768703460693 0.5578489303588867 
vt 0.7489779591560364 0.5573633313179016 
vt 0.884283185005188 0.5704748630523682 
vt 0.8829483389854431 0.5898993611335754 
vt 0.8818562030792236 0.5713247060775757 
vt 0.8806427121162415 0.5906277894973755 
vt 0.8796719312667847 0.6132087111473083 
vt 0.882098913192749 0.6126016974449158 
vt 0.8814921379089355 0.6378535032272339 
vt 0.8791865110397339 0.6382177472114563 
vt 0.8789438009262085 0.664804995059967 
vt 0.8813707828521729 0.6646835803985596 
vt 0.8814921379089355 0.6918778419494629 
vt 0.8791865110397339 0.6917564868927002 
vt 0.8796719312667847 0.7182223200798035 
vt 0.882098913192749 0.7184651494026184 
vt 0.8830696940422058 0.743595540523529 
vt 0.8806427121162415 0.7429885268211365 
vt 0.8818562030792236 0.7653266787528992 
vt 0.884283185005188 0.7660551071166992 
vt 0.8975103497505188 0.5661043524742126 
vt 0.8960541486740112 0.5877140760421753 
vt 0.8952047228813171 0.5668327808380127 
vt 0.8936271667480469 0.5883210897445679 
vt 0.8925350308418274 0.6124802827835083 
vt 0.894840657711029 0.6121160984039307 
vt 0.8942338824272156 0.6384605765342712 
vt 0.8918069005012512 0.6385819315910339 
vt 0.8915641903877258 0.6655334234237671 
vt 0.893991231918335 0.6655334234237671 
vt 0.8942338824272156 0.6926062703132629 
vt 0.8918069005012512 0.6922420859336853 
vt 0.8925350308418274 0.7178581357002258 
vt 0.894840657711029 0.7183437347412109 
vt 0.8960541486740112 0.7418959140777588 
vt 0.8936271667480469 0.7411674857139587 
vt 0.8950833678245544 0.7614417672157288 
vt 0.8975103497505188 0.7622916102409363 
vt 0.7732479572296143 0.5715674757957458 
vt 0.7723985314369202 0.5929344296455383 
vt 0.7721558213233948 0.5716888904571533 
vt 0.7713063359260559 0.5930558443069458 
vt 0.7706996202468872 0.6172150373458862 
vt 0.7717917561531067 0.6172150373458862 
vt 0.7714276909828186 0.6433166861534119 
vt 0.7703355550765991 0.6434380412101746 
vt 0.7702142000198364 0.6705109477043152 
vt 0.7713063359260559 0.6705109477043152 
vt 0.7714276909828186 0.6974623799324036 
vt 0.7703355550765991 0.6974623799324036 
vt 0.7706996202468872 0.723321259021759 
vt 0.7717917561531067 0.7234426736831665 
vt 0.7723985314369202 0.747116208076477 
vt 0.7713063359260559 0.747116208076477 
vt 0.7721558213233948 0.7677547335624695 
vt 0.7732479572296143 0.767876148223877 
vt 0.7579578757286072 0.5588201880455017 
vt 0.756744384765625 0.578244686126709 
vt 0.7568656802177429 0.5589416027069092 
vt 0.7556521892547607 0.5783660411834717 
vt 0.7548027634620667 0.6010684370994568 
vt 0.7557735443115234 0.6009470224380493 
vt 0.7552881836891174 0.6261988282203674 
vt 0.7541959881782532 0.6263202428817749 
vt 0.7539533376693726 0.6530289053916931 
vt 0.755045473575592 0.6530289053916931 
vt 0.7541959881782532 0.6793733835220337 
vt 0.7552881836891174 0.6793733835220337 
vt 0.7545600533485413 0.7007402777671814 
vt 0.7556521892547607 0.7007402777671814 
vt 0.7548027634620667 0.7131233811378479 
vt 0.7558948993682861 0.7131233811378479 
vt 0.7562589645385742 0.7201647758483887 
vt 0.7551668286323547 0.7200433611869812 
vt 0.7573511004447937 0.7437169551849365 
vt 0.7562589645385742 0.743838369846344 
vt 0.7568656802177429 0.7554930448532104 
vt 0.7579578757286072 0.7556144595146179 
vt 0.665489137172699 0.461212158203125 
vt 0.6662172675132751 0.45052871108055115 
vt 0.6665813326835632 0.4610907733440399 
vt 0.6673094034194946 0.4504072964191437 
vt 0.6669453382492065 0.4388740062713623 
vt 0.6680375337600708 0.4387526214122772 
vt 0.6686442494392395 0.4268551170825958 
vt 0.66755211353302 0.4269765317440033 
vt 0.669251024723053 0.4144720137119293 
vt 0.6681588888168335 0.4145934283733368 
vt 0.6685228943824768 0.40148189663887024 
vt 0.6696150302886963 0.40136048197746277 
vt 0.6687656044960022 0.3877633512020111 
vt 0.6698577404022217 0.3877633512020111 
vt 0.6701004505157471 0.374044805765152 
vt 0.6690083146095276 0.374044805765152 
vt 0.6702218055725098 0.3604476749897003 
vt 0.6691296696662903 0.3604476749897003 
vt 0.6690083146095276 0.3460007309913635 
vt 0.6701004505157471 0.3462435305118561 
vt 0.6696150302886963 0.3198990821838379 
vt 0.6686442494392395 0.3197776675224304 
vt 0.6694937348365784 0.312372088432312 
vt 0.6684015393257141 0.312372088432312 
vt 0.6679161787033081 0.3009602129459381 
vt 0.6690083146095276 0.3010815978050232 
vt 0.6669453382492065 0.28335678577423096 
vt 0.6680375337600708 0.28347817063331604 
vt 0.665489137172699 0.2638109028339386 
vt 0.6665813326835632 0.2639322876930237 
vt 0.6023871302604675 0.5713247060775757 
vt 0.601294994354248 0.5714461207389832 
vt 0.6011736392974854 0.594269871711731 
vt 0.6000815033912659 0.594269871711731 
vt 0.5992320775985718 0.6195216774940491 
vt 0.6003242135047913 0.6195216774940491 
vt 0.5998387932777405 0.6462303400039673 
vt 0.598746657371521 0.6462303400039673 
vt 0.5986253023147583 0.6734246015548706 
vt 0.5997174382209778 0.6734246015548706 
vt 0.5998387932777405 0.7001332640647888 
vt 0.598746657371521 0.7000118494033813 
vt 0.5992320775985718 0.7250208854675293 
vt 0.6003242135047913 0.7251423001289368 
vt 0.6011736392974854 0.7474804520606995 
vt 0.6000815033912659 0.747359037399292 
vt 0.6011736392974854 0.7664192914962769 
vt 0.6022658348083496 0.7665407061576843 
vt 0.9910712242126465 0.3730735778808594 
vt 0.992527425289154 0.3922552764415741 
vt 0.9891296029090881 0.3733164072036743 
vt 0.9905858039855957 0.39249807596206665 
vt 0.9874306917190552 0.37428760528564453 
vt 0.9888868927955627 0.3933478891849518 
vt 0.9898577332496643 0.41520044207572937 
vt 0.9916779398918152 0.4145934283733368 
vt 0.9922847151756287 0.4387526214122772 
vt 0.994226336479187 0.43863120675086975 
vt 0.992527425289154 0.4641258418560028 
vt 0.9944689869880676 0.4641258418560028 
vt 0.994226336479187 0.48962047696113586 
vt 0.9922847151756287 0.48962047696113586 
vt 0.9907071590423584 0.4641258418560028 
vt 0.9905858039855957 0.4893776774406433 
vt 0.9898577332496643 0.5137796401977539 
vt 0.9916779398918152 0.5142652988433838 
vt 0.9936195611953735 0.5143866539001465 
vt 0.992527425289154 0.5374532341957092 
vt 0.9905858039855957 0.5372104644775391 
vt 0.9888868927955627 0.536482036113739 
vt 0.9874306917190552 0.5565135478973389 
vt 0.9891296029090881 0.5574847459793091 
vt 0.9910712242126465 0.5578489303588867 
vt 0.9936195611953735 0.4144720137119293 
vt 0.9905858039855957 0.43911683559417725 
vt 0.8703279495239258 0.7599849700927734 
vt 0.8683863878250122 0.7597421407699585 
vt 0.8706920146942139 0.7500299215316772 
vt 0.8687503933906555 0.7497870922088623 
vt 0.8666874766349792 0.7587709426879883 
vt 0.7171842455863953 0.05499773100018501 
vt 0.7273776531219482 0.04856337234377861 
vt 0.7393913269042969 0.04346444457769394 
vt 0.7517690062522888 0.03824411705136299 
vt 0.752982497215271 0.0401865653693676 
vt 0.7669377326965332 0.03666587546467781 
vt 0.767423152923584 0.03885113075375557 
vt 0.7824705839157104 0.03715148940682411 
vt 0.7822278738021851 0.03933674469590187 
vt 0.7969112396240234 0.04176480323076248 
vt 0.7977606654167175 0.0397009514272213 
vt 0.8108664751052856 0.04589250683784485 
vt 0.8123226761817932 0.04419286176562309 
vt 0.823486864566803 0.05184125155210495 
vt 0.8342869877815247 0.05912543088197708 
vt 0.8430241942405701 0.06750223785638809 
vt 0.8490917086601257 0.07672886550426483 
vt 0.8364713191986084 0.07842850685119629 
vt 0.8321027159690857 0.07150854170322418 
vt 0.8253071308135986 0.06531698256731033 
vt 0.8159631490707397 0.05948964133858681 
vt 0.80479896068573 0.05451211705803871 
vt 0.7931493520736694 0.05099143087863922 
vt 0.7810143828392029 0.04892757907509804 
vt 0.7687579989433289 0.04856337234377861 
vt 0.7565016746520996 0.049777399748563766 
vt 0.7447307109832764 0.05244826525449753 
vt 0.734294593334198 0.056333161890506744 
vt 0.7265282273292542 0.06106787919998169 
vt 0.7208247780799866 0.06701662391424179 
vt 0.7094178795814514 0.06288892775774002 
vt 0.7169415354728699 0.07417940348386765 
vt 0.9035778641700745 0.7546432018280029 
vt 0.9055194854736328 0.7542790174484253 
vt 0.9049127101898193 0.7450523972511292 
vt 0.9056407809257507 0.7255064845085144 
vt 0.9066116213798523 0.7442025542259216 
vt 0.8732403516769409 0.2261759638786316 
vt 0.8868315815925598 0.20541605353355408 
vt 0.8722695708274841 0.22544753551483154 
vt 0.8856180310249329 0.2048090249300003 
vt 0.896539568901062 0.18174245953559875 
vt 0.8953260779380798 0.18137826025485992 
vt 0.7096605896949768 0.2602902054786682 
vt 0.6983749866485596 0.2528846263885498 
vt 0.7102673053741455 0.25907617807388306 
vt 0.6992244720458984 0.2519133985042572 
vt 0.8257924914360046 0.11642764508724213 
vt 0.831981360912323 0.10987188667058945 
vt 0.8266419768333435 0.1170346662402153 
vt 0.8329521417617798 0.11035750061273575 
vt 0.836228609085083 0.10234490036964417 
vt 0.8371993899345398 0.10270910710096359 
vt 0.8392623662948608 0.09457510709762573 
vt 0.8381702303886414 0.09433230012655258 
vt 0.8388983011245728 0.0863197073340416 
vt 0.8378061652183533 0.08607690036296844 
vt 0.95903480052948 0.02743924967944622 
vt 0.9600055813789368 0.027803458273410797 
vt 0.9587920904159546 0.03557325154542923 
vt 0.9597629308700562 0.03581605479121208 
vt 0.9586707353591919 0.04322163760662079 
vt 0.9596415758132935 0.04322163760662079 
vt 0.9586707353591919 0.05050582066178322 
vt 0.9597629308700562 0.05026301369071007 
vt 0.95903480052948 0.057911403477191925 
vt 0.9600055813789368 0.0575471930205822 
vt 0.9689854979515076 0.2861490547657013 
vt 0.9676506519317627 0.27995750308036804 
vt 0.9687427878379822 0.2793504595756531 
vt 0.967529296875 0.27109506726264954 
vt 0.9685001373291016 0.2707308530807495 
vt 0.9674079418182373 0.26016879081726074 
vt 0.9683787822723389 0.2599259912967682 
vt 0.9672865867614746 0.24802850186824799 
vt 0.9682574272155762 0.2479071021080017 
vt 0.9672865867614746 0.23588819801807404 
vt 0.9682574272155762 0.23588819801807404 
vt 0.9672865867614746 0.2242335081100464 
vt 0.9683787822723389 0.22447632253170013 
vt 0.9685001373291016 0.21355004608631134 
vt 0.9674079418182373 0.21318583190441132 
vt 0.9687427878379822 0.2033521980047226 
vt 0.9676506519317627 0.20274518430233002 
vt 0.9689854979515076 0.19412556290626526 
vt 0.9680147171020508 0.19351854920387268 
vt 0.9680147171020508 0.2869988679885864 
vt 0.7289552092552185 0.11278555542230606 
vt 0.7351440787315369 0.1160634383559227 
vt 0.7298046350479126 0.11217854171991348 
vt 0.735993504524231 0.11545642465353012 
vt 0.8768808841705322 0.009835814125835896 
vt 0.8770022392272949 0.017484202980995178 
vt 0.8779730200767517 0.00971441064029932 
vt 0.8780943751335144 0.017484202980995178 
vt 0.8770022392272949 0.02634662203490734 
vt 0.8780943751335144 0.026468025520443916 
vt 0.8768808841705322 0.03496623411774635 
vt 0.8779730200767517 0.035209041088819504 
vt 0.7153640389442444 0.09069021046161652 
vt 0.7149999737739563 0.0823134034872055 
vt 0.7164561748504639 0.09056881070137024 
vt 0.7160921096801758 0.08219200372695923 
vt 0.7169415354728699 0.07417940348386765 
vt 0.7179123759269714 0.07430081069469452 
vt 0.7208247780799866 0.06701662391424179 
vt 0.7217955589294434 0.06713803112506866 
vt 0.8662020564079285 0.013963515870273113 
vt 0.8660807013511658 0.01906244270503521 
vt 0.867658257484436 0.015298948623239994 
vt 0.867658257484436 0.018941039219498634 
vt 0.867658257484436 0.026468025520443916 
vt 0.8662020564079285 0.026468025520443916 
vt 0.22244031727313995 0.0029158429242670536 
vt 0.219770610332489 0.0030372459441423416 
vt 0.22292570769786835 0.00437267916277051 
vt 0.219770610332489 0.004494082182645798 
vt 0.21673685312271118 0.0030372459441423416 
vt 0.21673685312271118 0.004615485202521086 
vt 0.21346041560173035 0.0030372459441423416 
vt 0.21346041560173035 0.004615485202521086 
vt 0.20872776210308075 0.0030372459441423416 
vt 0.20884911715984344 0.004615485202521086 
vt 0.20059731602668762 0.00437267916277051 
vt 0.20059731602668762 0.0029158429242670536 
vt 0.42388132214546204 0.013599307276308537 
vt 0.42375996708869934 0.016148770228028297 
vt 0.4257015585899353 0.013720709830522537 
vt 0.4255802035331726 0.0163915753364563 
vt 0.42375996708869934 0.01930524781346321 
vt 0.4255802035331726 0.01954805478453636 
vt 0.42375996708869934 0.0225831288844347 
vt 0.4255802035331726 0.02282593585550785 
vt 0.42388132214546204 0.025496801361441612 
vt 0.4257015585899353 0.025618204846978188 
vt 0.9399828314781189 0.009350202046334743 
vt 0.9397401809692383 0.011292650364339352 
vt 0.9375558495521545 0.009228798560798168 
vt 0.9373131394386292 0.011171246878802776 
vt 0.9345220923423767 0.009228798560798168 
vt 0.9342793822288513 0.011049844324588776 
vt 0.9312456846237183 0.009228798560798168 
vt 0.9310029745101929 0.011171246878802776 
vt 0.9280905723571777 0.009350202046334743 
vt 0.927969217300415 0.011292650364339352 
vt 0.9175330996513367 0.0397009514272213 
vt 0.917411744594574 0.04698513075709343 
vt 0.9155915379524231 0.04698513075709343 
vt 0.9154701828956604 0.05451211705803871 
vt 0.9172903895378113 0.05451211705803871 
vt 0.9153488278388977 0.06155349314212799 
vt 0.9172903895378113 0.06155349314212799 
vt 0.9153488278388977 0.06823065876960754 
vt 0.9172903895378113 0.06823065876960754 
vt 0.9154701828956604 0.07478641718626022 
vt 0.9172903895378113 0.07478641718626022 
vt 0.9155915379524231 0.08109937608242035 
vt 0.917411744594574 0.08109937608242035 
vt 0.9176544547080994 0.08692672103643417 
vt 0.9158341884613037 0.08692672103643417 
vt 0.9178971648216248 0.09202564507722855 
vt 0.9160768985748291 0.09202564507722855 
vt 0.915712833404541 0.0397009514272213 
vt 0.9177758097648621 0.033509399741888046 
vt 0.9158341884613037 0.033509399741888046 
vt 0.9178971648216248 0.028410473838448524 
vt 0.9160768985748291 0.028410473838448524 
vt 0.9757810831069946 0.29234060645103455 
vt 0.9754170775413513 0.28736308217048645 
vt 0.9776013493537903 0.2922191917896271 
vt 0.9772372841835022 0.28736308217048645 
vt 0.9751743674278259 0.28141433000564575 
vt 0.9769946336746216 0.28141433000564575 
vt 0.9749316573143005 0.2748585641384125 
vt 0.9767519235610962 0.274737149477005 
vt 0.9748103022575378 0.2676957845687866 
vt 0.9766305685043335 0.2676957845687866 
vt 0.9766305685043335 0.25956177711486816 
vt 0.9748103022575378 0.25956177711486816 
vt 0.9767519235610962 0.24705727398395538 
vt 0.9749316573143005 0.24705727398395538 
vt 0.9752957224845886 0.208815336227417 
vt 0.9772372841835022 0.208815336227417 
vt 0.975538432598114 0.1964322179555893 
vt 0.9773586392402649 0.1964322179555893 
vt 0.9757810831069946 0.18975506722927094 
vt 0.9776013493537903 0.18975506722927094 
vt 0.9759024381637573 0.18538455665111542 
vt 0.977722704410553 0.185991570353508 
vt 0.6395202875137329 0.07709307968616486 
vt 0.6391562223434448 0.07223695516586304 
vt 0.6363651752471924 0.07563623785972595 
vt 0.636122465133667 0.07162994146347046 
vt 0.6391562223434448 0.06908047944307327 
vt 0.6360011100769043 0.06859486550092697 
vt 0.6390348672866821 0.06568119674921036 
vt 0.6358797550201416 0.06531698256731033 
vt 0.6390348672866821 0.05888262763619423 
vt 0.6360011100769043 0.057668596506118774 
vt 0.6392775774002075 0.04577110335230827 
vt 0.636122465133667 0.04589250683784485 
vt 0.6364865303039551 0.03775850310921669 
vt 0.6396415829658508 0.03630166873335838 
vt 0.8888944983482361 0.046013906598091125 
vt 0.888530433177948 0.03933674469590187 
vt 0.8857393860816956 0.04552829638123512 
vt 0.8853753805160522 0.03800131008028984 
vt 0.8884091377258301 0.033873606473207474 
vt 0.8852540254592896 0.03290238231420517 
vt 0.8884091377258301 0.0225831288844347 
vt 0.8852540254592896 0.023068740963935852 
vt 0.8856180310249329 0.011414052918553352 
vt 0.8887731432914734 0.00971441064029932 
vt 0.8857393860816956 0.0048582907766103745 
vt 0.8888944983482361 0.0038870670832693577 
vt 0.8280981779098511 0.0057081119157373905 
vt 0.8373207449913025 0.0058295149356126785 
vt 0.8374421000480652 0.0032800519838929176 
vt 0.8482422828674316 0.0060723209753632545 
vt 0.8496984839439392 0.0034014550037682056 
vt 0.8573434948921204 0.0060723209753632545 
vt 0.8587996959686279 0.0035228580236434937 
vt 0.8640177845954895 0.0060723209753632545 
vt 0.8643817901611328 0.0034014550037682056 
vt 0.8680223226547241 0.0059509179554879665 
vt 0.8681436777114868 0.0034014550037682056 
vt 0.8714200854301453 0.0059509179554879665 
vt 0.8711774349212646 0.0032800519838929176 
vt 0.8738471269607544 0.0058295149356126785 
vt 0.8734830617904663 0.0031586489640176296 
vt 0.8273700475692749 0.0031586489640176296 
vt 0.8209385275840759 0.0054653058759868145 
vt 0.8204531073570251 0.0029158429242670536 
vt 0.6324819326400757 0.0027944399043917656 
vt 0.6324819326400757 0.02962450310587883 
vt 0.6409764885902405 0.0030372459441423416 
vt 0.6455877423286438 0.0037656640633940697 
vt 0.6486214995384216 0.0051010968163609505 
vt 0.6512911915779114 0.007043545134365559 
vt 0.6538395881652832 0.010685634799301624 
vt 0.6554170846939087 0.016027366742491722 
vt 0.6549317240715027 0.01881963573396206 
vt 0.6532328128814697 0.02282593585550785 
vt 0.6512911915779114 0.025496801361441612 
vt 0.6486214995384216 0.02743924967944622 
vt 0.6455877423286438 0.028653278946876526 
vt 0.6408551335334778 0.029503099620342255 
vt 0.6608778834342957 0.02962450310587883 
vt 0.669251024723053 0.029503099620342255 
vt 0.6608778834342957 0.016270173713564873 
vt 0.6758038997650146 0.0280462633818388 
vt 0.6795657873153687 0.025496801361441612 
vt 0.6816287040710449 0.02282593585550785 
vt 0.6833276152610779 0.01881963573396206 
vt 0.683691680431366 0.015905963256955147 
vt 0.6608778834342957 0.0029158429242670536 
vt 0.681992769241333 0.010321426205337048 
vt 0.6795657873153687 0.007043545134365559 
vt 0.6770173907279968 0.0051010968163609505 
vt 0.673983633518219 0.0038870670832693577 
vt 0.6693723797798157 0.0030372459441423416 
vt 0.6950985789299011 0.0027944399043917656 
vt 0.6983749866485596 0.0027944399043917656 
vt 0.6920648217201233 0.004008470103144646 
vt 0.6897591352462769 0.006315127015113831 
vt 0.7014087438583374 0.004008470103144646 
vt 0.6885456442832947 0.009350202046334743 
vt 0.7037144303321838 0.006315127015113831 
vt 0.6886669993400574 0.01335650123655796 
vt 0.7050492763519287 0.009350202046334743 
vt 0.6907299757003784 0.01687718741595745 
vt 0.7050492763519287 0.012870889157056808 
vt 0.6933996677398682 0.018698232248425484 
vt 0.7037144303321838 0.01578456163406372 
vt 0.696433424949646 0.019426651298999786 
vt 0.7014087438583374 0.01796981506049633 
vt 0.6991031169891357 0.01906244270503521 
s on 
f 1/1/1 2/2/2 3/3/3 
f 2/2/2 4/4/4 3/3/3 
f 3/3/3 4/4/4 5/5/5 
f 4/4/4 6/6/6 5/5/5 
f 5/5/5 6/6/6 5/5/5 
f 6/6/6 7/7/7 5/5/5 
f 5/5/5 7/7/7 8/8/8 
f 7/7/7 7/7/7 8/8/8 
f 8/8/8 7/7/7 9/9/9 
f 7/7/7 10/10/10 9/9/9 
f 9/9/9 10/10/10 11/11/11 
f 10/10/10 12/12/12 11/11/11 
f 11/11/11 12/12/12 11/11/11 
f 12/12/12 13/13/13 11/11/11 
f 11/11/11 13/13/13 14/14/14 
f 13/13/13 13/13/13 14/14/14 
f 14/14/14 13/13/13 15/15/15 
f 13/13/13 16/16/16 15/15/15 
f 15/15/15 16/16/16 17/17/17 
f 16/16/16 18/18/18 17/17/17 
f 17/17/17 18/18/18 19/19/19 
f 18/18/18 20/20/20 19/19/19 
f 19/19/19 20/20/20 21/21/21 
f 20/20/20 22/22/22 21/21/21 
f 21/21/21 22/22/22 23/23/23 
f 22/22/22 24/24/24 23/23/23 
f 23/23/23 24/24/24 25/25/25 
f 24/24/24 24/24/24 25/25/25 
f 25/25/25 24/24/24 26/26/26 
f 24/24/24 27/27/27 26/26/26 
f 26/26/26 27/27/27 26/26/26 
f 27/27/27 28/28/28 26/26/26 
f 26/26/26 28/28/28 29/29/29 
f 28/28/28 28/28/28 29/29/29 
f 29/29/29 28/28/28 30/30/30 
f 28/28/28 31/31/31 30/30/30 
f 30/30/30 31/31/31 30/30/30 
f 31/31/31 32/32/32 30/30/30 
f 30/30/30 32/32/32 33/33/33 
f 32/32/32 32/32/32 33/33/33 
f 33/33/33 32/32/32 34/34/34 
f 32/32/32 35/35/35 34/34/34 
f 34/34/34 35/35/35 34/34/34 
f 35/35/35 36/36/36 34/34/34 
f 34/34/34 36/36/36 37/37/37 
f 36/36/36 36/36/36 37/37/37 
f 37/37/37 36/36/36 38/38/38 
f 36/36/36 39/39/39 38/38/38 
f 38/38/38 39/39/39 38/38/38 
f 39/39/39 40/40/40 38/38/38 
f 38/38/38 40/40/40 41/41/41 
f 40/40/40 40/40/40 41/41/41 
f 41/41/41 40/40/40 42/42/42 
f 40/40/40 43/43/43 42/42/42 
f 42/42/42 43/43/43 42/42/42 
f 43/43/43 44/44/44 42/42/42 
f 42/42/42 44/44/44 45/45/45 
f 44/44/44 44/44/44 45/45/45 
f 45/45/45 44/44/44 46/46/46 
f 44/44/44 47/47/47 46/46/46 
f 46/46/46 47/47/47 46/46/46 
f 47/47/47 48/48/48 46/46/46 
f 46/46/46 48/48/48 49/49/49 
f 48/48/48 48/48/48 49/49/49 
f 49/49/49 48/48/48 50/50/50 
f 48/48/48 51/51/51 50/50/50 
f 50/50/50 51/51/51 50/50/50 
f 51/51/51 52/52/52 50/50/50 
f 50/50/50 52/52/52 53/53/53 
f 52/52/52 52/52/52 53/53/53 
f 53/53/53 52/52/52 54/54/54 
f 52/52/52 55/55/55 54/54/54 
f 54/54/54 55/55/55 54/54/54 
f 55/55/55 56/56/56 54/54/54 
f 54/54/54 56/56/56 57/57/57 
f 56/56/56 56/56/56 57/57/57 
f 57/57/57 56/56/56 58/58/58 
f 56/56/56 59/59/59 58/58/58 
f 58/58/58 59/59/59 58/58/58 
f 59/59/59 60/60/60 58/58/58 
f 58/58/58 60/60/60 61/61/61 
f 60/60/60 60/60/60 61/61/61 
f 61/61/61 60/60/60 62/62/62 
f 60/60/60 63/63/63 62/62/62 
f 62/62/62 63/63/63 64/64/64 
f 63/63/63 65/65/65 64/64/64 
f 64/64/64 65/65/65 66/66/66 
f 65/65/65 67/67/67 66/66/66 
f 66/66/66 67/67/67 68/68/68 
f 67/67/67 69/69/69 68/68/68 
f 68/68/68 69/69/69 70/70/70 
f 69/69/69 71/71/71 70/70/70 
f 70/70/70 71/71/71 72/72/72 
f 71/71/71 71/71/71 72/72/72 
f 72/72/72 71/71/71 73/73/73 
f 71/71/71 74/74/74 73/73/73 
f 73/73/73 74/74/74 73/73/73 
f 74/74/74 2/2/2 73/73/73 
f 73/73/73 2/2/2 1/1/1 
f 2/2/2 1/1/1 1/1/1 
f 1/1/1 1/1/1 75/75/75 
f 1/1/1 75/75/75 75/75/75 
f 75/75/75 75/75/75 76/76/76 
f 75/75/75 77/77/77 76/76/76 
f 76/76/76 77/77/77 78/78/78 
f 77/77/77 79/79/79 78/78/78 
f 78/78/78 79/79/79 79/79/79 
f 79/79/79 75/75/75 79/79/79 
f 79/79/79 75/75/75 75/75/75 
f 75/75/75 80/80/80 75/75/75 
f 75/75/75 80/80/80 77/77/77 
f 80/80/80 80/80/80 77/77/77 
f 77/77/77 80/80/80 81/81/81 
f 80/80/80 80/80/80 81/81/81 
f 81/81/81 80/80/80 82/82/82 
f 80/80/80 83/83/83 82/82/82 
f 82/82/82 83/83/83 82/82/82 
f 83/83/83 84/84/84 82/82/82 
f 82/82/82 84/84/84 82/82/82 
f 84/84/84 85/85/85 82/82/82 
f 82/82/82 85/85/85 86/86/86 
f 85/85/85 87/87/87 86/86/86 
f 86/86/86 87/87/87 88/88/88 
f 87/87/87 87/87/87 88/88/88 
f 88/88/88 87/87/87 89/89/89 
f 87/87/87 90/90/90 89/89/89 
f 89/89/89 90/90/90 91/91/91 
f 90/90/90 92/92/92 91/91/91 
f 91/91/91 92/92/92 93/93/93 
f 92/92/92 94/94/94 93/93/93 
f 93/93/93 94/94/94 95/95/95 
f 94/94/94 96/96/96 95/95/95 
f 95/95/95 96/96/96 95/95/95 
f 96/96/96 97/97/97 95/95/95 
f 95/95/95 97/97/97 98/98/98 
f 97/97/97 97/97/97 98/98/98 
f 98/98/98 97/97/97 99/99/99 
f 97/97/97 100/100/100 99/99/99 
f 99/99/99 100/100/100 99/99/99 
f 100/100/100 101/101/101 99/99/99 
f 99/99/99 101/101/101 102/102/102 
f 101/101/101 101/101/101 102/102/102 
f 102/102/102 101/101/101 103/103/103 
f 101/101/101 104/104/104 103/103/103 
f 103/103/103 104/104/104 103/103/103 
f 104/104/104 105/105/105 103/103/103 
f 103/103/103 105/105/105 106/106/106 
f 105/105/105 105/105/105 106/106/106 
f 106/106/106 105/105/105 107/107/107 
f 105/105/105 108/108/108 107/107/107 
f 107/107/107 108/108/108 107/107/107 
f 108/108/108 109/109/109 107/107/107 
f 107/107/107 109/109/109 110/110/110 
f 109/109/109 109/109/109 110/110/110 
f 110/110/110 109/109/109 111/111/111 
f 109/109/109 112/112/112 111/111/111 
f 111/111/111 112/112/112 111/111/111 
f 112/112/112 113/113/113 111/111/111 
f 111/111/111 113/113/113 114/114/114 
f 113/113/113 113/113/113 114/114/114 
f 114/114/114 113/113/113 115/115/115 
f 113/113/113 116/116/116 115/115/115 
f 115/115/115 116/116/116 115/115/115 
f 116/116/116 117/117/117 115/115/115 
f 115/115/115 117/117/117 118/118/118 
f 117/117/117 117/117/117 118/118/118 
f 118/118/118 117/117/117 119/119/119 
f 117/117/117 120/120/120 119/119/119 
f 119/119/119 120/120/120 119/119/119 
f 120/120/120 121/121/121 119/119/119 
f 119/119/119 121/121/121 122/122/122 
f 121/121/121 121/121/121 122/122/122 
f 122/122/122 121/121/121 123/123/123 
f 121/121/121 124/124/124 123/123/123 
f 123/123/123 124/124/124 123/123/123 
f 124/124/124 125/125/125 123/123/123 
f 123/123/123 125/125/125 126/126/126 
f 125/125/125 125/125/125 126/126/126 
f 126/126/126 125/125/125 127/127/127 
f 125/125/125 128/128/128 127/127/127 
f 127/127/127 128/128/128 127/127/127 
f 128/128/128 129/129/129 127/127/127 
f 127/127/127 129/129/129 130/130/130 
f 129/129/129 129/129/129 130/130/130 
f 130/130/130 129/129/129 131/131/131 
f 129/129/129 132/132/132 131/131/131 
f 131/131/131 132/132/132 131/131/131 
f 132/132/132 133/133/133 131/131/131 
f 131/131/131 133/133/133 134/134/134 
f 133/133/133 135/135/135 134/134/134 
f 134/134/134 135/135/135 136/136/136 
f 135/135/135 137/137/137 136/136/136 
f 136/136/136 137/137/137 138/138/138 
f 137/137/137 139/139/139 138/138/138 
f 138/138/138 139/139/139 140/140/140 
f 139/139/139 139/139/139 140/140/140 
f 140/140/140 139/139/139 141/141/141 
f 139/139/139 142/142/142 141/141/141 
f 141/141/141 142/142/142 143/143/143 
f 142/142/142 144/144/144 143/143/143 
f 143/143/143 144/144/144 143/143/143 
f 144/144/144 145/145/145 143/143/143 
f 143/143/143 145/145/145 143/143/143 
f 145/145/145 146/146/146 143/143/143 
f 143/143/143 146/146/146 147/147/147 
f 146/146/146 146/146/146 147/147/147 
f 147/147/147 146/146/146 148/148/148 
f 146/146/146 149/149/149 148/148/148 
f 148/148/148 149/149/149 150/150/150 
f 149/149/149 151/151/151 150/150/150 
f 150/150/150 151/151/151 150/150/150 
f 151/151/151 152/152/152 150/150/150 
f 150/150/150 152/152/152 150/150/150 
f 152/152/152 153/153/153 150/150/150 
f 150/150/150 153/153/153 154/154/154 
f 153/153/153 153/153/153 154/154/154 
f 154/154/154 153/153/153 79/79/79 
f 153/153/153 78/78/78 79/79/79 
f 79/79/79 78/78/78 78/78/78 
f 78/78/78 155/155/155 78/78/78 
f 78/78/78 155/155/155 155/155/155 
f 155/155/155 156/156/156 155/155/155 
f 155/155/155 156/156/156 157/157/157 
f 156/156/156 158/158/158 157/157/157 
f 157/157/157 158/158/158 158/158/158 
f 158/158/158 155/155/155 158/158/158 
f 158/158/158 155/155/155 155/155/155 
f 155/155/155 159/159/159 155/155/155 
f 155/155/155 159/159/159 156/156/156 
f 159/159/159 159/159/159 156/156/156 
f 156/156/156 159/159/159 160/160/160 
f 159/159/159 159/159/159 160/160/160 
f 160/160/160 159/159/159 161/161/161 
f 159/159/159 162/162/162 161/161/161 
f 161/161/161 162/162/162 163/163/163 
f 162/162/162 164/164/164 163/163/163 
f 163/163/163 164/164/164 163/163/163 
f 164/164/164 165/165/165 163/163/163 
f 163/163/163 165/165/165 166/166/166 
f 165/165/165 167/167/167 166/166/166 
f 166/166/166 167/167/167 168/168/168 
f 167/167/167 167/167/167 168/168/168 
f 168/168/168 167/167/167 169/169/169 
f 167/167/167 170/170/170 169/169/169 
f 169/169/169 170/170/170 171/171/171 
f 170/170/170 172/172/172 171/171/171 
f 171/171/171 172/172/172 171/171/171 
f 172/172/172 173/173/173 171/171/171 
f 171/171/171 173/173/173 174/174/174 
f 173/173/173 175/175/175 174/174/174 
f 174/174/174 175/175/175 176/176/176 
f 175/175/175 176/176/176 176/176/176 
f 176/176/176 176/176/176 177/177/177 
f 176/176/176 177/177/177 177/177/177 
f 177/177/177 177/177/177 178/178/178 
f 177/177/177 179/179/179 178/178/178 
f 178/178/178 179/179/179 178/178/178 
f 179/179/179 180/180/180 178/178/178 
f 178/178/178 180/180/180 181/181/181 
f 180/180/180 182/182/182 181/181/181 
f 181/181/181 182/182/182 183/183/183 
f 182/182/182 183/183/183 183/183/183 
f 183/183/183 183/183/183 177/177/177 
f 183/183/183 177/177/177 177/177/177 
f 177/177/177 177/177/177 179/179/179 
f 177/177/177 184/184/184 179/179/179 
f 179/179/179 184/184/184 185/185/185 
f 184/184/184 184/184/184 185/185/185 
f 185/185/185 184/184/184 186/186/186 
f 184/184/184 187/187/187 186/186/186 
f 186/186/186 187/187/187 186/186/186 
f 187/187/187 188/188/188 186/186/186 
f 186/186/186 188/188/188 186/186/186 
f 188/188/188 189/189/189 186/186/186 
f 186/186/186 189/189/189 190/190/190 
f 189/189/189 191/191/191 190/190/190 
f 190/190/190 191/191/191 192/192/192 
f 191/191/191 193/193/193 192/192/192 
f 192/192/192 193/193/193 194/194/194 
f 193/193/193 195/195/195 194/194/194 
f 194/194/194 195/195/195 196/196/196 
f 195/195/195 195/195/195 196/196/196 
f 196/196/196 195/195/195 197/197/197 
f 195/195/195 198/198/198 197/197/197 
f 197/197/197 198/198/198 197/197/197 
f 198/198/198 199/199/199 197/197/197 
f 197/197/197 199/199/199 200/200/200 
f 199/199/199 199/199/199 200/200/200 
f 200/200/200 199/199/199 201/201/201 
f 199/199/199 202/202/202 201/201/201 
f 201/201/201 202/202/202 201/201/201 
f 202/202/202 203/203/203 201/201/201 
f 201/201/201 203/203/203 204/204/204 
f 203/203/203 203/203/203 204/204/204 
f 204/204/204 203/203/203 205/205/205 
f 203/203/203 206/206/206 205/205/205 
f 205/205/205 206/206/206 205/205/205 
f 206/206/206 207/207/207 205/205/205 
f 205/205/205 207/207/207 208/208/208 
f 207/207/207 207/207/207 208/208/208 
f 208/208/208 207/207/207 209/209/209 
f 207/207/207 210/210/210 209/209/209 
f 209/209/209 210/210/210 209/209/209 
f 210/210/210 211/211/211 209/209/209 
f 209/209/209 211/211/211 212/212/212 
f 211/211/211 211/211/211 212/212/212 
f 212/212/212 211/211/211 213/213/213 
f 211/211/211 214/214/214 213/213/213 
f 213/213/213 214/214/214 213/213/213 
f 214/214/214 215/215/215 213/213/213 
f 213/213/213 215/215/215 216/216/216 
f 215/215/215 215/215/215 216/216/216 
f 216/216/216 215/215/215 217/217/217 
f 215/215/215 218/218/218 217/217/217 
f 217/217/217 218/218/218 217/217/217 
f 218/218/218 219/219/219 217/217/217 
f 217/217/217 219/219/219 220/220/220 
f 219/219/219 219/219/219 220/220/220 
f 220/220/220 219/219/219 221/221/221 
f 219/219/219 222/222/222 221/221/221 
f 221/221/221 222/222/222 221/221/221 
f 222/222/222 223/223/223 221/221/221 
f 221/221/221 223/223/223 224/224/224 
f 223/223/223 223/223/223 224/224/224 
f 224/224/224 223/223/223 225/225/225 
f 223/223/223 226/226/226 225/225/225 
f 225/225/225 226/226/226 225/225/225 
f 226/226/226 227/227/227 225/225/225 
f 225/225/225 227/227/227 228/228/228 
f 227/227/227 227/227/227 228/228/228 
f 228/228/228 227/227/227 229/229/229 
f 227/227/227 230/230/230 229/229/229 
f 229/229/229 230/230/230 229/229/229 
f 230/230/230 231/231/231 229/229/229 
f 229/229/229 231/231/231 232/232/232 
f 231/231/231 231/231/231 232/232/232 
f 232/232/232 231/231/231 233/233/233 
f 231/231/231 234/234/234 233/233/233 
f 233/233/233 234/234/234 235/235/235 
f 234/234/234 236/236/236 235/235/235 
f 235/235/235 236/236/236 237/237/237 
f 236/236/236 238/238/238 237/237/237 
f 237/237/237 238/238/238 239/239/239 
f 238/238/238 240/240/240 239/239/239 
f 239/239/239 240/240/240 240/240/240 
f 240/240/240 241/241/241 240/240/240 
f 240/240/240 241/241/241 241/241/241 
f 241/241/241 242/242/242 241/241/241 
f 241/241/241 242/242/242 239/239/239 
f 242/242/242 242/242/242 239/239/239 
f 239/239/239 242/242/242 243/243/243 
f 242/242/242 242/242/242 243/243/243 
f 243/243/243 242/242/242 244/244/244 
f 242/242/242 245/245/245 244/244/244 
f 244/244/244 245/245/245 244/244/244 
f 245/245/245 246/246/246 244/244/244 
f 244/244/244 246/246/246 247/247/247 
f 246/246/246 247/247/247 247/247/247 
f 247/247/247 247/247/247 247/247/247 
f 247/247/247 247/247/247 247/247/247 
f 247/247/247 247/247/247 248/248/248 
f 247/247/247 249/249/249 248/248/248 
f 248/248/248 249/249/249 248/248/248 
f 249/249/249 250/250/250 248/248/248 
f 248/248/248 250/250/250 251/251/251 
f 250/250/250 252/252/252 251/251/251 
f 251/251/251 252/252/252 251/251/251 
f 252/252/252 183/183/183 251/251/251 
f 251/251/251 183/183/183 182/182/182 
f 183/183/183 182/182/182 182/182/182 
f 182/182/182 182/182/182 253/253/253 
f 182/182/182 253/253/253 253/253/253 
f 253/253/253 253/253/253 254/254/254 
f 253/253/253 255/255/255 254/254/254 
f 254/254/254 255/255/255 255/255/255 
f 255/255/255 256/256/256 255/255/255 
f 255/255/255 256/256/256 256/256/256 
f 256/256/256 257/257/257 256/256/256 
f 256/256/256 257/257/257 258/258/258 
f 257/257/257 259/259/259 258/258/258 
f 258/258/258 259/259/259 260/260/260 
f 259/259/259 261/261/261 260/260/260 
f 260/260/260 261/261/261 262/262/262 
f 261/261/261 262/262/262 262/262/262 
f 262/262/262 262/262/262 256/256/256 
f 262/262/262 256/256/256 256/256/256 
f 256/256/256 256/256/256 257/257/257 
f 256/256/256 263/263/263 257/257/257 
f 257/257/257 263/263/263 264/264/264 
f 263/263/263 265/265/265 264/264/264 
f 264/264/264 265/265/265 266/266/266 
f 265/265/265 267/267/267 266/266/266 
f 266/266/266 267/267/267 268/268/268 
f 267/267/267 269/269/269 268/268/268 
f 268/268/268 269/269/269 268/268/268 
f 269/269/269 270/270/270 268/268/268 
f 268/268/268 270/270/270 271/271/271 
f 270/270/270 272/272/272 271/271/271 
f 271/271/271 272/272/272 273/273/273 
f 272/272/272 274/274/274 273/273/273 
f 273/273/273 274/274/274 273/273/273 
f 274/274/274 275/275/275 273/273/273 
f 273/273/273 275/275/275 273/273/273 
f 275/275/275 276/276/276 273/273/273 
f 273/273/273 276/276/276 273/273/273 
f 276/276/276 277/277/277 273/273/273 
f 273/273/273 277/277/277 278/278/278 
f 277/277/277 279/279/279 278/278/278 
f 278/278/278 279/279/279 280/280/280 
f 279/279/279 281/281/281 280/280/280 
f 280/280/280 281/281/281 282/282/282 
f 281/281/281 283/283/283 282/282/282 
f 282/282/282 283/283/283 284/284/284 
f 283/283/283 283/283/283 284/284/284 
f 284/284/284 283/283/283 285/285/285 
f 283/283/283 286/286/286 285/285/285 
f 285/285/285 286/286/286 285/285/285 
f 286/286/286 287/287/287 285/285/285 
f 285/285/285 287/287/287 288/288/288 
f 287/287/287 287/287/287 288/288/288 
f 288/288/288 287/287/287 289/289/289 
f 287/287/287 290/290/290 289/289/289 
f 289/289/289 290/290/290 289/289/289 
f 290/290/290 291/291/291 289/289/289 
f 289/289/289 291/291/291 292/292/292 
f 291/291/291 291/291/291 292/292/292 
f 292/292/292 291/291/291 293/293/293 
f 291/291/291 294/294/294 293/293/293 
f 293/293/293 294/294/294 293/293/293 
f 294/294/294 295/295/295 293/293/293 
f 293/293/293 295/295/295 296/296/296 
f 295/295/295 295/295/295 296/296/296 
f 296/296/296 295/295/295 297/297/297 
f 295/295/295 298/298/298 297/297/297 
f 297/297/297 298/298/298 297/297/297 
f 298/298/298 299/299/299 297/297/297 
f 297/297/297 299/299/299 300/300/300 
f 299/299/299 299/299/299 300/300/300 
f 300/300/300 299/299/299 301/301/301 
f 299/299/299 302/302/302 301/301/301 
f 301/301/301 302/302/302 301/301/301 
f 302/302/302 303/303/303 301/301/301 
f 301/301/301 303/303/303 304/304/304 
f 303/303/303 303/303/303 304/304/304 
f 304/304/304 303/303/303 305/305/305 
f 303/303/303 306/306/306 305/305/305 
f 305/305/305 306/306/306 305/305/305 
f 306/306/306 307/307/307 305/305/305 
f 305/305/305 307/307/307 308/308/308 
f 307/307/307 307/307/307 308/308/308 
f 308/308/308 307/307/307 309/309/309 
f 307/307/307 310/310/310 309/309/309 
f 309/309/309 310/310/310 309/309/309 
f 310/310/310 311/311/311 309/309/309 
f 309/309/309 311/311/311 312/312/312 
f 311/311/311 311/311/311 312/312/312 
f 312/312/312 311/311/311 313/313/313 
f 311/311/311 314/314/314 313/313/313 
f 313/313/313 314/314/314 313/313/313 
f 314/314/314 315/315/315 313/313/313 
f 313/313/313 315/315/315 316/316/316 
f 315/315/315 315/315/315 316/316/316 
f 316/316/316 315/315/315 317/317/317 
f 315/315/315 318/318/318 317/317/317 
f 317/317/317 318/318/318 317/317/317 
f 318/318/318 319/319/319 317/317/317 
f 317/317/317 319/319/319 320/320/320 
f 319/319/319 319/319/319 320/320/320 
f 320/320/320 319/319/319 321/321/321 
f 319/319/319 322/322/322 321/321/321 
f 321/321/321 322/322/322 323/323/323 
f 322/322/322 324/324/324 323/323/323 
f 323/323/323 324/324/324 325/325/325 
f 324/324/324 326/326/326 325/325/325 
f 325/325/325 326/326/326 327/327/327 
f 326/326/326 328/328/328 327/327/327 
f 327/327/327 328/328/328 327/327/327 
f 328/328/328 329/329/329 327/327/327 
f 327/327/327 329/329/329 327/327/327 
f 329/329/329 330/330/330 327/327/327 
f 327/327/327 330/330/330 327/327/327 
f 330/330/330 331/331/331 327/327/327 
f 327/327/327 331/331/331 332/332/332 
f 331/331/331 333/333/333 332/332/332 
f 332/332/332 333/333/333 334/334/334 
f 333/333/333 335/335/335 334/334/334 
f 334/334/334 335/335/335 334/334/334 
f 335/335/335 262/262/262 334/334/334 
f 334/334/334 262/262/262 261/261/261 
f 262/262/262 261/261/261 261/261/261 
f 261/261/261 261/261/261 336/336/336 
f 261/261/261 336/336/336 336/336/336 
f 336/336/336 336/336/336 337/337/337 
f 336/336/336 338/338/338 337/337/337 
f 337/337/337 338/338/338 339/339/339 
f 338/338/338 340/340/340 339/339/339 
f 339/339/339 340/340/340 341/341/341 
f 340/340/340 342/342/342 341/341/341 
f 341/341/341 342/342/342 342/342/342 
f 342/342/342 341/341/341 342/342/342 
f 342/342/342 341/341/341 341/341/341 
f 341/341/341 343/343/343 341/341/341 
f 341/341/341 343/343/343 339/339/339 
f 343/343/343 343/343/343 339/339/339 
f 339/339/339 343/343/343 337/337/337 
f 343/343/343 344/344/344 337/337/337 
f 337/337/337 344/344/344 345/345/345 
f 344/344/344 344/344/344 345/345/345 
f 345/345/345 344/344/344 346/346/346 
f 344/344/344 347/347/347 346/346/346 
f 346/346/346 347/347/347 348/348/348 
f 347/347/347 349/349/349 348/348/348 
f 348/348/348 349/349/349 348/348/348 
f 349/349/349 350/350/350 348/348/348 
f 348/348/348 350/350/350 348/348/348 
f 350/350/350 351/351/351 348/348/348 
f 348/348/348 351/351/351 346/346/346 
f 351/351/351 351/351/351 346/346/346 
f 346/346/346 351/351/351 352/352/352 
f 351/351/351 351/351/351 352/352/352 
f 352/352/352 351/351/351 353/353/353 
f 351/351/351 351/351/351 353/353/353 
f 353/353/353 351/351/351 354/354/354 
f 351/351/351 350/350/350 354/354/354 
f 354/354/354 350/350/350 354/354/354 
f 350/350/350 355/355/355 354/354/354 
f 354/354/354 355/355/355 354/354/354 
f 355/355/355 356/356/356 354/354/354 
f 354/354/354 356/356/356 357/357/357 
f 356/356/356 358/358/358 357/357/357 
f 357/357/357 358/358/358 359/359/359 
f 358/358/358 359/359/359 359/359/359 
f 359/359/359 359/359/359 345/345/345 
f 359/359/359 345/345/345 345/345/345 
f 345/345/345 345/345/345 337/337/337 
f 345/345/345 336/336/336 337/337/337 
f 337/337/337 336/336/336 336/336/336 
f 336/336/336 343/343/343 336/336/336 
f 336/336/336 343/343/343 343/343/343 
f 343/343/343 360/360/360 343/343/343 
f 343/343/343 360/360/360 344/344/344 
f 360/360/360 360/360/360 344/344/344 
f 344/344/344 360/360/360 347/347/347 
f 360/360/360 349/349/349 347/347/347 
f 347/347/347 349/349/349 349/349/349 
f 349/349/349 354/354/354 349/349/349 
f 349/349/349 354/354/354 354/354/354 
f 354/354/354 357/357/357 354/354/354 
f 354/354/354 357/357/357 353/353/353 
f 357/357/357 357/357/357 353/353/353 
f 353/353/353 357/357/357 361/361/361 
f 357/357/357 362/362/362 361/361/361 
f 361/361/361 362/362/362 363/363/363 
f 362/362/362 364/364/364 363/363/363 
f 363/363/363 364/364/364 365/365/365 
f 364/364/364 366/366/366 365/365/365 
f 365/365/365 366/366/366 367/367/367 
f 366/366/366 368/368/368 367/367/367 
f 367/367/367 368/368/368 368/368/368 
f 368/368/368 357/357/357 368/368/368 
f 368/368/368 357/357/357 357/357/357 
f 357/357/357 359/359/359 357/357/357 
f 357/357/357 359/359/359 362/362/362 
f 359/359/359 359/359/359 362/362/362 
f 362/362/362 359/359/359 364/364/364 
f 359/359/359 369/369/369 364/364/364 
f 364/364/364 369/369/369 366/366/366 
f 369/369/369 370/370/370 366/366/366 
f 366/366/366 370/370/370 370/370/370 
f 370/370/370 371/371/371 370/370/370 
f 370/370/370 371/371/371 371/371/371 
f 371/371/371 372/372/372 371/371/371 
f 371/371/371 372/372/372 373/373/373 
f 372/372/372 372/372/372 373/373/373 
f 373/373/373 372/372/372 374/374/374 
f 372/372/372 372/372/372 374/374/374 
f 374/374/374 372/372/372 375/375/375 
f 372/372/372 376/376/376 375/375/375 
f 375/375/375 376/376/376 377/377/377 
f 376/376/376 376/376/376 377/377/377 
f 377/377/377 376/376/376 378/378/378 
f 376/376/376 376/376/376 378/378/378 
f 378/378/378 376/376/376 379/379/379 
f 376/376/376 371/371/371 379/379/379 
f 379/379/379 371/371/371 373/373/373 
f 371/371/371 373/373/373 373/373/373 
f 373/373/373 373/373/373 372/372/372 
f 373/373/373 372/372/372 372/372/372 
f 372/372/372 372/372/372 376/376/376 
f 372/372/372 371/371/371 376/376/376 
f 376/376/376 371/371/371 371/371/371 
f 371/371/371 377/377/377 371/371/371 
f 371/371/371 377/377/377 377/377/377 
f 377/377/377 380/380/380 377/377/377 
f 377/377/377 380/380/380 375/375/375 
f 380/380/380 381/381/381 375/375/375 
f 375/375/375 381/381/381 374/374/374 
f 381/381/381 382/382/382 374/374/374 
f 374/374/374 382/382/382 374/374/374 
f 382/382/382 383/383/383 374/374/374 
f 374/374/374 383/383/383 373/373/373 
f 383/383/383 384/384/384 373/373/373 
f 373/373/373 384/384/384 379/379/379 
f 384/384/384 385/385/385 379/379/379 
f 379/379/379 385/385/385 379/379/379 
f 385/385/385 386/386/386 379/379/379 
f 379/379/379 386/386/386 379/379/379 
f 386/386/386 387/387/387 379/379/379 
f 379/379/379 387/387/387 378/378/378 
f 387/387/387 388/388/388 378/378/378 
f 378/378/378 388/388/388 377/377/377 
f 388/388/388 389/389/389 377/377/377 
f 377/377/377 389/389/389 377/377/377 
f 389/389/389 390/390/390 377/377/377 
f 377/377/377 390/390/390 380/380/380 
f 390/390/390 391/391/391 380/380/380 
f 380/380/380 391/391/391 381/381/381 
f 391/391/391 392/392/392 381/381/381 
f 381/381/381 392/392/392 382/382/382 
f 392/392/392 393/393/393 382/382/382 
f 382/382/382 393/393/393 394/394/394 
f 393/393/393 393/393/393 394/394/394 
f 394/394/394 393/393/393 395/395/395 
f 393/393/393 393/393/393 395/395/395 
f 395/395/395 393/393/393 396/396/396 
f 393/393/393 392/392/392 396/396/396 
f 396/396/396 392/392/392 397/397/397 
f 392/392/392 391/391/391 397/397/397 
f 397/397/397 391/391/391 398/398/398 
f 391/391/391 390/390/390 398/398/398 
f 398/398/398 390/390/390 399/399/399 
f 390/390/390 390/390/390 399/399/399 
f 399/399/399 390/390/390 400/400/400 
f 390/390/390 389/389/389 400/400/400 
f 400/400/400 389/389/389 401/401/401 
f 389/389/389 402/402/402 401/401/401 
f 401/401/401 402/402/402 403/403/403 
f 402/402/402 402/402/402 403/403/403 
f 403/403/403 402/402/402 404/404/404 
f 402/402/402 387/387/387 404/404/404 
f 404/404/404 387/387/387 404/404/404 
f 387/387/387 386/386/386 404/404/404 
f 404/404/404 386/386/386 405/405/405 
f 386/386/386 385/385/385 405/405/405 
f 405/405/405 385/385/385 405/405/405 
f 385/385/385 406/406/406 405/405/405 
f 405/405/405 406/406/406 404/404/404 
f 406/406/406 407/407/407 404/404/404 
f 404/404/404 407/407/407 403/403/403 
f 407/407/407 407/407/407 403/403/403 
f 403/403/403 407/407/407 408/408/408 
f 407/407/407 409/409/409 408/408/408 
f 408/408/408 409/409/409 410/410/410 
f 409/409/409 409/409/409 410/410/410 
f 410/410/410 409/409/409 411/411/411 
f 409/409/409 409/409/409 411/411/411 
f 411/411/411 409/409/409 412/412/412 
f 409/409/409 413/413/413 412/412/412 
f 412/412/412 413/413/413 414/414/414 
f 413/413/413 415/415/415 414/414/414 
f 414/414/414 415/415/415 416/416/416 
f 415/415/415 417/417/417 416/416/416 
f 416/416/416 417/417/417 418/418/418 
f 417/417/417 419/419/419 418/418/418 
f 418/418/418 419/419/419 420/420/420 
f 419/419/419 421/421/421 420/420/420 
f 420/420/420 421/421/421 422/422/422 
f 421/421/421 423/423/423 422/422/422 
f 422/422/422 423/423/423 424/424/424 
f 423/423/423 425/425/425 424/424/424 
f 424/424/424 425/425/425 426/426/426 
f 425/425/425 427/427/427 426/426/426 
f 426/426/426 427/427/427 428/428/428 
f 427/427/427 429/429/429 428/428/428 
f 428/428/428 429/429/429 430/430/430 
f 429/429/429 431/431/431 430/430/430 
f 430/430/430 431/431/431 432/432/432 
f 431/431/431 433/433/433 432/432/432 
f 432/432/432 433/433/433 432/432/432 
f 433/433/433 434/434/434 432/432/432 
f 432/432/432 434/434/434 435/435/435 
f 434/434/434 436/436/436 435/435/435 
f 435/435/435 436/436/436 437/437/437 
f 436/436/436 438/438/438 437/437/437 
f 437/437/437 438/438/438 439/439/439 
f 438/438/438 440/440/440 439/439/439 
f 439/439/439 440/440/440 441/441/441 
f 440/440/440 442/442/442 441/441/441 
f 441/441/441 442/442/442 443/443/443 
f 442/442/442 444/444/444 443/443/443 
f 443/443/443 444/444/444 445/445/445 
f 444/444/444 446/446/446 445/445/445 
f 445/445/445 446/446/446 447/447/447 
f 446/446/446 448/448/448 447/447/447 
f 447/447/447 448/448/448 449/449/449 
f 448/448/448 450/450/450 449/449/449 
f 449/449/449 450/450/450 451/451/451 
f 450/450/450 452/452/452 451/451/451 
f 451/451/451 452/452/452 453/453/453 
f 452/452/452 454/454/454 453/453/453 
f 453/453/453 454/454/454 455/455/455 
f 454/454/454 454/454/454 455/455/455 
f 455/455/455 454/454/454 456/456/456 
f 454/454/454 457/457/457 456/456/456 
f 456/456/456 457/457/457 458/458/458 
f 457/457/457 457/457/457 458/458/458 
f 458/458/458 457/457/457 459/459/459 
f 457/457/457 457/457/457 459/459/459 
f 459/459/459 457/457/457 460/460/460 
f 457/457/457 461/461/461 460/460/460 
f 460/460/460 461/461/461 460/460/460 
f 461/461/461 462/462/462 460/460/460 
f 460/460/460 462/462/462 463/463/463 
f 462/462/462 462/462/462 463/463/463 
f 463/463/463 462/462/462 464/464/464 
f 462/462/462 462/462/462 464/464/464 
f 464/464/464 462/462/462 465/465/465 
f 462/462/462 461/461/461 465/465/465 
f 465/465/465 461/461/461 466/466/466 
f 461/461/461 454/454/454 466/466/466 
f 466/466/466 454/454/454 467/467/467 
f 454/454/454 452/452/452 467/467/467 
f 467/467/467 452/452/452 467/467/467 
f 452/452/452 450/450/450 467/467/467 
f 467/467/467 450/450/450 468/468/468 
f 450/450/450 448/448/448 468/468/468 
f 468/468/468 448/448/448 469/469/469 
f 448/448/448 470/470/470 469/469/469 
f 469/469/469 470/470/470 469/469/469 
f 470/470/470 471/471/471 469/469/469 
f 469/469/469 471/471/471 468/468/468 
f 471/471/471 472/472/472 468/468/468 
f 468/468/468 472/472/472 467/467/467 
f 472/472/472 473/473/473 467/467/467 
f 467/467/467 473/473/473 467/467/467 
f 473/473/473 474/474/474 467/467/467 
f 467/467/467 474/474/474 466/466/466 
f 474/474/474 475/475/475 466/466/466 
f 466/466/466 475/475/475 466/466/466 
f 475/475/475 476/476/476 466/466/466 
f 466/466/466 476/476/476 465/465/465 
f 476/476/476 477/477/477 465/465/465 
f 465/465/465 477/477/477 465/465/465 
f 477/477/477 478/478/478 465/465/465 
f 465/465/465 478/478/478 464/464/464 
f 478/478/478 464/464/464 464/464/464 
f 464/464/464 464/464/464 387/387/387 
f 464/464/464 387/387/387 387/387/387 
f 387/387/387 387/387/387 388/388/388 
f 387/387/387 402/402/402 388/388/388 
f 388/388/388 402/402/402 389/389/389 
f 402/402/402 389/389/389 389/389/389 
f 389/389/389 389/389/389 382/382/382 
f 389/389/389 382/382/382 382/382/382 
f 382/382/382 382/382/382 383/383/383 
f 382/382/382 394/394/394 383/383/383 
f 383/383/383 394/394/394 394/394/394 
f 394/394/394 409/409/409 394/394/394 
f 394/394/394 409/409/409 409/409/409 
f 409/409/409 407/407/407 409/409/409 
f 409/409/409 407/407/407 406/406/406 
f 407/407/407 406/406/406 406/406/406 
f 406/406/406 406/406/406 457/457/457 
f 406/406/406 457/457/457 457/457/457 
f 457/457/457 457/457/457 461/461/461 
f 457/457/457 454/454/454 461/461/461 
f 461/461/461 454/454/454 454/454/454 
f 454/454/454 470/470/470 454/454/454 
f 454/454/454 470/470/470 470/470/470 
f 470/470/470 448/448/448 470/470/470 
f 470/470/470 448/448/448 446/446/446 
f 448/448/448 446/446/446 446/446/446 
f 446/446/446 446/446/446 478/478/478 
f 446/446/446 478/478/478 478/478/478 
f 478/478/478 478/478/478 479/479/479 
f 478/478/478 477/477/477 479/479/479 
f 479/479/479 477/477/477 479/479/479 
f 477/477/477 480/480/480 479/479/479 
f 479/479/479 480/480/480 479/479/479 
f 480/480/480 481/481/481 479/479/479 
f 479/479/479 481/481/481 479/479/479 
f 481/481/481 482/482/482 479/479/479 
f 479/479/479 482/482/482 479/479/479 
f 482/482/482 483/483/483 479/479/479 
f 479/479/479 483/483/483 479/479/479 
f 483/483/483 484/484/484 479/479/479 
f 479/479/479 484/484/484 384/384/384 
f 484/484/484 484/484/484 384/384/384 
f 384/384/384 484/484/484 485/485/485 
f 484/484/484 486/486/486 485/485/485 
f 485/485/485 486/486/486 485/485/485 
f 486/486/486 487/487/487 485/485/485 
f 485/485/485 487/487/487 485/485/485 
f 487/487/487 488/488/488 485/485/485 
f 485/485/485 488/488/488 489/489/489 
f 488/488/488 490/490/490 489/489/489 
f 489/489/489 490/490/490 489/489/489 
f 490/490/490 491/491/491 489/489/489 
f 489/489/489 491/491/491 492/492/492 
f 491/491/491 493/493/493 492/492/492 
f 492/492/492 493/493/493 494/494/494 
f 493/493/493 495/495/495 494/494/494 
f 494/494/494 495/495/495 494/494/494 
f 495/495/495 417/417/417 494/494/494 
f 494/494/494 417/417/417 492/492/492 
f 417/417/417 415/415/415 492/492/492 
f 492/492/492 415/415/415 489/489/489 
f 415/415/415 413/413/413 489/489/489 
f 489/489/489 413/413/413 489/489/489 
f 413/413/413 409/409/409 489/489/489 
f 489/489/489 409/409/409 485/485/485 
f 409/409/409 406/406/406 485/485/485 
f 485/485/485 406/406/406 485/485/485 
f 406/406/406 385/385/385 485/485/485 
f 485/485/485 385/385/385 384/384/384 
f 385/385/385 384/384/384 384/384/384 
f 384/384/384 384/384/384 495/495/495 
f 384/384/384 495/495/495 495/495/495 
f 495/495/495 495/495/495 496/496/496 
f 495/495/495 493/493/493 496/496/496 
f 496/496/496 493/493/493 493/493/493 
f 493/493/493 384/384/384 493/493/493 
f 493/493/493 384/384/384 384/384/384 
f 384/384/384 383/383/383 384/384/384 
f 384/384/384 383/383/383 479/479/479 
f 383/383/383 497/497/497 479/479/479 
f 479/479/479 497/497/497 479/479/479 
f 497/497/497 498/498/498 479/479/479 
f 479/479/479 498/498/498 478/478/478 
f 498/498/498 499/499/499 478/478/478 
f 478/478/478 499/499/499 464/464/464 
f 499/499/499 499/499/499 464/464/464 
f 464/464/464 499/499/499 463/463/463 
f 499/499/499 500/500/500 463/463/463 
f 463/463/463 500/500/500 460/460/460 
f 500/500/500 501/501/501 460/460/460 
f 460/460/460 501/501/501 459/459/459 
f 501/501/501 502/502/502 459/459/459 
f 459/459/459 502/502/502 503/503/503 
f 502/502/502 503/503/503 503/503/503 
f 503/503/503 503/503/503 383/383/383 
f 503/503/503 383/383/383 383/383/383 
f 383/383/383 383/383/383 497/497/497 
f 383/383/383 394/394/394 497/497/497 
f 497/497/497 394/394/394 394/394/394 
f 394/394/394 502/502/502 394/394/394 
f 394/394/394 502/502/502 502/502/502 
f 502/502/502 501/501/501 502/502/502 
f 502/502/502 501/501/501 504/504/504 
f 501/501/501 500/500/500 504/504/504 
f 504/504/504 500/500/500 505/505/505 
f 500/500/500 499/499/499 505/505/505 
f 505/505/505 499/499/499 499/499/499 
f 499/499/499 505/505/505 499/499/499 
f 499/499/499 505/505/505 505/505/505 
f 505/505/505 506/506/506 505/505/505 
f 505/505/505 506/506/506 504/504/504 
f 506/506/506 506/506/506 504/504/504 
f 504/504/504 506/506/506 502/502/502 
f 506/506/506 507/507/507 502/502/502 
f 502/502/502 507/507/507 503/503/503 
f 507/507/507 507/507/507 503/503/503 
f 503/503/503 507/507/507 508/508/508 
f 507/507/507 509/509/509 508/508/508 
f 508/508/508 509/509/509 510/510/510 
f 509/509/509 509/509/509 510/510/510 
f 510/510/510 509/509/509 511/511/511 
f 509/509/509 512/512/512 511/511/511 
f 511/511/511 512/512/512 511/511/511 
f 512/512/512 513/513/513 511/511/511 
f 511/511/511 513/513/513 514/514/514 
f 513/513/513 513/513/513 514/514/514 
f 514/514/514 513/513/513 515/515/515 
f 513/513/513 397/397/397 515/515/515 
f 515/515/515 397/397/397 515/515/515 
f 397/397/397 398/398/398 515/515/515 
f 515/515/515 398/398/398 516/516/516 
f 398/398/398 399/399/399 516/516/516 
f 516/516/516 399/399/399 399/399/399 
f 399/399/399 397/397/397 399/399/399 
f 399/399/399 397/397/397 397/397/397 
f 397/397/397 513/513/513 397/397/397 
f 397/397/397 513/513/513 396/396/396 
f 513/513/513 517/517/517 396/396/396 
f 396/396/396 517/517/517 395/395/395 
f 517/517/517 518/518/518 395/395/395 
f 395/395/395 518/518/518 395/395/395 
f 518/518/518 519/519/519 395/395/395 
f 395/395/395 519/519/519 394/394/394 
f 519/519/519 519/519/519 394/394/394 
f 394/394/394 519/519/519 497/497/497 
f 519/519/519 519/519/519 497/497/497 
f 497/497/497 519/519/519 520/520/520 
f 519/519/519 521/521/521 520/520/520 
f 520/520/520 521/521/521 522/522/522 
f 521/521/521 523/523/523 522/522/522 
f 522/522/522 523/523/523 512/512/512 
f 523/523/523 523/523/523 512/512/512 
f 512/512/512 523/523/523 513/513/513 
f 523/523/523 523/523/523 513/513/513 
f 513/513/513 523/523/523 517/517/517 
f 523/523/523 523/523/523 517/517/517 
f 517/517/517 523/523/523 518/518/518 
f 523/523/523 521/521/521 518/518/518 
f 518/518/518 521/521/521 519/519/519 
f 521/521/521 519/519/519 519/519/519 
f 519/519/519 519/519/519 522/522/522 
f 519/519/519 522/522/522 522/522/522 
f 522/522/522 522/522/522 524/524/524 
f 522/522/522 512/512/512 524/524/524 
f 524/524/524 512/512/512 524/524/524 
f 512/512/512 509/509/509 524/524/524 
f 524/524/524 509/509/509 525/525/525 
f 509/509/509 507/507/507 525/525/525 
f 525/525/525 507/507/507 525/525/525 
f 507/507/507 506/506/506 525/525/525 
f 525/525/525 506/506/506 526/526/526 
f 506/506/506 506/506/506 526/526/526 
f 526/526/526 506/506/506 527/527/527 
f 506/506/506 505/505/505 527/527/527 
f 527/527/527 505/505/505 527/527/527 
f 505/505/505 499/499/499 527/527/527 
f 527/527/527 499/499/499 528/528/528 
f 499/499/499 498/498/498 528/528/528 
f 528/528/528 498/498/498 529/529/529 
f 498/498/498 497/497/497 529/529/529 
f 529/529/529 497/497/497 529/529/529 
f 497/497/497 520/520/520 529/529/529 
f 529/529/529 520/520/520 530/530/530 
f 520/520/520 522/522/522 530/530/530 
f 530/530/530 522/522/522 530/530/530 
f 522/522/522 524/524/524 530/530/530 
f 530/530/530 524/524/524 530/530/530 
f 524/524/524 525/525/525 530/530/530 
f 530/530/530 525/525/525 530/530/530 
f 525/525/525 526/526/526 530/530/530 
f 530/530/530 526/526/526 529/529/529 
f 526/526/526 527/527/527 529/529/529 
f 529/529/529 527/527/527 528/528/528 
f 527/527/527 528/528/528 528/528/528 
f 528/528/528 528/528/528 531/531/531 
f 528/528/528 531/531/531 531/531/531 
f 531/531/531 531/531/531 532/532/532 
f 531/531/531 533/533/533 532/532/532 
f 532/532/532 533/533/533 534/534/534 
f 533/533/533 535/535/535 534/534/534 
f 534/534/534 535/535/535 536/536/536 
f 535/535/535 537/537/537 536/536/536 
f 536/536/536 537/537/537 537/537/537 
f 537/537/537 532/532/532 537/537/537 
f 537/537/537 532/532/532 532/532/532 
f 532/532/532 534/534/534 532/532/532 
f 532/532/532 534/534/534 538/538/538 
f 534/534/534 539/539/539 538/538/538 
f 538/538/538 539/539/539 540/540/540 
f 539/539/539 540/540/540 540/540/540 
f 540/540/540 540/540/540 536/536/536 
f 540/540/540 536/536/536 536/536/536 
f 536/536/536 536/536/536 534/534/534 
f 536/536/536 539/539/539 534/534/534 
f 534/534/534 539/539/539 539/539/539 
f 539/539/539 531/531/531 539/539/539 
f 539/539/539 531/531/531 531/531/531 
f 531/531/531 541/541/541 531/531/531 
f 531/531/531 541/541/541 533/533/533 
f 541/541/541 542/542/542 533/533/533 
f 533/533/533 542/542/542 535/535/535 
f 542/542/542 543/543/543 535/535/535 
f 535/535/535 543/543/543 537/537/537 
f 543/543/543 543/543/543 537/537/537 
f 537/537/537 543/543/543 544/544/544 
f 543/543/543 545/545/545 544/544/544 
f 544/544/544 545/545/545 546/546/546 
f 545/545/545 547/547/547 546/546/546 
f 546/546/546 547/547/547 548/548/548 
f 547/547/547 549/549/549 548/548/548 
f 548/548/548 549/549/549 548/548/548 
f 549/549/549 550/550/550 548/548/548 
f 548/548/548 550/550/550 551/551/551 
f 550/550/550 552/552/552 551/551/551 
f 551/551/551 552/552/552 552/552/552 
f 552/552/552 541/541/541 552/552/552 
f 552/552/552 541/541/541 541/541/541 
f 541/541/541 553/553/553 541/541/541 
f 541/541/541 553/553/553 542/542/542 
f 553/553/553 554/554/554 542/542/542 
f 542/542/542 554/554/554 543/543/543 
f 554/554/554 545/545/545 543/543/543 
f 543/543/543 545/545/545 545/545/545 
f 545/545/545 551/551/551 545/545/545 
f 545/545/545 551/551/551 551/551/551 
f 551/551/551 555/555/555 551/551/551 
f 551/551/551 555/555/555 548/548/548 
f 555/555/555 555/555/555 548/548/548 
f 548/548/548 555/555/555 546/546/546 
f 555/555/555 556/556/556 546/546/546 
f 546/546/546 556/556/556 544/544/544 
f 556/556/556 557/557/557 544/544/544 
f 544/544/544 557/557/557 537/537/537 
f 557/557/557 557/557/557 537/537/537 
f 537/537/537 557/557/557 536/536/536 
f 557/557/557 557/557/557 536/536/536 
f 536/536/536 557/557/557 558/558/558 
f 557/557/557 557/557/557 558/558/558 
f 558/558/558 557/557/557 559/559/559 
f 557/557/557 556/556/556 559/559/559 
f 559/559/559 556/556/556 559/559/559 
f 556/556/556 555/555/555 559/559/559 
f 559/559/559 555/555/555 560/560/560 
f 555/555/555 551/551/551 560/560/560 
f 560/560/560 551/551/551 561/561/561 
f 551/551/551 552/552/552 561/561/561 
f 561/561/561 552/552/552 562/562/562 
f 552/552/552 563/563/563 562/562/562 
f 562/562/562 563/563/563 562/562/562 
f 563/563/563 564/564/564 562/562/562 
f 562/562/562 564/564/564 565/565/565 
f 564/564/564 566/566/566 565/565/565 
f 565/565/565 566/566/566 566/566/566 
f 566/566/566 559/559/559 566/566/566 
f 566/566/566 559/559/559 559/559/559 
f 559/559/559 560/560/560 559/559/559 
f 559/559/559 560/560/560 567/567/567 
f 560/560/560 568/568/568 567/567/567 
f 567/567/567 568/568/568 569/569/569 
f 568/568/568 568/568/568 569/569/569 
f 569/569/569 568/568/568 570/570/570 
f 568/568/568 571/571/571 570/570/570 
f 570/570/570 571/571/571 572/572/572 
f 571/571/571 565/565/565 572/572/572 
f 572/572/572 565/565/565 573/573/573 
f 565/565/565 566/566/566 573/573/573 
f 573/573/573 566/566/566 574/574/574 
f 566/566/566 575/575/575 574/574/574 
f 574/574/574 575/575/575 576/576/576 
f 575/575/575 577/577/577 576/576/576 
f 576/576/576 577/577/577 578/578/578 
f 577/577/577 579/579/579 578/578/578 
f 578/578/578 579/579/579 579/579/579 
f 579/579/579 565/565/565 579/579/579 
f 579/579/579 565/565/565 565/565/565 
f 565/565/565 571/571/571 565/565/565 
f 565/565/565 571/571/571 562/562/562 
f 571/571/571 571/571/571 562/562/562 
f 562/562/562 571/571/571 561/561/561 
f 571/571/571 568/568/568 561/561/561 
f 561/561/561 568/568/568 560/560/560 
f 568/568/568 560/560/560 560/560/560 
f 560/560/560 560/560/560 570/570/570 
f 560/560/560 570/570/570 570/570/570 
f 570/570/570 570/570/570 580/580/580 
f 570/570/570 572/572/572 580/580/580 
f 580/580/580 572/572/572 572/572/572 
f 572/572/572 578/578/578 572/572/572 
f 572/572/572 578/578/578 578/578/578 
f 578/578/578 581/581/581 578/578/578 
f 578/578/578 581/581/581 576/576/576 
f 581/581/581 582/582/582 576/576/576 
f 576/576/576 582/582/582 574/574/574 
f 582/582/582 583/583/583 574/574/574 
f 574/574/574 583/583/583 573/573/573 
f 583/583/583 584/584/584 573/573/573 
f 573/573/573 584/584/584 572/572/572 
f 584/584/584 584/584/584 572/572/572 
f 572/572/572 584/584/584 580/580/580 
f 584/584/584 584/584/584 580/580/580 
f 580/580/580 584/584/584 585/585/585 
f 584/584/584 584/584/584 585/585/585 
f 585/585/585 584/584/584 586/586/586 
f 584/584/584 583/583/583 586/586/586 
f 586/586/586 583/583/583 587/587/587 
f 583/583/583 582/582/582 587/587/587 
f 587/587/587 582/582/582 588/588/588 
f 582/582/582 581/581/581 588/588/588 
f 588/588/588 581/581/581 581/581/581 
f 581/581/581 589/589/589 581/581/581 
f 581/581/581 589/589/589 589/589/589 
f 589/589/589 590/590/590 589/589/589 
f 589/589/589 590/590/590 591/591/591 
f 590/590/590 592/592/592 591/591/591 
f 591/591/591 592/592/592 593/593/593 
f 592/592/592 592/592/592 593/593/593 
f 593/593/593 592/592/592 594/594/594 
f 592/592/592 595/595/595 594/594/594 
f 594/594/594 595/595/595 596/596/596 
f 595/595/595 596/596/596 596/596/596 
f 596/596/596 596/596/596 590/590/590 
f 596/596/596 590/590/590 590/590/590 
f 590/590/590 590/590/590 592/592/592 
f 590/590/590 597/597/597 592/592/592 
f 592/592/592 597/597/597 592/592/592 
f 597/597/597 598/598/598 592/592/592 
f 592/592/592 598/598/598 592/592/592 
f 598/598/598 599/599/599 592/592/592 
f 592/592/592 599/599/599 592/592/592 
f 599/599/599 600/600/600 592/592/592 
f 592/592/592 600/600/600 592/592/592 
f 600/600/600 601/601/601 592/592/592 
f 592/592/592 601/601/601 602/602/602 
f 601/601/601 602/602/602 602/602/602 
f 602/602/602 602/602/602 603/603/603 
f 602/602/602 603/603/603 603/603/603 
f 603/603/603 603/603/603 604/604/604 
f 603/603/603 595/595/595 604/604/604 
f 604/604/604 595/595/595 604/604/604 
f 595/595/595 592/592/592 604/604/604 
f 604/604/604 592/592/592 605/605/605 
f 592/592/592 592/592/592 605/605/605 
f 605/605/605 592/592/592 606/606/606 
f 592/592/592 592/592/592 606/606/606 
f 606/606/606 592/592/592 607/607/607 
f 592/592/592 592/592/592 607/607/607 
f 607/607/607 592/592/592 608/608/608 
f 592/592/592 592/592/592 608/608/608 
f 608/608/608 592/592/592 609/609/609 
f 592/592/592 592/592/592 609/609/609 
f 609/609/609 592/592/592 610/610/610 
f 592/592/592 592/592/592 610/610/610 
f 610/610/610 592/592/592 611/611/611 
f 592/592/592 592/592/592 611/611/611 
f 611/611/611 592/592/592 612/612/612 
f 592/592/592 592/592/592 612/612/612 
f 612/612/612 592/592/592 613/613/613 
f 592/592/592 592/592/592 613/613/613 
f 613/613/613 592/592/592 614/614/614 
f 592/592/592 615/615/615 614/614/614 
f 614/614/614 615/615/615 616/616/616 
f 615/615/615 616/616/616 616/616/616 
f 616/616/616 616/616/616 617/617/617 
f 616/616/616 617/617/617 617/617/617 
f 617/617/617 617/617/617 618/618/618 
f 617/617/617 615/615/615 618/618/618 
f 618/618/618 615/615/615 618/618/618 
f 615/615/615 592/592/592 618/618/618 
f 618/618/618 592/592/592 619/619/619 
f 592/592/592 592/592/592 619/619/619 
f 619/619/619 592/592/592 620/620/620 
f 592/592/592 621/621/621 620/620/620 
f 620/620/620 621/621/621 622/622/622 
f 621/621/621 622/622/622 622/622/622 
f 622/622/622 622/622/622 621/621/621 
f 622/622/622 621/621/621 621/621/621 
f 621/621/621 621/621/621 602/602/602 
f 621/621/621 592/592/592 602/602/602 
f 602/602/602 592/592/592 592/592/592 
f 592/592/592 623/623/623 592/592/592 
f 592/592/592 623/623/623 623/623/623 
f 623/623/623 624/624/624 623/623/623 
f 623/623/623 624/624/624 625/625/625 
f 624/624/624 626/626/626 625/625/625 
f 625/625/625 626/626/626 627/627/627 
f 626/626/626 628/628/628 627/627/627 
f 627/627/627 628/628/628 629/629/629 
f 628/628/628 630/630/630 629/629/629 
f 629/629/629 630/630/630 631/631/631 
f 630/630/630 632/632/632 631/631/631 
f 631/631/631 632/632/632 631/631/631 
f 632/632/632 633/633/633 631/631/631 
f 631/631/631 633/633/633 634/634/634 
f 633/633/633 635/635/635 634/634/634 
f 634/634/634 635/635/635 636/636/636 
f 635/635/635 637/637/637 636/636/636 
f 636/636/636 637/637/637 638/638/638 
f 637/637/637 639/639/639 638/638/638 
f 638/638/638 639/639/639 640/640/640 
f 639/639/639 641/641/641 640/640/640 
f 640/640/640 641/641/641 642/642/642 
f 641/641/641 642/642/642 642/642/642 
f 642/642/642 642/642/642 643/643/643 
f 642/642/642 643/643/643 643/643/643 
f 643/643/643 643/643/643 644/644/644 
f 643/643/643 645/645/645 644/644/644 
f 644/644/644 645/645/645 646/646/646 
f 645/645/645 647/647/647 646/646/646 
f 646/646/646 647/647/647 648/648/648 
f 647/647/647 649/649/649 648/648/648 
f 648/648/648 649/649/649 650/650/650 
f 649/649/649 651/651/651 650/650/650 
f 650/650/650 651/651/651 652/652/652 
f 651/651/651 653/653/653 652/652/652 
f 652/652/652 653/653/653 654/654/654 
f 653/653/653 655/655/655 654/654/654 
f 654/654/654 655/655/655 655/655/655 
f 655/655/655 656/656/656 655/655/655 
f 655/655/655 656/656/656 656/656/656 
f 656/656/656 657/657/657 656/656/656 
f 656/656/656 657/657/657 658/658/658 
f 657/657/657 659/659/659 658/658/658 
f 658/658/658 659/659/659 660/660/660 
f 659/659/659 661/661/661 660/660/660 
f 660/660/660 661/661/661 662/662/662 
f 661/661/661 661/661/661 662/662/662 
f 662/662/662 661/661/661 663/663/663 
f 661/661/661 664/664/664 663/663/663 
f 663/663/663 664/664/664 663/663/663 
f 664/664/664 665/665/665 663/663/663 
f 663/663/663 665/665/665 666/666/666 
f 665/665/665 666/666/666 666/666/666 
f 666/666/666 666/666/666 667/667/667 
f 666/666/666 667/667/667 667/667/667 
f 667/667/667 667/667/667 668/668/668 
f 667/667/667 669/669/669 668/668/668 
f 668/668/668 669/669/669 670/670/670 
f 669/669/669 669/669/669 670/670/670 
f 670/670/670 669/669/669 671/671/671 
f 669/669/669 672/672/672 671/671/671 
f 671/671/671 672/672/672 673/673/673 
f 672/672/672 674/674/674 673/673/673 
f 673/673/673 674/674/674 673/673/673 
f 674/674/674 675/675/675 673/673/673 
f 673/673/673 675/675/675 676/676/676 
f 675/675/675 676/676/676 676/676/676 
f 676/676/676 676/676/676 677/677/677 
f 676/676/676 677/677/677 677/677/677 
f 677/677/677 677/677/677 678/678/678 
f 677/677/677 679/679/679 678/678/678 
f 678/678/678 679/679/679 680/680/680 
f 679/679/679 680/680/680 680/680/680 
f 680/680/680 680/680/680 679/679/679 
f 680/680/680 679/679/679 679/679/679 
f 679/679/679 679/679/679 681/681/681 
f 679/679/679 677/677/677 681/681/681 
f 681/681/681 677/677/677 681/681/681 
f 677/677/677 682/682/682 681/681/681 
f 681/681/681 682/682/682 683/683/683 
f 682/682/682 684/684/684 683/683/683 
f 683/683/683 684/684/684 683/683/683 
f 684/684/684 685/685/685 683/683/683 
f 683/683/683 685/685/685 686/686/686 
f 685/685/685 687/687/687 686/686/686 
f 686/686/686 687/687/687 686/686/686 
f 687/687/687 688/688/688 686/686/686 
f 686/686/686 688/688/688 689/689/689 
f 688/688/688 690/690/690 689/689/689 
f 689/689/689 690/690/690 691/691/691 
f 690/690/690 690/690/690 691/691/691 
f 691/691/691 690/690/690 692/692/692 
f 690/690/690 693/693/693 692/692/692 
f 692/692/692 693/693/693 694/694/694 
f 693/693/693 695/695/695 694/694/694 
f 694/694/694 695/695/695 694/694/694 
f 695/695/695 696/696/696 694/694/694 
f 694/694/694 696/696/696 697/697/697 
f 696/696/696 698/698/698 697/697/697 
f 697/697/697 698/698/698 699/699/699 
f 698/698/698 700/700/700 699/699/699 
f 699/699/699 700/700/700 699/699/699 
f 700/700/700 701/701/701 699/699/699 
f 699/699/699 701/701/701 702/702/702 
f 701/701/701 703/703/703 702/702/702 
f 702/702/702 703/703/703 704/704/704 
f 703/703/703 705/705/705 704/704/704 
f 704/704/704 705/705/705 706/706/706 
f 705/705/705 705/705/705 706/706/706 
f 706/706/706 705/705/705 707/707/707 
f 705/705/705 708/708/708 707/707/707 
f 707/707/707 708/708/708 709/709/709 
f 708/708/708 710/710/710 709/709/709 
f 709/709/709 710/710/710 711/711/711 
f 710/710/710 712/712/712 711/711/711 
f 711/711/711 712/712/712 713/713/713 
f 712/712/712 714/714/714 713/713/713 
f 713/713/713 714/714/714 715/715/715 
f 714/714/714 716/716/716 715/715/715 
f 715/715/715 716/716/716 717/717/717 
f 716/716/716 718/718/718 717/717/717 
f 717/717/717 718/718/718 717/717/717 
f 718/718/718 719/719/719 717/717/717 
f 717/717/717 719/719/719 720/720/720 
f 719/719/719 721/721/721 720/720/720 
f 720/720/720 721/721/721 722/722/722 
f 721/721/721 723/723/723 722/722/722 
f 722/722/722 723/723/723 724/724/724 
f 723/723/723 725/725/725 724/724/724 
f 724/724/724 725/725/725 726/726/726 
f 725/725/725 725/725/725 726/726/726 
f 726/726/726 725/725/725 727/727/727 
f 725/725/725 728/728/728 727/727/727 
f 727/727/727 728/728/728 729/729/729 
f 728/728/728 730/730/730 729/729/729 
f 729/729/729 730/730/730 731/731/731 
f 730/730/730 732/732/732 731/731/731 
f 731/731/731 732/732/732 731/731/731 
f 732/732/732 733/733/733 731/731/731 
f 731/731/731 733/733/733 731/731/731 
f 733/733/733 734/734/734 731/731/731 
f 731/731/731 734/734/734 735/735/735 
f 734/734/734 734/734/734 735/735/735 
f 735/735/735 734/734/734 736/736/736 
f 734/734/734 737/737/737 736/736/736 
f 736/736/736 737/737/737 736/736/736 
f 737/737/737 738/738/738 736/736/736 
f 736/736/736 738/738/738 739/739/739 
f 738/738/738 740/740/740 739/739/739 
f 739/739/739 740/740/740 741/741/741 
f 740/740/740 740/740/740 741/741/741 
f 741/741/741 740/740/740 742/742/742 
f 740/740/740 743/743/743 742/742/742 
f 742/742/742 743/743/743 744/744/744 
f 743/743/743 745/745/745 744/744/744 
f 744/744/744 745/745/745 746/746/746 
f 745/745/745 747/747/747 746/746/746 
f 746/746/746 747/747/747 748/748/748 
f 747/747/747 749/749/749 748/748/748 
f 748/748/748 749/749/749 750/750/750 
f 749/749/749 751/751/751 750/750/750 
f 750/750/750 751/751/751 752/752/752 
f 751/751/751 753/753/753 752/752/752 
f 752/752/752 753/753/753 754/754/754 
f 753/753/753 697/697/697 754/754/754 
f 754/754/754 697/697/697 755/755/755 
f 697/697/697 699/699/699 755/755/755 
f 755/755/755 699/699/699 699/699/699 
f 699/699/699 737/737/737 699/699/699 
f 699/699/699 737/737/737 737/737/737 
f 737/737/737 734/734/734 737/737/737 
f 737/737/737 734/734/734 756/756/756 
f 734/734/734 757/757/757 756/756/756 
f 756/756/756 757/757/757 756/756/756 
f 757/757/757 758/758/758 756/756/756 
f 756/756/756 758/758/758 759/759/759 
f 758/758/758 760/760/760 759/759/759 
f 759/759/759 760/760/760 761/761/761 
f 760/760/760 762/762/762 761/761/761 
f 761/761/761 762/762/762 763/763/763 
f 762/762/762 764/764/764 763/763/763 
f 763/763/763 764/764/764 765/765/765 
f 764/764/764 766/766/766 765/765/765 
f 765/765/765 766/766/766 765/765/765 
f 766/766/766 680/680/680 765/765/765 
f 765/765/765 680/680/680 679/679/679 
f 680/680/680 679/679/679 679/679/679 
f 679/679/679 679/679/679 767/767/767 
f 679/679/679 767/767/767 767/767/767 
f 767/767/767 767/767/767 768/768/768 
f 767/767/767 769/769/769 768/768/768 
f 768/768/768 769/769/769 768/768/768 
f 769/769/769 770/770/770 768/768/768 
f 768/768/768 770/770/770 771/771/771 
f 770/770/770 772/772/772 771/771/771 
f 771/771/771 772/772/772 773/773/773 
f 772/772/772 774/774/774 773/773/773 
f 773/773/773 774/774/774 775/775/775 
f 774/774/774 776/776/776 775/775/775 
f 775/775/775 776/776/776 777/777/777 
f 776/776/776 778/778/778 777/777/777 
f 777/777/777 778/778/778 779/779/779 
f 778/778/778 778/778/778 779/779/779 
f 779/779/779 778/778/778 780/780/780 
f 778/778/778 781/781/781 780/780/780 
f 780/780/780 781/781/781 782/782/782 
f 781/781/781 783/783/783 782/782/782 
f 782/782/782 783/783/783 784/784/784 
f 783/783/783 785/785/785 784/784/784 
f 784/784/784 785/785/785 785/785/785 
f 785/785/785 786/786/786 785/785/785 
f 785/785/785 786/786/786 786/786/786 
f 786/786/786 787/787/787 786/786/786 
f 786/786/786 787/787/787 788/788/788 
f 787/787/787 789/789/789 788/788/788 
f 788/788/788 789/789/789 790/790/790 
f 789/789/789 791/791/791 790/790/790 
f 790/790/790 791/791/791 792/792/792 
f 791/791/791 793/793/793 792/792/792 
f 792/792/792 793/793/793 794/794/794 
f 793/793/793 793/793/793 794/794/794 
f 794/794/794 793/793/793 795/795/795 
f 793/793/793 796/796/796 795/795/795 
f 795/795/795 796/796/796 797/797/797 
f 796/796/796 798/798/798 797/797/797 
f 797/797/797 798/798/798 797/797/797 
f 798/798/798 799/799/799 797/797/797 
f 797/797/797 799/799/799 800/800/800 
f 799/799/799 800/800/800 800/800/800 
f 800/800/800 800/800/800 788/788/788 
f 800/800/800 788/788/788 788/788/788 
f 788/788/788 788/788/788 786/786/786 
f 788/788/788 801/801/801 786/786/786 
f 786/786/786 801/801/801 802/802/802 
f 801/801/801 803/803/803 802/802/802 
f 802/802/802 803/803/803 802/802/802 
f 803/803/803 804/804/804 802/802/802 
f 802/802/802 804/804/804 805/805/805 
f 804/804/804 806/806/806 805/805/805 
f 805/805/805 806/806/806 807/807/807 
f 806/806/806 807/807/807 807/807/807 
f 807/807/807 807/807/807 808/808/808 
f 807/807/807 808/808/808 808/808/808 
f 808/808/808 808/808/808 809/809/809 
f 808/808/808 810/810/810 809/809/809 
f 809/809/809 810/810/810 809/809/809 
f 810/810/810 811/811/811 809/809/809 
f 809/809/809 811/811/811 812/812/812 
f 811/811/811 813/813/813 812/812/812 
f 812/812/812 813/813/813 814/814/814 
f 813/813/813 815/815/815 814/814/814 
f 814/814/814 815/815/815 816/816/816 
f 815/815/815 815/815/815 816/816/816 
f 816/816/816 815/815/815 817/817/817 
f 815/815/815 818/818/818 817/817/817 
f 817/817/817 818/818/818 819/819/819 
f 818/818/818 820/820/820 819/819/819 
f 819/819/819 820/820/820 821/821/821 
f 820/820/820 822/822/822 821/821/821 
f 821/821/821 822/822/822 821/821/821 
f 822/822/822 823/823/823 821/821/821 
f 821/821/821 823/823/823 824/824/824 
f 823/823/823 825/825/825 824/824/824 
f 824/824/824 825/825/825 824/824/824 
f 825/825/825 826/826/826 824/824/824 
f 824/824/824 826/826/826 827/827/827 
f 826/826/826 828/828/828 827/827/827 
f 827/827/827 828/828/828 829/829/829 
f 828/828/828 830/830/830 829/829/829 
f 829/829/829 830/830/830 829/829/829 
f 830/830/830 831/831/831 829/829/829 
f 829/829/829 831/831/831 832/832/832 
f 831/831/831 833/833/833 832/832/832 
f 832/832/832 833/833/833 834/834/834 
f 833/833/833 835/835/835 834/834/834 
f 834/834/834 835/835/835 836/836/836 
f 835/835/835 837/837/837 836/836/836 
f 836/836/836 837/837/837 836/836/836 
f 837/837/837 838/838/838 836/836/836 
f 836/836/836 838/838/838 839/839/839 
f 838/838/838 840/840/840 839/839/839 
f 839/839/839 840/840/840 839/839/839 
f 840/840/840 841/841/841 839/839/839 
f 839/839/839 841/841/841 842/842/842 
f 841/841/841 843/843/843 842/842/842 
f 842/842/842 843/843/843 842/842/842 
f 843/843/843 844/844/844 842/842/842 
f 842/842/842 844/844/844 845/845/845 
f 844/844/844 846/846/846 845/845/845 
f 845/845/845 846/846/846 845/845/845 
f 846/846/846 847/847/847 845/845/845 
f 845/845/845 847/847/847 848/848/848 
f 847/847/847 849/849/849 848/848/848 
f 848/848/848 849/849/849 848/848/848 
f 849/849/849 850/850/850 848/848/848 
f 848/848/848 850/850/850 851/851/851 
f 850/850/850 852/852/852 851/851/851 
f 851/851/851 852/852/852 851/851/851 
f 852/852/852 853/853/853 851/851/851 
f 851/851/851 853/853/853 854/854/854 
f 853/853/853 855/855/855 854/854/854 
f 854/854/854 855/855/855 854/854/854 
f 855/855/855 856/856/856 854/854/854 
f 854/854/854 856/856/856 857/857/857 
f 856/856/856 858/858/858 857/857/857 
f 857/857/857 858/858/858 857/857/857 
f 858/858/858 859/859/859 857/857/857 
f 857/857/857 859/859/859 860/860/860 
f 859/859/859 861/861/861 860/860/860 
f 860/860/860 861/861/861 862/862/862 
f 861/861/861 863/863/863 862/862/862 
f 862/862/862 863/863/863 864/864/864 
f 863/863/863 863/863/863 864/864/864 
f 864/864/864 863/863/863 865/865/865 
f 863/863/863 866/866/866 865/865/865 
f 865/865/865 866/866/866 867/867/867 
f 866/866/866 868/868/868 867/867/867 
f 867/867/867 868/868/868 869/869/869 
f 868/868/868 870/870/870 869/869/869 
f 869/869/869 870/870/870 871/871/871 
f 870/870/870 872/872/872 871/871/871 
f 871/871/871 872/872/872 871/871/871 
f 872/872/872 873/873/873 871/871/871 
f 871/871/871 873/873/873 871/871/871 
f 873/873/873 808/808/808 871/871/871 
f 871/871/871 808/808/808 809/809/809 
f 808/808/808 809/809/809 809/809/809 
f 809/809/809 809/809/809 874/874/874 
f 809/809/809 874/874/874 874/874/874 
f 874/874/874 874/874/874 875/875/875 
f 874/874/874 876/876/876 875/875/875 
f 875/875/875 876/876/876 877/877/877 
f 876/876/876 878/878/878 877/877/877 
f 877/877/877 878/878/878 879/879/879 
f 878/878/878 880/880/880 879/879/879 
f 879/879/879 880/880/880 880/880/880 
f 880/880/880 874/874/874 880/880/880 
f 880/880/880 874/874/874 874/874/874 
f 874/874/874 875/875/875 874/874/874 
f 874/874/874 875/875/875 881/881/881 
f 875/875/875 882/882/882 881/881/881 
f 881/881/881 882/882/882 883/883/883 
f 882/882/882 884/884/884 883/883/883 
f 883/883/883 884/884/884 885/885/885 
f 884/884/884 886/886/886 885/885/885 
f 885/885/885 886/886/886 887/887/887 
f 886/886/886 888/888/888 887/887/887 
f 887/887/887 888/888/888 887/887/887 
f 888/888/888 889/889/889 887/887/887 
f 887/887/887 889/889/889 890/890/890 
f 889/889/889 891/891/891 890/890/890 
f 890/890/890 891/891/891 892/892/892 
f 891/891/891 893/893/893 892/892/892 
f 892/892/892 893/893/893 894/894/894 
f 893/893/893 893/893/893 894/894/894 
f 894/894/894 893/893/893 895/895/895 
f 893/893/893 896/896/896 895/895/895 
f 895/895/895 896/896/896 897/897/897 
f 896/896/896 896/896/896 897/897/897 
f 897/897/897 896/896/896 898/898/898 
f 896/896/896 896/896/896 898/898/898 
f 898/898/898 896/896/896 899/899/899 
f 896/896/896 900/900/900 899/899/899 
f 899/899/899 900/900/900 901/901/901 
f 900/900/900 902/902/902 901/901/901 
f 901/901/901 902/902/902 903/903/903 
f 902/902/902 902/902/902 903/903/903 
f 903/903/903 902/902/902 904/904/904 
f 902/902/902 905/905/905 904/904/904 
f 904/904/904 905/905/905 906/906/906 
f 905/905/905 907/907/907 906/906/906 
f 906/906/906 907/907/907 908/908/908 
f 907/907/907 909/909/909 908/908/908 
f 908/908/908 909/909/909 910/910/910 
f 909/909/909 909/909/909 910/910/910 
f 910/910/910 909/909/909 911/911/911 
f 909/909/909 912/912/912 911/911/911 
f 911/911/911 912/912/912 913/913/913 
f 912/912/912 914/914/914 913/913/913 
f 913/913/913 914/914/914 915/915/915 
f 914/914/914 914/914/914 915/915/915 
f 915/915/915 914/914/914 916/916/916 
f 914/914/914 917/917/917 916/916/916 
f 916/916/916 917/917/917 916/916/916 
f 917/917/917 918/918/918 916/916/916 
f 916/916/916 918/918/918 880/880/880 
f 918/918/918 919/919/919 880/880/880 
f 880/880/880 919/919/919 920/920/920 
f 919/919/919 919/919/919 920/920/920 
f 920/920/920 919/919/919 921/921/921 
f 919/919/919 922/922/922 921/921/921 
f 921/921/921 922/922/922 923/923/923 
f 922/922/922 924/924/924 923/923/923 
f 923/923/923 924/924/924 925/925/925 
f 924/924/924 926/926/926 925/925/925 
f 925/925/925 926/926/926 927/927/927 
f 926/926/926 928/928/928 927/927/927 
f 927/927/927 928/928/928 929/929/929 
f 928/928/928 928/928/928 929/929/929 
f 929/929/929 928/928/928 930/930/930 
f 928/928/928 931/931/931 930/930/930 
f 930/930/930 931/931/931 932/932/932 
f 931/931/931 933/933/933 932/932/932 
f 932/932/932 933/933/933 934/934/934 
f 933/933/933 935/935/935 934/934/934 
f 934/934/934 935/935/935 936/936/936 
f 935/935/935 935/935/935 936/936/936 
f 936/936/936 935/935/935 937/937/937 
f 935/935/935 938/938/938 937/937/937 
f 937/937/937 938/938/938 939/939/939 
f 938/938/938 940/940/940 939/939/939 
f 939/939/939 940/940/940 941/941/941 
f 940/940/940 942/942/942 941/941/941 
f 941/941/941 942/942/942 943/943/943 
f 942/942/942 944/944/944 943/943/943 
f 943/943/943 944/944/944 945/945/945 
f 944/944/944 944/944/944 945/945/945 
f 945/945/945 944/944/944 900/900/900 
f 944/944/944 946/946/946 900/900/900 
f 900/900/900 946/946/946 902/902/902 
f 946/946/946 902/902/902 902/902/902 
f 902/902/902 902/902/902 880/880/880 
f 902/902/902 880/880/880 880/880/880 
f 880/880/880 880/880/880 879/879/879 
f 880/880/880 920/920/920 879/879/879 
f 879/879/879 920/920/920 920/920/920 
f 920/920/920 947/947/947 920/920/920 
f 920/920/920 947/947/947 947/947/947 
f 947/947/947 948/948/948 947/947/947 
f 947/947/947 948/948/948 949/949/949 
f 948/948/948 948/948/948 949/949/949 
f 949/949/949 948/948/948 950/950/950 
f 948/948/948 951/951/951 950/950/950 
f 950/950/950 951/951/951 952/952/952 
f 951/951/951 953/953/953 952/952/952 
f 952/952/952 953/953/953 954/954/954 
f 953/953/953 953/953/953 954/954/954 
f 954/954/954 953/953/953 955/955/955 
f 953/953/953 956/956/956 955/955/955 
f 955/955/955 956/956/956 957/957/957 
f 956/956/956 958/958/958 957/957/957 
f 957/957/957 958/958/958 959/959/959 
f 958/958/958 960/960/960 959/959/959 
f 959/959/959 960/960/960 961/961/961 
f 960/960/960 962/962/962 961/961/961 
f 961/961/961 962/962/962 963/963/963 
f 962/962/962 964/964/964 963/963/963 
f 963/963/963 964/964/964 964/964/964 
f 964/964/964 965/965/965 964/964/964 
f 964/964/964 965/965/965 965/965/965 
f 965/965/965 966/966/966 965/965/965 
f 965/965/965 966/966/966 967/967/967 
f 966/966/966 966/966/966 967/967/967 
f 967/967/967 966/966/966 968/968/968 
f 966/966/966 969/969/969 968/968/968 
f 968/968/968 969/969/969 970/970/970 
f 969/969/969 971/971/971 970/970/970 
f 970/970/970 971/971/971 970/970/970 
f 971/971/971 972/972/972 970/970/970 
f 970/970/970 972/972/972 973/973/973 
f 972/972/972 974/974/974 973/973/973 
f 973/973/973 974/974/974 975/975/975 
f 974/974/974 976/976/976 975/975/975 
f 975/975/975 976/976/976 977/977/977 
f 976/976/976 978/978/978 977/977/977 
f 977/977/977 978/978/978 979/979/979 
f 978/978/978 979/979/979 979/979/979 
f 979/979/979 979/979/979 980/980/980 
f 979/979/979 980/980/980 980/980/980 
f 980/980/980 980/980/980 981/981/981 
f 980/980/980 982/982/982 981/981/981 
f 981/981/981 982/982/982 981/981/981 
f 982/982/982 983/983/983 981/981/981 
f 981/981/981 983/983/983 984/984/984 
f 983/983/983 985/985/985 984/984/984 
f 984/984/984 985/985/985 986/986/986 
f 985/985/985 987/987/987 986/986/986 
f 986/986/986 987/987/987 987/987/987 
f 987/987/987 982/982/982 987/987/987 
f 987/987/987 982/982/982 982/982/982 
f 982/982/982 988/988/988 982/982/982 
f 982/982/982 988/988/988 989/989/989 
f 988/988/988 990/990/990 989/989/989 
f 989/989/989 990/990/990 991/991/991 
f 990/990/990 992/992/992 991/991/991 
f 991/991/991 992/992/992 993/993/993 
f 992/992/992 994/994/994 993/993/993 
f 993/993/993 994/994/994 993/993/993 
f 994/994/994 995/995/995 993/993/993 
f 993/993/993 995/995/995 996/996/996 
f 995/995/995 997/997/997 996/996/996 
f 996/996/996 997/997/997 998/998/998 
f 997/997/997 999/999/999 998/998/998 
f 998/998/998 999/999/999 1000/1000/1000 
f 999/999/999 1001/1001/1001 1000/1000/1000 
f 1000/1000/1000 1001/1001/1001 1002/1002/1002 
f 1001/1001/1001 1003/1003/1003 1002/1002/1002 
f 1002/1002/1002 1003/1003/1003 1004/1004/1004 
f 1003/1003/1003 1005/1005/1005 1004/1004/1004 
f 1004/1004/1004 1005/1005/1005 1004/1004/1004 
f 1005/1005/1005 1006/1006/1006 1004/1004/1004 
f 1004/1004/1004 1006/1006/1006 1007/1007/1007 
f 1006/1006/1006 1008/1008/1008 1007/1007/1007 
f 1007/1007/1007 1008/1008/1008 1009/1009/1009 
f 1008/1008/1008 1010/1010/1010 1009/1009/1009 
f 1009/1009/1009 1010/1010/1010 1011/1011/1011 
f 1010/1010/1010 1011/1011/1011 1011/1011/1011 
f 1011/1011/1011 1011/1011/1011 985/985/985 
f 1011/1011/1011 985/985/985 985/985/985 
f 985/985/985 985/985/985 987/987/987 
f 985/985/985 1012/1012/1012 987/987/987 
f 987/987/987 1012/1012/1012 1013/1013/1013 
f 1012/1012/1012 1014/1014/1014 1013/1013/1013 
f 1013/1013/1013 1014/1014/1014 1015/1015/1015 
f 1014/1014/1014 1016/1016/1016 1015/1015/1015 
f 1015/1015/1015 1016/1016/1016 1016/1016/1016 
f 1016/1016/1016 1017/1017/1017 1016/1016/1016 
f 1016/1016/1016 1017/1017/1017 1017/1017/1017 
f 1017/1017/1017 1018/1018/1018 1017/1017/1017 
f 1017/1017/1017 1018/1018/1018 1019/1019/1019 
f 1018/1018/1018 1019/1019/1019 1019/1019/1019 
f 1019/1019/1019 1019/1019/1019 1020/1020/1020 
f 1019/1019/1019 1020/1020/1020 1020/1020/1020 
f 1020/1020/1020 1020/1020/1020 1021/1021/1021 
f 1020/1020/1020 1022/1022/1022 1021/1021/1021 
f 1021/1021/1021 1022/1022/1022 1022/1022/1022 
f 1022/1022/1022 1023/1023/1023 1022/1022/1022 
f 1022/1022/1022 1023/1023/1023 1023/1023/1023 
f 1023/1023/1023 1024/1024/1024 1023/1023/1023 
f 1023/1023/1023 1024/1024/1024 1025/1025/1025 
f 1024/1024/1024 1025/1025/1025 1025/1025/1025 
f 1025/1025/1025 1025/1025/1025 1026/1026/1026 
f 1025/1025/1025 1026/1026/1026 1026/1026/1026 
f 1026/1026/1026 1026/1026/1026 1027/1027/1027 
f 1026/1026/1026 1028/1028/1028 1027/1027/1027 
f 1027/1027/1027 1028/1028/1028 1029/1029/1029 
f 1028/1028/1028 1030/1030/1030 1029/1029/1029 
f 1029/1029/1029 1030/1030/1030 1031/1031/1031 
f 1030/1030/1030 1032/1032/1032 1031/1031/1031 
f 1031/1031/1031 1032/1032/1032 1033/1033/1033 
f 1032/1032/1032 1034/1034/1034 1033/1033/1033 
f 1033/1033/1033 1034/1034/1034 1035/1035/1035 
f 1034/1034/1034 1036/1036/1036 1035/1035/1035 
f 1035/1035/1035 1036/1036/1036 1036/1036/1036 
f 1036/1036/1036 1037/1037/1037 1036/1036/1036 
f 1036/1036/1036 1037/1037/1037 1037/1037/1037 
f 1037/1037/1037 1038/1038/1038 1037/1037/1037 
f 1037/1037/1037 1038/1038/1038 1039/1039/1039 
f 1038/1038/1038 1040/1040/1040 1039/1039/1039 
f 1039/1039/1039 1040/1040/1040 1040/1040/1040 
f 1040/1040/1040 1041/1041/1041 1040/1040/1040 
f 1040/1040/1040 1041/1041/1041 1041/1041/1041 
f 1041/1041/1041 1042/1042/1042 1041/1041/1041 
f 1041/1041/1041 1042/1042/1042 1043/1043/1043 
f 1042/1042/1042 1042/1042/1042 1043/1043/1043 
f 1043/1043/1043 1042/1042/1042 1044/1044/1044 
f 1042/1042/1042 1045/1045/1045 1044/1044/1044 
f 1044/1044/1044 1045/1045/1045 1046/1046/1046 
f 1045/1045/1045 1045/1045/1045 1046/1046/1046 
f 1046/1046/1046 1045/1045/1045 1047/1047/1047 
f 1045/1045/1045 1048/1048/1048 1047/1047/1047 
f 1047/1047/1047 1048/1048/1048 1049/1049/1049 
f 1048/1048/1048 1048/1048/1048 1049/1049/1049 
f 1049/1049/1049 1048/1048/1048 1050/1050/1050 
f 1048/1048/1048 1051/1051/1051 1050/1050/1050 
f 1050/1050/1050 1051/1051/1051 1052/1052/1052 
f 1051/1051/1051 1051/1051/1051 1052/1052/1052 
f 1052/1052/1052 1051/1051/1051 1053/1053/1053 
f 1051/1051/1051 1054/1054/1054 1053/1053/1053 
f 1053/1053/1053 1054/1054/1054 1055/1055/1055 
f 1054/1054/1054 1054/1054/1054 1055/1055/1055 
f 1055/1055/1055 1054/1054/1054 1056/1056/1056 
f 1054/1054/1054 1054/1054/1054 1056/1056/1056 
f 1056/1056/1056 1054/1054/1054 1057/1057/1057 
f 1054/1054/1054 1058/1058/1058 1057/1057/1057 
f 1057/1057/1057 1058/1058/1058 1059/1059/1059 
f 1058/1058/1058 1058/1058/1058 1059/1059/1059 
f 1059/1059/1059 1058/1058/1058 1060/1060/1060 
f 1058/1058/1058 1061/1061/1061 1060/1060/1060 
f 1060/1060/1060 1061/1061/1061 1062/1062/1062 
f 1061/1061/1061 1061/1061/1061 1062/1062/1062 
f 1062/1062/1062 1061/1061/1061 1063/1063/1063 
f 1061/1061/1061 1061/1061/1061 1063/1063/1063 
f 1063/1063/1063 1061/1061/1061 1064/1064/1064 
f 1061/1061/1061 1065/1065/1065 1064/1064/1064 
f 1064/1064/1064 1065/1065/1065 1065/1065/1065 
f 1065/1065/1065 1066/1066/1066 1065/1065/1065 
f 1065/1065/1065 1066/1066/1066 1066/1066/1066 
f 1066/1066/1066 1067/1067/1067 1066/1066/1066 
f 1066/1066/1066 1067/1067/1067 1068/1068/1068 
f 1067/1067/1067 1068/1068/1068 1068/1068/1068 
f 1068/1068/1068 1068/1068/1068 1069/1069/1069 
f 1068/1068/1068 1069/1069/1069 1069/1069/1069 
f 1069/1069/1069 1069/1069/1069 1070/1070/1070 
f 1069/1069/1069 1071/1071/1071 1070/1070/1070 
f 1070/1070/1070 1071/1071/1071 1070/1070/1070 
f 1071/1071/1071 1072/1072/1072 1070/1070/1070 
f 1070/1070/1070 1072/1072/1072 1073/1073/1073 
f 1072/1072/1072 1074/1074/1074 1073/1073/1073 
f 1073/1073/1073 1074/1074/1074 1075/1075/1075 
f 1074/1074/1074 1076/1076/1076 1075/1075/1075 
f 1075/1075/1075 1076/1076/1076 1077/1077/1077 
f 1076/1076/1076 1077/1077/1077 1077/1077/1077 
f 1077/1077/1077 1077/1077/1077 1078/1078/1078 
f 1077/1077/1077 1078/1078/1078 1078/1078/1078 
f 1078/1078/1078 1078/1078/1078 1079/1079/1079 
f 1078/1078/1078 1080/1080/1080 1079/1079/1079 
f 1079/1079/1079 1080/1080/1080 1079/1079/1079 
f 1080/1080/1080 1081/1081/1081 1079/1079/1079 
f 1079/1079/1079 1081/1081/1081 1079/1079/1079 
f 1081/1081/1081 1082/1082/1082 1079/1079/1079 
f 1079/1079/1079 1082/1082/1082 1083/1083/1083 
f 1082/1082/1082 1084/1084/1084 1083/1083/1083 
f 1083/1083/1083 1084/1084/1084 1085/1085/1085 
f 1084/1084/1084 1086/1086/1086 1085/1085/1085 
f 1085/1085/1085 1086/1086/1086 1087/1087/1087 
f 1086/1086/1086 1088/1088/1088 1087/1087/1087 
f 1087/1087/1087 1088/1088/1088 1089/1089/1089 
f 1088/1088/1088 1090/1090/1090 1089/1089/1089 
f 1089/1089/1089 1090/1090/1090 1091/1091/1091 
f 1090/1090/1090 1092/1092/1092 1091/1091/1091 
f 1091/1091/1091 1092/1092/1092 1093/1093/1093 
f 1092/1092/1092 1094/1094/1094 1093/1093/1093 
f 1093/1093/1093 1094/1094/1094 1095/1095/1095 
f 1094/1094/1094 1095/1095/1095 1095/1095/1095 
f 1095/1095/1095 1095/1095/1095 1096/1096/1096 
f 1095/1095/1095 1096/1096/1096 1096/1096/1096 
f 1096/1096/1096 1096/1096/1096 1097/1097/1097 
f 1096/1096/1096 1098/1098/1098 1097/1097/1097 
f 1097/1097/1097 1098/1098/1098 1098/1098/1098 
f 1098/1098/1098 1096/1096/1096 1098/1098/1098 
f 1098/1098/1098 1096/1096/1096 1096/1096/1096 
f 1096/1096/1096 1099/1099/1099 1096/1096/1096 
f 1096/1096/1096 1099/1099/1099 1100/1100/1100 
f 1099/1099/1099 1100/1100/1100 1100/1100/1100 
f 1100/1100/1100 1100/1100/1100 1101/1101/1101 
f 1100/1100/1100 1101/1101/1101 1101/1101/1101 
f 1101/1101/1101 1101/1101/1101 1097/1097/1097 
f 1101/1101/1101 1102/1102/1102 1097/1097/1097 
f 1097/1097/1097 1102/1102/1102 1102/1102/1102 
f 1102/1102/1102 1103/1103/1103 1102/1102/1102 
f 1102/1102/1102 1103/1103/1103 1103/1103/1103 
f 1103/1103/1103 1104/1104/1104 1103/1103/1103 
f 1103/1103/1103 1104/1104/1104 1105/1105/1105 
f 1104/1104/1104 1105/1105/1105 1105/1105/1105 
f 1105/1105/1105 1105/1105/1105 1103/1103/1103 
f 1105/1105/1105 1103/1103/1103 1103/1103/1103 
f 1103/1103/1103 1103/1103/1103 1106/1106/1106 
f 1103/1103/1103 1107/1107/1107 1106/1106/1106 
f 1106/1106/1106 1107/1107/1107 1108/1108/1108 
f 1107/1107/1107 1109/1109/1109 1108/1108/1108 
f 1108/1108/1108 1109/1109/1109 1110/1110/1110 
f 1109/1109/1109 1110/1110/1110 1110/1110/1110 
f 1110/1110/1110 1110/1110/1110 1110/1110/1110 
f 1110/1110/1110 1110/1110/1110 1110/1110/1110 
f 1110/1110/1110 1110/1110/1110 1111/1111/1111 
f 1110/1110/1110 1112/1112/1112 1111/1111/1111 
f 1111/1111/1111 1112/1112/1112 1112/1112/1112 
f 1112/1112/1112 1113/1113/1113 1112/1112/1112 
f 1112/1112/1112 1113/1113/1113 1113/1113/1113 
f 1113/1113/1113 1114/1114/1114 1113/1113/1113 
f 1113/1113/1113 1114/1114/1114 1115/1115/1115 
f 1114/1114/1114 1115/1115/1115 1115/1115/1115 
f 1115/1115/1115 1115/1115/1115 1116/1116/1116 
f 1115/1115/1115 1116/1116/1116 1116/1116/1116 
f 1116/1116/1116 1116/1116/1116 1117/1117/1117 
f 1116/1116/1116 1118/1118/1118 1117/1117/1117 
f 1117/1117/1117 1118/1118/1118 1118/1118/1118 
f 1118/1118/1118 1119/1119/1119 1118/1118/1118 
f 1118/1118/1118 1119/1119/1119 1119/1119/1119 
f 1119/1119/1119 1120/1120/1120 1119/1119/1119 
f 1119/1119/1119 1120/1120/1120 1121/1121/1121 
f 1120/1120/1120 1121/1121/1121 1121/1121/1121 
f 1121/1121/1121 1121/1121/1121 1122/1122/1122 
f 1121/1121/1121 1122/1122/1122 1122/1122/1122 
f 1122/1122/1122 1122/1122/1122 1123/1123/1123 
f 1122/1122/1122 1120/1120/1120 1123/1123/1123 
f 1123/1123/1123 1120/1120/1120 1120/1120/1120 
f 1120/1120/1120 1123/1123/1123 1120/1120/1120 
f 1120/1120/1120 1123/1123/1123 1123/1123/1123 
f 1123/1123/1123 1124/1124/1124 1123/1123/1123 
f 1123/1123/1123 1124/1124/1124 1125/1125/1125 
f 1124/1124/1124 1125/1125/1125 1125/1125/1125 
f 1125/1125/1125 1125/1125/1125 1126/1126/1126 
f 1125/1125/1125 1126/1126/1126 1126/1126/1126 
f 1126/1126/1126 1126/1126/1126 1127/1127/1127 
f 1126/1126/1126 1128/1128/1128 1127/1127/1127 
f 1127/1127/1127 1128/1128/1128 1128/1128/1128 
f 1128/1128/1128 1042/1042/1042 1128/1128/1128 
f 1128/1128/1128 1042/1042/1042 1042/1042/1042 
f 1042/1042/1042 1041/1041/1041 1042/1042/1042 
f 1042/1042/1042 1041/1041/1041 1129/1129/1129 
f 1041/1041/1041 1130/1130/1130 1129/1129/1129 
f 1129/1129/1129 1130/1130/1130 1129/1129/1129 
f 1130/1130/1130 1131/1131/1131 1129/1129/1129 
f 1129/1129/1129 1131/1131/1131 1129/1129/1129 
f 1131/1131/1131 1132/1132/1132 1129/1129/1129 
f 1129/1129/1129 1132/1132/1132 1129/1129/1129 
f 1132/1132/1132 1133/1133/1133 1129/1129/1129 
f 1129/1129/1129 1133/1133/1133 1134/1134/1134 
f 1133/1133/1133 1135/1135/1135 1134/1134/1134 
f 1134/1134/1134 1135/1135/1135 1136/1136/1136 
f 1135/1135/1135 1136/1136/1136 1136/1136/1136 
f 1136/1136/1136 1136/1136/1136 1137/1137/1137 
f 1136/1136/1136 1137/1137/1137 1137/1137/1137 
f 1137/1137/1137 1137/1137/1137 1138/1138/1138 
f 1137/1137/1137 1139/1139/1139 1138/1138/1138 
f 1138/1138/1138 1139/1139/1139 1139/1139/1139 
f 1139/1139/1139 1140/1140/1140 1139/1139/1139 
f 1139/1139/1139 1140/1140/1140 1140/1140/1140 
f 1140/1140/1140 1141/1141/1141 1140/1140/1140 
f 1140/1140/1140 1141/1141/1141 1142/1142/1142 
f 1141/1141/1141 1142/1142/1142 1142/1142/1142 
f 1142/1142/1142 1142/1142/1142 1143/1143/1143 
f 1142/1142/1142 1143/1143/1143 1143/1143/1143 
f 1143/1143/1143 1143/1143/1143 1144/1144/1144 
f 1143/1143/1143 1145/1145/1145 1144/1144/1144 
f 1144/1144/1144 1145/1145/1145 1145/1145/1145 
f 1145/1145/1145 1146/1146/1146 1145/1145/1145 
f 1145/1145/1145 1146/1146/1146 1146/1146/1146 
f 1146/1146/1146 1147/1147/1147 1146/1146/1146 
f 1146/1146/1146 1147/1147/1147 1148/1148/1148 
f 1147/1147/1147 1148/1148/1148 1148/1148/1148 
f 1148/1148/1148 1148/1148/1148 1149/1149/1149 
f 1148/1148/1148 1149/1149/1149 1149/1149/1149 
f 1149/1149/1149 1149/1149/1149 1150/1150/1150 
f 1149/1149/1149 1151/1151/1151 1150/1150/1150 
f 1150/1150/1150 1151/1151/1151 1152/1152/1152 
f 1151/1151/1151 1151/1151/1151 1152/1152/1152 
f 1152/1152/1152 1151/1151/1151 1153/1153/1153 
f 1151/1151/1151 1154/1154/1154 1153/1153/1153 
f 1153/1153/1153 1154/1154/1154 1155/1155/1155 
f 1154/1154/1154 1156/1156/1156 1155/1155/1155 
f 1155/1155/1155 1156/1156/1156 1157/1157/1157 
f 1156/1156/1156 1158/1158/1158 1157/1157/1157 
f 1157/1157/1157 1158/1158/1158 1158/1158/1158 
f 1158/1158/1158 1149/1149/1149 1158/1158/1158 
f 1158/1158/1158 1149/1149/1149 1149/1149/1149 
f 1149/1149/1149 1150/1150/1150 1149/1149/1149 
f 1149/1149/1149 1150/1150/1150 1159/1159/1159 
f 1150/1150/1150 1160/1160/1160 1159/1159/1159 
f 1159/1159/1159 1160/1160/1160 1161/1161/1161 
f 1160/1160/1160 1162/1162/1162 1161/1161/1161 
f 1161/1161/1161 1162/1162/1162 1163/1163/1163 
f 1162/1162/1162 1162/1162/1162 1163/1163/1163 
f 1163/1163/1163 1162/1162/1162 1164/1164/1164 
f 1162/1162/1162 1160/1160/1160 1164/1164/1164 
f 1164/1164/1164 1160/1160/1160 1165/1165/1165 
f 1160/1160/1160 1150/1150/1150 1165/1165/1165 
f 1165/1165/1165 1150/1150/1150 1166/1166/1166 
f 1150/1150/1150 1150/1150/1150 1166/1166/1166 
f 1166/1166/1166 1150/1150/1150 1167/1167/1167 
f 1150/1150/1150 1152/1152/1152 1167/1167/1167 
f 1167/1167/1167 1152/1152/1152 1167/1167/1167 
f 1152/1152/1152 1153/1153/1153 1167/1167/1167 
f 1167/1167/1167 1153/1153/1153 1168/1168/1168 
f 1153/1153/1153 1155/1155/1155 1168/1168/1168 
f 1168/1168/1168 1155/1155/1155 1169/1169/1169 
f 1155/1155/1155 1155/1155/1155 1169/1169/1169 
f 1169/1169/1169 1155/1155/1155 1170/1170/1170 
f 1155/1155/1155 1157/1157/1157 1170/1170/1170 
f 1170/1170/1170 1157/1157/1157 1171/1171/1171 
f 1157/1157/1157 1172/1172/1172 1171/1171/1171 
f 1171/1171/1171 1172/1172/1172 1173/1173/1173 
f 1172/1172/1172 1158/1158/1158 1173/1173/1173 
f 1173/1173/1173 1158/1158/1158 1173/1173/1173 
f 1158/1158/1158 1174/1174/1174 1173/1173/1173 
f 1173/1173/1173 1174/1174/1174 1175/1175/1175 
f 1174/1174/1174 1176/1176/1176 1175/1175/1175 
f 1175/1175/1175 1176/1176/1176 1176/1176/1176 
f 1176/1176/1176 1163/1163/1163 1176/1176/1176 
f 1176/1176/1176 1163/1163/1163 1163/1163/1163 
f 1163/1163/1163 1177/1177/1177 1163/1163/1163 
f 1163/1163/1163 1177/1177/1177 1161/1161/1161 
f 1177/1177/1177 1161/1161/1161 1161/1161/1161 
f 1161/1161/1161 1161/1161/1161 1158/1158/1158 
f 1161/1161/1161 1158/1158/1158 1158/1158/1158 
f 1158/1158/1158 1158/1158/1158 1157/1157/1157 
f 1158/1158/1158 1172/1172/1172 1157/1157/1157 
f 1157/1157/1157 1172/1172/1172 1172/1172/1172 
f 1172/1172/1172 1171/1171/1171 1172/1172/1172 
f 1172/1172/1172 1171/1171/1171 1171/1171/1171 
f 1171/1171/1171 1173/1173/1173 1171/1171/1171 
f 1171/1171/1171 1173/1173/1173 1178/1178/1178 
f 1173/1173/1173 1175/1175/1175 1178/1178/1178 
f 1178/1178/1178 1175/1175/1175 1179/1179/1179 
f 1175/1175/1175 1175/1175/1175 1179/1179/1179 
f 1179/1179/1179 1175/1175/1175 1180/1180/1180 
f 1175/1175/1175 1181/1181/1181 1180/1180/1180 
f 1180/1180/1180 1181/1181/1181 1182/1182/1182 
f 1181/1181/1181 1181/1181/1181 1182/1182/1182 
f 1182/1182/1182 1181/1181/1181 1183/1183/1183 
f 1181/1181/1181 1181/1181/1181 1183/1183/1183 
f 1183/1183/1183 1181/1181/1181 1184/1184/1184 
f 1181/1181/1181 1181/1181/1181 1184/1184/1184 
f 1184/1184/1184 1181/1181/1181 1176/1176/1176 
f 1181/1181/1181 1175/1175/1175 1176/1176/1176 
f 1176/1176/1176 1175/1175/1175 1175/1175/1175 
f 1175/1175/1175 1185/1185/1185 1175/1175/1175 
f 1175/1175/1175 1185/1185/1185 1185/1185/1185 
f 1185/1185/1185 1186/1186/1186 1185/1185/1185 
f 1185/1185/1185 1186/1186/1186 1187/1187/1187 
f 1186/1186/1186 1188/1188/1188 1187/1187/1187 
f 1187/1187/1187 1188/1188/1188 1188/1188/1188 
f 1188/1188/1188 1187/1187/1187 1188/1188/1188 
f 1188/1188/1188 1187/1187/1187 1187/1187/1187 
f 1187/1187/1187 1189/1189/1189 1187/1187/1187 
f 1187/1187/1187 1189/1189/1189 1185/1185/1185 
f 1189/1189/1189 1190/1190/1190 1185/1185/1185 
f 1185/1185/1185 1190/1190/1190 1191/1191/1191 
f 1190/1190/1190 1190/1190/1190 1191/1191/1191 
f 1191/1191/1191 1190/1190/1190 1192/1192/1192 
f 1190/1190/1190 1190/1190/1190 1192/1192/1192 
f 1192/1192/1192 1190/1190/1190 1193/1193/1193 
f 1190/1190/1190 1194/1194/1194 1193/1193/1193 
f 1193/1193/1193 1194/1194/1194 1193/1193/1193 
f 1194/1194/1194 1195/1195/1195 1193/1193/1193 
f 1193/1193/1193 1195/1195/1195 1196/1196/1196 
f 1195/1195/1195 1197/1197/1197 1196/1196/1196 
f 1196/1196/1196 1197/1197/1197 1196/1196/1196 
f 1197/1197/1197 1198/1198/1198 1196/1196/1196 
f 1196/1196/1196 1198/1198/1198 1199/1199/1199 
f 1198/1198/1198 1198/1198/1198 1199/1199/1199 
f 1199/1199/1199 1198/1198/1198 1200/1200/1200 
f 1198/1198/1198 1198/1198/1198 1200/1200/1200 
f 1200/1200/1200 1198/1198/1198 1201/1201/1201 
f 1198/1198/1198 1198/1198/1198 1201/1201/1201 
f 1201/1201/1201 1198/1198/1198 1202/1202/1202 
f 1198/1198/1198 1197/1197/1197 1202/1202/1202 
f 1202/1202/1202 1197/1197/1197 1202/1202/1202 
f 1197/1197/1197 1203/1203/1203 1202/1202/1202 
f 1202/1202/1202 1203/1203/1203 1202/1202/1202 
f 1203/1203/1203 1204/1204/1204 1202/1202/1202 
f 1202/1202/1202 1204/1204/1204 1202/1202/1202 
f 1204/1204/1204 1205/1205/1205 1202/1202/1202 
f 1202/1202/1202 1205/1205/1205 1201/1201/1201 
f 1205/1205/1205 1205/1205/1205 1201/1201/1201 
f 1201/1201/1201 1205/1205/1205 1206/1206/1206 
f 1205/1205/1205 1205/1205/1205 1206/1206/1206 
f 1206/1206/1206 1205/1205/1205 1207/1207/1207 
f 1205/1205/1205 1205/1205/1205 1207/1207/1207 
f 1207/1207/1207 1205/1205/1205 1208/1208/1208 
f 1205/1205/1205 1204/1204/1204 1208/1208/1208 
f 1208/1208/1208 1204/1204/1204 1209/1209/1209 
f 1204/1204/1204 1209/1209/1209 1209/1209/1209 
f 1209/1209/1209 1209/1209/1209 1190/1190/1190 
f 1209/1209/1209 1190/1190/1190 1190/1190/1190 
f 1190/1190/1190 1190/1190/1190 1194/1194/1194 
f 1190/1190/1190 1189/1189/1189 1194/1194/1194 
f 1194/1194/1194 1189/1189/1189 1189/1189/1189 
f 1189/1189/1189 1186/1186/1186 1189/1189/1189 
f 1189/1189/1189 1186/1186/1186 1186/1186/1186 
f 1186/1186/1186 1185/1185/1185 1186/1186/1186 
f 1186/1186/1186 1185/1185/1185 1191/1191/1191 
f 1185/1185/1185 1191/1191/1191 1191/1191/1191 
f 1191/1191/1191 1191/1191/1191 1192/1192/1192 
f 1191/1191/1191 1192/1192/1192 1192/1192/1192 
f 1192/1192/1192 1192/1192/1192 1210/1210/1210 
f 1192/1192/1192 1193/1193/1193 1210/1210/1210 
f 1210/1210/1210 1193/1193/1193 1210/1210/1210 
f 1193/1193/1193 1196/1196/1196 1210/1210/1210 
f 1210/1210/1210 1196/1196/1196 1199/1199/1199 
f 1196/1196/1196 1199/1199/1199 1199/1199/1199 
f 1199/1199/1199 1199/1199/1199 156/156/156 
f 1199/1199/1199 156/156/156 156/156/156 
f 156/156/156 156/156/156 158/158/158 
f 156/156/156 1211/1211/1211 158/158/158 
f 158/158/158 1211/1211/1211 1212/1212/1212 
f 1211/1211/1211 1211/1211/1211 1212/1212/1212 
f 1212/1212/1212 1211/1211/1211 1213/1213/1213 
f 1211/1211/1211 1214/1214/1214 1213/1213/1213 
f 1213/1213/1213 1214/1214/1214 1213/1213/1213 
f 1214/1214/1214 1215/1215/1215 1213/1213/1213 
f 1213/1213/1213 1215/1215/1215 1216/1216/1216 
f 1215/1215/1215 1217/1217/1217 1216/1216/1216 
f 1216/1216/1216 1217/1217/1217 1218/1218/1218 
f 1217/1217/1217 1219/1219/1219 1218/1218/1218 
f 1218/1218/1218 1219/1219/1219 1220/1220/1220 
f 1219/1219/1219 1220/1220/1220 1220/1220/1220 
f 1220/1220/1220 1220/1220/1220 1221/1221/1221 
f 1220/1220/1220 1221/1221/1221 1221/1221/1221 
f 1221/1221/1221 1221/1221/1221 1222/1222/1222 
f 1221/1221/1221 1223/1223/1223 1222/1222/1222 
f 1222/1222/1222 1223/1223/1223 1222/1222/1222 
f 1223/1223/1223 1224/1224/1224 1222/1222/1222 
f 1222/1222/1222 1224/1224/1224 1222/1222/1222 
f 1224/1224/1224 1225/1225/1225 1222/1222/1222 
f 1222/1222/1222 1225/1225/1225 1222/1222/1222 
f 1225/1225/1225 1226/1226/1226 1222/1222/1222 
f 1222/1222/1222 1226/1226/1226 1227/1227/1227 
f 1226/1226/1226 1228/1228/1228 1227/1227/1227 
f 1227/1227/1227 1228/1228/1228 1227/1227/1227 
f 1228/1228/1228 1229/1229/1229 1227/1227/1227 
f 1227/1227/1227 1229/1229/1229 1230/1230/1230 
f 1229/1229/1229 1229/1229/1229 1230/1230/1230 
f 1230/1230/1230 1229/1229/1229 1231/1231/1231 
f 1229/1229/1229 1232/1232/1232 1231/1231/1231 
f 1231/1231/1231 1232/1232/1232 1233/1233/1233 
f 1232/1232/1232 1234/1234/1234 1233/1233/1233 
f 1233/1233/1233 1234/1234/1234 1235/1235/1235 
f 1234/1234/1234 1236/1236/1236 1235/1235/1235 
f 1235/1235/1235 1236/1236/1236 1237/1237/1237 
f 1236/1236/1236 1238/1238/1238 1237/1237/1237 
f 1237/1237/1237 1238/1238/1238 1237/1237/1237 
f 1238/1238/1238 1239/1239/1239 1237/1237/1237 
f 1237/1237/1237 1239/1239/1239 1240/1240/1240 
f 1239/1239/1239 1239/1239/1239 1240/1240/1240 
f 1240/1240/1240 1239/1239/1239 1241/1241/1241 
f 1239/1239/1239 1242/1242/1242 1241/1241/1241 
f 1241/1241/1241 1242/1242/1242 1241/1241/1241 
f 1242/1242/1242 1243/1243/1243 1241/1241/1241 
f 1241/1241/1241 1243/1243/1243 1244/1244/1244 
f 1243/1243/1243 1244/1244/1244 1244/1244/1244 
f 1244/1244/1244 1244/1244/1244 1245/1245/1245 
f 1244/1244/1244 1245/1245/1245 1245/1245/1245 
f 1245/1245/1245 1245/1245/1245 1246/1246/1246 
f 1245/1245/1245 1247/1247/1247 1246/1246/1246 
f 1246/1246/1246 1247/1247/1247 1247/1247/1247 
f 1247/1247/1247 1248/1248/1248 1247/1247/1247 
f 1247/1247/1247 1248/1248/1248 1248/1248/1248 
f 1248/1248/1248 1249/1249/1249 1248/1248/1248 
f 1248/1248/1248 1249/1249/1249 1250/1250/1250 
f 1249/1249/1249 1249/1249/1249 1250/1250/1250 
f 1250/1250/1250 1249/1249/1249 1251/1251/1251 
f 1249/1249/1249 1252/1252/1252 1251/1251/1251 
f 1251/1251/1251 1252/1252/1252 1253/1253/1253 
f 1252/1252/1252 1252/1252/1252 1253/1253/1253 
f 1253/1253/1253 1252/1252/1252 1254/1254/1254 
f 1252/1252/1252 1255/1255/1255 1254/1254/1254 
f 1254/1254/1254 1255/1255/1255 1256/1256/1256 
f 1255/1255/1255 1257/1257/1257 1256/1256/1256 
f 1256/1256/1256 1257/1257/1257 1258/1258/1258 
f 1257/1257/1257 1259/1259/1259 1258/1258/1258 
f 1258/1258/1258 1259/1259/1259 1260/1260/1260 
f 1259/1259/1259 1259/1259/1259 1260/1260/1260 
f 1260/1260/1260 1259/1259/1259 1261/1261/1261 
f 1259/1259/1259 1262/1262/1262 1261/1261/1261 
f 1261/1261/1261 1262/1262/1262 1263/1263/1263 
f 1262/1262/1262 1264/1264/1264 1263/1263/1263 
f 1263/1263/1263 1264/1264/1264 1264/1264/1264 
f 1264/1264/1264 1265/1265/1265 1264/1264/1264 
f 1264/1264/1264 1265/1265/1265 1265/1265/1265 
f 1265/1265/1265 1266/1266/1266 1265/1265/1265 
f 1265/1265/1265 1266/1266/1266 1267/1267/1267 
f 1266/1266/1266 1266/1266/1266 1267/1267/1267 
f 1267/1267/1267 1266/1266/1266 1268/1268/1268 
f 1266/1266/1266 1269/1269/1269 1268/1268/1268 
f 1268/1268/1268 1269/1269/1269 1270/1270/1270 
f 1269/1269/1269 1271/1271/1271 1270/1270/1270 
f 1270/1270/1270 1271/1271/1271 1270/1270/1270 
f 1271/1271/1271 1272/1272/1272 1270/1270/1270 
f 1270/1270/1270 1272/1272/1272 1273/1273/1273 
f 1272/1272/1272 1274/1274/1274 1273/1273/1273 
f 1273/1273/1273 1274/1274/1274 1275/1275/1275 
f 1274/1274/1274 1276/1276/1276 1275/1275/1275 
f 1275/1275/1275 1276/1276/1276 1277/1277/1277 
f 1276/1276/1276 1277/1277/1277 1277/1277/1277 
f 1277/1277/1277 1277/1277/1277 1278/1278/1278 
f 1277/1277/1277 1278/1278/1278 1278/1278/1278 
f 1278/1278/1278 1278/1278/1278 1279/1279/1279 
f 1278/1278/1278 1280/1280/1280 1279/1279/1279 
f 1279/1279/1279 1280/1280/1280 1279/1279/1279 
f 1280/1280/1280 1281/1281/1281 1279/1279/1279 
f 1279/1279/1279 1281/1281/1281 1279/1279/1279 
f 1281/1281/1281 1282/1282/1282 1279/1279/1279 
f 1279/1279/1279 1282/1282/1282 1283/1283/1283 
f 1282/1282/1282 1284/1284/1284 1283/1283/1283 
f 1283/1283/1283 1284/1284/1284 1285/1285/1285 
f 1284/1284/1284 1286/1286/1286 1285/1285/1285 
f 1285/1285/1285 1286/1286/1286 1285/1285/1285 
f 1286/1286/1286 1287/1287/1287 1285/1285/1285 
f 1285/1285/1285 1287/1287/1287 1288/1288/1288 
f 1287/1287/1287 1289/1289/1289 1288/1288/1288 
f 1288/1288/1288 1289/1289/1289 1290/1290/1290 
f 1289/1289/1289 1291/1291/1291 1290/1290/1290 
f 1290/1290/1290 1291/1291/1291 1292/1292/1292 
f 1291/1291/1291 1293/1293/1293 1292/1292/1292 
f 1292/1292/1292 1293/1293/1293 1294/1294/1294 
f 1293/1293/1293 1294/1294/1294 1294/1294/1294 
f 1294/1294/1294 1294/1294/1294 1295/1295/1295 
f 1294/1294/1294 1295/1295/1295 1295/1295/1295 
f 1295/1295/1295 1295/1295/1295 1296/1296/1296 
f 1295/1295/1295 1297/1297/1297 1296/1296/1296 
f 1296/1296/1296 1297/1297/1297 1298/1298/1298 
f 1297/1297/1297 1298/1298/1298 1298/1298/1298 
f 1298/1298/1298 1298/1298/1298 1299/1299/1299 
f 1298/1298/1298 1299/1299/1299 1299/1299/1299 
f 1299/1299/1299 1299/1299/1299 1300/1300/1300 
f 1299/1299/1299 1301/1301/1301 1300/1300/1300 
f 1300/1300/1300 1301/1301/1301 1301/1301/1301 
f 1301/1301/1301 1302/1302/1302 1301/1301/1301 
f 1301/1301/1301 1302/1302/1302 1302/1302/1302 
f 1302/1302/1302 1303/1303/1303 1302/1302/1302 
f 1302/1302/1302 1303/1303/1303 1304/1304/1304 
f 1303/1303/1303 1304/1304/1304 1304/1304/1304 
f 1304/1304/1304 1304/1304/1304 1305/1305/1305 
f 1304/1304/1304 1305/1305/1305 1305/1305/1305 
f 1305/1305/1305 1305/1305/1305 1306/1306/1306 
f 1305/1305/1305 1307/1307/1307 1306/1306/1306 
f 1306/1306/1306 1307/1307/1307 1308/1308/1308 
f 1307/1307/1307 1307/1307/1307 1308/1308/1308 
f 1308/1308/1308 1307/1307/1307 1309/1309/1309 
f 1307/1307/1307 1307/1307/1307 1309/1309/1309 
f 1309/1309/1309 1307/1307/1307 1310/1310/1310 
f 1307/1307/1307 1311/1311/1311 1310/1310/1310 
f 1310/1310/1310 1311/1311/1311 1312/1312/1312 
f 1311/1311/1311 1313/1313/1313 1312/1312/1312 
f 1312/1312/1312 1313/1313/1313 1312/1312/1312 
f 1313/1313/1313 1314/1314/1314 1312/1312/1312 
f 1312/1312/1312 1314/1314/1314 1312/1312/1312 
f 1314/1314/1314 1315/1315/1315 1312/1312/1312 
f 1312/1312/1312 1315/1315/1315 1316/1316/1316 
f 1315/1315/1315 1317/1317/1317 1316/1316/1316 
f 1316/1316/1316 1317/1317/1317 1318/1318/1318 
f 1317/1317/1317 1319/1319/1319 1318/1318/1318 
f 1318/1318/1318 1319/1319/1319 1320/1320/1320 
f 1319/1319/1319 1321/1321/1321 1320/1320/1320 
f 1320/1320/1320 1321/1321/1321 1320/1320/1320 
f 1321/1321/1321 1322/1322/1322 1320/1320/1320 
f 1320/1320/1320 1322/1322/1322 1318/1318/1318 
f 1322/1322/1322 1322/1322/1322 1318/1318/1318 
f 1318/1318/1318 1322/1322/1322 1316/1316/1316 
f 1322/1322/1322 1322/1322/1322 1316/1316/1316 
f 1316/1316/1316 1322/1322/1322 1312/1312/1312 
f 1322/1322/1322 1323/1323/1323 1312/1312/1312 
f 1312/1312/1312 1323/1323/1323 1310/1310/1310 
f 1323/1323/1323 1324/1324/1324 1310/1310/1310 
f 1310/1310/1310 1324/1324/1324 1310/1310/1310 
f 1324/1324/1324 1325/1325/1325 1310/1310/1310 
f 1310/1310/1310 1325/1325/1325 1309/1309/1309 
f 1325/1325/1325 1326/1326/1326 1309/1309/1309 
f 1309/1309/1309 1326/1326/1326 1308/1308/1308 
f 1326/1326/1326 1327/1327/1327 1308/1308/1308 
f 1308/1308/1308 1327/1327/1327 1306/1306/1306 
f 1327/1327/1327 1327/1327/1327 1306/1306/1306 
f 1306/1306/1306 1327/1327/1327 1328/1328/1328 
f 1327/1327/1327 1329/1329/1329 1328/1328/1328 
f 1328/1328/1328 1329/1329/1329 1330/1330/1330 
f 1329/1329/1329 1330/1330/1330 1330/1330/1330 
f 1330/1330/1330 1330/1330/1330 1307/1307/1307 
f 1330/1330/1330 1307/1307/1307 1307/1307/1307 
f 1307/1307/1307 1307/1307/1307 1311/1311/1311 
f 1307/1307/1307 1305/1305/1305 1311/1311/1311 
f 1311/1311/1311 1305/1305/1305 1313/1313/1313 
f 1305/1305/1305 1313/1313/1313 1313/1313/1313 
f 1313/1313/1313 1313/1313/1313 1321/1321/1321 
f 1313/1313/1313 1321/1321/1321 1321/1321/1321 
f 1321/1321/1321 1321/1321/1321 1322/1322/1322 
f 1321/1321/1321 1331/1331/1331 1322/1322/1322 
f 1322/1322/1322 1331/1331/1331 1323/1323/1323 
f 1331/1331/1331 1324/1324/1324 1323/1323/1323 
f 1323/1323/1323 1324/1324/1324 1324/1324/1324 
f 1324/1324/1324 1332/1332/1332 1324/1324/1324 
f 1324/1324/1324 1332/1332/1332 1332/1332/1332 
f 1332/1332/1332 1333/1333/1333 1332/1332/1332 
f 1332/1332/1332 1333/1333/1333 1325/1325/1325 
f 1333/1333/1333 1334/1334/1334 1325/1325/1325 
f 1325/1325/1325 1334/1334/1334 1326/1326/1326 
f 1334/1334/1334 1335/1335/1335 1326/1326/1326 
f 1326/1326/1326 1335/1335/1335 1336/1336/1336 
f 1335/1335/1335 1337/1337/1337 1336/1336/1336 
f 1336/1336/1336 1337/1337/1337 1338/1338/1338 
f 1337/1337/1337 1339/1339/1339 1338/1338/1338 
f 1338/1338/1338 1339/1339/1339 1340/1340/1340 
f 1339/1339/1339 1341/1341/1341 1340/1340/1340 
f 1340/1340/1340 1341/1341/1341 1342/1342/1342 
f 1341/1341/1341 1343/1343/1343 1342/1342/1342 
f 1342/1342/1342 1343/1343/1343 1344/1344/1344 
f 1343/1343/1343 1343/1343/1343 1344/1344/1344 
f 1344/1344/1344 1343/1343/1343 1345/1345/1345 
f 1343/1343/1343 1346/1346/1346 1345/1345/1345 
f 1345/1345/1345 1346/1346/1346 1345/1345/1345 
f 1346/1346/1346 1347/1347/1347 1345/1345/1345 
f 1345/1345/1345 1347/1347/1347 1345/1345/1345 
f 1347/1347/1347 1348/1348/1348 1345/1345/1345 
f 1345/1345/1345 1348/1348/1348 1345/1345/1345 
f 1348/1348/1348 1349/1349/1349 1345/1345/1345 
f 1345/1345/1345 1349/1349/1349 1344/1344/1344 
f 1349/1349/1349 1350/1350/1350 1344/1344/1344 
f 1344/1344/1344 1350/1350/1350 1342/1342/1342 
f 1350/1350/1350 1351/1351/1351 1342/1342/1342 
f 1342/1342/1342 1351/1351/1351 1340/1340/1340 
f 1351/1351/1351 1340/1340/1340 1340/1340/1340 
f 1340/1340/1340 1340/1340/1340 1326/1326/1326 
f 1340/1340/1340 1326/1326/1326 1326/1326/1326 
f 1326/1326/1326 1326/1326/1326 1327/1327/1327 
f 1326/1326/1326 1336/1336/1336 1327/1327/1327 
f 1327/1327/1327 1336/1336/1336 1329/1329/1329 
f 1336/1336/1336 1338/1338/1338 1329/1329/1329 
f 1329/1329/1329 1338/1338/1338 1338/1338/1338 
f 1338/1338/1338 1351/1351/1351 1338/1338/1338 
f 1338/1338/1338 1351/1351/1351 1351/1351/1351 
f 1351/1351/1351 1350/1350/1350 1351/1351/1351 
f 1351/1351/1351 1350/1350/1350 1352/1352/1352 
f 1350/1350/1350 1349/1349/1349 1352/1352/1352 
f 1352/1352/1352 1349/1349/1349 1353/1353/1353 
f 1349/1349/1349 1349/1349/1349 1353/1353/1353 
f 1353/1353/1353 1349/1349/1349 1354/1354/1354 
f 1349/1349/1349 1355/1355/1355 1354/1354/1354 
f 1354/1354/1354 1355/1355/1355 1354/1354/1354 
f 1355/1355/1355 1356/1356/1356 1354/1354/1354 
f 1354/1354/1354 1356/1356/1356 1357/1357/1357 
f 1356/1356/1356 1358/1358/1358 1357/1357/1357 
f 1357/1357/1357 1358/1358/1358 1359/1359/1359 
f 1358/1358/1358 1358/1358/1358 1359/1359/1359 
f 1359/1359/1359 1358/1358/1358 1360/1360/1360 
f 1358/1358/1358 1361/1361/1361 1360/1360/1360 
f 1360/1360/1360 1361/1361/1361 1362/1362/1362 
f 1361/1361/1361 1356/1356/1356 1362/1362/1362 
f 1362/1362/1362 1356/1356/1356 1362/1362/1362 
f 1356/1356/1356 1355/1355/1355 1362/1362/1362 
f 1362/1362/1362 1355/1355/1355 1348/1348/1348 
f 1355/1355/1355 1349/1349/1349 1348/1348/1348 
f 1348/1348/1348 1349/1349/1349 1349/1349/1349 
f 1349/1349/1349 1356/1356/1356 1349/1349/1349 
f 1349/1349/1349 1356/1356/1356 1356/1356/1356 
f 1356/1356/1356 1361/1361/1361 1356/1356/1356 
f 1356/1356/1356 1361/1361/1361 1358/1358/1358 
f 1361/1361/1361 1358/1358/1358 1358/1358/1358 
f 1358/1358/1358 1358/1358/1358 1360/1360/1360 
f 1358/1358/1358 1360/1360/1360 1360/1360/1360 
f 1360/1360/1360 1360/1360/1360 1363/1363/1363 
f 1360/1360/1360 1362/1362/1362 1363/1363/1363 
f 1363/1363/1363 1362/1362/1362 1363/1363/1363 
f 1362/1362/1362 1348/1348/1348 1363/1363/1363 
f 1363/1363/1363 1348/1348/1348 1363/1363/1363 
f 1348/1348/1348 1347/1347/1347 1363/1363/1363 
f 1363/1363/1363 1347/1347/1347 1364/1364/1364 
f 1347/1347/1347 1365/1365/1365 1364/1364/1364 
f 1364/1364/1364 1365/1365/1365 1365/1365/1365 
f 1365/1365/1365 1352/1352/1352 1365/1365/1365 
f 1365/1365/1365 1352/1352/1352 1352/1352/1352 
f 1352/1352/1352 1366/1366/1366 1352/1352/1352 
f 1352/1352/1352 1366/1366/1366 1351/1351/1351 
f 1366/1366/1366 1367/1367/1367 1351/1351/1351 
f 1351/1351/1351 1367/1367/1367 1340/1340/1340 
f 1367/1367/1367 1367/1367/1367 1340/1340/1340 
f 1340/1340/1340 1367/1367/1367 1338/1338/1338 
f 1367/1367/1367 1367/1367/1367 1338/1338/1338 
f 1338/1338/1338 1367/1367/1367 1329/1329/1329 
f 1367/1367/1367 1367/1367/1367 1329/1329/1329 
f 1329/1329/1329 1367/1367/1367 1330/1330/1330 
f 1367/1367/1367 1367/1367/1367 1330/1330/1330 
f 1330/1330/1330 1367/1367/1367 1368/1368/1368 
f 1367/1367/1367 1366/1366/1366 1368/1368/1368 
f 1368/1368/1368 1366/1366/1366 1366/1366/1366 
f 1366/1366/1366 1369/1369/1369 1366/1366/1366 
f 1366/1366/1366 1369/1369/1369 1369/1369/1369 
f 1369/1369/1369 1370/1370/1370 1369/1369/1369 
f 1369/1369/1369 1370/1370/1370 1371/1371/1371 
f 1370/1370/1370 1372/1372/1372 1371/1371/1371 
f 1371/1371/1371 1372/1372/1372 1373/1373/1373 
f 1372/1372/1372 1373/1373/1373 1373/1373/1373 
f 1373/1373/1373 1373/1373/1373 1370/1370/1370 
f 1373/1373/1373 1370/1370/1370 1370/1370/1370 
f 1370/1370/1370 1370/1370/1370 1372/1372/1372 
f 1370/1370/1370 1374/1374/1374 1372/1372/1372 
f 1372/1372/1372 1374/1374/1374 1375/1375/1375 
f 1374/1374/1374 1376/1376/1376 1375/1375/1375 
f 1375/1375/1375 1376/1376/1376 1375/1375/1375 
f 1376/1376/1376 1377/1377/1377 1375/1375/1375 
f 1375/1375/1375 1377/1377/1377 1378/1378/1378 
f 1377/1377/1377 1379/1379/1379 1378/1378/1378 
f 1378/1378/1378 1379/1379/1379 1379/1379/1379 
f 1379/1379/1379 1375/1375/1375 1379/1379/1379 
f 1379/1379/1379 1375/1375/1375 1375/1375/1375 
f 1375/1375/1375 1378/1378/1378 1375/1375/1375 
f 1375/1375/1375 1378/1378/1378 1372/1372/1372 
f 1378/1378/1378 1380/1380/1380 1372/1372/1372 
f 1372/1372/1372 1380/1380/1380 1373/1373/1373 
f 1380/1380/1380 1380/1380/1380 1373/1373/1373 
f 1373/1373/1373 1380/1380/1380 1381/1381/1381 
f 1380/1380/1380 1382/1382/1382 1381/1381/1381 
f 1381/1381/1381 1382/1382/1382 1383/1383/1383 
f 1382/1382/1382 1384/1384/1384 1383/1383/1383 
f 1383/1383/1383 1384/1384/1384 1385/1385/1385 
f 1384/1384/1384 1386/1386/1386 1385/1385/1385 
f 1385/1385/1385 1386/1386/1386 1387/1387/1387 
f 1386/1386/1386 1388/1388/1388 1387/1387/1387 
f 1387/1387/1387 1388/1388/1388 1389/1389/1389 
f 1388/1388/1388 1388/1388/1388 1389/1389/1389 
f 1389/1389/1389 1388/1388/1388 1390/1390/1390 
f 1388/1388/1388 1388/1388/1388 1390/1390/1390 
f 1390/1390/1390 1388/1388/1388 1391/1391/1391 
f 1388/1388/1388 1392/1392/1392 1391/1391/1391 
f 1391/1391/1391 1392/1392/1392 1393/1393/1393 
f 1392/1392/1392 1392/1392/1392 1393/1393/1393 
f 1393/1393/1393 1392/1392/1392 1394/1394/1394 
f 1392/1392/1392 1395/1395/1395 1394/1394/1394 
f 1394/1394/1394 1395/1395/1395 1396/1396/1396 
f 1395/1395/1395 1395/1395/1395 1396/1396/1396 
f 1396/1396/1396 1395/1395/1395 1397/1397/1397 
f 1395/1395/1395 1386/1386/1386 1397/1397/1397 
f 1397/1397/1397 1386/1386/1386 1397/1397/1397 
f 1386/1386/1386 1384/1384/1384 1397/1397/1397 
f 1397/1397/1397 1384/1384/1384 1397/1397/1397 
f 1384/1384/1384 1382/1382/1382 1397/1397/1397 
f 1397/1397/1397 1382/1382/1382 1398/1398/1398 
f 1382/1382/1382 1380/1380/1380 1398/1398/1398 
f 1398/1398/1398 1380/1380/1380 1398/1398/1398 
f 1380/1380/1380 1378/1378/1378 1398/1398/1398 
f 1398/1398/1398 1378/1378/1378 1398/1398/1398 
f 1378/1378/1378 1379/1379/1379 1398/1398/1398 
f 1398/1398/1398 1379/1379/1379 1398/1398/1398 
f 1379/1379/1379 1399/1399/1399 1398/1398/1398 
f 1398/1398/1398 1399/1399/1399 1397/1397/1397 
f 1399/1399/1399 1396/1396/1396 1397/1397/1397 
f 1397/1397/1397 1396/1396/1396 1396/1396/1396 
f 1396/1396/1396 1388/1388/1388 1396/1396/1396 
f 1396/1396/1396 1388/1388/1388 1388/1388/1388 
f 1388/1388/1388 1386/1386/1386 1388/1388/1388 
f 1388/1388/1388 1386/1386/1386 1392/1392/1392 
f 1386/1386/1386 1395/1395/1395 1392/1392/1392 
f 1392/1392/1392 1395/1395/1395 1395/1395/1395 
f 1395/1395/1395 1393/1393/1393 1395/1395/1395 
f 1395/1395/1395 1393/1393/1393 1393/1393/1393 
f 1393/1393/1393 1400/1400/1400 1393/1393/1393 
f 1393/1393/1393 1400/1400/1400 1391/1391/1391 
f 1400/1400/1400 1391/1391/1391 1391/1391/1391 
f 1391/1391/1391 1391/1391/1391 1401/1401/1401 
f 1391/1391/1391 1401/1401/1401 1401/1401/1401 
f 1401/1401/1401 1401/1401/1401 1402/1402/1402 
f 1401/1401/1401 1403/1403/1403 1402/1402/1402 
f 1402/1402/1402 1403/1403/1403 1404/1404/1404 
f 1403/1403/1403 1405/1405/1405 1404/1404/1404 
f 1404/1404/1404 1405/1405/1405 1406/1406/1406 
f 1405/1405/1405 1407/1407/1407 1406/1406/1406 
f 1406/1406/1406 1407/1407/1407 1408/1408/1408 
f 1407/1407/1407 1409/1409/1409 1408/1408/1408 
f 1408/1408/1408 1409/1409/1409 1409/1409/1409 
f 1409/1409/1409 1401/1401/1401 1409/1409/1409 
f 1409/1409/1409 1401/1401/1401 1401/1401/1401 
f 1401/1401/1401 1402/1402/1402 1401/1401/1401 
f 1401/1401/1401 1402/1402/1402 1410/1410/1410 
f 1402/1402/1402 1411/1411/1411 1410/1410/1410 
f 1410/1410/1410 1411/1411/1411 1412/1412/1412 
f 1411/1411/1411 1411/1411/1411 1412/1412/1412 
f 1412/1412/1412 1411/1411/1411 1413/1413/1413 
f 1411/1411/1411 1411/1411/1411 1413/1413/1413 
f 1413/1413/1413 1411/1411/1411 1414/1414/1414 
f 1411/1411/1411 1411/1411/1411 1414/1414/1414 
f 1414/1414/1414 1411/1411/1411 1415/1415/1415 
f 1411/1411/1411 1416/1416/1416 1415/1415/1415 
f 1415/1415/1415 1416/1416/1416 1417/1417/1417 
f 1416/1416/1416 1418/1418/1418 1417/1417/1417 
f 1417/1417/1417 1418/1418/1418 1419/1419/1419 
f 1418/1418/1418 1420/1420/1420 1419/1419/1419 
f 1419/1419/1419 1420/1420/1420 1421/1421/1421 
f 1420/1420/1420 1420/1420/1420 1421/1421/1421 
f 1421/1421/1421 1420/1420/1420 1422/1422/1422 
f 1420/1420/1420 1420/1420/1420 1422/1422/1422 
f 1422/1422/1422 1420/1420/1420 1408/1408/1408 
f 1420/1420/1420 1418/1418/1418 1408/1408/1408 
f 1408/1408/1408 1418/1418/1418 1406/1406/1406 
f 1418/1418/1418 1416/1416/1416 1406/1406/1406 
f 1406/1406/1406 1416/1416/1416 1404/1404/1404 
f 1416/1416/1416 1411/1411/1411 1404/1404/1404 
f 1404/1404/1404 1411/1411/1411 1402/1402/1402 
f 1411/1411/1411 1402/1402/1402 1402/1402/1402 
f 1402/1402/1402 1402/1402/1402 1421/1421/1421 
f 1402/1402/1402 1421/1421/1421 1421/1421/1421 
f 1421/1421/1421 1421/1421/1421 1423/1423/1423 
f 1421/1421/1421 1422/1422/1422 1423/1423/1423 
f 1423/1423/1423 1422/1422/1422 1424/1424/1424 
f 1422/1422/1422 1425/1425/1425 1424/1424/1424 
f 1424/1424/1424 1425/1425/1425 1426/1426/1426 
f 1425/1425/1425 1427/1427/1427 1426/1426/1426 
f 1426/1426/1426 1427/1427/1427 1428/1428/1428 
f 1427/1427/1427 1428/1428/1428 1428/1428/1428 
f 1428/1428/1428 1428/1428/1428 1422/1422/1422 
f 1428/1428/1428 1422/1422/1422 1422/1422/1422 
f 1422/1422/1422 1422/1422/1422 1425/1425/1425 
f 1422/1422/1422 1408/1408/1408 1425/1425/1425 
f 1425/1425/1425 1408/1408/1408 1425/1425/1425 
f 1408/1408/1408 1409/1409/1409 1425/1425/1425 
f 1425/1425/1425 1409/1409/1409 1427/1427/1427 
f 1409/1409/1409 1427/1427/1427 1427/1427/1427 
f 1427/1427/1427 1427/1427/1427 1429/1429/1429 
f 1427/1427/1427 1429/1429/1429 1429/1429/1429 
f 1429/1429/1429 1429/1429/1429 1430/1430/1430 
f 1429/1429/1429 1431/1431/1431 1430/1430/1430 
f 1430/1430/1430 1431/1431/1431 1432/1432/1432 
f 1431/1431/1431 1433/1433/1433 1432/1432/1432 
f 1432/1432/1432 1433/1433/1433 1434/1434/1434 
f 1433/1433/1433 1433/1433/1433 1434/1434/1434 
f 1434/1434/1434 1433/1433/1433 1435/1435/1435 
f 1433/1433/1433 1436/1436/1436 1435/1435/1435 
f 1435/1435/1435 1436/1436/1436 1435/1435/1435 
f 1436/1436/1436 1437/1437/1437 1435/1435/1435 
f 1435/1435/1435 1437/1437/1437 1438/1438/1438 
f 1437/1437/1437 1437/1437/1437 1438/1438/1438 
f 1438/1438/1438 1437/1437/1437 1439/1439/1439 
f 1437/1437/1437 1440/1440/1440 1439/1439/1439 
f 1439/1439/1439 1440/1440/1440 1441/1441/1441 
f 1440/1440/1440 1442/1442/1442 1441/1441/1441 
f 1441/1441/1441 1442/1442/1442 1441/1441/1441 
f 1442/1442/1442 1443/1443/1443 1441/1441/1441 
f 1441/1441/1441 1443/1443/1443 1444/1444/1444 
f 1443/1443/1443 1444/1444/1444 1444/1444/1444 
f 1444/1444/1444 1444/1444/1444 1445/1445/1445 
f 1444/1444/1444 1445/1445/1445 1445/1445/1445 
f 1445/1445/1445 1445/1445/1445 1446/1446/1446 
f 1445/1445/1445 1447/1447/1447 1446/1446/1446 
f 1446/1446/1446 1447/1447/1447 1446/1446/1446 
f 1447/1447/1447 1448/1448/1448 1446/1446/1446 
f 1446/1446/1446 1448/1448/1448 1446/1446/1446 
f 1448/1448/1448 1449/1449/1449 1446/1446/1446 
f 1446/1446/1446 1449/1449/1449 1450/1450/1450 
f 1449/1449/1449 1451/1451/1451 1450/1450/1450 
f 1450/1450/1450 1451/1451/1451 1452/1452/1452 
f 1451/1451/1451 1453/1453/1453 1452/1452/1452 
f 1452/1452/1452 1453/1453/1453 1454/1454/1454 
f 1453/1453/1453 1453/1453/1453 1454/1454/1454 
f 1454/1454/1454 1453/1453/1453 1455/1455/1455 
f 1453/1453/1453 1456/1456/1456 1455/1455/1455 
f 1455/1455/1455 1456/1456/1456 1455/1455/1455 
f 1456/1456/1456 1457/1457/1457 1455/1455/1455 
f 1455/1455/1455 1457/1457/1457 1458/1458/1458 
f 1457/1457/1457 1459/1459/1459 1458/1458/1458 
f 1458/1458/1458 1459/1459/1459 1460/1460/1460 
f 1459/1459/1459 1460/1460/1460 1460/1460/1460 
f 1460/1460/1460 1460/1460/1460 1461/1461/1461 
f 1460/1460/1460 1461/1461/1461 1461/1461/1461 
f 1461/1461/1461 1461/1461/1461 1462/1462/1462 
f 1461/1461/1461 1463/1463/1463 1462/1462/1462 
f 1462/1462/1462 1463/1463/1463 1464/1464/1464 
f 1463/1463/1463 1464/1464/1464 1464/1464/1464 
f 1464/1464/1464 1464/1464/1464 1465/1465/1465 
f 1464/1464/1464 1465/1465/1465 1465/1465/1465 
f 1465/1465/1465 1465/1465/1465 1466/1466/1466 
f 1465/1465/1465 1467/1467/1467 1466/1466/1466 
f 1466/1466/1466 1467/1467/1467 1466/1466/1466 
f 1467/1467/1467 1468/1468/1468 1466/1466/1466 
f 1466/1466/1466 1468/1468/1468 1466/1466/1466 
f 1468/1468/1468 1469/1469/1469 1466/1466/1466 
f 1466/1466/1466 1469/1469/1469 1470/1470/1470 
f 1469/1469/1469 1469/1469/1469 1470/1470/1470 
f 1470/1470/1470 1469/1469/1469 1471/1471/1471 
f 1469/1469/1469 1472/1472/1472 1471/1471/1471 
f 1471/1471/1471 1472/1472/1472 1473/1473/1473 
f 1472/1472/1472 1474/1474/1474 1473/1473/1473 
f 1473/1473/1473 1474/1474/1474 1473/1473/1473 
f 1474/1474/1474 1475/1475/1475 1473/1473/1473 
f 1473/1473/1473 1475/1475/1475 1476/1476/1476 
f 1475/1475/1475 1477/1477/1477 1476/1476/1476 
f 1476/1476/1476 1477/1477/1477 1478/1478/1478 
f 1477/1477/1477 1478/1478/1478 1478/1478/1478 
f 1478/1478/1478 1478/1478/1478 1479/1479/1479 
f 1478/1478/1478 1479/1479/1479 1479/1479/1479 
f 1479/1479/1479 1479/1479/1479 1480/1480/1480 
f 1479/1479/1479 1481/1481/1481 1480/1480/1480 
f 1480/1480/1480 1481/1481/1481 1482/1482/1482 
f 1481/1481/1481 1483/1483/1483 1482/1482/1482 
f 1482/1482/1482 1483/1483/1483 1484/1484/1484 
f 1483/1483/1483 1485/1485/1485 1484/1484/1484 
f 1484/1484/1484 1485/1485/1485 1486/1486/1486 
f 1485/1485/1485 1485/1485/1485 1486/1486/1486 
f 1486/1486/1486 1485/1485/1485 1487/1487/1487 
f 1485/1485/1485 1488/1488/1488 1487/1487/1487 
f 1487/1487/1487 1488/1488/1488 1487/1487/1487 
f 1488/1488/1488 1489/1489/1489 1487/1487/1487 
f 1487/1487/1487 1489/1489/1489 1490/1490/1490 
f 1489/1489/1489 1491/1491/1491 1490/1490/1490 
f 1490/1490/1490 1491/1491/1491 1492/1492/1492 
f 1491/1491/1491 1493/1493/1493 1492/1492/1492 
f 1492/1492/1492 1493/1493/1493 1494/1494/1494 
f 1493/1493/1493 1494/1494/1494 1494/1494/1494 
f 1494/1494/1494 1494/1494/1494 1495/1495/1495 
f 1494/1494/1494 1495/1495/1495 1495/1495/1495 
f 1495/1495/1495 1495/1495/1495 1496/1496/1496 
f 1495/1495/1495 1497/1497/1497 1496/1496/1496 
f 1496/1496/1496 1497/1497/1497 1498/1498/1498 
f 1497/1497/1497 1498/1498/1498 1498/1498/1498 
f 1498/1498/1498 1498/1498/1498 1497/1497/1497 
f 1498/1498/1498 1497/1497/1497 1497/1497/1497 
f 1497/1497/1497 1497/1497/1497 1499/1499/1499 
f 1497/1497/1497 1495/1495/1495 1499/1499/1499 
f 1499/1499/1499 1495/1495/1495 1499/1499/1499 
f 1495/1495/1495 1500/1500/1500 1499/1499/1499 
f 1499/1499/1499 1500/1500/1500 1501/1501/1501 
f 1500/1500/1500 1502/1502/1502 1501/1501/1501 
f 1501/1501/1501 1502/1502/1502 1503/1503/1503 
f 1502/1502/1502 1504/1504/1504 1503/1503/1503 
f 1503/1503/1503 1504/1504/1504 1505/1505/1505 
f 1504/1504/1504 1506/1506/1506 1505/1505/1505 
f 1505/1505/1505 1506/1506/1506 1507/1507/1507 
f 1506/1506/1506 1508/1508/1508 1507/1507/1507 
f 1507/1507/1507 1508/1508/1508 1509/1509/1509 
f 1508/1508/1508 1510/1510/1510 1509/1509/1509 
f 1509/1509/1509 1510/1510/1510 1510/1510/1510 
f 1510/1510/1510 1509/1509/1509 1510/1510/1510 
f 1510/1510/1510 1509/1509/1509 1509/1509/1509 
f 1509/1509/1509 1511/1511/1511 1509/1509/1509 
f 1509/1509/1509 1511/1511/1511 1507/1507/1507 
f 1511/1511/1511 1512/1512/1512 1507/1507/1507 
f 1507/1507/1507 1512/1512/1512 1513/1513/1513 
f 1512/1512/1512 1514/1514/1514 1513/1513/1513 
f 1513/1513/1513 1514/1514/1514 1513/1513/1513 
f 1514/1514/1514 1515/1515/1515 1513/1513/1513 
f 1513/1513/1513 1515/1515/1515 1516/1516/1516 
f 1515/1515/1515 1517/1517/1517 1516/1516/1516 
f 1516/1516/1516 1517/1517/1517 1518/1518/1518 
f 1517/1517/1517 1519/1519/1519 1518/1518/1518 
f 1518/1518/1518 1519/1519/1519 1518/1518/1518 
f 1519/1519/1519 1520/1520/1520 1518/1518/1518 
f 1518/1518/1518 1520/1520/1520 1518/1518/1518 
f 1520/1520/1520 1521/1521/1521 1518/1518/1518 
f 1518/1518/1518 1521/1521/1521 1518/1518/1518 
f 1521/1521/1521 1501/1501/1501 1518/1518/1518 
f 1518/1518/1518 1501/1501/1501 1518/1518/1518 
f 1501/1501/1501 1503/1503/1503 1518/1518/1518 
f 1518/1518/1518 1503/1503/1503 1516/1516/1516 
f 1503/1503/1503 1503/1503/1503 1516/1516/1516 
f 1516/1516/1516 1503/1503/1503 1513/1513/1513 
f 1503/1503/1503 1505/1505/1505 1513/1513/1513 
f 1513/1513/1513 1505/1505/1505 1507/1507/1507 
f 1505/1505/1505 1507/1507/1507 1507/1507/1507 
f 1507/1507/1507 1507/1507/1507 1511/1511/1511 
f 1507/1507/1507 1511/1511/1511 1511/1511/1511 
f 1511/1511/1511 1511/1511/1511 1512/1512/1512 
f 1511/1511/1511 1522/1522/1522 1512/1512/1512 
f 1512/1512/1512 1522/1522/1522 1514/1514/1514 
f 1522/1522/1522 1514/1514/1514 1514/1514/1514 
f 1514/1514/1514 1514/1514/1514 1501/1501/1501 
f 1514/1514/1514 1501/1501/1501 1501/1501/1501 
f 1501/1501/1501 1501/1501/1501 1499/1499/1499 
f 1501/1501/1501 1521/1521/1521 1499/1499/1499 
f 1499/1499/1499 1521/1521/1521 1497/1497/1497 
f 1521/1521/1521 1523/1523/1523 1497/1497/1497 
f 1497/1497/1497 1523/1523/1523 1498/1498/1498 
f 1523/1523/1523 1523/1523/1523 1498/1498/1498 
f 1498/1498/1498 1523/1523/1523 1524/1524/1524 
f 1523/1523/1523 1525/1525/1525 1524/1524/1524 
f 1524/1524/1524 1525/1525/1525 1526/1526/1526 
f 1525/1525/1525 1526/1526/1526 1526/1526/1526 
f 1526/1526/1526 1526/1526/1526 1521/1521/1521 
f 1526/1526/1526 1521/1521/1521 1521/1521/1521 
f 1521/1521/1521 1521/1521/1521 1523/1523/1523 
f 1521/1521/1521 1520/1520/1520 1523/1523/1523 
f 1523/1523/1523 1520/1520/1520 1525/1525/1525 
f 1520/1520/1520 1525/1525/1525 1525/1525/1525 
f 1525/1525/1525 1525/1525/1525 1527/1527/1527 
f 1525/1525/1525 1527/1527/1527 1527/1527/1527 
f 1527/1527/1527 1527/1527/1527 1528/1528/1528 
f 1527/1527/1527 1529/1529/1529 1528/1528/1528 
f 1528/1528/1528 1529/1529/1529 1530/1530/1530 
f 1529/1529/1529 1531/1531/1531 1530/1530/1530 
f 1530/1530/1530 1531/1531/1531 1532/1532/1532 
f 1531/1531/1531 1531/1531/1531 1532/1532/1532 
f 1532/1532/1532 1531/1531/1531 1533/1533/1533 
f 1531/1531/1531 1534/1534/1534 1533/1533/1533 
f 1533/1533/1533 1534/1534/1534 1533/1533/1533 
f 1534/1534/1534 1535/1535/1535 1533/1533/1533 
f 1533/1533/1533 1535/1535/1535 1536/1536/1536 
f 1535/1535/1535 1537/1537/1537 1536/1536/1536 
f 1536/1536/1536 1537/1537/1537 1538/1538/1538 
f 1537/1537/1537 1539/1539/1539 1538/1538/1538 
f 1538/1538/1538 1539/1539/1539 1540/1540/1540 
f 1539/1539/1539 1541/1541/1541 1540/1540/1540 
f 1540/1540/1540 1541/1541/1541 1542/1542/1542 
f 1541/1541/1541 1543/1543/1543 1542/1542/1542 
f 1542/1542/1542 1543/1543/1543 1544/1544/1544 
f 1543/1543/1543 1545/1545/1545 1544/1544/1544 
f 1544/1544/1544 1545/1545/1545 1546/1546/1546 
f 1545/1545/1545 1547/1547/1547 1546/1546/1546 
f 1546/1546/1546 1547/1547/1547 1547/1547/1547 
f 1547/1547/1547 1534/1534/1534 1547/1547/1547 
f 1547/1547/1547 1534/1534/1534 1534/1534/1534 
f 1534/1534/1534 1531/1531/1531 1534/1534/1534 
f 1534/1534/1534 1531/1531/1531 1548/1548/1548 
f 1531/1531/1531 1531/1531/1531 1548/1548/1548 
f 1548/1548/1548 1531/1531/1531 1549/1549/1549 
f 1531/1531/1531 1529/1529/1529 1549/1549/1549 
f 1549/1549/1549 1529/1529/1529 1529/1529/1529 
f 1529/1529/1529 1528/1528/1528 1529/1529/1529 
f 1529/1529/1529 1528/1528/1528 1528/1528/1528 
f 1528/1528/1528 1530/1530/1530 1528/1528/1528 
f 1528/1528/1528 1530/1530/1530 1550/1550/1550 
f 1530/1530/1530 1532/1532/1532 1550/1550/1550 
f 1550/1550/1550 1532/1532/1532 1551/1551/1551 
f 1532/1532/1532 1551/1551/1551 1551/1551/1551 
f 1551/1551/1551 1551/1551/1551 1544/1544/1544 
f 1551/1551/1551 1544/1544/1544 1544/1544/1544 
f 1544/1544/1544 1544/1544/1544 1552/1552/1552 
f 1544/1544/1544 1546/1546/1546 1552/1552/1552 
f 1552/1552/1552 1546/1546/1546 1552/1552/1552 
f 1546/1546/1546 1553/1553/1553 1552/1552/1552 
f 1552/1552/1552 1553/1553/1553 1552/1552/1552 
f 1553/1553/1553 1554/1554/1554 1552/1552/1552 
f 1552/1552/1552 1554/1554/1554 1552/1552/1552 
f 1554/1554/1554 1555/1555/1555 1552/1552/1552 
f 1552/1552/1552 1555/1555/1555 1556/1556/1556 
f 1555/1555/1555 1557/1557/1557 1556/1556/1556 
f 1556/1556/1556 1557/1557/1557 1558/1558/1558 
f 1557/1557/1557 1559/1559/1559 1558/1558/1558 
f 1558/1558/1558 1559/1559/1559 1558/1558/1558 
f 1559/1559/1559 1560/1560/1560 1558/1558/1558 
f 1558/1558/1558 1560/1560/1560 1558/1558/1558 
f 1560/1560/1560 1561/1561/1561 1558/1558/1558 
f 1558/1558/1558 1561/1561/1561 1540/1540/1540 
f 1561/1561/1561 1561/1561/1561 1540/1540/1540 
f 1540/1540/1540 1561/1561/1561 1538/1538/1538 
f 1561/1561/1561 1561/1561/1561 1538/1538/1538 
f 1538/1538/1538 1561/1561/1561 1536/1536/1536 
f 1561/1561/1561 1561/1561/1561 1536/1536/1536 
f 1536/1536/1536 1561/1561/1561 1562/1562/1562 
f 1561/1561/1561 1560/1560/1560 1562/1562/1562 
f 1562/1562/1562 1560/1560/1560 1562/1562/1562 
f 1560/1560/1560 1551/1551/1551 1562/1562/1562 
f 1562/1562/1562 1551/1551/1551 1562/1562/1562 
f 1551/1551/1551 1532/1532/1532 1562/1562/1562 
f 1562/1562/1562 1532/1532/1532 1562/1562/1562 
f 1532/1532/1532 1533/1533/1533 1562/1562/1562 
f 1562/1562/1562 1533/1533/1533 1536/1536/1536 
f 1533/1533/1533 1536/1536/1536 1536/1536/1536 
f 1536/1536/1536 1536/1536/1536 1552/1552/1552 
f 1536/1536/1536 1552/1552/1552 1552/1552/1552 
f 1552/1552/1552 1552/1552/1552 1544/1544/1544 
f 1552/1552/1552 1556/1556/1556 1544/1544/1544 
f 1544/1544/1544 1556/1556/1556 1542/1542/1542 
f 1556/1556/1556 1558/1558/1558 1542/1542/1542 
f 1542/1542/1542 1558/1558/1558 1540/1540/1540 
f 1558/1558/1558 1540/1540/1540 1540/1540/1540 
f 1540/1540/1540 1540/1540/1540 1563/1563/1563 
f 1540/1540/1540 1563/1563/1563 1563/1563/1563 
f 1563/1563/1563 1563/1563/1563 1564/1564/1564 
f 1563/1563/1563 1565/1565/1565 1564/1564/1564 
f 1564/1564/1564 1565/1565/1565 1566/1566/1566 
f 1565/1565/1565 1567/1567/1567 1566/1566/1566 
f 1566/1566/1566 1567/1567/1567 1568/1568/1568 
f 1567/1567/1567 1567/1567/1567 1568/1568/1568 
f 1568/1568/1568 1567/1567/1567 1569/1569/1569 
f 1567/1567/1567 1570/1570/1570 1569/1569/1569 
f 1569/1569/1569 1570/1570/1570 1571/1571/1571 
f 1570/1570/1570 1571/1571/1571 1571/1571/1571 
f 1571/1571/1571 1571/1571/1571 1564/1564/1564 
f 1571/1571/1571 1564/1564/1564 1564/1564/1564 
f 1564/1564/1564 1564/1564/1564 1572/1572/1572 
f 1564/1564/1564 1566/1566/1566 1572/1572/1572 
f 1572/1572/1572 1566/1566/1566 1568/1568/1568 
f 1566/1566/1566 1568/1568/1568 1568/1568/1568 
f 1568/1568/1568 1568/1568/1568 1565/1565/1565 
f 1568/1568/1568 1565/1565/1565 1565/1565/1565 
f 1565/1565/1565 1565/1565/1565 1567/1567/1567 
f 1565/1565/1565 1573/1573/1573 1567/1567/1567 
f 1567/1567/1567 1573/1573/1573 1567/1567/1567 
f 1573/1573/1573 1574/1574/1574 1567/1567/1567 
f 1567/1567/1567 1574/1574/1574 1570/1570/1570 
f 1574/1574/1574 1570/1570/1570 1570/1570/1570 
f 1570/1570/1570 1570/1570/1570 1575/1575/1575 
f 1570/1570/1570 1575/1575/1575 1575/1575/1575 
f 1575/1575/1575 1575/1575/1575 1576/1576/1576 
f 1575/1575/1575 1577/1577/1577 1576/1576/1576 
f 1576/1576/1576 1577/1577/1577 1578/1578/1578 
f 1577/1577/1577 1177/1177/1177 1578/1578/1578 
f 1578/1578/1578 1177/1177/1177 1578/1578/1578 
f 1177/1177/1177 1163/1163/1163 1578/1578/1578 
f 1578/1578/1578 1163/1163/1163 1579/1579/1579 
f 1163/1163/1163 1164/1164/1164 1579/1579/1579 
f 1579/1579/1579 1164/1164/1164 1164/1164/1164 
f 1164/1164/1164 1579/1579/1579 1164/1164/1164 
f 1164/1164/1164 1579/1579/1579 1579/1579/1579 
f 1579/1579/1579 1580/1580/1580 1579/1579/1579 
f 1579/1579/1579 1580/1580/1580 1578/1578/1578 
f 1580/1580/1580 1580/1580/1580 1578/1578/1578 
f 1578/1578/1578 1580/1580/1580 1576/1576/1576 
f 1580/1580/1580 1581/1581/1581 1576/1576/1576 
f 1576/1576/1576 1581/1581/1581 1581/1581/1581 
f 1581/1581/1581 1582/1582/1582 1581/1581/1581 
f 1581/1581/1581 1582/1582/1582 1582/1582/1582 
f 1582/1582/1582 1583/1583/1583 1582/1582/1582 
f 1582/1582/1582 1583/1583/1583 1584/1584/1584 
f 1583/1583/1583 1583/1583/1583 1584/1584/1584 
f 1584/1584/1584 1583/1583/1583 1585/1585/1585 
f 1583/1583/1583 1583/1583/1583 1585/1585/1585 
f 1585/1585/1585 1583/1583/1583 1586/1586/1586 
f 1583/1583/1583 1587/1587/1587 1586/1586/1586 
f 1586/1586/1586 1587/1587/1587 1588/1588/1588 
f 1587/1587/1587 1589/1589/1589 1588/1588/1588 
f 1588/1588/1588 1589/1589/1589 1588/1588/1588 
f 1589/1589/1589 1590/1590/1590 1588/1588/1588 
f 1588/1588/1588 1590/1590/1590 1588/1588/1588 
f 1590/1590/1590 1591/1591/1591 1588/1588/1588 
f 1588/1588/1588 1591/1591/1591 1588/1588/1588 
f 1591/1591/1591 1592/1592/1592 1588/1588/1588 
f 1588/1588/1588 1592/1592/1592 1593/1593/1593 
f 1592/1592/1592 1592/1592/1592 1593/1593/1593 
f 1593/1593/1593 1592/1592/1592 1594/1594/1594 
f 1592/1592/1592 1591/1591/1591 1594/1594/1594 
f 1594/1594/1594 1591/1591/1591 1591/1591/1591 
f 1591/1591/1591 1582/1582/1582 1591/1591/1591 
f 1591/1591/1591 1582/1582/1582 1582/1582/1582 
f 1582/1582/1582 1595/1595/1595 1582/1582/1582 
f 1582/1582/1582 1595/1595/1595 1583/1583/1583 
f 1595/1595/1595 1596/1596/1596 1583/1583/1583 
f 1583/1583/1583 1596/1596/1596 1583/1583/1583 
f 1596/1596/1596 1589/1589/1589 1583/1583/1583 
f 1583/1583/1583 1589/1589/1589 1587/1587/1587 
f 1589/1589/1589 1587/1587/1587 1587/1587/1587 
f 1587/1587/1587 1587/1587/1587 1586/1586/1586 
f 1587/1587/1587 1586/1586/1586 1586/1586/1586 
f 1586/1586/1586 1586/1586/1586 1597/1597/1597 
f 1586/1586/1586 1588/1588/1588 1597/1597/1597 
f 1597/1597/1597 1588/1588/1588 1593/1593/1593 
f 1588/1588/1588 1593/1593/1593 1593/1593/1593 
f 1593/1593/1593 1593/1593/1593 1593/1593/1593 
f 1593/1593/1593 1593/1593/1593 1593/1593/1593 
f 1593/1593/1593 1593/1593/1593 1598/1598/1598 
f 1593/1593/1593 1594/1594/1594 1598/1598/1598 
f 1598/1598/1598 1594/1594/1594 1599/1599/1599 
f 1594/1594/1594 1600/1600/1600 1599/1599/1599 
f 1599/1599/1599 1600/1600/1600 1601/1601/1601 
f 1600/1600/1600 1602/1602/1602 1601/1601/1601 
f 1601/1601/1601 1602/1602/1602 1601/1601/1601 
f 1602/1602/1602 1603/1603/1603 1601/1601/1601 
f 1601/1601/1601 1603/1603/1603 1601/1601/1601 
f 1603/1603/1603 1604/1604/1604 1601/1601/1601 
f 1601/1601/1601 1604/1604/1604 1601/1601/1601 
f 1604/1604/1604 1605/1605/1605 1601/1601/1601 
f 1601/1601/1601 1605/1605/1605 1601/1601/1601 
f 1605/1605/1605 1606/1606/1606 1601/1601/1601 
f 1601/1601/1601 1606/1606/1606 1601/1601/1601 
f 1606/1606/1606 1607/1607/1607 1601/1601/1601 
f 1601/1601/1601 1607/1607/1607 1599/1599/1599 
f 1607/1607/1607 1599/1599/1599 1599/1599/1599 
f 1599/1599/1599 1599/1599/1599 1591/1591/1591 
f 1599/1599/1599 1591/1591/1591 1591/1591/1591 
f 1591/1591/1591 1591/1591/1591 1594/1594/1594 
f 1591/1591/1591 1608/1608/1608 1594/1594/1594 
f 1594/1594/1594 1608/1608/1608 1594/1594/1594 
f 1608/1608/1608 1602/1602/1602 1594/1594/1594 
f 1594/1594/1594 1602/1602/1602 1600/1600/1600 
f 1602/1602/1602 1600/1600/1600 1600/1600/1600 
f 1600/1600/1600 1600/1600/1600 1609/1609/1609 
f 1600/1600/1600 1609/1609/1609 1609/1609/1609 
f 1609/1609/1609 1609/1609/1609 1610/1610/1610 
f 1609/1609/1609 1611/1611/1611 1610/1610/1610 
f 1610/1610/1610 1611/1611/1611 1612/1612/1612 
f 1611/1611/1611 1611/1611/1611 1612/1612/1612 
f 1612/1612/1612 1611/1611/1611 1613/1613/1613 
f 1611/1611/1611 1614/1614/1614 1613/1613/1613 
f 1613/1613/1613 1614/1614/1614 1615/1615/1615 
f 1614/1614/1614 1616/1616/1616 1615/1615/1615 
f 1615/1615/1615 1616/1616/1616 1615/1615/1615 
f 1616/1616/1616 1617/1617/1617 1615/1615/1615 
f 1615/1615/1615 1617/1617/1617 1615/1615/1615 
f 1617/1617/1617 1618/1618/1618 1615/1615/1615 
f 1615/1615/1615 1618/1618/1618 1615/1615/1615 
f 1618/1618/1618 1619/1619/1619 1615/1615/1615 
f 1615/1615/1615 1619/1619/1619 1620/1620/1620 
f 1619/1619/1619 1619/1619/1619 1620/1620/1620 
f 1620/1620/1620 1619/1619/1619 1621/1621/1621 
f 1619/1619/1619 1622/1622/1622 1621/1621/1621 
f 1621/1621/1621 1622/1622/1622 1623/1623/1623 
f 1622/1622/1622 1624/1624/1624 1623/1623/1623 
f 1623/1623/1623 1624/1624/1624 1625/1625/1625 
f 1624/1624/1624 1625/1625/1625 1625/1625/1625 
f 1625/1625/1625 1625/1625/1625 1609/1609/1609 
f 1625/1625/1625 1609/1609/1609 1609/1609/1609 
f 1609/1609/1609 1609/1609/1609 1611/1611/1611 
f 1609/1609/1609 1626/1626/1626 1611/1611/1611 
f 1611/1611/1611 1626/1626/1626 1611/1611/1611 
f 1626/1626/1626 1627/1627/1627 1611/1611/1611 
f 1611/1611/1611 1627/1627/1627 1611/1611/1611 
f 1627/1627/1627 1616/1616/1616 1611/1611/1611 
f 1611/1611/1611 1616/1616/1616 1614/1614/1614 
f 1616/1616/1616 1614/1614/1614 1614/1614/1614 
f 1614/1614/1614 1614/1614/1614 1613/1613/1613 
f 1614/1614/1614 1613/1613/1613 1613/1613/1613 
f 1613/1613/1613 1613/1613/1613 1628/1628/1628 
f 1613/1613/1613 1615/1615/1615 1628/1628/1628 
f 1628/1628/1628 1615/1615/1615 1620/1620/1620 
f 1615/1615/1615 1620/1620/1620 1620/1620/1620 
f 1620/1620/1620 1620/1620/1620 1618/1618/1618 
f 1620/1620/1620 1618/1618/1618 1618/1618/1618 
f 1618/1618/1618 1618/1618/1618 1619/1619/1619 
f 1618/1618/1618 1629/1629/1629 1619/1619/1619 
f 1619/1619/1619 1629/1629/1629 1622/1622/1622 
f 1629/1629/1629 1630/1630/1630 1622/1622/1622 
f 1622/1622/1622 1630/1630/1630 1624/1624/1624 
f 1630/1630/1630 1631/1631/1631 1624/1624/1624 
f 1624/1624/1624 1631/1631/1631 1632/1632/1632 
f 1631/1631/1631 1633/1633/1633 1632/1632/1632 
f 1632/1632/1632 1633/1633/1633 1625/1625/1625 
f 1633/1633/1633 1633/1633/1633 1625/1625/1625 
f 1625/1625/1625 1633/1633/1633 1634/1634/1634 
f 1633/1633/1633 1635/1635/1635 1634/1634/1634 
f 1634/1634/1634 1635/1635/1635 1636/1636/1636 
f 1635/1635/1635 1635/1635/1635 1636/1636/1636 
f 1636/1636/1636 1635/1635/1635 1637/1637/1637 
f 1635/1635/1635 1635/1635/1635 1637/1637/1637 
f 1637/1637/1637 1635/1635/1635 1638/1638/1638 
f 1635/1635/1635 1635/1635/1635 1638/1638/1638 
f 1638/1638/1638 1635/1635/1635 1639/1639/1639 
f 1635/1635/1635 1635/1635/1635 1639/1639/1639 
f 1639/1639/1639 1635/1635/1635 1640/1640/1640 
f 1635/1635/1635 1635/1635/1635 1640/1640/1640 
f 1640/1640/1640 1635/1635/1635 1641/1641/1641 
f 1635/1635/1635 1633/1633/1633 1641/1641/1641 
f 1641/1641/1641 1633/1633/1633 1631/1631/1631 
f 1633/1633/1633 1631/1631/1631 1631/1631/1631 
f 1631/1631/1631 1631/1631/1631 1624/1624/1624 
f 1631/1631/1631 1624/1624/1624 1624/1624/1624 
f 1624/1624/1624 1624/1624/1624 1625/1625/1625 
f 1624/1624/1624 1632/1632/1632 1625/1625/1625 
f 1625/1625/1625 1632/1632/1632 1632/1632/1632 
f 1632/1632/1632 1642/1642/1642 1632/1632/1632 
f 1632/1632/1632 1642/1642/1642 1642/1642/1642 
f 1642/1642/1642 1643/1643/1643 1642/1642/1642 
f 1642/1642/1642 1643/1643/1643 1644/1644/1644 
f 1643/1643/1643 1643/1643/1643 1644/1644/1644 
f 1644/1644/1644 1643/1643/1643 1645/1645/1645 
f 1643/1643/1643 1643/1643/1643 1645/1645/1645 
f 1645/1645/1645 1643/1643/1643 1646/1646/1646 
f 1643/1643/1643 1647/1647/1647 1646/1646/1646 
f 1646/1646/1646 1647/1647/1647 1648/1648/1648 
f 1647/1647/1647 1649/1649/1649 1648/1648/1648 
f 1648/1648/1648 1649/1649/1649 1648/1648/1648 
f 1649/1649/1649 1650/1650/1650 1648/1648/1648 
f 1648/1648/1648 1650/1650/1650 1651/1651/1651 
f 1650/1650/1650 1651/1651/1651 1651/1651/1651 
f 1651/1651/1651 1651/1651/1651 1642/1642/1642 
f 1651/1651/1651 1642/1642/1642 1642/1642/1642 
f 1642/1642/1642 1642/1642/1642 1643/1643/1643 
f 1642/1642/1642 1652/1652/1652 1643/1643/1643 
f 1643/1643/1643 1652/1652/1652 1643/1643/1643 
f 1652/1652/1652 1653/1653/1653 1643/1643/1643 
f 1643/1643/1643 1653/1653/1653 1643/1643/1643 
f 1653/1653/1653 1649/1649/1649 1643/1643/1643 
f 1643/1643/1643 1649/1649/1649 1647/1647/1647 
f 1649/1649/1649 1647/1647/1647 1647/1647/1647 
f 1647/1647/1647 1647/1647/1647 1646/1646/1646 
f 1647/1647/1647 1646/1646/1646 1646/1646/1646 
f 1646/1646/1646 1646/1646/1646 1654/1654/1654 
f 1646/1646/1646 1648/1648/1648 1654/1654/1654 
f 1654/1654/1654 1648/1648/1648 1655/1655/1655 
f 1648/1648/1648 1656/1656/1656 1655/1655/1655 
f 1655/1655/1655 1656/1656/1656 1657/1657/1657 
f 1656/1656/1656 1651/1651/1651 1657/1657/1657 
f 1657/1657/1657 1651/1651/1651 1657/1657/1657 
f 1651/1651/1651 1658/1658/1658 1657/1657/1657 
f 1657/1657/1657 1658/1658/1658 1657/1657/1657 
f 1658/1658/1658 1659/1659/1659 1657/1657/1657 
f 1657/1657/1657 1659/1659/1659 1660/1660/1660 
f 1659/1659/1659 1661/1661/1661 1660/1660/1660 
f 1660/1660/1660 1661/1661/1661 1662/1662/1662 
f 1661/1661/1661 1661/1661/1661 1662/1662/1662 
f 1662/1662/1662 1661/1661/1661 1663/1663/1663 
f 1661/1661/1661 1661/1661/1661 1663/1663/1663 
f 1663/1663/1663 1661/1661/1661 1664/1664/1664 
f 1661/1661/1661 1661/1661/1661 1664/1664/1664 
f 1664/1664/1664 1661/1661/1661 1665/1665/1665 
f 1661/1661/1661 1661/1661/1661 1665/1665/1665 
f 1665/1665/1665 1661/1661/1661 1666/1666/1666 
f 1661/1661/1661 1661/1661/1661 1666/1666/1666 
f 1666/1666/1666 1661/1661/1661 1667/1667/1667 
f 1661/1661/1661 1659/1659/1659 1667/1667/1667 
f 1667/1667/1667 1659/1659/1659 1659/1659/1659 
f 1659/1659/1659 1651/1651/1651 1659/1659/1659 
f 1659/1659/1659 1651/1651/1651 1651/1651/1651 
f 1651/1651/1651 1656/1656/1656 1651/1651/1651 
f 1651/1651/1651 1656/1656/1656 1648/1648/1648 
f 1656/1656/1656 1648/1648/1648 1648/1648/1648 
f 1648/1648/1648 1648/1648/1648 1655/1655/1655 
f 1648/1648/1648 1655/1655/1655 1655/1655/1655 
f 1655/1655/1655 1655/1655/1655 1668/1668/1668 
f 1655/1655/1655 1657/1657/1657 1668/1668/1668 
f 1668/1668/1668 1657/1657/1657 1662/1662/1662 
f 1657/1657/1657 1660/1660/1660 1662/1662/1662 
f 1662/1662/1662 1660/1660/1660 1660/1660/1660 
f 1660/1660/1660 1669/1669/1669 1660/1660/1660 
f 1660/1660/1660 1669/1669/1669 1669/1669/1669 
f 1669/1669/1669 1670/1670/1670 1669/1669/1669 
f 1669/1669/1669 1670/1670/1670 1671/1671/1671 
f 1670/1670/1670 1672/1672/1672 1671/1671/1671 
f 1671/1671/1671 1672/1672/1672 1673/1673/1673 
f 1672/1672/1672 1672/1672/1672 1673/1673/1673 
f 1673/1673/1673 1672/1672/1672 1674/1674/1674 
f 1672/1672/1672 1672/1672/1672 1674/1674/1674 
f 1674/1674/1674 1672/1672/1672 1675/1675/1675 
f 1672/1672/1672 1676/1676/1676 1675/1675/1675 
f 1675/1675/1675 1676/1676/1676 1677/1677/1677 
f 1676/1676/1676 1678/1678/1678 1677/1677/1677 
f 1677/1677/1677 1678/1678/1678 1679/1679/1679 
f 1678/1678/1678 1680/1680/1680 1679/1679/1679 
f 1679/1679/1679 1680/1680/1680 1679/1679/1679 
f 1680/1680/1680 1681/1681/1681 1679/1679/1679 
f 1679/1679/1679 1681/1681/1681 1679/1679/1679 
f 1681/1681/1681 1682/1682/1682 1679/1679/1679 
f 1679/1679/1679 1682/1682/1682 1683/1683/1683 
f 1682/1682/1682 1682/1682/1682 1683/1683/1683 
f 1683/1683/1683 1682/1682/1682 1684/1684/1684 
f 1682/1682/1682 1682/1682/1682 1684/1684/1684 
f 1684/1684/1684 1682/1682/1682 1685/1685/1685 
f 1682/1682/1682 1682/1682/1682 1685/1685/1685 
f 1685/1685/1685 1682/1682/1682 1686/1686/1686 
f 1682/1682/1682 1681/1681/1681 1686/1686/1686 
f 1686/1686/1686 1681/1681/1681 1686/1686/1686 
f 1681/1681/1681 1687/1687/1687 1686/1686/1686 
f 1686/1686/1686 1687/1687/1687 1686/1686/1686 
f 1687/1687/1687 1688/1688/1688 1686/1686/1686 
f 1686/1686/1686 1688/1688/1688 1686/1686/1686 
f 1688/1688/1688 1689/1689/1689 1686/1686/1686 
f 1686/1686/1686 1689/1689/1689 1685/1685/1685 
f 1689/1689/1689 1690/1690/1690 1685/1685/1685 
f 1685/1685/1685 1690/1690/1690 1690/1690/1690 
f 1690/1690/1690 1678/1678/1678 1690/1690/1690 
f 1690/1690/1690 1678/1678/1678 1678/1678/1678 
f 1678/1678/1678 1676/1676/1676 1678/1678/1678 
f 1678/1678/1678 1676/1676/1676 1691/1691/1691 
f 1676/1676/1676 1676/1676/1676 1691/1691/1691 
f 1691/1691/1691 1676/1676/1676 1670/1670/1670 
f 1676/1676/1676 1672/1672/1672 1670/1670/1670 
f 1670/1670/1670 1672/1672/1672 1672/1672/1672 
f 1672/1672/1672 1675/1675/1675 1672/1672/1672 
f 1672/1672/1672 1675/1675/1675 1675/1675/1675 
f 1675/1675/1675 1677/1677/1677 1675/1675/1675 
f 1675/1675/1675 1677/1677/1677 1692/1692/1692 
f 1677/1677/1677 1677/1677/1677 1692/1692/1692 
f 1692/1692/1692 1677/1677/1677 1683/1683/1683 
f 1677/1677/1677 1679/1679/1679 1683/1683/1683 
f 1683/1683/1683 1679/1679/1679 1679/1679/1679 
f 1679/1679/1679 1689/1689/1689 1679/1679/1679 
f 1679/1679/1679 1689/1689/1689 1689/1689/1689 
f 1689/1689/1689 1688/1688/1688 1689/1689/1689 
f 1689/1689/1689 1688/1688/1688 1693/1693/1693 
f 1688/1688/1688 1694/1694/1694 1693/1693/1693 
f 1693/1693/1693 1694/1694/1694 1694/1694/1694 
f 1694/1694/1694 1695/1695/1695 1694/1694/1694 
f 1694/1694/1694 1695/1695/1695 1695/1695/1695 
f 1695/1695/1695 1696/1696/1696 1695/1695/1695 
f 1695/1695/1695 1696/1696/1696 1697/1697/1697 
f 1696/1696/1696 1698/1698/1698 1697/1697/1697 
f 1697/1697/1697 1698/1698/1698 1697/1697/1697 
f 1698/1698/1698 1699/1699/1699 1697/1697/1697 
f 1697/1697/1697 1699/1699/1699 1700/1700/1700 
f 1699/1699/1699 1699/1699/1699 1700/1700/1700 
f 1700/1700/1700 1699/1699/1699 1701/1701/1701 
f 1699/1699/1699 1702/1702/1702 1701/1701/1701 
f 1701/1701/1701 1702/1702/1702 1703/1703/1703 
f 1702/1702/1702 1704/1704/1704 1703/1703/1703 
f 1703/1703/1703 1704/1704/1704 1703/1703/1703 
f 1704/1704/1704 1705/1705/1705 1703/1703/1703 
f 1703/1703/1703 1705/1705/1705 1703/1703/1703 
f 1705/1705/1705 1706/1706/1706 1703/1703/1703 
f 1703/1703/1703 1706/1706/1706 1703/1703/1703 
f 1706/1706/1706 1707/1707/1707 1703/1703/1703 
f 1703/1703/1703 1707/1707/1707 1701/1701/1701 
f 1707/1707/1707 1701/1701/1701 1701/1701/1701 
f 1701/1701/1701 1701/1701/1701 1696/1696/1696 
f 1701/1701/1701 1696/1696/1696 1696/1696/1696 
f 1696/1696/1696 1696/1696/1696 1698/1698/1698 
f 1696/1696/1696 1708/1708/1708 1698/1698/1698 
f 1698/1698/1698 1708/1708/1708 1709/1709/1709 
f 1708/1708/1708 1710/1710/1710 1709/1709/1709 
f 1709/1709/1709 1710/1710/1710 1709/1709/1709 
f 1710/1710/1710 1711/1711/1711 1709/1709/1709 
f 1709/1709/1709 1711/1711/1711 1709/1709/1709 
f 1711/1711/1711 1712/1712/1712 1709/1709/1709 
f 1709/1709/1709 1712/1712/1712 1713/1713/1713 
f 1712/1712/1712 1714/1714/1714 1713/1713/1713 
f 1713/1713/1713 1714/1714/1714 1702/1702/1702 
f 1714/1714/1714 1714/1714/1714 1702/1702/1702 
f 1702/1702/1702 1714/1714/1714 1704/1704/1704 
f 1714/1714/1714 1715/1715/1715 1704/1704/1704 
f 1704/1704/1704 1715/1715/1715 1716/1716/1716 
f 1715/1715/1715 1717/1717/1717 1716/1716/1716 
f 1716/1716/1716 1717/1717/1717 1718/1718/1718 
f 1717/1717/1717 1718/1718/1718 1718/1718/1718 
f 1718/1718/1718 1718/1718/1718 1702/1702/1702 
f 1718/1718/1718 1702/1702/1702 1702/1702/1702 
f 1702/1702/1702 1702/1702/1702 1713/1713/1713 
f 1702/1702/1702 1699/1699/1699 1713/1713/1713 
f 1713/1713/1713 1699/1699/1699 1713/1713/1713 
f 1699/1699/1699 1698/1698/1698 1713/1713/1713 
f 1713/1713/1713 1698/1698/1698 1709/1709/1709 
f 1698/1698/1698 1709/1709/1709 1709/1709/1709 
f 1709/1709/1709 1709/1709/1709 1712/1712/1712 
f 1709/1709/1709 1712/1712/1712 1712/1712/1712 
f 1712/1712/1712 1712/1712/1712 1714/1714/1714 
f 1712/1712/1712 1719/1719/1719 1714/1714/1714 
f 1714/1714/1714 1719/1719/1719 1715/1715/1715 
f 1719/1719/1719 1715/1715/1715 1715/1715/1715 
f 1715/1715/1715 1715/1715/1715 1704/1704/1704 
f 1715/1715/1715 1704/1704/1704 1704/1704/1704 
f 1704/1704/1704 1704/1704/1704 1705/1705/1705 
f 1704/1704/1704 1716/1716/1716 1705/1705/1705 
f 1705/1705/1705 1716/1716/1716 1720/1720/1720 
f 1716/1716/1716 1718/1718/1718 1720/1720/1720 
f 1720/1720/1720 1718/1718/1718 1721/1721/1721 
f 1718/1718/1718 1722/1722/1722 1721/1721/1721 
f 1721/1721/1721 1722/1722/1722 1721/1721/1721 
f 1722/1722/1722 1723/1723/1723 1721/1721/1721 
f 1721/1721/1721 1723/1723/1723 1721/1721/1721 
f 1723/1723/1723 1724/1724/1724 1721/1721/1721 
f 1721/1721/1721 1724/1724/1724 1725/1725/1725 
f 1724/1724/1724 1726/1726/1726 1725/1725/1725 
f 1725/1725/1725 1726/1726/1726 1727/1727/1727 
f 1726/1726/1726 1728/1728/1728 1727/1727/1727 
f 1727/1727/1727 1728/1728/1728 1728/1728/1728 
f 1728/1728/1728 1721/1721/1721 1728/1728/1728 
f 1728/1728/1728 1721/1721/1721 1721/1721/1721 
f 1721/1721/1721 1725/1725/1725 1721/1721/1721 
f 1721/1721/1721 1725/1725/1725 1720/1720/1720 
f 1725/1725/1725 1729/1729/1729 1720/1720/1720 
f 1720/1720/1720 1729/1729/1729 1705/1705/1705 
f 1729/1729/1729 1729/1729/1729 1705/1705/1705 
f 1705/1705/1705 1729/1729/1729 1706/1706/1706 
f 1729/1729/1729 1729/1729/1729 1706/1706/1706 
f 1706/1706/1706 1729/1729/1729 1730/1730/1730 
f 1729/1729/1729 1729/1729/1729 1730/1730/1730 
f 1730/1730/1730 1729/1729/1729 1727/1727/1727 
f 1729/1729/1729 1725/1725/1725 1727/1727/1727 
f 1727/1727/1727 1725/1725/1725 1725/1725/1725 
f 1725/1725/1725 1731/1731/1731 1725/1725/1725 
f 1725/1725/1725 1731/1731/1731 1731/1731/1731 
f 1731/1731/1731 1732/1732/1732 1731/1731/1731 
f 1731/1731/1731 1732/1732/1732 1733/1733/1733 
f 1732/1732/1732 1734/1734/1734 1733/1733/1733 
f 1733/1733/1733 1734/1734/1734 1733/1733/1733 
f 1734/1734/1734 1735/1735/1735 1733/1733/1733 
f 1733/1733/1733 1735/1735/1735 1733/1733/1733 
f 1735/1735/1735 1736/1736/1736 1733/1733/1733 
f 1733/1733/1733 1736/1736/1736 1737/1737/1737 
f 1736/1736/1736 1738/1738/1738 1737/1737/1737 
f 1737/1737/1737 1738/1738/1738 1739/1739/1739 
f 1738/1738/1738 1738/1738/1738 1739/1739/1739 
f 1739/1739/1739 1738/1738/1738 1740/1740/1740 
f 1738/1738/1738 1741/1741/1741 1740/1740/1740 
f 1740/1740/1740 1741/1741/1741 1742/1742/1742 
f 1741/1741/1741 1741/1741/1741 1742/1742/1742 
f 1742/1742/1742 1741/1741/1741 1743/1743/1743 
f 1741/1741/1741 1744/1744/1744 1743/1743/1743 
f 1743/1743/1743 1744/1744/1744 1745/1745/1745 
f 1744/1744/1744 1744/1744/1744 1745/1745/1745 
f 1745/1745/1745 1744/1744/1744 1746/1746/1746 
f 1744/1744/1744 1744/1744/1744 1746/1746/1746 
f 1746/1746/1746 1744/1744/1744 1747/1747/1747 
f 1744/1744/1744 1748/1748/1748 1747/1747/1747 
f 1747/1747/1747 1748/1748/1748 1749/1749/1749 
f 1748/1748/1748 1748/1748/1748 1749/1749/1749 
f 1749/1749/1749 1748/1748/1748 1736/1736/1736 
f 1748/1748/1748 1748/1748/1748 1736/1736/1736 
f 1736/1736/1736 1748/1748/1748 1738/1738/1738 
f 1748/1748/1748 1748/1748/1748 1738/1738/1738 
f 1738/1738/1738 1748/1748/1748 1741/1741/1741 
f 1748/1748/1748 1744/1744/1744 1741/1741/1741 
f 1741/1741/1741 1744/1744/1744 1744/1744/1744 
f 1744/1744/1744 1737/1737/1737 1744/1744/1744 
f 1744/1744/1744 1737/1737/1737 1737/1737/1737 
f 1737/1737/1737 1731/1731/1731 1737/1737/1737 
f 1737/1737/1737 1731/1731/1731 1733/1733/1733 
f 1731/1731/1731 1733/1733/1733 1733/1733/1733 
f 1733/1733/1733 1733/1733/1733 1742/1742/1742 
f 1733/1733/1733 1742/1742/1742 1742/1742/1742 
f 1742/1742/1742 1742/1742/1742 1740/1740/1740 
f 1742/1742/1742 1750/1750/1750 1740/1740/1740 
f 1740/1740/1740 1750/1750/1750 1750/1750/1750 
f 1750/1750/1750 1747/1747/1747 1750/1750/1750 
f 1750/1750/1750 1747/1747/1747 1747/1747/1747 
f 1747/1747/1747 1749/1749/1749 1747/1747/1747 
f 1747/1747/1747 1749/1749/1749 1751/1751/1751 
f 1749/1749/1749 1749/1749/1749 1751/1751/1751 
f 1751/1751/1751 1749/1749/1749 1752/1752/1752 
f 1749/1749/1749 1735/1735/1735 1752/1752/1752 
f 1752/1752/1752 1735/1735/1735 1753/1753/1753 
f 1735/1735/1735 1734/1734/1734 1753/1753/1753 
f 1753/1753/1753 1734/1734/1734 1754/1754/1754 
f 1734/1734/1734 1734/1734/1734 1754/1754/1754 
f 1754/1754/1754 1734/1734/1734 1755/1755/1755 
f 1734/1734/1734 1732/1732/1732 1755/1755/1755 
f 1755/1755/1755 1732/1732/1732 1755/1755/1755 
f 1732/1732/1732 1756/1756/1756 1755/1755/1755 
f 1755/1755/1755 1756/1756/1756 1755/1755/1755 
f 1756/1756/1756 1757/1757/1757 1755/1755/1755 
f 1755/1755/1755 1757/1757/1757 1755/1755/1755 
f 1757/1757/1757 1758/1758/1758 1755/1755/1755 
f 1755/1755/1755 1758/1758/1758 1754/1754/1754 
f 1758/1758/1758 1759/1759/1759 1754/1754/1754 
f 1754/1754/1754 1759/1759/1759 1760/1760/1760 
f 1759/1759/1759 1759/1759/1759 1760/1760/1760 
f 1760/1760/1760 1759/1759/1759 1761/1761/1761 
f 1759/1759/1759 1759/1759/1759 1761/1761/1761 
f 1761/1761/1761 1759/1759/1759 1762/1762/1762 
f 1759/1759/1759 1759/1759/1759 1762/1762/1762 
f 1762/1762/1762 1759/1759/1759 1763/1763/1763 
f 1759/1759/1759 1758/1758/1758 1763/1763/1763 
f 1763/1763/1763 1758/1758/1758 1764/1764/1764 
f 1758/1758/1758 1757/1757/1757 1764/1764/1764 
f 1764/1764/1764 1757/1757/1757 1765/1765/1765 
f 1757/1757/1757 1765/1765/1765 1765/1765/1765 
f 1765/1765/1765 1765/1765/1765 1736/1736/1736 
f 1765/1765/1765 1736/1736/1736 1736/1736/1736 
f 1736/1736/1736 1736/1736/1736 1749/1749/1749 
f 1736/1736/1736 1735/1735/1735 1749/1749/1749 
f 1749/1749/1749 1735/1735/1735 1735/1735/1735 
f 1735/1735/1735 1752/1752/1752 1735/1735/1735 
f 1735/1735/1735 1752/1752/1752 1752/1752/1752 
f 1752/1752/1752 1753/1753/1753 1752/1752/1752 
f 1752/1752/1752 1753/1753/1753 1766/1766/1766 
f 1753/1753/1753 1753/1753/1753 1766/1766/1766 
f 1766/1766/1766 1753/1753/1753 1760/1760/1760 
f 1753/1753/1753 1754/1754/1754 1760/1760/1760 
f 1760/1760/1760 1754/1754/1754 1754/1754/1754 
f 1754/1754/1754 1767/1767/1767 1754/1754/1754 
f 1754/1754/1754 1767/1767/1767 1767/1767/1767 
f 1767/1767/1767 1768/1768/1768 1767/1767/1767 
f 1767/1767/1767 1768/1768/1768 1769/1769/1769 
f 1768/1768/1768 1770/1770/1770 1769/1769/1769 
f 1769/1769/1769 1770/1770/1770 1771/1771/1771 
f 1770/1770/1770 1772/1772/1772 1771/1771/1771 
f 1771/1771/1771 1772/1772/1772 1772/1772/1772 
f 1772/1772/1772 1773/1773/1773 1772/1772/1772 
f 1772/1772/1772 1773/1773/1773 1773/1773/1773 
f 1773/1773/1773 1768/1768/1768 1773/1773/1773 
f 1773/1773/1773 1768/1768/1768 1767/1767/1767 
f 1768/1768/1768 1767/1767/1767 1767/1767/1767 
f 1767/1767/1767 1767/1767/1767 1767/1767/1767 
f 1767/1767/1767 1767/1767/1767 1767/1767/1767 
f 1767/1767/1767 1767/1767/1767 1774/1774/1774 
f 1767/1767/1767 1769/1769/1769 1774/1774/1774 
f 1774/1774/1774 1769/1769/1769 1775/1775/1775 
f 1769/1769/1769 1771/1771/1771 1775/1775/1775 
f 1775/1775/1775 1771/1771/1771 1776/1776/1776 
f 1771/1771/1771 1771/1771/1771 1776/1776/1776 
f 1776/1776/1776 1771/1771/1771 1777/1777/1777 
f 1771/1771/1771 1772/1772/1772 1777/1777/1777 
f 1777/1777/1777 1772/1772/1772 1777/1777/1777 
f 1772/1772/1772 1778/1778/1778 1777/1777/1777 
f 1777/1777/1777 1778/1778/1778 1779/1779/1779 
f 1778/1778/1778 1780/1780/1780 1779/1779/1779 
f 1779/1779/1779 1780/1780/1780 1779/1779/1779 
f 1780/1780/1780 1781/1781/1781 1779/1779/1779 
f 1779/1779/1779 1781/1781/1781 1779/1779/1779 
f 1781/1781/1781 1782/1782/1782 1779/1779/1779 
f 1779/1779/1779 1782/1782/1782 1779/1779/1779 
f 1782/1782/1782 1783/1783/1783 1779/1779/1779 
f 1779/1779/1779 1783/1783/1783 1777/1777/1777 
f 1783/1783/1783 1783/1783/1783 1777/1777/1777 
f 1777/1777/1777 1783/1783/1783 1776/1776/1776 
f 1783/1783/1783 1784/1784/1784 1776/1776/1776 
f 1776/1776/1776 1784/1784/1784 1776/1776/1776 
f 1784/1784/1784 1785/1785/1785 1776/1776/1776 
f 1776/1776/1776 1785/1785/1785 1775/1775/1775 
f 1785/1785/1785 1786/1786/1786 1775/1775/1775 
f 1775/1775/1775 1786/1786/1786 1774/1774/1774 
f 1786/1786/1786 1774/1774/1774 1774/1774/1774 
f 1774/1774/1774 1774/1774/1774 1782/1782/1782 
f 1774/1774/1774 1782/1782/1782 1782/1782/1782 
f 1782/1782/1782 1782/1782/1782 1783/1783/1783 
f 1782/1782/1782 1787/1787/1787 1783/1783/1783 
f 1783/1783/1783 1787/1787/1787 1784/1784/1784 
f 1787/1787/1787 1788/1788/1788 1784/1784/1784 
f 1784/1784/1784 1788/1788/1788 1788/1788/1788 
f 1788/1788/1788 1772/1772/1772 1788/1788/1788 
f 1788/1788/1788 1772/1772/1772 1772/1772/1772 
f 1772/1772/1772 1770/1770/1770 1772/1772/1772 
f 1772/1772/1772 1770/1770/1770 1789/1789/1789 
f 1770/1770/1770 1790/1790/1790 1789/1789/1789 
f 1789/1789/1789 1790/1790/1790 1791/1791/1791 
f 1790/1790/1790 1792/1792/1792 1791/1791/1791 
f 1791/1791/1791 1792/1792/1792 1793/1793/1793 
f 1792/1792/1792 1793/1793/1793 1793/1793/1793 
f 1793/1793/1793 1793/1793/1793 1770/1770/1770 
f 1793/1793/1793 1770/1770/1770 1770/1770/1770 
f 1770/1770/1770 1770/1770/1770 1790/1790/1790 
f 1770/1770/1770 1768/1768/1768 1790/1790/1790 
f 1790/1790/1790 1768/1768/1768 1794/1794/1794 
f 1768/1768/1768 1773/1773/1773 1794/1794/1794 
f 1794/1794/1794 1773/1773/1773 1794/1794/1794 
f 1773/1773/1773 1795/1795/1795 1794/1794/1794 
f 1794/1794/1794 1795/1795/1795 1794/1794/1794 
f 1795/1795/1795 1796/1796/1796 1794/1794/1794 
f 1794/1794/1794 1796/1796/1796 1792/1792/1792 
f 1796/1796/1796 1797/1797/1797 1792/1792/1792 
f 1792/1792/1792 1797/1797/1797 1793/1793/1793 
f 1797/1797/1797 1797/1797/1797 1793/1793/1793 
f 1793/1793/1793 1797/1797/1797 1798/1798/1798 
f 1797/1797/1797 1797/1797/1797 1798/1798/1798 
f 1798/1798/1798 1797/1797/1797 1799/1799/1799 
f 1797/1797/1797 1797/1797/1797 1799/1799/1799 
f 1799/1799/1799 1797/1797/1797 1800/1800/1800 
f 1797/1797/1797 1796/1796/1796 1800/1800/1800 
f 1800/1800/1800 1796/1796/1796 1801/1801/1801 
f 1796/1796/1796 1795/1795/1795 1801/1801/1801 
f 1801/1801/1801 1795/1795/1795 1801/1801/1801 
f 1795/1795/1795 1802/1802/1802 1801/1801/1801 
f 1801/1801/1801 1802/1802/1802 1801/1801/1801 
f 1802/1802/1802 1803/1803/1803 1801/1801/1801 
f 1801/1801/1801 1803/1803/1803 1801/1801/1801 
f 1803/1803/1803 1804/1804/1804 1801/1801/1801 
f 1801/1801/1801 1804/1804/1804 1800/1800/1800 
f 1804/1804/1804 1805/1805/1805 1800/1800/1800 
f 1800/1800/1800 1805/1805/1805 1799/1799/1799 
f 1805/1805/1805 1805/1805/1805 1799/1799/1799 
f 1799/1799/1799 1805/1805/1805 1806/1806/1806 
f 1805/1805/1805 1805/1805/1805 1806/1806/1806 
f 1806/1806/1806 1805/1805/1805 1807/1807/1807 
f 1805/1805/1805 1805/1805/1805 1807/1807/1807 
f 1807/1807/1807 1805/1805/1805 1808/1808/1808 
f 1805/1805/1805 1804/1804/1804 1808/1808/1808 
f 1808/1808/1808 1804/1804/1804 1809/1809/1809 
f 1804/1804/1804 1803/1803/1803 1809/1809/1809 
f 1809/1809/1809 1803/1803/1803 1810/1810/1810 
f 1803/1803/1803 1810/1810/1810 1810/1810/1810 
f 1810/1810/1810 1810/1810/1810 1790/1790/1790 
f 1810/1810/1810 1790/1790/1790 1790/1790/1790 
f 1790/1790/1790 1790/1790/1790 1792/1792/1792 
f 1790/1790/1790 1794/1794/1794 1792/1792/1792 
f 1792/1792/1792 1794/1794/1794 1794/1794/1794 
f 1794/1794/1794 1811/1811/1811 1794/1794/1794 
f 1794/1794/1794 1811/1811/1811 1811/1811/1811 
f 1811/1811/1811 1812/1812/1812 1811/1811/1811 
f 1811/1811/1811 1812/1812/1812 1813/1813/1813 
f 1812/1812/1812 1812/1812/1812 1813/1813/1813 
f 1813/1813/1813 1812/1812/1812 1814/1814/1814 
f 1812/1812/1812 1812/1812/1812 1814/1814/1814 
f 1814/1814/1814 1812/1812/1812 1815/1815/1815 
f 1812/1812/1812 1816/1816/1816 1815/1815/1815 
f 1815/1815/1815 1816/1816/1816 1815/1815/1815 
f 1816/1816/1816 1817/1817/1817 1815/1815/1815 
f 1815/1815/1815 1817/1817/1817 1818/1818/1818 
f 1817/1817/1817 1817/1817/1817 1818/1818/1818 
f 1818/1818/1818 1817/1817/1817 1819/1819/1819 
f 1817/1817/1817 1820/1820/1820 1819/1819/1819 
f 1819/1819/1819 1820/1820/1820 1819/1819/1819 
f 1820/1820/1820 1821/1821/1821 1819/1819/1819 
f 1819/1819/1819 1821/1821/1821 1822/1822/1822 
f 1821/1821/1821 1821/1821/1821 1822/1822/1822 
f 1822/1822/1822 1821/1821/1821 1823/1823/1823 
f 1821/1821/1821 1824/1824/1824 1823/1823/1823 
f 1823/1823/1823 1824/1824/1824 1823/1823/1823 
f 1824/1824/1824 1825/1825/1825 1823/1823/1823 
f 1823/1823/1823 1825/1825/1825 1826/1826/1826 
f 1825/1825/1825 1825/1825/1825 1826/1826/1826 
f 1826/1826/1826 1825/1825/1825 1827/1827/1827 
f 1825/1825/1825 1828/1828/1828 1827/1827/1827 
f 1827/1827/1827 1828/1828/1828 1828/1828/1828 
f 1828/1828/1828 1829/1829/1829 1828/1828/1828 
f 1828/1828/1828 1829/1829/1829 1829/1829/1829 
f 1829/1829/1829 1830/1830/1830 1829/1829/1829 
f 1829/1829/1829 1830/1830/1830 1831/1831/1831 
f 1830/1830/1830 1830/1830/1830 1831/1831/1831 
f 1831/1831/1831 1830/1830/1830 1832/1832/1832 
f 1830/1830/1830 1830/1830/1830 1832/1832/1832 
f 1832/1832/1832 1830/1830/1830 1833/1833/1833 
f 1830/1830/1830 1834/1834/1834 1833/1833/1833 
f 1833/1833/1833 1834/1834/1834 1833/1833/1833 
f 1834/1834/1834 1835/1835/1835 1833/1833/1833 
f 1833/1833/1833 1835/1835/1835 1836/1836/1836 
f 1835/1835/1835 1835/1835/1835 1836/1836/1836 
f 1836/1836/1836 1835/1835/1835 1837/1837/1837 
f 1835/1835/1835 1838/1838/1838 1837/1837/1837 
f 1837/1837/1837 1838/1838/1838 1837/1837/1837 
f 1838/1838/1838 1839/1839/1839 1837/1837/1837 
f 1837/1837/1837 1839/1839/1839 1840/1840/1840 
f 1839/1839/1839 1839/1839/1839 1840/1840/1840 
f 1840/1840/1840 1839/1839/1839 1841/1841/1841 
f 1839/1839/1839 1842/1842/1842 1841/1841/1841 
f 1841/1841/1841 1842/1842/1842 1841/1841/1841 
f 1842/1842/1842 1843/1843/1843 1841/1841/1841 
f 1841/1841/1841 1843/1843/1843 1844/1844/1844 
f 1843/1843/1843 1843/1843/1843 1844/1844/1844 
f 1844/1844/1844 1843/1843/1843 1845/1845/1845 
f 1843/1843/1843 1846/1846/1846 1845/1845/1845 
f 1845/1845/1845 1846/1846/1846 1846/1846/1846 
f 1846/1846/1846 1847/1847/1847 1846/1846/1846 
f 1846/1846/1846 1847/1847/1847 1847/1847/1847 
f 1847/1847/1847 1848/1848/1848 1847/1847/1847 
f 1847/1847/1847 1848/1848/1848 1849/1849/1849 
f 1848/1848/1848 1848/1848/1848 1849/1849/1849 
f 1849/1849/1849 1848/1848/1848 1850/1850/1850 
f 1848/1848/1848 1848/1848/1848 1850/1850/1850 
f 1850/1850/1850 1848/1848/1848 1851/1851/1851 
f 1848/1848/1848 1852/1852/1852 1851/1851/1851 
f 1851/1851/1851 1852/1852/1852 1851/1851/1851 
f 1852/1852/1852 1853/1853/1853 1851/1851/1851 
f 1851/1851/1851 1853/1853/1853 1854/1854/1854 
f 1853/1853/1853 1853/1853/1853 1854/1854/1854 
f 1854/1854/1854 1853/1853/1853 1855/1855/1855 
f 1853/1853/1853 1856/1856/1856 1855/1855/1855 
f 1855/1855/1855 1856/1856/1856 1855/1855/1855 
f 1856/1856/1856 1857/1857/1857 1855/1855/1855 
f 1855/1855/1855 1857/1857/1857 1858/1858/1858 
f 1857/1857/1857 1857/1857/1857 1858/1858/1858 
f 1858/1858/1858 1857/1857/1857 1859/1859/1859 
f 1857/1857/1857 1860/1860/1860 1859/1859/1859 
f 1859/1859/1859 1860/1860/1860 1859/1859/1859 
f 1860/1860/1860 1861/1861/1861 1859/1859/1859 
f 1859/1859/1859 1861/1861/1861 1862/1862/1862 
f 1861/1861/1861 1861/1861/1861 1862/1862/1862 
f 1862/1862/1862 1861/1861/1861 1863/1863/1863 
f 1861/1861/1861 1864/1864/1864 1863/1863/1863 
f 1863/1863/1863 1864/1864/1864 1864/1864/1864 
f 1864/1864/1864 1865/1865/1865 1864/1864/1864 
f 1864/1864/1864 1865/1865/1865 1865/1865/1865 
f 1865/1865/1865 1866/1866/1866 1865/1865/1865 
f 1865/1865/1865 1866/1866/1866 1867/1867/1867 
f 1866/1866/1866 1866/1866/1866 1867/1867/1867 
f 1867/1867/1867 1866/1866/1866 1868/1868/1868 
f 1866/1866/1866 1866/1866/1866 1868/1868/1868 
f 1868/1868/1868 1866/1866/1866 1869/1869/1869 
f 1866/1866/1866 1870/1870/1870 1869/1869/1869 
f 1869/1869/1869 1870/1870/1870 1869/1869/1869 
f 1870/1870/1870 1871/1871/1871 1869/1869/1869 
f 1869/1869/1869 1871/1871/1871 1872/1872/1872 
f 1871/1871/1871 1871/1871/1871 1872/1872/1872 
f 1872/1872/1872 1871/1871/1871 1873/1873/1873 
f 1871/1871/1871 1874/1874/1874 1873/1873/1873 
f 1873/1873/1873 1874/1874/1874 1875/1875/1875 
f 1874/1874/1874 1876/1876/1876 1875/1875/1875 
f 1875/1875/1875 1876/1876/1876 1877/1877/1877 
f 1876/1876/1876 1878/1878/1878 1877/1877/1877 
f 1877/1877/1877 1878/1878/1878 1879/1879/1879 
f 1878/1878/1878 1880/1880/1880 1879/1879/1879 
f 1879/1879/1879 1880/1880/1880 1879/1879/1879 
f 1880/1880/1880 1881/1881/1881 1879/1879/1879 
f 1879/1879/1879 1881/1881/1881 1882/1882/1882 
f 1881/1881/1881 1883/1883/1883 1882/1882/1882 
f 1882/1882/1882 1883/1883/1883 1884/1884/1884 
f 1883/1883/1883 1883/1883/1883 1884/1884/1884 
f 1884/1884/1884 1883/1883/1883 1885/1885/1885 
f 1883/1883/1883 1886/1886/1886 1885/1885/1885 
f 1885/1885/1885 1886/1886/1886 1886/1886/1886 
f 1886/1886/1886 1887/1887/1887 1886/1886/1886 
f 1886/1886/1886 1887/1887/1887 1887/1887/1887 
f 1887/1887/1887 1888/1888/1888 1887/1887/1887 
f 1887/1887/1887 1888/1888/1888 1889/1889/1889 
f 1888/1888/1888 1888/1888/1888 1889/1889/1889 
f 1889/1889/1889 1888/1888/1888 1890/1890/1890 
f 1888/1888/1888 1891/1891/1891 1890/1890/1890 
f 1890/1890/1890 1891/1891/1891 1892/1892/1892 
f 1891/1891/1891 1891/1891/1891 1892/1892/1892 
f 1892/1892/1892 1891/1891/1891 1893/1893/1893 
f 1891/1891/1891 1894/1894/1894 1893/1893/1893 
f 1893/1893/1893 1894/1894/1894 1895/1895/1895 
f 1894/1894/1894 1896/1896/1896 1895/1895/1895 
f 1895/1895/1895 1896/1896/1896 1895/1895/1895 
f 1896/1896/1896 1897/1897/1897 1895/1895/1895 
f 1895/1895/1895 1897/1897/1897 1898/1898/1898 
f 1897/1897/1897 1899/1899/1899 1898/1898/1898 
f 1898/1898/1898 1899/1899/1899 1900/1900/1900 
f 1899/1899/1899 1899/1899/1899 1900/1900/1900 
f 1900/1900/1900 1899/1899/1899 1901/1901/1901 
f 1899/1899/1899 1902/1902/1902 1901/1901/1901 
f 1901/1901/1901 1902/1902/1902 1903/1903/1903 
f 1902/1902/1902 1904/1904/1904 1903/1903/1903 
f 1903/1903/1903 1904/1904/1904 1903/1903/1903 
f 1904/1904/1904 1905/1905/1905 1903/1903/1903 
f 1903/1903/1903 1905/1905/1905 1906/1906/1906 
f 1905/1905/1905 1905/1905/1905 1906/1906/1906 
f 1906/1906/1906 1905/1905/1905 1907/1907/1907 
f 1905/1905/1905 1908/1908/1908 1907/1907/1907 
f 1907/1907/1907 1908/1908/1908 1909/1909/1909 
f 1908/1908/1908 1910/1910/1910 1909/1909/1909 
f 1909/1909/1909 1910/1910/1910 1909/1909/1909 
f 1910/1910/1910 1911/1911/1911 1909/1909/1909 
f 1909/1909/1909 1911/1911/1911 1912/1912/1912 
f 1911/1911/1911 1913/1913/1913 1912/1912/1912 
f 1912/1912/1912 1913/1913/1913 1914/1914/1914 
f 1913/1913/1913 1915/1915/1915 1914/1914/1914 
f 1914/1914/1914 1915/1915/1915 1916/1916/1916 
f 1915/1915/1915 1916/1916/1916 1916/1916/1916 
f 1916/1916/1916 1916/1916/1916 1917/1917/1917 
f 1916/1916/1916 1917/1917/1917 1917/1917/1917 
f 1917/1917/1917 1917/1917/1917 1918/1918/1918 
f 1917/1917/1917 1919/1919/1919 1918/1918/1918 
f 1918/1918/1918 1919/1919/1919 1920/1920/1920 
f 1919/1919/1919 1919/1919/1919 1920/1920/1920 
f 1920/1920/1920 1919/1919/1919 1921/1921/1921 
f 1919/1919/1919 1922/1922/1922 1921/1921/1921 
f 1921/1921/1921 1922/1922/1922 1921/1921/1921 
f 1922/1922/1922 1923/1923/1923 1921/1921/1921 
f 1921/1921/1921 1923/1923/1923 1924/1924/1924 
f 1923/1923/1923 1923/1923/1923 1924/1924/1924 
f 1924/1924/1924 1923/1923/1923 1925/1925/1925 
f 1923/1923/1923 1926/1926/1926 1925/1925/1925 
f 1925/1925/1925 1926/1926/1926 1925/1925/1925 
f 1926/1926/1926 1927/1927/1927 1925/1925/1925 
f 1925/1925/1925 1927/1927/1927 1928/1928/1928 
f 1927/1927/1927 1927/1927/1927 1928/1928/1928 
f 1928/1928/1928 1927/1927/1927 1929/1929/1929 
f 1927/1927/1927 1930/1930/1930 1929/1929/1929 
f 1929/1929/1929 1930/1930/1930 1929/1929/1929 
f 1930/1930/1930 1931/1931/1931 1929/1929/1929 
f 1929/1929/1929 1931/1931/1931 1932/1932/1932 
f 1931/1931/1931 1931/1931/1931 1932/1932/1932 
f 1932/1932/1932 1931/1931/1931 1933/1933/1933 
f 1931/1931/1931 1934/1934/1934 1933/1933/1933 
f 1933/1933/1933 1934/1934/1934 1934/1934/1934 
f 1934/1934/1934 1935/1935/1935 1934/1934/1934 
f 1934/1934/1934 1935/1935/1935 1935/1935/1935 
f 1935/1935/1935 1936/1936/1936 1935/1935/1935 
f 1935/1935/1935 1936/1936/1936 1937/1937/1937 
f 1936/1936/1936 1938/1938/1938 1937/1937/1937 
f 1937/1937/1937 1938/1938/1938 1939/1939/1939 
f 1938/1938/1938 1938/1938/1938 1939/1939/1939 
f 1939/1939/1939 1938/1938/1938 1940/1940/1940 
f 1938/1938/1938 1938/1938/1938 1940/1940/1940 
f 1940/1940/1940 1938/1938/1938 1941/1941/1941 
f 1938/1938/1938 1942/1942/1942 1941/1941/1941 
f 1941/1941/1941 1942/1942/1942 1943/1943/1943 
f 1942/1942/1942 1944/1944/1944 1943/1943/1943 
f 1943/1943/1943 1944/1944/1944 1945/1945/1945 
f 1944/1944/1944 1946/1946/1946 1945/1945/1945 
f 1945/1945/1945 1946/1946/1946 1945/1945/1945 
f 1946/1946/1946 1947/1947/1947 1945/1945/1945 
f 1945/1945/1945 1947/1947/1947 1945/1945/1945 
f 1947/1947/1947 1948/1948/1948 1945/1945/1945 
f 1945/1945/1945 1948/1948/1948 1949/1949/1949 
f 1948/1948/1948 1948/1948/1948 1949/1949/1949 
f 1949/1949/1949 1948/1948/1948 1950/1950/1950 
f 1948/1948/1948 1948/1948/1948 1950/1950/1950 
f 1950/1950/1950 1948/1948/1948 1951/1951/1951 
f 1948/1948/1948 1948/1948/1948 1951/1951/1951 
f 1951/1951/1951 1948/1948/1948 1952/1952/1952 
f 1948/1948/1948 1947/1947/1947 1952/1952/1952 
f 1952/1952/1952 1947/1947/1947 1952/1952/1952 
f 1947/1947/1947 1953/1953/1953 1952/1952/1952 
f 1952/1952/1952 1953/1953/1953 1952/1952/1952 
f 1953/1953/1953 1954/1954/1954 1952/1952/1952 
f 1952/1952/1952 1954/1954/1954 1952/1952/1952 
f 1954/1954/1954 1955/1955/1955 1952/1952/1952 
f 1952/1952/1952 1955/1955/1955 1951/1951/1951 
f 1955/1955/1955 1955/1955/1955 1951/1951/1951 
f 1951/1951/1951 1955/1955/1955 1956/1956/1956 
f 1955/1955/1955 1955/1955/1955 1956/1956/1956 
f 1956/1956/1956 1955/1955/1955 1957/1957/1957 
f 1955/1955/1955 1955/1955/1955 1957/1957/1957 
f 1957/1957/1957 1955/1955/1955 1958/1958/1958 
f 1955/1955/1955 1954/1954/1954 1958/1958/1958 
f 1958/1958/1958 1954/1954/1954 1959/1959/1959 
f 1954/1954/1954 1959/1959/1959 1959/1959/1959 
f 1959/1959/1959 1959/1959/1959 1944/1944/1944 
f 1959/1959/1959 1944/1944/1944 1944/1944/1944 
f 1944/1944/1944 1944/1944/1944 1960/1960/1960 
f 1944/1944/1944 1942/1942/1942 1960/1960/1960 
f 1960/1960/1960 1942/1942/1942 1936/1936/1936 
f 1942/1942/1942 1938/1938/1938 1936/1936/1936 
f 1936/1936/1936 1938/1938/1938 1938/1938/1938 
f 1938/1938/1938 1941/1941/1941 1938/1938/1938 
f 1938/1938/1938 1941/1941/1941 1941/1941/1941 
f 1941/1941/1941 1943/1943/1943 1941/1941/1941 
f 1941/1941/1941 1943/1943/1943 1961/1961/1961 
f 1943/1943/1943 1943/1943/1943 1961/1961/1961 
f 1961/1961/1961 1943/1943/1943 1949/1949/1949 
f 1943/1943/1943 1945/1945/1945 1949/1949/1949 
f 1949/1949/1949 1945/1945/1945 1945/1945/1945 
f 1945/1945/1945 1962/1962/1962 1945/1945/1945 
f 1945/1945/1945 1962/1962/1962 1962/1962/1962 
f 1962/1962/1962 1963/1963/1963 1962/1962/1962 
f 1962/1962/1962 1963/1963/1963 1964/1964/1964 
f 1963/1963/1963 1965/1965/1965 1964/1964/1964 
f 1964/1964/1964 1965/1965/1965 338/338/338 
f 1965/1965/1965 1965/1965/1965 338/338/338 
f 338/338/338 1965/1965/1965 340/340/340 
f 1965/1965/1965 1965/1965/1965 340/340/340 
f 340/340/340 1965/1965/1965 342/342/342 
f 1965/1965/1965 1965/1965/1965 342/342/342 
f 342/342/342 1965/1965/1965 1966/1966/1966 
f 1965/1965/1965 1963/1963/1963 1966/1966/1966 
f 1966/1966/1966 1963/1963/1963 1963/1963/1963 
f 1963/1963/1963 442/442/442 1963/1963/1963 
f 1963/1963/1963 442/442/442 442/442/442 
f 442/442/442 440/440/440 442/442/442 
f 442/442/442 440/440/440 1967/1967/1967 
f 440/440/440 440/440/440 1967/1967/1967 
f 1967/1967/1967 440/440/440 1968/1968/1968 
f 440/440/440 438/438/438 1968/1968/1968 
f 1968/1968/1968 438/438/438 1969/1969/1969 
f 438/438/438 1970/1970/1970 1969/1969/1969 
f 1969/1969/1969 1970/1970/1970 1971/1971/1971 
f 1970/1970/1970 1972/1972/1972 1971/1971/1971 
f 1971/1971/1971 1972/1972/1972 1973/1973/1973 
f 1972/1972/1972 1974/1974/1974 1973/1973/1973 
f 1973/1973/1973 1974/1974/1974 1975/1975/1975 
f 1974/1974/1974 1974/1974/1974 1975/1975/1975 
f 1975/1975/1975 1974/1974/1974 1976/1976/1976 
f 1974/1974/1974 1977/1977/1977 1976/1976/1976 
f 1976/1976/1976 1977/1977/1977 1978/1978/1978 
f 1977/1977/1977 1979/1979/1979 1978/1978/1978 
f 1978/1978/1978 1979/1979/1979 1980/1980/1980 
f 1979/1979/1979 427/427/427 1980/1980/1980 
f 1980/1980/1980 427/427/427 1981/1981/1981 
f 427/427/427 425/425/425 1981/1981/1981 
f 1981/1981/1981 425/425/425 1982/1982/1982 
f 425/425/425 423/423/423 1982/1982/1982 
f 1982/1982/1982 423/423/423 1982/1982/1982 
f 423/423/423 421/421/421 1982/1982/1982 
f 1982/1982/1982 421/421/421 1983/1983/1983 
f 421/421/421 419/419/419 1983/1983/1983 
f 1983/1983/1983 419/419/419 495/495/495 
f 419/419/419 417/417/417 495/495/495 
f 495/495/495 417/417/417 417/417/417 
f 417/417/417 495/495/495 417/417/417 
f 417/417/417 495/495/495 495/495/495 
f 495/495/495 496/496/496 495/495/495 
f 495/495/495 496/496/496 1983/1983/1983 
f 496/496/496 1984/1984/1984 1983/1983/1983 
f 1983/1983/1983 1984/1984/1984 1982/1982/1982 
f 1984/1984/1984 1985/1985/1985 1982/1982/1982 
f 1982/1982/1982 1985/1985/1985 1981/1981/1981 
f 1985/1985/1985 1986/1986/1986 1981/1981/1981 
f 1981/1981/1981 1986/1986/1986 1980/1980/1980 
f 1986/1986/1986 1987/1987/1987 1980/1980/1980 
f 1980/1980/1980 1987/1987/1987 1978/1978/1978 
f 1987/1987/1987 1988/1988/1988 1978/1978/1978 
f 1978/1978/1978 1988/1988/1988 1976/1976/1976 
f 1988/1988/1988 1989/1989/1989 1976/1976/1976 
f 1976/1976/1976 1989/1989/1989 1975/1975/1975 
f 1989/1989/1989 1990/1990/1990 1975/1975/1975 
f 1975/1975/1975 1990/1990/1990 1975/1975/1975 
f 1990/1990/1990 1991/1991/1991 1975/1975/1975 
f 1975/1975/1975 1991/1991/1991 1973/1973/1973 
f 1991/1991/1991 1992/1992/1992 1973/1973/1973 
f 1973/1973/1973 1992/1992/1992 1971/1971/1971 
f 1992/1992/1992 1993/1993/1993 1971/1971/1971 
f 1971/1971/1971 1993/1993/1993 1969/1969/1969 
f 1993/1993/1993 1994/1994/1994 1969/1969/1969 
f 1969/1969/1969 1994/1994/1994 1968/1968/1968 
f 1994/1994/1994 1995/1995/1995 1968/1968/1968 
f 1968/1968/1968 1995/1995/1995 1967/1967/1967 
f 1995/1995/1995 1996/1996/1996 1967/1967/1967 
f 1967/1967/1967 1996/1996/1996 1997/1997/1997 
f 1996/1996/1996 1998/1998/1998 1997/1997/1997 
f 1997/1997/1997 1998/1998/1998 470/470/470 
f 1998/1998/1998 471/471/471 470/470/470 
f 470/470/470 471/471/471 471/471/471 
f 471/471/471 442/442/442 471/471/471 
f 471/471/471 442/442/442 442/442/442 
f 442/442/442 1967/1967/1967 442/442/442 
f 442/442/442 1967/1967/1967 444/444/444 
f 1967/1967/1967 1997/1997/1997 444/444/444 
f 444/444/444 1997/1997/1997 446/446/446 
f 1997/1997/1997 470/470/470 446/446/446 
f 446/446/446 470/470/470 470/470/470 
f 470/470/470 1999/1999/1999 470/470/470 
f 470/470/470 1999/1999/1999 1999/1999/1999 
f 1999/1999/1999 1188/1188/1188 1999/1999/1999 
f 1999/1999/1999 1188/1188/1188 2000/2000/2000 
f 1188/1188/1188 1188/1188/1188 2000/2000/2000 
f 2000/2000/2000 1188/1188/1188 2001/2001/2001 
f 1188/1188/1188 1186/1186/1186 2001/2001/2001 
f 2001/2001/2001 1186/1186/1186 2002/2002/2002 
f 1186/1186/1186 1191/1191/1191 2002/2002/2002 
f 2002/2002/2002 1191/1191/1191 1191/1191/1191 
f 1191/1191/1191 2002/2002/2002 1191/1191/1191 
f 1191/1191/1191 2002/2002/2002 2002/2002/2002 
f 2002/2002/2002 2003/2003/2003 2002/2002/2002 
f 2002/2002/2002 2003/2003/2003 2001/2001/2001 
f 2003/2003/2003 2001/2001/2001 2001/2001/2001 
f 2001/2001/2001 2001/2001/2001 2004/2004/2004 
f 2001/2001/2001 2004/2004/2004 2004/2004/2004 
f 2004/2004/2004 2004/2004/2004 2005/2005/2005 
f 2004/2004/2004 2006/2006/2006 2005/2005/2005 
f 2005/2005/2005 2006/2006/2006 2005/2005/2005 
f 2006/2006/2006 2007/2007/2007 2005/2005/2005 
f 2005/2005/2005 2007/2007/2007 2008/2008/2008 
f 2007/2007/2007 2009/2009/2009 2008/2008/2008 
f 2008/2008/2008 2009/2009/2009 2009/2009/2009 
f 2009/2009/2009 2010/2010/2010 2009/2009/2009 
f 2009/2009/2009 2010/2010/2010 2010/2010/2010 
f 2010/2010/2010 2011/2011/2011 2010/2010/2010 
f 2010/2010/2010 2011/2011/2011 2012/2012/2012 
f 2011/2011/2011 2013/2013/2013 2012/2012/2012 
f 2012/2012/2012 2013/2013/2013 2013/2013/2013 
f 2013/2013/2013 2014/2014/2014 2013/2013/2013 
f 2013/2013/2013 2014/2014/2014 2014/2014/2014 
f 2014/2014/2014 2015/2015/2015 2014/2014/2014 
f 2014/2014/2014 2015/2015/2015 2016/2016/2016 
f 2015/2015/2015 2015/2015/2015 2016/2016/2016 
f 2016/2016/2016 2015/2015/2015 2017/2017/2017 
f 2015/2015/2015 2018/2018/2018 2017/2017/2017 
f 2017/2017/2017 2018/2018/2018 2019/2019/2019 
f 2018/2018/2018 2018/2018/2018 2019/2019/2019 
f 2019/2019/2019 2018/2018/2018 2020/2020/2020 
f 2018/2018/2018 2021/2021/2021 2020/2020/2020 
f 2020/2020/2020 2021/2021/2021 2022/2022/2022 
f 2021/2021/2021 2023/2023/2023 2022/2022/2022 
f 2022/2022/2022 2023/2023/2023 2023/2023/2023 
f 2023/2023/2023 2024/2024/2024 2023/2023/2023 
f 2023/2023/2023 2024/2024/2024 2024/2024/2024 
f 2024/2024/2024 2025/2025/2025 2024/2024/2024 
f 2024/2024/2024 2025/2025/2025 2026/2026/2026 
f 2025/2025/2025 2027/2027/2027 2026/2026/2026 
f 2026/2026/2026 2027/2027/2027 2028/2028/2028 
f 2027/2027/2027 2029/2029/2029 2028/2028/2028 
f 2028/2028/2028 2029/2029/2029 2030/2030/2030 
f 2029/2029/2029 2031/2031/2031 2030/2030/2030 
f 2030/2030/2030 2031/2031/2031 2032/2032/2032 
f 2031/2031/2031 2033/2033/2033 2032/2032/2032 
f 2032/2032/2032 2033/2033/2033 2033/2033/2033 
f 2033/2033/2033 2034/2034/2034 2033/2033/2033 
f 2033/2033/2033 2034/2034/2034 2034/2034/2034 
f 2034/2034/2034 2035/2035/2035 2034/2034/2034 
f 2034/2034/2034 2035/2035/2035 2036/2036/2036 
f 2035/2035/2035 2037/2037/2037 2036/2036/2036 
f 2036/2036/2036 2037/2037/2037 2038/2038/2038 
f 2037/2037/2037 2039/2039/2039 2038/2038/2038 
f 2038/2038/2038 2039/2039/2039 2040/2040/2040 
f 2039/2039/2039 2041/2041/2041 2040/2040/2040 
f 2040/2040/2040 2041/2041/2041 2042/2042/2042 
f 2041/2041/2041 2043/2043/2043 2042/2042/2042 
f 2042/2042/2042 2043/2043/2043 2044/2044/2044 
f 2043/2043/2043 2045/2045/2045 2044/2044/2044 
f 2044/2044/2044 2045/2045/2045 2046/2046/2046 
f 2045/2045/2045 2045/2045/2045 2046/2046/2046 
f 2046/2046/2046 2045/2045/2045 2047/2047/2047 
f 2045/2045/2045 2048/2048/2048 2047/2047/2047 
f 2047/2047/2047 2048/2048/2048 2049/2049/2049 
f 2048/2048/2048 2050/2050/2050 2049/2049/2049 
f 2049/2049/2049 2050/2050/2050 2051/2051/2051 
f 2050/2050/2050 2052/2052/2052 2051/2051/2051 
f 2051/2051/2051 2052/2052/2052 2052/2052/2052 
f 2052/2052/2052 2034/2034/2034 2052/2052/2052 
f 2052/2052/2052 2034/2034/2034 2034/2034/2034 
f 2034/2034/2034 2053/2053/2053 2034/2034/2034 
f 2034/2034/2034 2053/2053/2053 2035/2035/2035 
f 2053/2053/2053 2035/2035/2035 2035/2035/2035 
f 2035/2035/2035 2035/2035/2035 2054/2054/2054 
f 2035/2035/2035 2054/2054/2054 2054/2054/2054 
f 2054/2054/2054 2054/2054/2054 2055/2055/2055 
f 2054/2054/2054 2056/2056/2056 2055/2055/2055 
f 2055/2055/2055 2056/2056/2056 2057/2057/2057 
f 2056/2056/2056 2057/2057/2057 2057/2057/2057 
f 2057/2057/2057 2057/2057/2057 2058/2058/2058 
f 2057/2057/2057 2058/2058/2058 2058/2058/2058 
f 2058/2058/2058 2058/2058/2058 2059/2059/2059 
f 2058/2058/2058 2060/2060/2060 2059/2059/2059 
f 2059/2059/2059 2060/2060/2060 2059/2059/2059 
f 2060/2060/2060 2061/2061/2061 2059/2059/2059 
f 2059/2059/2059 2061/2061/2061 2062/2062/2062 
f 2061/2061/2061 2063/2063/2063 2062/2062/2062 
f 2062/2062/2062 2063/2063/2063 2064/2064/2064 
f 2063/2063/2063 2065/2065/2065 2064/2064/2064 
f 2064/2064/2064 2065/2065/2065 2065/2065/2065 
f 2065/2065/2065 2066/2066/2066 2065/2065/2065 
f 2065/2065/2065 2066/2066/2066 2066/2066/2066 
f 2066/2066/2066 2067/2067/2067 2066/2066/2066 
f 2066/2066/2066 2067/2067/2067 2068/2068/2068 
f 2067/2067/2067 2067/2067/2067 2068/2068/2068 
f 2068/2068/2068 2067/2067/2067 2069/2069/2069 
f 2067/2067/2067 2070/2070/2070 2069/2069/2069 
f 2069/2069/2069 2070/2070/2070 2071/2071/2071 
f 2070/2070/2070 2072/2072/2072 2071/2071/2071 
f 2071/2071/2071 2072/2072/2072 2073/2073/2073 
f 2072/2072/2072 2073/2073/2073 2073/2073/2073 
f 2073/2073/2073 2073/2073/2073 2074/2074/2074 
f 2073/2073/2073 2074/2074/2074 2074/2074/2074 
f 2074/2074/2074 2074/2074/2074 2075/2075/2075 
f 2074/2074/2074 2076/2076/2076 2075/2075/2075 
f 2075/2075/2075 2076/2076/2076 2075/2075/2075 
f 2076/2076/2076 2077/2077/2077 2075/2075/2075 
f 2075/2075/2075 2077/2077/2077 2075/2075/2075 
f 2077/2077/2077 2078/2078/2078 2075/2075/2075 
f 2075/2075/2075 2078/2078/2078 2079/2079/2079 
f 2078/2078/2078 2079/2079/2079 2079/2079/2079 
f 2079/2079/2079 2079/2079/2079 2080/2080/2080 
f 2079/2079/2079 2080/2080/2080 2080/2080/2080 
f 2080/2080/2080 2080/2080/2080 2081/2081/2081 
f 2080/2080/2080 2082/2082/2082 2081/2081/2081 
f 2081/2081/2081 2082/2082/2082 2081/2081/2081 
f 2082/2082/2082 2083/2083/2083 2081/2081/2081 
f 2081/2081/2081 2083/2083/2083 2084/2084/2084 
f 2083/2083/2083 2085/2085/2085 2084/2084/2084 
f 2084/2084/2084 2085/2085/2085 2086/2086/2086 
f 2085/2085/2085 2087/2087/2087 2086/2086/2086 
f 2086/2086/2086 2087/2087/2087 2088/2088/2088 
f 2087/2087/2087 2089/2089/2089 2088/2088/2088 
f 2088/2088/2088 2089/2089/2089 2088/2088/2088 
f 2089/2089/2089 2090/2090/2090 2088/2088/2088 
f 2088/2088/2088 2090/2090/2090 2091/2091/2091 
f 2090/2090/2090 2091/2091/2091 2091/2091/2091 
f 2091/2091/2091 2091/2091/2091 2092/2092/2092 
f 2091/2091/2091 2092/2092/2092 2092/2092/2092 
f 2092/2092/2092 2092/2092/2092 2093/2093/2093 
f 2092/2092/2092 2094/2094/2094 2093/2093/2093 
f 2093/2093/2093 2094/2094/2094 2093/2093/2093 
f 2094/2094/2094 2095/2095/2095 2093/2093/2093 
f 2093/2093/2093 2095/2095/2095 2096/2096/2096 
f 2095/2095/2095 2097/2097/2097 2096/2096/2096 
f 2096/2096/2096 2097/2097/2097 2098/2098/2098 
f 2097/2097/2097 2099/2099/2099 2098/2098/2098 
f 2098/2098/2098 2099/2099/2099 2100/2100/2100 
f 2099/2099/2099 2101/2101/2101 2100/2100/2100 
f 2100/2100/2100 2101/2101/2101 2101/2101/2101 
f 2101/2101/2101 2102/2102/2102 2101/2101/2101 
f 2101/2101/2101 2102/2102/2102 2102/2102/2102 
f 2102/2102/2102 2103/2103/2103 2102/2102/2102 
f 2102/2102/2102 2103/2103/2103 2104/2104/2104 
f 2103/2103/2103 2105/2105/2105 2104/2104/2104 
f 2104/2104/2104 2105/2105/2105 2106/2106/2106 
f 2105/2105/2105 2107/2107/2107 2106/2106/2106 
f 2106/2106/2106 2107/2107/2107 2108/2108/2108 
f 2107/2107/2107 2109/2109/2109 2108/2108/2108 
f 2108/2108/2108 2109/2109/2109 2110/2110/2110 
f 2109/2109/2109 2111/2111/2111 2110/2110/2110 
f 2110/2110/2110 2111/2111/2111 2111/2111/2111 
f 2111/2111/2111 2112/2112/2112 2111/2111/2111 
f 2111/2111/2111 2112/2112/2112 2112/2112/2112 
f 2112/2112/2112 2113/2113/2113 2112/2112/2112 
f 2112/2112/2112 2113/2113/2113 2114/2114/2114 
f 2113/2113/2113 2113/2113/2113 2114/2114/2114 
f 2114/2114/2114 2113/2113/2113 2115/2115/2115 
f 2113/2113/2113 2116/2116/2116 2115/2115/2115 
f 2115/2115/2115 2116/2116/2116 2117/2117/2117 
f 2116/2116/2116 2118/2118/2118 2117/2117/2117 
f 2117/2117/2117 2118/2118/2118 2119/2119/2119 
f 2118/2118/2118 2120/2120/2120 2119/2119/2119 
f 2119/2119/2119 2120/2120/2120 2121/2121/2121 
f 2120/2120/2120 2122/2122/2122 2121/2121/2121 
f 2121/2121/2121 2122/2122/2122 2123/2123/2123 
f 2122/2122/2122 2124/2124/2124 2123/2123/2123 
f 2123/2123/2123 2124/2124/2124 2123/2123/2123 
f 2124/2124/2124 2125/2125/2125 2123/2123/2123 
f 2123/2123/2123 2125/2125/2125 2126/2126/2126 
f 2125/2125/2125 2127/2127/2127 2126/2126/2126 
f 2126/2126/2126 2127/2127/2127 2128/2128/2128 
f 2127/2127/2127 2128/2128/2128 2128/2128/2128 
f 2128/2128/2128 2128/2128/2128 2114/2114/2114 
f 2128/2128/2128 2114/2114/2114 2114/2114/2114 
f 2114/2114/2114 2114/2114/2114 2112/2112/2112 
f 2114/2114/2114 2129/2129/2129 2112/2112/2112 
f 2112/2112/2112 2129/2129/2129 2130/2130/2130 
f 2129/2129/2129 2131/2131/2131 2130/2130/2130 
f 2130/2130/2130 2131/2131/2131 2132/2132/2132 
f 2131/2131/2131 2133/2133/2133 2132/2132/2132 
f 2132/2132/2132 2133/2133/2133 2133/2133/2133 
f 2133/2133/2133 2134/2134/2134 2133/2133/2133 
f 2133/2133/2133 2134/2134/2134 2134/2134/2134 
f 2134/2134/2134 2135/2135/2135 2134/2134/2134 
f 2134/2134/2134 2135/2135/2135 2136/2136/2136 
f 2135/2135/2135 2135/2135/2135 2136/2136/2136 
f 2136/2136/2136 2135/2135/2135 2137/2137/2137 
f 2135/2135/2135 2138/2138/2138 2137/2137/2137 
f 2137/2137/2137 2138/2138/2138 2139/2139/2139 
f 2138/2138/2138 2140/2140/2140 2139/2139/2139 
f 2139/2139/2139 2140/2140/2140 2141/2141/2141 
f 2140/2140/2140 2142/2142/2142 2141/2141/2141 
f 2141/2141/2141 2142/2142/2142 2143/2143/2143 
f 2142/2142/2142 2142/2142/2142 2143/2143/2143 
f 2143/2143/2143 2142/2142/2142 2144/2144/2144 
f 2142/2142/2142 2145/2145/2145 2144/2144/2144 
f 2144/2144/2144 2145/2145/2145 2146/2146/2146 
f 2145/2145/2145 2147/2147/2147 2146/2146/2146 
f 2146/2146/2146 2147/2147/2147 2146/2146/2146 
f 2147/2147/2147 2148/2148/2148 2146/2146/2146 
f 2146/2146/2146 2148/2148/2148 2149/2149/2149 
f 2148/2148/2148 2150/2150/2150 2149/2149/2149 
f 2149/2149/2149 2150/2150/2150 2151/2151/2151 
f 2150/2150/2150 2152/2152/2152 2151/2151/2151 
f 2151/2151/2151 2152/2152/2152 2153/2153/2153 
f 2152/2152/2152 2154/2154/2154 2153/2153/2153 
f 2153/2153/2153 2154/2154/2154 2155/2155/2155 
f 2154/2154/2154 2155/2155/2155 2155/2155/2155 
f 2155/2155/2155 2155/2155/2155 2156/2156/2156 
f 2155/2155/2155 2156/2156/2156 2156/2156/2156 
f 2156/2156/2156 2156/2156/2156 2157/2157/2157 
f 2156/2156/2156 2158/2158/2158 2157/2157/2157 
f 2157/2157/2157 2158/2158/2158 2157/2157/2157 
f 2158/2158/2158 2159/2159/2159 2157/2157/2157 
f 2157/2157/2157 2159/2159/2159 2160/2160/2160 
f 2159/2159/2159 2161/2161/2161 2160/2160/2160 
f 2160/2160/2160 2161/2161/2161 2162/2162/2162 
f 2161/2161/2161 2163/2163/2163 2162/2162/2162 
f 2162/2162/2162 2163/2163/2163 2164/2164/2164 
f 2163/2163/2163 2165/2165/2165 2164/2164/2164 
f 2164/2164/2164 2165/2165/2165 2166/2166/2166 
f 2165/2165/2165 2167/2167/2167 2166/2166/2166 
f 2166/2166/2166 2167/2167/2167 2166/2166/2166 
f 2167/2167/2167 2168/2168/2168 2166/2166/2166 
f 2166/2166/2166 2168/2168/2168 2169/2169/2169 
f 2168/2168/2168 2169/2169/2169 2169/2169/2169 
f 2169/2169/2169 2169/2169/2169 2170/2170/2170 
f 2169/2169/2169 2170/2170/2170 2170/2170/2170 
f 2170/2170/2170 2170/2170/2170 2171/2171/2171 
f 2170/2170/2170 2172/2172/2172 2171/2171/2171 
f 2171/2171/2171 2172/2172/2172 2171/2171/2171 
f 2172/2172/2172 2173/2173/2173 2171/2171/2171 
f 2171/2171/2171 2173/2173/2173 2174/2174/2174 
f 2173/2173/2173 2175/2175/2175 2174/2174/2174 
f 2174/2174/2174 2175/2175/2175 2176/2176/2176 
f 2175/2175/2175 2177/2177/2177 2176/2176/2176 
f 2176/2176/2176 2177/2177/2177 2176/2176/2176 
f 2177/2177/2177 2178/2178/2178 2176/2176/2176 
f 2176/2176/2176 2178/2178/2178 2179/2179/2179 
f 2178/2178/2178 2180/2180/2180 2179/2179/2179 
f 2179/2179/2179 2180/2180/2180 2181/2181/2181 
f 2180/2180/2180 2181/2181/2181 2181/2181/2181 
f 2181/2181/2181 2181/2181/2181 2182/2182/2182 
f 2181/2181/2181 2182/2182/2182 2182/2182/2182 
f 2182/2182/2182 2182/2182/2182 2183/2183/2183 
f 2182/2182/2182 2184/2184/2184 2183/2183/2183 
f 2183/2183/2183 2184/2184/2184 2185/2185/2185 
f 2184/2184/2184 2186/2186/2186 2185/2185/2185 
f 2185/2185/2185 2186/2186/2186 2187/2187/2187 
f 2186/2186/2186 2188/2188/2188 2187/2187/2187 
f 2187/2187/2187 2188/2188/2188 2189/2189/2189 
f 2188/2188/2188 2190/2190/2190 2189/2189/2189 
f 2189/2189/2189 2190/2190/2190 2191/2191/2191 
f 2190/2190/2190 2192/2192/2192 2191/2191/2191 
f 2191/2191/2191 2192/2192/2192 2193/2193/2193 
f 2192/2192/2192 2194/2194/2194 2193/2193/2193 
f 2193/2193/2193 2194/2194/2194 2195/2195/2195 
f 2194/2194/2194 2196/2196/2196 2195/2195/2195 
f 2195/2195/2195 2196/2196/2196 2196/2196/2196 
f 2196/2196/2196 2184/2184/2184 2196/2196/2196 
f 2196/2196/2196 2184/2184/2184 2184/2184/2184 
f 2184/2184/2184 2182/2182/2182 2184/2184/2184 
f 2184/2184/2184 2182/2182/2182 2197/2197/2197 
f 2182/2182/2182 2198/2198/2198 2197/2197/2197 
f 2197/2197/2197 2198/2198/2198 2199/2199/2199 
f 2198/2198/2198 2199/2199/2199 2199/2199/2199 
f 2199/2199/2199 2199/2199/2199 2200/2200/2200 
f 2199/2199/2199 2200/2200/2200 2200/2200/2200 
f 2200/2200/2200 2200/2200/2200 2201/2201/2201 
f 2200/2200/2200 2202/2202/2202 2201/2201/2201 
f 2201/2201/2201 2202/2202/2202 2201/2201/2201 
f 2202/2202/2202 2203/2203/2203 2201/2201/2201 
f 2201/2201/2201 2203/2203/2203 2201/2201/2201 
f 2203/2203/2203 2204/2204/2204 2201/2201/2201 
f 2201/2201/2201 2204/2204/2204 2201/2201/2201 
f 2204/2204/2204 2205/2205/2205 2201/2201/2201 
f 2201/2201/2201 2205/2205/2205 2201/2201/2201 
f 2205/2205/2205 2206/2206/2206 2201/2201/2201 
f 2201/2201/2201 2206/2206/2206 2201/2201/2201 
f 2206/2206/2206 2207/2207/2207 2201/2201/2201 
f 2201/2201/2201 2207/2207/2207 2201/2201/2201 
f 2207/2207/2207 2208/2208/2208 2201/2201/2201 
f 2201/2201/2201 2208/2208/2208 2201/2201/2201 
f 2208/2208/2208 2209/2209/2209 2201/2201/2201 
f 2201/2201/2201 2209/2209/2209 2201/2201/2201 
f 2209/2209/2209 2210/2210/2210 2201/2201/2201 
f 2201/2201/2201 2210/2210/2210 2201/2201/2201 
f 2210/2210/2210 2211/2211/2211 2201/2201/2201 
f 2201/2201/2201 2211/2211/2211 2201/2201/2201 
f 2211/2211/2211 2212/2212/2212 2201/2201/2201 
f 2201/2201/2201 2212/2212/2212 2213/2213/2213 
f 2212/2212/2212 2213/2213/2213 2213/2213/2213 
f 2213/2213/2213 2213/2213/2213 2214/2214/2214 
f 2213/2213/2213 2214/2214/2214 2214/2214/2214 
f 2214/2214/2214 2214/2214/2214 2215/2215/2215 
f 2214/2214/2214 2216/2216/2216 2215/2215/2215 
f 2215/2215/2215 2216/2216/2216 2217/2217/2217 
f 2216/2216/2216 2216/2216/2216 2217/2217/2217 
f 2217/2217/2217 2216/2216/2216 2218/2218/2218 
f 2216/2216/2216 2216/2216/2216 2218/2218/2218 
f 2218/2218/2218 2216/2216/2216 2219/2219/2219 
f 2216/2216/2216 2216/2216/2216 2219/2219/2219 
f 2219/2219/2219 2216/2216/2216 2220/2220/2220 
f 2216/2216/2216 2216/2216/2216 2220/2220/2220 
f 2220/2220/2220 2216/2216/2216 2221/2221/2221 
f 2216/2216/2216 2222/2222/2222 2221/2221/2221 
f 2221/2221/2221 2222/2222/2222 2223/2223/2223 
f 2222/2222/2222 2222/2222/2222 2223/2223/2223 
f 2223/2223/2223 2222/2222/2222 2224/2224/2224 
f 2222/2222/2222 2222/2222/2222 2224/2224/2224 
f 2224/2224/2224 2222/2222/2222 2225/2225/2225 
f 2222/2222/2222 2222/2222/2222 2225/2225/2225 
f 2225/2225/2225 2222/2222/2222 2226/2226/2226 
f 2222/2222/2222 2227/2227/2227 2226/2226/2226 
f 2226/2226/2226 2227/2227/2227 2227/2227/2227 
f 2227/2227/2227 2228/2228/2228 2227/2227/2227 
f 2227/2227/2227 2228/2228/2228 2228/2228/2228 
f 2228/2228/2228 2229/2229/2229 2228/2228/2228 
f 2228/2228/2228 2229/2229/2229 2230/2230/2230 
f 2229/2229/2229 2229/2229/2229 2230/2230/2230 
f 2230/2230/2230 2229/2229/2229 2231/2231/2231 
f 2229/2229/2229 2232/2232/2232 2231/2231/2231 
f 2231/2231/2231 2232/2232/2232 2233/2233/2233 
f 2232/2232/2232 2234/2234/2234 2233/2233/2233 
f 2233/2233/2233 2234/2234/2234 2235/2235/2235 
f 2234/2234/2234 2236/2236/2236 2235/2235/2235 
f 2235/2235/2235 2236/2236/2236 2237/2237/2237 
f 2236/2236/2236 2238/2238/2238 2237/2237/2237 
f 2237/2237/2237 2238/2238/2238 2239/2239/2239 
f 2238/2238/2238 2240/2240/2240 2239/2239/2239 
f 2239/2239/2239 2240/2240/2240 2241/2241/2241 
f 2240/2240/2240 2242/2242/2242 2241/2241/2241 
f 2241/2241/2241 2242/2242/2242 2243/2243/2243 

