mtllib model_3.mtl
o model_3
v 1.2738248109817505 0.012278739362955093 -0.6984261274337769 
v 1.2175856828689575 0.47025230526924133 -0.6729384660720825 
v 1.2012827396392822 0.47025230526924133 -0.7210128307342529 
v 1.2074761390686035 0.6151340007781982 -0.6682682633399963 
v 1.190356731414795 0.6151340007781982 -0.7183838486671448 
v 1.2122067213058472 0.8287731409072876 -0.6703692674636841 
v 1.1953394412994385 0.8287731409072876 -0.7196803689002991 
v 1.183202862739563 0.6151340007781982 -0.771092414855957 
v 1.1883776187896729 0.8287731409072876 -0.7712122797966003 
v 1.2775349617004395 0.0042979842983186245 -0.700118899345398 
v 1.2650134563446045 0.0042979842983186245 -0.7361266613006592 
v 1.2610512971878052 0.012278739362955093 -0.7352383136749268 
v 1.2600442171096802 0.0042979842983186245 -0.7739711999893188 
v 1.255985975265503 0.012278739362955093 -0.7736711502075195 
v 1.2623268365859985 0.0042979842983186245 -0.8117914199829102 
v 1.1943567991256714 0.47025230526924133 -0.7715842723846436 
v 1.1975643634796143 0.47025230526924133 -0.8222393989562988 
v 1.1863983869552612 0.6151340007781982 -0.8240407705307007 
v 1.191609263420105 0.8287731409072876 -0.8232001066207886 
v 1.2000155448913574 0.6151340007781982 -0.8753077983856201 
v 1.2048901319503784 0.8287731409072876 -0.8735666871070862 
v 1.258232593536377 0.012278739362955093 -0.812451958656311 
v 1.2104490995407104 0.47025230526924133 -0.8713333010673523 
v 1.268295407295227 0.012278739362955093 -0.8499717116355896 
v 1.232926845550537 0.47025230526924133 -0.9171611070632935 
v 1.2233818769454956 0.6151340007781982 -0.9230926632881165 
v 1.2277041673660278 0.8287731409072876 -0.920295000076294 
v 1.2553926706314087 0.6151340007781982 -0.965282142162323 
v 1.2592225074768066 0.8287731409072876 -0.9618001580238342 
v 1.2720533609390259 0.0042979842983186245 -0.8484107255935669 
v 1.2886714935302734 0.0042979842983186245 -0.8827726244926453 
v 1.2851897478103638 0.012278739362955093 -0.8848618865013123 
v 1.3118810653686523 0.0042979842983186245 -0.9130160212516785 
v 1.3088915348052979 0.012278739362955093 -0.9157896041870117 
v 1.3401691913604736 0.0042979842983186245 -0.9380484819412231 
v 1.3378280401229858 0.012278739362955093 -0.9412902593612671 
v 1.301774501800537 0.47025230526924133 -0.991214394569397 
v 1.2635207176208496 0.47025230526924133 -0.9576697945594788 
v 1.3432939052581787 0.8287731409072876 -1.022513747215271 
v 1.3411929607391357 0.6151340007781982 -1.0272443294525146 
v 1.2981847524642944 0.8287731409072876 -0.9961851835250854 
v 1.2952193021774292 0.6151340007781982 -1.0002914667129517 
v 1.3458631038665771 0.47025230526924133 -1.0171347856521606 
v 1.3713507652282715 0.012278739362955093 -0.9608955979347229 
v 1.3713507652282715 0.012278739362955093 -0.9608955979347229 
v 1.3939374685287476 0.47025230526924133 -1.033437728881836 
v 1.3458631038665771 0.47025230526924133 -1.0171347856521606 
v 1.3411929607391357 0.6151340007781982 -1.0272443294525146 
v 1.3913085460662842 0.6151340007781982 -1.0443637371063232 
v 1.3432939052581787 0.8287731409072876 -1.022513747215271 
v 1.3926050662994385 0.8287731409072876 -1.0393810272216797 
v 1.4440170526504517 0.6151340007781982 -1.0515177249908447 
v 1.4441369771957397 0.8287731409072876 -1.0463428497314453 
v 1.3401691913604736 0.0042979842983186245 -0.9380484819412231 
v 1.3378280401229858 0.012278739362955093 -0.9412902593612671 
v 1.3730435371398926 0.0042979842983186245 -0.9571855664253235 
v 1.4090512990951538 0.0042979842983186245 -0.9697069525718689 
v 1.4081629514694214 0.012278739362955093 -0.9736691117286682 
v 1.4468958377838135 0.0042979842983186245 -0.974676251411438 
v 1.4465957880020142 0.012278739362955093 -0.9787344336509705 
v 1.4847160577774048 0.0042979842983186245 -0.9723936915397644 
v 1.4445089101791382 0.47025230526924133 -1.0403636693954468 
v 1.4951640367507935 0.47025230526924133 -1.037156105041504 
v 1.4969654083251953 0.6151340007781982 -1.048322081565857 
v 1.4961247444152832 0.8287731409072876 -1.0431112051010132 
v 1.5482324361801147 0.6151340007781982 -1.0347048044204712 
v 1.5464913845062256 0.8287731409072876 -1.0298303365707397 
v 1.4853765964508057 0.012278739362955093 -0.9764878749847412 
v 1.5442579984664917 0.47025230526924133 -1.0242713689804077 
v 1.522896409034729 0.012278739362955093 -0.9664250612258911 
v 1.590085744857788 0.47025230526924133 -1.001793622970581 
v 1.5960173606872559 0.6151340007781982 -1.0113385915756226 
v 1.5932196378707886 0.8287731409072876 -1.0070163011550903 
v 1.6382068395614624 0.6151340007781982 -0.9793278574943542 
v 1.6347248554229736 0.8287731409072876 -0.9754979014396667 
v 1.5213353633880615 0.0042979842983186245 -0.9626671075820923 
v 1.5556973218917847 0.0042979842983186245 -0.9460489749908447 
v 1.5577865839004517 0.012278739362955093 -0.9495307803153992 
v 1.5859407186508179 0.0042979842983186245 -0.9228394031524658 
v 1.5887142419815063 0.012278739362955093 -0.9258288741111755 
v 1.6109731197357178 0.0042979842983186245 -0.8945512771606445 
v 1.6305944919586182 0.47025230526924133 -0.9711997509002686 
v 1.6642951965332031 0.47025230526924133 -0.9327298998832703 
v 1.6733722686767578 0.6151340007781982 -0.9392850399017334 
v 1.6692659854888916 0.8287731409072876 -0.9363196492195129 
v 1.7001689672470093 0.6151340007781982 -0.8935275077819824 
v 1.6954383850097656 0.8287731409072876 -0.8914265632629395 
v 1.6142148971557617 0.012278739362955093 -0.8968924283981323 
v 1.6900594234466553 0.47025230526924133 -0.888857364654541 
v 1.6338202953338623 0.012278739362955093 -0.8633697032928467 
v 1.630110263824463 0.0042979842983186245 -0.8616769313812256 
v 1.6338202953338623 0.012278739362955093 -0.8633697032928467 
v 1.7063623666763306 0.47025230526924133 -0.8407829403877258 
v 1.6900594234466553 0.47025230526924133 -0.888857364654541 
v 1.7001689672470093 0.6151340007781982 -0.8935275077819824 
v 1.7172883749008179 0.6151340007781982 -0.8434119820594788 
v 1.6954383850097656 0.8287731409072876 -0.8914265632629395 
v 1.7123056650161743 0.8287731409072876 -0.8421154618263245 
v 1.7244423627853394 0.6151340007781982 -0.7907033562660217 
v 1.71926748752594 0.8287731409072876 -0.7905834913253784 
v 1.630110263824463 0.0042979842983186245 -0.8616769313812256 
v 1.6426316499710083 0.0042979842983186245 -0.8256691098213196 
v 1.6465938091278076 0.012278739362955093 -0.826557457447052 
v 1.6476008892059326 0.0042979842983186245 -0.7878246307373047 
v 1.6516591310501099 0.012278739362955093 -0.7881246209144592 
v 1.6453183889389038 0.0042979842983186245 -0.7500043511390686 
v 1.7132883071899414 0.47025230526924133 -0.7902114987373352 
v 1.7100807428359985 0.47025230526924133 -0.7395564317703247 
v 1.7212467193603516 0.6151340007781982 -0.7377550601959229 
v 1.7160359621047974 0.8287731409072876 -0.7385956645011902 
v 1.7076295614242554 0.6151340007781982 -0.6864879727363586 
v 1.7027549743652344 0.8287731409072876 -0.6882291436195374 
v 1.6494125127792358 0.012278739362955093 -0.7493438720703125 
v 1.6971960067749023 0.47025230526924133 -0.6904625296592712 
v 1.6393496990203857 0.012278739362955093 -0.7118240594863892 
v 1.6747183799743652 0.47025230526924133 -0.6446347236633301 
v 1.6842632293701172 0.6151340007781982 -0.6387031674385071 
v 1.6799410581588745 0.8287731409072876 -0.6415008306503296 
v 1.6522525548934937 0.6151340007781982 -0.5965136885643005 
v 1.6484225988388062 0.8287731409072876 -0.5999956727027893 
v 1.635591745376587 0.0042979842983186245 -0.7133850455284119 
v 1.6189736127853394 0.0042979842983186245 -0.6790232062339783 
v 1.622455358505249 0.012278739362955093 -0.6769339442253113 
v 1.5957640409469604 0.0042979842983186245 -0.6487797498703003 
v 1.598753571510315 0.012278739362955093 -0.646006166934967 
v 1.5672597885131836 0.0042979842983186245 -0.6235913038253784 
v 1.6441243886947632 0.47025230526924133 -0.6041260361671448 
v 1.6056544780731201 0.47025230526924133 -0.5704253315925598 
v 1.612209677696228 0.6151340007781982 -0.5613481998443604 
v 1.6092442274093628 0.8287731409072876 -0.5654545426368713 
v 1.566452145576477 0.6151340007781982 -0.5345514416694641 
v 1.564351201057434 0.8287731409072876 -0.5392820835113525 
v 1.5696009397506714 0.012278739362955093 -0.6203494668006897 
v 1.5617820024490356 0.47025230526924133 -0.5446610450744629 
v 1.5362943410873413 0.012278739362955093 -0.6009002327919006 
v 1.5346015691757202 0.0042979842983186245 -0.6046102643013 
v 1.5362943410873413 0.012278739362955093 -0.6009002327919006 
v 1.5137076377868652 0.47025230526924133 -0.5283580422401428 
v 1.5617820024490356 0.47025230526924133 -0.5446610450744629 
v 1.566452145576477 0.6151340007781982 -0.5345514416694641 
v 1.5163366794586182 0.6151340007781982 -0.5174320936203003 
v 1.564351201057434 0.8287731409072876 -0.5392820835113525 
v 1.5150401592254639 0.8287731409072876 -0.5224148035049438 
v 1.4636280536651611 0.6151340007781982 -0.5102781653404236 
v 1.463508129119873 0.8287731409072876 -0.5154529213905334 
v 1.5346015691757202 0.0042979842983186245 -0.6046102643013 
v 1.498593807220459 0.0042979842983186245 -0.5920888185501099 
v 1.4994821548461914 0.012278739362955093 -0.5881266593933105 
v 1.4607492685317993 0.0042979842983186245 -0.5871195197105408 
v 1.4610493183135986 0.012278739362955093 -0.5830613374710083 
v 1.422929048538208 0.0042979842983186245 -0.5894021391868591 
v 1.4631361961364746 0.47025230526924133 -0.5214321613311768 
v 1.4124810695648193 0.47025230526924133 -0.5246397256851196 
v 1.4106796979904175 0.6151340007781982 -0.5134738087654114 
v 1.4115203619003296 0.8287731409072876 -0.5186845660209656 
v 1.359412670135498 0.6151340007781982 -0.5270909667015076 
v 1.3611537218093872 0.8287731409072876 -0.5319654941558838 
v 1.4222685098648071 0.012278739362955093 -0.5853079557418823 
v 1.363387107849121 0.47025230526924133 -0.537524402141571 
v 1.3847486972808838 0.012278739362955093 -0.5953707098960876 
v 1.3175593614578247 0.47025230526924133 -0.5600021481513977 
v 1.3116278648376465 0.6151340007781982 -0.550457239151001 
v 1.3144254684448242 0.8287731409072876 -0.5547794699668884 
v 1.2694382667541504 0.6151340007781982 -0.5824679732322693 
v 1.2729203701019287 0.8287731409072876 -0.586297869682312 
v 1.3863097429275513 0.0042979842983186245 -0.5991286635398865 
v 1.3519479036331177 0.0042979842983186245 -0.6157468557357788 
v 1.3498586416244507 0.012278739362955093 -0.6122650504112244 
v 1.3217045068740845 0.0042979842983186245 -0.6389564275741577 
v 1.3189308643341064 0.012278739362955093 -0.6359668970108032 
v 1.296515941619873 0.0042979842983186245 -0.6674606204032898 
v 1.2770507335662842 0.47025230526924133 -0.5905960202217102 
v 1.2433500289916992 0.47025230526924133 -0.6290659308433533 
v 1.234272837638855 0.6151340007781982 -0.6225107312202454 
v 1.2383792400360107 0.8287731409072876 -0.6254761815071106 
v 1.2122067213058472 0.8287731409072876 -0.6703692674636841 
v 1.2074761390686035 0.6151340007781982 -0.6682682633399963 
v 1.2175856828689575 0.47025230526924133 -0.6729384660720825 
v 1.293274164199829 0.012278739362955093 -0.6651195287704468 
v 1.2775349617004395 0.0042979842983186245 -0.700118899345398 
v 1.2738248109817505 0.012278739362955093 -0.6984261274337769 
v 1.296515941619873 0.0042979842983186245 -0.6674606204032898 
v 1.2775349617004395 0.0042979842983186245 -0.700118899345398 
v 1.2843667268753052 6.706342787765607e-7 -0.703408420085907 
v 1.2725656032562256 6.706342787765607e-7 -0.7379633784294128 
v 1.2650134563446045 0.0042979842983186245 -0.7361266613006592 
v 1.267728328704834 6.706342787765607e-7 -0.774259090423584 
v 1.2600442171096802 0.0042979842983186245 -0.7739711999893188 
v 1.2697707414627075 6.706342787765607e-7 -0.8105905055999756 
v 1.2623268365859985 0.0042979842983186245 -0.8117914199829102 
v 1.27925705909729 6.706342787765607e-7 -0.8457210659980774 
v 1.2720533609390259 0.0042979842983186245 -0.8484107255935669 
v 1.2952629327774048 6.706342787765607e-7 -0.8786541819572449 
v 1.2886714935302734 0.0042979842983186245 -0.8827726244926453 
v 1.3173317909240723 6.706342787765607e-7 -0.9077450037002563 
v 1.3118810653686523 0.0042979842983186245 -0.9130160212516785 
v 1.3446954488754272 6.706342787765607e-7 -0.9317809343338013 
v 1.3401691913604736 0.0042979842983186245 -0.9380484819412231 
v 1.3763331174850464 6.706342787765607e-7 -0.950353741645813 
v 1.3730435371398926 0.0042979842983186245 -0.9571855664253235 
v 1.4108880758285522 6.706342787765607e-7 -0.9621548652648926 
v 1.4090512990951538 0.0042979842983186245 -0.9697069525718689 
v 1.4471837282180786 6.706342787765607e-7 -0.9669921398162842 
v 1.4468958377838135 0.0042979842983186245 -0.974676251411438 
v 1.4835151433944702 6.706342787765607e-7 -0.9649497270584106 
v 1.4847160577774048 0.0042979842983186245 -0.9723936915397644 
v 1.5186457633972168 6.706342787765607e-7 -0.9554633498191833 
v 1.5213353633880615 0.0042979842983186245 -0.9626671075820923 
v 1.5515788793563843 6.706342787765607e-7 -0.9394575357437134 
v 1.5556973218917847 0.0042979842983186245 -0.9460489749908447 
v 1.580669641494751 6.706342787765607e-7 -0.9173886775970459 
v 1.5859407186508179 0.0042979842983186245 -0.9228394031524658 
v 1.604705572128296 6.706342787765607e-7 -0.8900250792503357 
v 1.6109731197357178 0.0042979842983186245 -0.8945512771606445 
v 1.6232783794403076 6.706342787765607e-7 -0.8583874106407166 
v 1.630110263824463 0.0042979842983186245 -0.8616769313812256 
v 1.6350795030593872 6.706342787765607e-7 -0.8238323926925659 
v 1.6426316499710083 0.0042979842983186245 -0.8256691098213196 
v 1.6399167776107788 6.706342787765607e-7 -0.7875367403030396 
v 1.6476008892059326 0.0042979842983186245 -0.7878246307373047 
v 1.6378743648529053 6.706342787765607e-7 -0.7512052655220032 
v 1.6453183889389038 0.0042979842983186245 -0.7500043511390686 
v 1.6283880472183228 6.706342787765607e-7 -0.7160747647285461 
v 1.635591745376587 0.0042979842983186245 -0.7133850455284119 
v 1.612382173538208 6.706342787765607e-7 -0.6831416487693787 
v 1.6189736127853394 0.0042979842983186245 -0.6790232062339783 
v 1.5903133153915405 6.706342787765607e-7 -0.6540508270263672 
v 1.5957640409469604 0.0042979842983186245 -0.6487797498703003 
v 1.5627336502075195 6.706342787765607e-7 -0.6298587918281555 
v 1.5672597885131836 0.0042979842983186245 -0.6235913038253784 
v 1.531312108039856 6.706342787765607e-7 -0.6114420294761658 
v 1.5346015691757202 0.0042979842983186245 -0.6046102643013 
v 1.4967570304870605 6.706342787765607e-7 -0.599640965461731 
v 1.498593807220459 0.0042979842983186245 -0.5920888185501099 
v 1.4604613780975342 6.706342787765607e-7 -0.5948036909103394 
v 1.4607492685317993 0.0042979842983186245 -0.5871195197105408 
v 1.4241299629211426 6.706342787765607e-7 -0.5968461036682129 
v 1.422929048538208 0.0042979842983186245 -0.5894021391868591 
v 1.3889994621276855 6.706342787765607e-7 -0.6063324213027954 
v 1.3863097429275513 0.0042979842983186245 -0.5991286635398865 
v 1.356066346168518 6.706342787765607e-7 -0.6223382353782654 
v 1.3519479036331177 0.0042979842983186245 -0.6157468557357788 
v 1.3269754648208618 6.706342787765607e-7 -0.6444071531295776 
v 1.3217045068740845 0.0042979842983186245 -0.6389564275741577 
v 1.302783489227295 6.706342787765607e-7 -0.6719868183135986 
v 1.2665517330169678 0.012278739362955093 -0.7740669846534729 
v 1.2009141445159912 0.8300009369850159 -0.8216989636421204 
v 1.2686541080474854 0.012278739362955093 -0.8107706308364868 
v 1.2135226726531982 0.8300009369850159 -0.8702645897865295 
v 1.278200626373291 0.012278739362955093 -0.8462733626365662 
v 1.2357242107391357 0.8300009369850159 -0.9155641794204712 
v 1.2942063808441162 0.012278739362955093 -0.8792064785957336 
v 1.2660419940948486 0.8300009369850159 -0.9555445313453674 
v 1.3164913654327393 0.012278739362955093 -0.9084534049034119 
v 1.3036473989486694 0.8300009369850159 -0.988620936870575 
v 1.3439149856567383 0.012278739362955093 -0.9328615069389343 
v 1.3470876216888428 0.8300009369850159 -1.0140730142593384 
v 1.375924825668335 0.012278739362955093 -0.9513742923736572 
v 1.19761061668396 0.8300009369850159 -0.771632194519043 
v 1.2713890075683594 0.012278739362955093 -0.7377713322639465 
v 1.2044404745101929 0.8300009369850159 -0.7216491103172302 
v 1.283346176147461 0.012278739362955093 -0.7030001878738403 
v 1.2206474542617798 0.8300009369850159 -0.6741629838943481 
v 1.3470876216888428 0.8300009369850159 -1.0140730142593384 
v 1.375924825668335 0.012278739362955093 -0.9513742923736572 
v 1.39457368850708 0.8300009369850159 -1.0302799940109253 
v 1.410696029663086 0.012278739362955093 -0.9633314609527588 
v 1.4445568323135376 0.8300009369850159 -1.0371098518371582 
v 1.4469916820526123 0.012278739362955093 -0.9681687951087952 
v 1.4946236610412598 0.8300009369850159 -1.033806324005127 
v 1.4836952686309814 0.012278739362955093 -0.966066300868988 
v 1.543189287185669 0.8300009369850159 -1.02119779586792 
v 1.5191980600357056 0.012278739362955093 -0.9565199017524719 
v 1.5884888172149658 0.8300009369850159 -0.9989961981773376 
v 1.552131175994873 0.012278739362955093 -0.940514087677002 
v 1.6284692287445068 0.8300009369850159 -0.9686784744262695 
v 1.5813781023025513 0.012278739362955093 -0.9182291030883789 
v 1.6617016792297363 0.8300009369850159 -0.9308569431304932 
v 1.6057862043380737 0.012278739362955093 -0.8908054828643799 
v 1.686997652053833 0.8300009369850159 -0.8876327872276306 
v 1.6242989301681519 0.012278739362955093 -0.8587955832481384 
v 1.686997652053833 0.8300009369850159 -0.8876327872276306 
v 1.6242989301681519 0.012278739362955093 -0.8587955832481384 
v 1.7032047510147095 0.8300009369850159 -0.8401467204093933 
v 1.6362560987472534 0.012278739362955093 -0.824024498462677 
v 1.7100346088409424 0.8300009369850159 -0.7901636362075806 
v 1.641093373298645 0.012278739362955093 -0.7877287864685059 
v 1.7067309617996216 0.8300009369850159 -0.7400968074798584 
v 1.6389909982681274 0.012278739362955093 -0.7510251402854919 
v 1.6941224336624146 0.8300009369850159 -0.6915311813354492 
v 1.6294445991516113 0.012278739362955093 -0.7155224084854126 
v 1.671920895576477 0.8300009369850159 -0.6462316513061523 
v 1.6134387254714966 0.012278739362955093 -0.6825892925262451 
v 1.6416031122207642 0.8300009369850159 -0.6062512993812561 
v 1.5911537408828735 0.012278739362955093 -0.6533423662185669 
v 1.6037815809249878 0.8300009369850159 -0.5730187892913818 
v 1.563513994216919 0.012278739362955093 -0.6287782192230225 
v 1.56055748462677 0.8300009369850159 -0.5477227568626404 
v 1.5317202806472778 0.012278739362955093 -0.6104214787483215 
v 1.56055748462677 0.8300009369850159 -0.5477227568626404 
v 1.5317202806472778 0.012278739362955093 -0.6104214787483215 
v 1.5130714178085327 0.8300009369850159 -0.5315157771110535 
v 1.4969491958618164 0.012278739362955093 -0.59846431016922 
v 1.4630882740020752 0.8300009369850159 -0.5246859192848206 
v 1.4606534242630005 0.012278739362955093 -0.5936270356178284 
v 1.413021445274353 0.8300009369850159 -0.5279895067214966 
v 1.4239498376846313 0.012278739362955093 -0.5957294702529907 
v 1.3644558191299438 0.8300009369850159 -0.5405980348587036 
v 1.3884470462799072 0.012278739362955093 -0.6052759289741516 
v 1.319156289100647 0.8300009369850159 -0.5627995729446411 
v 1.3555139303207397 0.012278739362955093 -0.6212816834449768 
v 1.279175877571106 0.8300009369850159 -0.5931172966957092 
v 1.3262670040130615 0.012278739362955093 -0.6435667276382446 
v 1.2459434270858765 0.8300009369850159 -0.6309388279914856 
v 1.301702857017517 0.012278739362955093 -0.6712064743041992 
v 1.2206474542617798 0.8300009369850159 -0.6741629838943481 
v 1.283346176147461 0.012278739362955093 -0.7030001878738403 
v 1.2122067213058472 0.8287731409072876 -0.6703692674636841 
v 1.2383792400360107 0.8287731409072876 -0.6254761815071106 
v 1.2459434270858765 0.8300009369850159 -0.6309388279914856 
v 1.279175877571106 0.8300009369850159 -0.5931172966957092 
v 1.2729203701019287 0.8287731409072876 -0.586297869682312 
v 1.319156289100647 0.8300009369850159 -0.5627995729446411 
v 1.3144254684448242 0.8287731409072876 -0.5547794699668884 
v 1.3644558191299438 0.8300009369850159 -0.5405980348587036 
v 1.3611537218093872 0.8287731409072876 -0.5319654941558838 
v 1.413021445274353 0.8300009369850159 -0.5279895067214966 
v 1.4115203619003296 0.8287731409072876 -0.5186845660209656 
v 1.4630882740020752 0.8300009369850159 -0.5246859192848206 
v 1.463508129119873 0.8287731409072876 -0.5154529213905334 
v 1.5130714178085327 0.8300009369850159 -0.5315157771110535 
v 1.5150401592254639 0.8287731409072876 -0.5224148035049438 
v 1.56055748462677 0.8300009369850159 -0.5477227568626404 
v 1.564351201057434 0.8287731409072876 -0.5392820835113525 
v 1.6037815809249878 0.8300009369850159 -0.5730187892913818 
v 1.6092442274093628 0.8287731409072876 -0.5654545426368713 
v 1.6416031122207642 0.8300009369850159 -0.6062512993812561 
v 1.6484225988388062 0.8287731409072876 -0.5999956727027893 
v 1.671920895576477 0.8300009369850159 -0.6462316513061523 
v 1.6799410581588745 0.8287731409072876 -0.6415008306503296 
v 1.6941224336624146 0.8300009369850159 -0.6915311813354492 
v 1.7027549743652344 0.8287731409072876 -0.6882291436195374 
v 1.7067309617996216 0.8300009369850159 -0.7400968074798584 
v 1.7160359621047974 0.8287731409072876 -0.7385956645011902 
v 1.7100346088409424 0.8300009369850159 -0.7901636362075806 
v 1.71926748752594 0.8287731409072876 -0.7905834913253784 
v 1.7032047510147095 0.8300009369850159 -0.8401467204093933 
v 1.7123056650161743 0.8287731409072876 -0.8421154618263245 
v 1.686997652053833 0.8300009369850159 -0.8876327872276306 
v 1.6954383850097656 0.8287731409072876 -0.8914265632629395 
v 1.6617016792297363 0.8300009369850159 -0.9308569431304932 
v 1.6692659854888916 0.8287731409072876 -0.9363196492195129 
v 1.6284692287445068 0.8300009369850159 -0.9686784744262695 
v 1.6347248554229736 0.8287731409072876 -0.9754979014396667 
v 1.5884888172149658 0.8300009369850159 -0.9989961981773376 
v 1.5932196378707886 0.8287731409072876 -1.0070163011550903 
v 1.543189287185669 0.8300009369850159 -1.02119779586792 
v 1.5464913845062256 0.8287731409072876 -1.0298303365707397 
v 1.4946236610412598 0.8300009369850159 -1.033806324005127 
v 1.4961247444152832 0.8287731409072876 -1.0431112051010132 
v 1.4445568323135376 0.8300009369850159 -1.0371098518371582 
v 1.4441369771957397 0.8287731409072876 -1.0463428497314453 
v 1.39457368850708 0.8300009369850159 -1.0302799940109253 
v 1.3926050662994385 0.8287731409072876 -1.0393810272216797 
v 1.3470876216888428 0.8300009369850159 -1.0140730142593384 
v 1.3432939052581787 0.8287731409072876 -1.022513747215271 
v 1.3036473989486694 0.8300009369850159 -0.988620936870575 
v 1.2981847524642944 0.8287731409072876 -0.9961851835250854 
v 1.2660419940948486 0.8300009369850159 -0.9555445313453674 
v 1.2592225074768066 0.8287731409072876 -0.9618001580238342 
v 1.2357242107391357 0.8300009369850159 -0.9155641794204712 
v 1.2277041673660278 0.8287731409072876 -0.920295000076294 
v 1.2135226726531982 0.8300009369850159 -0.8702645897865295 
v 1.2048901319503784 0.8287731409072876 -0.8735666871070862 
v 1.2009141445159912 0.8300009369850159 -0.8216989636421204 
v 1.191609263420105 0.8287731409072876 -0.8232001066207886 
v 1.19761061668396 0.8300009369850159 -0.771632194519043 
v 1.1883776187896729 0.8287731409072876 -0.7712122797966003 
v 1.2044404745101929 0.8300009369850159 -0.7216491103172302 
v 1.1953394412994385 0.8287731409072876 -0.7196803689002991 
v 1.2206474542617798 0.8300009369850159 -0.6741629838943481 
v 1.7001689672470093 0.8226341009140015 -0.8935275077819824 
v 1.7172883749008179 0.8226341009140015 -0.8434119820594788 
v 1.6950061321258545 0.8318426609039307 -0.8911144137382507 
v 1.7117173671722412 0.8318426609039307 -0.8420194387435913 
v 1.724658489227295 0.8226341009140015 -0.7908594608306885 
v 1.7186791896820068 0.8318426609039307 -0.7904874682426453 
v 1.7212467193603516 0.8226341009140015 -0.7377550601959229 
v 1.7156636714935303 0.8318426609039307 -0.7386557459831238 
v 1.7077856063842773 0.8226341009140015 -0.6862718462944031 
v 1.7022266387939453 0.8318426609039307 -0.6885052919387817 
v 1.6842632293701172 0.8226341009140015 -0.6387031674385071 
v 1.6794127225875854 0.8318426609039307 -0.641776978969574 
v 1.6522525548934937 0.8226341009140015 -0.5965136885643005 
v 1.6481103897094727 0.8318426609039307 -0.6004279255867004 
v 1.6125819683074951 0.8226341009140015 -0.5612881779670715 
v 1.6091482639312744 0.8318426609039307 -0.5660428404808044 
v 1.6007201671600342 0.8226341009140015 -0.5777134299278259 
v 1.6041538715362549 0.8318426609039307 -0.5729587078094482 
v 1.6374610662460327 0.8226341009140015 -0.610165536403656 
v 1.6416031122207642 0.8318426609039307 -0.6062512993812561 
v 1.6674425601959229 0.8226341009140015 -0.6492454409599304 
v 1.6722930669784546 0.8318426609039307 -0.6461716294288635 
v 1.688875675201416 0.8226341009140015 -0.6933323740959167 
v 1.6942784786224365 0.8318426609039307 -0.6913150548934937 
v 1.7015202045440674 0.8226341009140015 -0.7409374713897705 
v 1.7071031332015991 0.8318426609039307 -0.7400367856025696 
v 1.7044875621795654 0.8226341009140015 -0.7901037931442261 
v 1.710250735282898 0.8318426609039307 -0.7903196811676025 
v 1.6980059146881104 0.8226341009140015 -0.838694155216217 
v 1.703576922416687 0.8318426609039307 -0.8400866985321045 
v 1.6818348169326782 0.8226341009140015 -0.8852196931838989 
v 1.686997652053833 0.8318426609039307 -0.8876327872276306 
v 1.6734323501586914 0.8226341009140015 -0.9396572709083557 
v 1.668677568435669 0.8318426609039307 -0.936223566532135 
v 1.7001689672470093 0.8226341009140015 -0.8935275077819824 
v 1.6950061321258545 0.8318426609039307 -0.8911144137382507 
v 1.668677568435669 0.8318426609039307 -0.936223566532135 
v 1.6734323501586914 0.8226341009140015 -0.9396572709083557 
v 1.6342926025390625 0.8318426609039307 -0.975185751914978 
v 1.6382068395614624 0.8226341009140015 -0.9793278574943542 
v 1.5929434299468994 0.8318426609039307 -1.0064880847930908 
v 1.5960173606872559 0.8226341009140015 -1.0113385915756226 
v 1.5462151765823364 0.8318426609039307 -1.0293020009994507 
v 1.5484485626220703 0.8226341009140015 -1.0348609685897827 
v 1.4960647821426392 0.8318426609039307 -1.0427390336990356 
v 1.4969654083251953 0.8226341009140015 -1.048322081565857 
v 1.4442329406738281 0.8318426609039307 -1.0457545518875122 
v 1.4438610076904297 0.8226341009140015 -1.0517337322235107 
v 1.3927010297775269 0.8318426609039307 -1.0387927293777466 
v 1.3913085460662842 0.8226341009140015 -1.0443637371063232 
v 1.3436061143875122 0.8318426609039307 -1.0220814943313599 
v 1.3411929607391357 0.8226341009140015 -1.0272443294525146 
v 1.6818348169326782 0.8226341009140015 -0.8852196931838989 
v 1.686997652053833 0.8318426609039307 -0.8876327872276306 
v 1.657007098197937 0.8226341009140015 -0.9277954697608948 
v 1.66176176071167 0.8318426609039307 -0.9312291741371155 
v 1.657007098197937 0.8226341009140015 -0.9277954697608948 
v 1.66176176071167 0.8318426609039307 -0.9312291741371155 
v 1.624554991722107 0.8226341009140015 -0.9645364284515381 
v 1.6284692287445068 0.8318426609039307 -0.9686784744262695 
v 1.5854750871658325 0.8226341009140015 -0.9945179224014282 
v 1.5885488986968994 0.8318426609039307 -0.99936842918396 
v 1.5413881540298462 0.8226341009140015 -1.0159510374069214 
v 1.5434054136276245 0.8318426609039307 -1.021353840827942 
v 1.4937829971313477 0.8226341009140015 -1.0285955667495728 
v 1.4946837425231934 0.8318426609039307 -1.0341784954071045 
v 1.444616675376892 0.8226341009140015 -1.0315629243850708 
v 1.4444007873535156 0.8318426609039307 -1.0373259782791138 
v 1.396026372909546 0.8226341009140015 -1.0250811576843262 
v 1.3946337699890137 0.8318426609039307 -1.0306522846221924 
v 1.3495007753372192 0.8226341009140015 -1.0089101791381836 
v 1.3470876216888428 0.8318426609039307 -1.0140730142593384 
v 1.2952793836593628 0.8226341009140015 -1.0006637573242188 
v 1.298712968826294 0.8318426609039307 -0.9959090352058411 
v 1.3411929607391357 0.8226341009140015 -1.0272443294525146 
v 1.3436061143875122 0.8318426609039307 -1.0220814943313599 
v 1.298712968826294 0.8318426609039307 -0.9959090352058411 
v 1.2952793836593628 0.8226341009140015 -1.0006637573242188 
v 1.2595347166061401 0.8318426609039307 -0.9613679051399231 
v 1.2553926706314087 0.8226341009140015 -0.965282142162323 
v 1.2282323837280273 0.8318426609039307 -0.9200187921524048 
v 1.2233818769454956 0.8226341009140015 -0.9230926632881165 
v 1.2054184675216675 0.8318426609039307 -0.8732905387878418 
v 1.1998594999313354 0.8226341009140015 -0.8755239248275757 
v 1.1919814348220825 0.8318426609039307 -0.8231400847434998 
v 1.1863983869552612 0.8226341009140015 -0.8240407705307007 
v 1.188965916633606 0.8318426609039307 -0.7713083028793335 
v 1.1829867362976074 0.8226341009140015 -0.7709363698959351 
v 1.1959277391433716 0.8318426609039307 -0.7197763919830322 
v 1.190356731414795 0.8226341009140015 -0.7183838486671448 
v 1.2126389741897583 0.8318426609039307 -0.6706814169883728 
v 1.2074761390686035 0.8226341009140015 -0.6682682633399963 
v 1.2388113737106323 0.8318426609039307 -0.6257883310317993 
v 1.2340567111968994 0.8226341009140015 -0.6223546862602234 
v 1.2733526229858398 0.8318426609039307 -0.5866100192070007 
v 1.2694382667541504 0.8226341009140015 -0.5824679732322693 
v 1.3147016763687134 0.8318426609039307 -0.5553077459335327 
v 1.3116278648376465 0.8226341009140015 -0.550457239151001 
v 1.3614299297332764 0.8318426609039307 -0.5324937701225281 
v 1.3591965436935425 0.8226341009140015 -0.5269348621368408 
v 1.4115804433822632 0.8318426609039307 -0.5190567374229431 
v 1.4106796979904175 0.8226341009140015 -0.5134738087654114 
v 1.4634121656417847 0.8318426609039307 -0.5160412788391113 
v 1.463784098625183 0.8226341009140015 -0.510062038898468 
v 1.514944076538086 0.8318426609039307 -0.523003101348877 
v 1.5163366794586182 0.8226341009140015 -0.5174320936203003 
v 1.5640391111373901 0.8318426609039307 -0.5397143363952637 
v 1.566452145576477 0.8226341009140015 -0.5345514416694641 
v 1.7001689672470093 0.8226341009140015 -0.8935275077819824 
v 1.7018378973007202 0.7815024256706238 -0.8944039344787598 
v 1.6734323501586914 0.8226341009140015 -0.9396572709083557 
v 1.6749451160430908 0.7815024256706238 -0.9407497644424438 
v 1.6382068395614624 0.8226341009140015 -0.9793278574943542 
v 1.6395635604858398 0.7815024256706238 -0.9806365370750427 
v 1.5960173606872559 0.8226341009140015 -1.0113385915756226 
v 1.5970618724822998 0.7815024256706238 -1.0130795240402222 
v 1.5484485626220703 0.8226341009140015 -1.0348609685897827 
v 1.5491210222244263 0.7815024256706238 -1.0366618633270264 
v 1.4969654083251953 0.8226341009140015 -1.048322081565857 
v 1.4972656965255737 0.7815024256706238 -1.0501830577850342 
v 1.4438610076904297 0.8226341009140015 -1.0517337322235107 
v 1.443789005279541 0.7815024256706238 -1.0536547899246216 
v 1.3913085460662842 0.8226341009140015 -1.0443637371063232 
v 1.390864372253418 0.7815024256706238 -1.0463447570800781 
v 1.3411929607391357 0.8226341009140015 -1.0272443294525146 
v 1.3403165340423584 0.7815024256706238 -1.0289132595062256 
v 1.190356731414795 0.8226341009140015 -0.7183838486671448 
v 1.1829867362976074 0.8226341009140015 -0.7709363698959351 
v 1.1810656785964966 0.7815024256706238 -0.7708643674850464 
v 1.184537410736084 0.7815024256706238 -0.8243409991264343 
v 1.1863983869552612 0.8226341009140015 -0.8240407705307007 
v 1.1980586051940918 0.7815024256706238 -0.8761963844299316 
v 1.1998594999313354 0.8226341009140015 -0.8755239248275757 
v 1.221640944480896 0.7815024256706238 -0.92413729429245 
v 1.2233818769454956 0.8226341009140015 -0.9230926632881165 
v 1.2540839910507202 0.7815024256706238 -0.9666389226913452 
v 1.2553926706314087 0.8226341009140015 -0.965282142162323 
v 1.2941868305206299 0.7815024256706238 -1.0021765232086182 
v 1.2952793836593628 0.8226341009140015 -1.0006637573242188 
v 1.3403165340423584 0.7815024256706238 -1.0289132595062256 
v 1.3411929607391357 0.8226341009140015 -1.0272443294525146 
v 1.18837571144104 0.7815024256706238 -0.7179396748542786 
v 1.2074761390686035 0.8226341009140015 -0.6682682633399963 
v 1.2058072090148926 0.7815024256706238 -0.6673918962478638 
v 1.2074761390686035 0.8226341009140015 -0.6682682633399963 
v 1.2058072090148926 0.7815024256706238 -0.6673918962478638 
v 1.2340567111968994 0.8226341009140015 -0.6223546862602234 
v 1.2325439453125 0.7815024256706238 -0.6212621331214905 
v 1.2694382667541504 0.8226341009140015 -0.5824679732322693 
v 1.268081545829773 0.7815024256706238 -0.5811592936515808 
v 1.3116278648376465 0.8226341009140015 -0.550457239151001 
v 1.310583233833313 0.7815024256706238 -0.5487163066864014 
v 1.3591965436935425 0.8226341009140015 -0.5269348621368408 
v 1.3585240840911865 0.7815024256706238 -0.5251339077949524 
v 1.4106796979904175 0.8226341009140015 -0.5134738087654114 
v 1.4103795289993286 0.7815024256706238 -0.5116127729415894 
v 1.463784098625183 0.8226341009140015 -0.510062038898468 
v 1.4638561010360718 0.7815024256706238 -0.5081409811973572 
v 1.5163366794586182 0.8226341009140015 -0.5174320936203003 
v 1.5167807340621948 0.7815024256706238 -0.5154510140419006 
v 1.566452145576477 0.8226341009140015 -0.5345514416694641 
v 1.5673285722732544 0.7815024256706238 -0.532882571220398 
v 1.7018378973007202 0.7815024256706238 -0.8944039344787598 
v 1.7001689672470093 0.8226341009140015 -0.8935275077819824 
v 1.7192695140838623 0.7815024256706238 -0.8438560962677002 
v 1.7172883749008179 0.8226341009140015 -0.8434119820594788 
v 1.7265794277191162 0.7815024256706238 -0.7909314036369324 
v 1.724658489227295 0.8226341009140015 -0.7908594608306885 
v 1.7231076955795288 0.7815024256706238 -0.7374548316001892 
v 1.7212467193603516 0.8226341009140015 -0.7377550601959229 
v 1.709586501121521 0.7815024256706238 -0.6855994462966919 
v 1.7077856063842773 0.8226341009140015 -0.6862718462944031 
v 1.6860041618347168 0.7815024256706238 -0.6376585364341736 
v 1.6842632293701172 0.8226341009140015 -0.6387031674385071 
v 1.6535611152648926 0.7815024256706238 -0.5951569080352783 
v 1.6522525548934937 0.8226341009140015 -0.5965136885643005 
v 1.6136744022369385 0.7815024256706238 -0.5597752928733826 
v 1.6125819683074951 0.8226341009140015 -0.5612881779670715 
v 1.5673285722732544 0.7815024256706238 -0.532882571220398 
v 1.566452145576477 0.8226341009140015 -0.5345514416694641 
v 1.688875675201416 0.8226341009140015 -0.6933323740959167 
v 1.7015202045440674 0.8226341009140015 -0.7409374713897705 
v 1.6516456604003906 0.8287731409072876 -0.74898362159729 
v 1.6539523601531982 0.8287731409072876 -0.7881365418434143 
v 1.7044875621795654 0.8226341009140015 -0.7901037931442261 
v 1.648790955543518 0.8287731409072876 -0.8271576762199402 
v 1.6980059146881104 0.8226341009140015 -0.838694155216217 
v 1.6360775232315063 0.8287731409072876 -0.8643421530723572 
v 1.6818348169326782 0.8226341009140015 -0.8852196931838989 
v 1.6161600351333618 0.8287731409072876 -0.898297131061554 
v 1.657007098197937 0.8226341009140015 -0.9277954697608948 
v 1.590347170829773 0.8287731409072876 -0.9276658296585083 
v 1.624554991722107 0.8226341009140015 -0.9645364284515381 
v 1.5590472221374512 0.8287731409072876 -0.951427698135376 
v 1.5854750871658325 0.8226341009140015 -0.9945179224014282 
v 1.523628830909729 0.8287731409072876 -0.9685982465744019 
v 1.5413881540298462 0.8226341009140015 -1.0159510374069214 
v 1.4857368469238281 0.8287731409072876 -0.978721022605896 
v 1.4937829971313477 0.8226341009140015 -1.0285955667495728 
v 1.446583867073059 0.8287731409072876 -0.9810277223587036 
v 1.444616675376892 0.8226341009140015 -1.0315629243850708 
v 1.4075627326965332 0.8287731409072876 -0.9758663177490234 
v 1.396026372909546 0.8226341009140015 -1.0250811576843262 
v 1.3703783750534058 0.8287731409072876 -0.9631528258323669 
v 1.3495007753372192 0.8226341009140015 -1.0089101791381836 
v 1.3366395235061646 0.8287731409072876 -0.9433914422988892 
v 1.3071410655975342 0.8226341009140015 -0.9842384457588196 
v 1.3070546388626099 0.8287731409072876 -0.9174225926399231 
v 1.27018404006958 0.8226341009140015 -0.9516302943229675 
v 1.2832927703857422 0.8287731409072876 -0.8861225843429565 
v 1.24020254611969 0.8226341009140015 -0.9125503897666931 
v 1.2661222219467163 0.8287731409072876 -0.8507041931152344 
v 1.2187694311141968 0.8226341009140015 -0.8684634566307068 
v 1.2559994459152222 0.8287731409072876 -0.8128122091293335 
v 1.2061249017715454 0.8226341009140015 -0.8208582997322083 
v 1.2536927461624146 0.8287731409072876 -0.7736592292785645 
v 1.2031575441360474 0.8226341009140015 -0.7716920375823975 
v 1.2588541507720947 0.8287731409072876 -0.7346380949020386 
v 1.209639310836792 0.8226341009140015 -0.7231016755104065 
v 1.2715675830841064 0.8287731409072876 -0.6974536776542664 
v 1.2258102893829346 0.8226341009140015 -0.6765760779380798 
v 1.291329026222229 0.8287731409072876 -0.6637148261070251 
v 1.2504819631576538 0.8226341009140015 -0.6342164278030396 
v 1.3172979354858398 0.8287731409072876 -0.6341300010681152 
v 1.2830902338027954 0.8226341009140015 -0.5972594022750854 
v 1.3485978841781616 0.8287731409072876 -0.6103680729866028 
v 1.3221701383590698 0.8226341009140015 -0.5672779083251953 
v 1.3840162754058838 0.8287731409072876 -0.5931975841522217 
v 1.3662570714950562 0.8226341009140015 -0.5458447933197021 
v 1.4219082593917847 0.8287731409072876 -0.5830747485160828 
v 1.4138621091842651 0.8226341009140015 -0.5332002639770508 
v 1.4610612392425537 0.8287731409072876 -0.5807681083679199 
v 1.4630284309387207 0.8226341009140015 -0.5302329063415527 
v 1.5000823736190796 0.8287731409072876 -0.5859294533729553 
v 1.511618733406067 0.8226341009140015 -0.5367146134376526 
v 1.5372668504714966 0.8287731409072876 -0.5986429452896118 
v 1.5581443309783936 0.8226341009140015 -0.5528855919837952 
v 1.5712218284606934 0.8287731409072876 -0.6185604333877563 
v 1.6007201671600342 0.8226341009140015 -0.5777134299278259 
v 1.600590467453003 0.8287731409072876 -0.6443732380867004 
v 1.6374610662460327 0.8226341009140015 -0.610165536403656 
v 1.6243523359298706 0.8287731409072876 -0.6756731867790222 
v 1.6674425601959229 0.8226341009140015 -0.6492454409599304 
v 1.6415228843688965 0.8287731409072876 -0.7110915780067444 
v 1.2282323837280273 0.8318426609039307 -0.9200187921524048 
v 1.2595347166061401 0.8318426609039307 -0.9613679051399231 
v 1.2660419940948486 0.8318426609039307 -0.9555445313453674 
v 1.303707480430603 0.8318426609039307 -0.9889931678771973 
v 1.298712968826294 0.8318426609039307 -0.9959090352058411 
v 1.3470876216888428 0.8318426609039307 -1.0140730142593384 
v 1.3436061143875122 0.8318426609039307 -1.0220814943313599 
v 1.3946337699890137 0.8318426609039307 -1.0306522846221924 
v 1.3927010297775269 0.8318426609039307 -1.0387927293777466 
v 1.4444007873535156 0.8318426609039307 -1.0373259782791138 
v 1.4442329406738281 0.8318426609039307 -1.0457545518875122 
v 1.4946837425231934 0.8318426609039307 -1.0341784954071045 
v 1.4960647821426392 0.8318426609039307 -1.0427390336990356 
v 1.5434054136276245 0.8318426609039307 -1.021353840827942 
v 1.5462151765823364 0.8318426609039307 -1.0293020009994507 
v 1.5885488986968994 0.8318426609039307 -0.99936842918396 
v 1.5929434299468994 0.8318426609039307 -1.0064880847930908 
v 1.6284692287445068 0.8318426609039307 -0.9686784744262695 
v 1.6342926025390625 0.8318426609039307 -0.975185751914978 
v 1.66176176071167 0.8318426609039307 -0.9312291741371155 
v 1.668677568435669 0.8318426609039307 -0.936223566532135 
v 1.686997652053833 0.8318426609039307 -0.8876327872276306 
v 1.6950061321258545 0.8318426609039307 -0.8911144137382507 
v 1.703576922416687 0.8318426609039307 -0.8400866985321045 
v 1.7117173671722412 0.8318426609039307 -0.8420194387435913 
v 1.710250735282898 0.8318426609039307 -0.7903196811676025 
v 1.7186791896820068 0.8318426609039307 -0.7904874682426453 
v 1.7071031332015991 0.8318426609039307 -0.7400367856025696 
v 1.7156636714935303 0.8318426609039307 -0.7386557459831238 
v 1.6942784786224365 0.8318426609039307 -0.6913150548934937 
v 1.7022266387939453 0.8318426609039307 -0.6885052919387817 
v 1.6722930669784546 0.8318426609039307 -0.6461716294288635 
v 1.6794127225875854 0.8318426609039307 -0.641776978969574 
v 1.6416031122207642 0.8318426609039307 -0.6062512993812561 
v 1.6481103897094727 0.8318426609039307 -0.6004279255867004 
v 1.6041538715362549 0.8318426609039307 -0.5729587078094482 
v 1.6091482639312744 0.8318426609039307 -0.5660428404808044 
v 1.56055748462677 0.8318426609039307 -0.5477227568626404 
v 1.5640391111373901 0.8318426609039307 -0.5397143363952637 
v 1.5130113363265991 0.8318426609039307 -0.5311435461044312 
v 1.514944076538086 0.8318426609039307 -0.523003101348877 
v 1.4632443189620972 0.8318426609039307 -0.524469792842865 
v 1.4634121656417847 0.8318426609039307 -0.5160412788391113 
v 1.412961483001709 0.8318426609039307 -0.5276172757148743 
v 1.4115804433822632 0.8318426609039307 -0.5190567374229431 
v 1.3642396926879883 0.8318426609039307 -0.5404419302940369 
v 1.3614299297332764 0.8318426609039307 -0.5324937701225281 
v 1.319096326828003 0.8318426609039307 -0.5624274015426636 
v 1.3147016763687134 0.8318426609039307 -0.5553077459335327 
v 1.279175877571106 0.8318426609039307 -0.5931172966957092 
v 1.2733526229858398 0.8318426609039307 -0.5866100192070007 
v 1.245727300643921 0.8318426609039307 -0.6307827830314636 
v 1.2388113737106323 0.8318426609039307 -0.6257883310317993 
v 1.2206474542617798 0.8318426609039307 -0.6741629838943481 
v 1.2126389741897583 0.8318426609039307 -0.6706814169883728 
v 1.2040681838989258 0.8318426609039307 -0.721709132194519 
v 1.1959277391433716 0.8318426609039307 -0.7197763919830322 
v 1.1973944902420044 0.8318426609039307 -0.771476149559021 
v 1.188965916633606 0.8318426609039307 -0.7713083028793335 
v 1.2005419731140137 0.8318426609039307 -0.821759045124054 
v 1.1919814348220825 0.8318426609039307 -0.8231400847434998 
v 1.2133666276931763 0.8318426609039307 -0.8704807162284851 
v 1.2054184675216675 0.8318426609039307 -0.8732905387878418 
v 1.2353520393371582 0.8318426609039307 -0.91562420129776 
v 1.5581443309783936 0.8226341009140015 -0.5528855919837952 
v 1.56055748462677 0.8318426609039307 -0.5477227568626404 
v 1.6007201671600342 0.8226341009140015 -0.5777134299278259 
v 1.6041538715362549 0.8318426609039307 -0.5729587078094482 
v 1.56055748462677 0.8318426609039307 -0.5477227568626404 
v 1.5581443309783936 0.8226341009140015 -0.5528855919837952 
v 1.5130113363265991 0.8318426609039307 -0.5311435461044312 
v 1.511618733406067 0.8226341009140015 -0.5367146134376526 
v 1.4632443189620972 0.8318426609039307 -0.524469792842865 
v 1.4630284309387207 0.8226341009140015 -0.5302329063415527 
v 1.412961483001709 0.8318426609039307 -0.5276172757148743 
v 1.4138621091842651 0.8226341009140015 -0.5332002639770508 
v 1.3642396926879883 0.8318426609039307 -0.5404419302940369 
v 1.3662570714950562 0.8226341009140015 -0.5458447933197021 
v 1.319096326828003 0.8318426609039307 -0.5624274015426636 
v 1.3221701383590698 0.8226341009140015 -0.5672779083251953 
v 1.279175877571106 0.8318426609039307 -0.5931172966957092 
v 1.2830902338027954 0.8226341009140015 -0.5972594022750854 
v 1.245727300643921 0.8318426609039307 -0.6307827830314636 
v 1.2504819631576538 0.8226341009140015 -0.6342164278030396 
v 1.2258102893829346 0.8226341009140015 -0.6765760779380798 
v 1.2206474542617798 0.8318426609039307 -0.6741629838943481 
v 1.2504819631576538 0.8226341009140015 -0.6342164278030396 
v 1.245727300643921 0.8318426609039307 -0.6307827830314636 
v 1.2206474542617798 0.8318426609039307 -0.6741629838943481 
v 1.2258102893829346 0.8226341009140015 -0.6765760779380798 
v 1.2040681838989258 0.8318426609039307 -0.721709132194519 
v 1.209639310836792 0.8226341009140015 -0.7231016755104065 
v 1.1973944902420044 0.8318426609039307 -0.771476149559021 
v 1.2031575441360474 0.8226341009140015 -0.7716920375823975 
v 1.2005419731140137 0.8318426609039307 -0.821759045124054 
v 1.2061249017715454 0.8226341009140015 -0.8208582997322083 
v 1.2133666276931763 0.8318426609039307 -0.8704807162284851 
v 1.2187694311141968 0.8226341009140015 -0.8684634566307068 
v 1.2353520393371582 0.8318426609039307 -0.91562420129776 
v 1.24020254611969 0.8226341009140015 -0.9125503897666931 
v 1.2660419940948486 0.8318426609039307 -0.9555445313453674 
v 1.27018404006958 0.8226341009140015 -0.9516302943229675 
v 1.303707480430603 0.8318426609039307 -0.9889931678771973 
v 1.3071410655975342 0.8226341009140015 -0.9842384457588196 
v 1.6125819683074951 0.8226341009140015 -0.5612881779670715 
v 1.6091482639312744 0.8318426609039307 -0.5660428404808044 
v 1.566452145576477 0.8226341009140015 -0.5345514416694641 
v 1.5640391111373901 0.8318426609039307 -0.5397143363952637 
v 1.2340567111968994 0.8226341009140015 -0.6223546862602234 
v 1.2388113737106323 0.8318426609039307 -0.6257883310317993 
v 1.2074761390686035 0.8226341009140015 -0.6682682633399963 
v 1.2126389741897583 0.8318426609039307 -0.6706814169883728 
v 1.3495007753372192 0.8226341009140015 -1.0089101791381836 
v 1.3470876216888428 0.8318426609039307 -1.0140730142593384 
v 1.3071410655975342 0.8226341009140015 -0.9842384457588196 
v 1.303707480430603 0.8318426609039307 -0.9889931678771973 
v 1.456383466720581 0.823248028755188 -0.7115545272827148 
v 1.469854712486267 0.823248028755188 -0.7133910655975342 
v 1.4683661460876465 0.8244758248329163 -0.7195504307746887 
v 1.4799045324325562 0.8244758248329163 -0.7236081957817078 
v 1.4827858209609985 0.823248028755188 -0.7177969217300415 
v 1.490842580795288 0.8244758248329163 -0.729863166809082 
v 1.4945884943008423 0.823248028755188 -0.7246761918067932 
v 1.5000038146972656 0.8244758248329163 -0.7381232380867004 
v 1.5046141147613525 0.823248028755188 -0.7335606217384338 
v 1.5074841976165771 0.8244758248329163 -0.7478001713752747 
v 1.5128629207611084 0.823248028755188 -0.7444502115249634 
v 1.5129115581512451 0.8244758248329163 -0.7589539885520935 
v 1.5188425779342651 0.823248028755188 -0.756660521030426 
v 1.5161657333374023 0.8244758248329163 -0.7708402276039124 
v 1.5224930047988892 0.823248028755188 -0.769819438457489 
v 1.5168144702911377 0.8244758248329163 -0.783146858215332 
v 1.5231659412384033 0.823248028755188 -0.7834587693214417 
v 1.5151700973510742 0.8244758248329163 -0.7954415082931519 
v 1.521329402923584 0.823248028755188 -0.7969300746917725 
v 1.5111123323440552 0.8244758248329163 -0.8069798350334167 
v 1.5169235467910767 0.823248028755188 -0.8098611831665039 
v 1.5048573017120361 0.8244758248329163 -0.8179179430007935 
v 1.5100442171096802 0.823248028755188 -0.8216637969017029 
v 1.496597170829773 0.8244758248329163 -0.827079176902771 
v 1.5011597871780396 0.823248028755188 -0.8316894769668579 
v 1.4869202375411987 0.8244758248329163 -0.8345595598220825 
v 1.4902702569961548 0.823248028755188 -0.8399382829666138 
v 1.4757665395736694 0.8244758248329163 -0.8399868607521057 
v 1.4780598878860474 0.823248028755188 -0.8459179401397705 
v 1.463880181312561 0.8244758248329163 -0.8432410359382629 
v 1.4649009704589844 0.823248028755188 -0.8495684266090393 
v 1.4515736103057861 0.8244758248329163 -0.8438898324966431 
v 1.4512616395950317 0.823248028755188 -0.8502412438392639 
v 1.4392789602279663 0.8244758248329163 -0.8422453999519348 
v 1.4377903938293457 0.823248028755188 -0.8484047651290894 
v 1.4277405738830566 0.8244758248329163 -0.8381876349449158 
v 1.4248592853546143 0.823248028755188 -0.8439988493919373 
v 1.4170186519622803 0.8244758248329163 -0.8320887684822083 
v 1.4132728576660156 0.823248028755188 -0.8372756838798523 
v 1.4076412916183472 0.8244758248329163 -0.8236725330352783 
v 1.4030309915542603 0.823248028755188 -0.8282351493835449 
v 1.4001609086990356 0.8244758248329163 -0.8139955997467041 
v 1.3947821855545044 0.823248028755188 -0.8173456192016602 
v 1.3947336673736572 0.8244758248329163 -0.80284184217453 
v 1.3888025283813477 0.823248028755188 -0.8051352500915527 
v 1.3914793729782104 0.8244758248329163 -0.7909555435180664 
v 1.3851521015167236 0.823248028755188 -0.7919763326644897 
v 1.390830636024475 0.8244758248329163 -0.7786489725112915 
v 1.3844791650772095 0.823248028755188 -0.7783370614051819 
v 1.3924751281738281 0.8244758248329163 -0.7663543224334717 
v 1.3863157033920288 0.823248028755188 -0.7648657560348511 
v 1.3965328931808472 0.8244758248329163 -0.754815936088562 
v 1.3907215595245361 0.823248028755188 -0.7519346475601196 
v 1.4026317596435547 0.8244758248329163 -0.7440939545631409 
v 1.3974448442459106 0.823248028755188 -0.7403481602668762 
v 1.4110479354858398 0.8244758248329163 -0.7347166538238525 
v 1.4064853191375732 0.823248028755188 -0.7301063537597656 
v 1.420724868774414 0.8244758248329163 -0.727236270904541 
v 1.417374849319458 0.823248028755188 -0.721857488155365 
v 1.431878685951233 0.8244758248329163 -0.7218089699745178 
v 1.4295852184295654 0.823248028755188 -0.7158778309822083 
v 1.4437649250030518 0.8244758248329163 -0.7185547947883606 
v 1.4427441358566284 0.823248028755188 -0.7122274041175842 
v 1.4560714960098267 0.8244758248329163 -0.7179059982299805 
v 1.51030695438385 0.8226341009140015 -0.7830510139465332 
v 1.5120714902877808 0.8238618969917297 -0.7715007662773132 
v 1.5094661712646484 0.8226341009140015 -0.7719210386276245 
v 1.5093096494674683 0.8238618969917297 -0.7602988481521606 
v 1.50676429271698 0.8226341009140015 -0.7610913515090942 
v 1.5040024518966675 0.8238618969917297 -0.7498894333839417 
v 1.5019493103027344 0.8226341009140015 -0.7513663172721863 
v 1.4971704483032227 0.8238618969917297 -0.7406807541847229 
v 1.4953334331512451 0.8226341009140015 -0.7423136830329895 
v 1.4885014295578003 0.8238618969917297 -0.733104944229126 
v 1.4870967864990234 0.8226341009140015 -0.7350500822067261 
v 1.478367805480957 0.8238618969917297 -0.7271021008491516 
v 1.4773954153060913 0.8226341009140015 -0.7293593287467957 
v 1.467477798461914 0.8238618969917297 -0.723512589931488 
v 1.466721534729004 0.8226341009140015 -0.7259259223937988 
v 1.4559276103973389 0.8238618969917297 -0.7217480540275574 
v 1.4559756517410278 0.8226341009140015 -0.7244134545326233 
v 1.4444254636764526 0.8238618969917297 -0.7226489186286926 
v 1.4448456764221191 0.8226341009140015 -0.7252543568611145 
v 1.4332234859466553 0.8238618969917297 -0.7254108190536499 
v 1.4340159893035889 0.8226341009140015 -0.7279561758041382 
v 1.422814130783081 0.8238618969917297 -0.7307180762290955 
v 1.4242910146713257 0.8226341009140015 -0.732771098613739 
v 1.4136053323745728 0.8238618969917297 -0.7375500798225403 
v 1.415238380432129 0.8226341009140015 -0.7393869757652283 
v 1.4058735370635986 0.8238618969917297 -0.7464351058006287 
v 1.4078186750411987 0.8226341009140015 -0.7478398084640503 
v 1.400026798248291 0.8238618969917297 -0.7563526630401611 
v 1.402284026145935 0.8226341009140015 -0.7573251128196716 
v 1.3964372873306274 0.8238618969917297 -0.7672426700592041 
v 1.3988505601882935 0.8226341009140015 -0.7679989337921143 
v 1.3946727514266968 0.8238618969917297 -0.7787929177284241 
v 1.3973381519317627 0.8226341009140015 -0.7787448167800903 
v 1.395573616027832 0.8238618969917297 -0.7902950644493103 
v 1.3981789350509644 0.8226341009140015 -0.7898747324943542 
v 1.3983354568481445 0.8238618969917297 -0.8014969825744629 
v 1.4008808135986328 0.8226341009140015 -0.8007044792175293 
v 1.4036427736282349 0.8238618969917297 -0.8119063973426819 
v 1.4056957960128784 0.8226341009140015 -0.8104295134544373 
v 1.4104747772216797 0.8238618969917297 -0.8211150765419006 
v 1.4123116731643677 0.8226341009140015 -0.819482147693634 
v 1.419359803199768 0.8238618969917297 -0.8288469314575195 
v 1.420764446258545 0.8226341009140015 -0.8269017934799194 
v 1.4292773008346558 0.8238618969917297 -0.8346936702728271 
v 1.430249810218811 0.8226341009140015 -0.8324364423751831 
v 1.4401673078536987 0.8238618969917297 -0.8382832407951355 
v 1.4409235715866089 0.8226341009140015 -0.8358699083328247 
v 1.4517176151275635 0.8238618969917297 -0.8400477766990662 
v 1.451669454574585 0.8226341009140015 -0.8373823165893555 
v 1.4632197618484497 0.8238618969917297 -0.8391468524932861 
v 1.4627994298934937 0.8226341009140015 -0.836541473865509 
v 1.4744216203689575 0.8238618969917297 -0.8363849520683289 
v 1.473629117012024 0.8226341009140015 -0.8338396549224854 
v 1.4848310947418213 0.8238618969917297 -0.8310777544975281 
v 1.4833542108535767 0.8226341009140015 -0.8290246725082397 
v 1.49403977394104 0.8238618969917297 -0.8242457509040833 
v 1.4924068450927734 0.8226341009140015 -0.8224087953567505 
v 1.5016155242919922 0.8238618969917297 -0.8155767917633057 
v 1.499670386314392 0.8226341009140015 -0.8141721487045288 
v 1.5076183080673218 0.8238618969917297 -0.8054431676864624 
v 1.5053610801696777 0.8226341009140015 -0.8044707179069519 
v 1.511207938194275 0.8238618969917297 -0.7945531606674194 
v 1.5087945461273193 0.8226341009140015 -0.7937968373298645 
v 1.5129724740982056 0.8238618969917297 -0.7830029129981995 
v 1.5161657333374023 0.8244758248329163 -0.7708402276039124 
v 1.5129115581512451 0.8244758248329163 -0.7589539885520935 
v 1.5074841976165771 0.8244758248329163 -0.7478001713752747 
v 1.5000038146972656 0.8244758248329163 -0.7381232380867004 
v 1.490842580795288 0.8244758248329163 -0.729863166809082 
v 1.4799045324325562 0.8244758248329163 -0.7236081957817078 
v 1.4683661460876465 0.8244758248329163 -0.7195504307746887 
v 1.4560714960098267 0.8244758248329163 -0.7179059982299805 
v 1.4437649250030518 0.8244758248329163 -0.7185547947883606 
v 1.431878685951233 0.8244758248329163 -0.7218089699745178 
v 1.420724868774414 0.8244758248329163 -0.727236270904541 
v 1.4110479354858398 0.8244758248329163 -0.7347166538238525 
v 1.4026317596435547 0.8244758248329163 -0.7440939545631409 
v 1.3965328931808472 0.8244758248329163 -0.754815936088562 
v 1.3924751281738281 0.8244758248329163 -0.7663543224334717 
v 1.390830636024475 0.8244758248329163 -0.7786489725112915 
v 1.3914793729782104 0.8244758248329163 -0.7909555435180664 
v 1.3947336673736572 0.8244758248329163 -0.80284184217453 
v 1.4001609086990356 0.8244758248329163 -0.8139955997467041 
v 1.4076412916183472 0.8244758248329163 -0.8236725330352783 
v 1.4170186519622803 0.8244758248329163 -0.8320887684822083 
v 1.4277405738830566 0.8244758248329163 -0.8381876349449158 
v 1.4392789602279663 0.8244758248329163 -0.8422453999519348 
v 1.4515736103057861 0.8244758248329163 -0.8438898324966431 
v 1.463880181312561 0.8244758248329163 -0.8432410359382629 
v 1.4757665395736694 0.8244758248329163 -0.8399868607521057 
v 1.4869202375411987 0.8244758248329163 -0.8345595598220825 
v 1.496597170829773 0.8244758248329163 -0.827079176902771 
v 1.5048573017120361 0.8244758248329163 -0.8179179430007935 
v 1.5111123323440552 0.8244758248329163 -0.8069798350334167 
v 1.5151700973510742 0.8244758248329163 -0.7954415082931519 
v 1.5168144702911377 0.8244758248329163 -0.783146858215332 
v 1.487565040588379 0.8121976852416992 -0.7344017028808594 
v 1.4776474237442017 0.8121976852416992 -0.728554904460907 
v 1.562346339225769 0.8195645809173584 -0.5434243679046631 
v 1.5140557289123535 0.8195645809173584 -0.526965320110321 
v 1.4671297073364258 0.8121976852416992 -0.7249053120613098 
v 1.463484287261963 0.8195645809173584 -0.5200393795967102 
v 1.4560116529464722 0.8121976852416992 -0.7234529852867126 
v 1.4122408628463745 0.8195645809173584 -0.5231509208679199 
v 1.444665551185608 0.8121976852416992 -0.7241377234458923 
v 1.3626186847686768 0.8195645809173584 -0.5363118052482605 
v 1.4336798191070557 0.8121976852416992 -0.7270557284355164 
v 1.4235825538635254 0.8121976852416992 -0.731930673122406 
v 1.3167909383773804 0.8195645809173584 -0.5587894916534424 
v 1.4147460460662842 0.8121976852416992 -0.738702654838562 
v 1.2761261463165283 0.8195645809173584 -0.5895995497703552 
v 1.407170295715332 0.8121976852416992 -0.7473715543746948 
v 1.2420532703399658 0.8195645809173584 -0.6281294822692871 
v 1.2163490056991577 0.8195645809173584 -0.6723741888999939 
v 1.4014796018600464 0.8121976852416992 -0.7570729851722717 
v 1.199889898300171 0.8195645809173584 -0.7206647396087646 
v 1.3978300094604492 0.8121976852416992 -0.7675907611846924 
v 1.1929640769958496 0.8195645809173584 -0.7712361216545105 
v 1.3963775634765625 0.8121976852416992 -0.778708815574646 
v 1.3970624208450317 0.8121976852416992 -0.7900548577308655 
v 1.1960755586624146 0.8195645809173584 -0.8224795460700989 
v 1.3999803066253662 0.8121976852416992 -0.8010406494140625 
v 1.2092365026474 0.8195645809173584 -0.8721017837524414 
v 1.4048553705215454 0.8121976852416992 -0.8111379146575928 
v 1.231714129447937 0.8195645809173584 -0.9179295897483826 
v 1.4116272926330566 0.8121976852416992 -0.819974422454834 
v 1.2625242471694946 0.8195645809173584 -0.9585943222045898 
v 1.4202961921691895 0.8121976852416992 -0.8275501728057861 
v 1.3010541200637817 0.8195645809173584 -0.9926671981811523 
v 1.4299976825714111 0.8121976852416992 -0.8332408666610718 
v 1.3452988862991333 0.8195645809173584 -1.0183714628219604 
v 1.440515398979187 0.8121976852416992 -0.836890459060669 
v 1.3935893774032593 0.8195645809173584 -1.0348305702209473 
v 1.4516334533691406 0.8121976852416992 -0.8383428454399109 
v 1.44416081905365 0.8195645809173584 -1.0417563915252686 
v 1.4629795551300049 0.8121976852416992 -0.8376580476760864 
v 1.4954042434692383 0.8195645809173584 -1.0386449098587036 
v 1.4739652872085571 0.8121976852416992 -0.8347401022911072 
v 1.545026421546936 0.8195645809173584 -1.0254839658737183 
v 1.4840625524520874 0.8121976852416992 -0.8298650979995728 
v 1.5908541679382324 0.8195645809173584 -1.0030063390731812 
v 1.4928990602493286 0.8121976852416992 -0.8230931758880615 
v 1.6315189599990845 0.8195645809173584 -0.9721962809562683 
v 1.5003187656402588 0.8121976852416992 -0.8146403431892395 
v 1.665435791015625 0.8195645809173584 -0.933882474899292 
v 1.5061655044555664 0.8121976852416992 -0.804722785949707 
v 1.691296100616455 0.8195645809173584 -0.8894216418266296 
v 1.707755208015442 0.8195645809173584 -0.8411310911178589 
v 1.5098150968551636 0.8121976852416992 -0.7942050099372864 
v 1.7146810293197632 0.8195645809173584 -0.7905596494674683 
v 1.5112675428390503 0.8121976852416992 -0.7830870151519775 
v 1.7115695476531982 0.8195645809173584 -0.7393162250518799 
v 1.510582685470581 0.8121976852416992 -0.7717409133911133 
v 1.6984087228775024 0.8195645809173584 -0.6896940469741821 
v 1.5076647996902466 0.8121976852416992 -0.7607551217079163 
v 1.6759309768676758 0.8195645809173584 -0.643866240978241 
v 1.5027897357940674 0.8121976852416992 -0.750657856464386 
v 1.6451208591461182 0.8195645809173584 -0.6032015085220337 
v 1.4960178136825562 0.8121976852416992 -0.7418214082717896 
v 1.6068071126937866 0.8195645809173584 -0.5692846775054932 
v 1.6665164232254028 0.7815024256706238 -0.9346628189086914 
v 1.6315189599990845 0.8195645809173584 -0.9721962809562683 
v 1.6324435472488403 0.7815024256706238 -0.9731927514076233 
v 1.5908541679382324 0.8195645809173584 -1.0030063390731812 
v 1.5916227102279663 0.7815024256706238 -1.0042189359664917 
v 1.545026421546936 0.8195645809173584 -1.0254839658737183 
v 1.5454226732254028 0.7815024256706238 -1.0267566442489624 
v 1.4954042434692383 0.8195645809173584 -1.0386449098587036 
v 1.495644450187683 0.7815024256706238 -1.0401337146759033 
v 1.44416081905365 0.8195645809173584 -1.0417563915252686 
v 1.4441848993301392 0.7815024256706238 -1.0430891513824463 
v 1.3935893774032593 0.8195645809173584 -1.0348305702209473 
v 1.393241286277771 0.7815024256706238 -1.036223292350769 
v 1.3452988862991333 0.8195645809173584 -1.0183714628219604 
v 1.3447345495224 0.7815024256706238 -1.0196081399917603 
v 1.665435791015625 0.8195645809173584 -0.933882474899292 
v 1.6925327777862549 0.7815024256706238 -0.8899858593940735 
v 1.691296100616455 0.8195645809173584 -0.8894216418266296 
v 1.215112328529358 0.7815024256706238 -0.6718099117279053 
v 1.2163490056991577 0.8195645809173584 -0.6723741888999939 
v 1.1984971761703491 0.7815024256706238 -0.7203165888786316 
v 1.199889898300171 0.8195645809173584 -0.7206647396087646 
v 1.1916313171386719 0.7815024256706238 -0.7712602019309998 
v 1.1929640769958496 0.8195645809173584 -0.7712361216545105 
v 1.1945867538452148 0.7815024256706238 -0.8227197527885437 
v 1.1960755586624146 0.8195645809173584 -0.8224795460700989 
v 1.2079638242721558 0.7815024256706238 -0.8724980354309082 
v 1.2092365026474 0.8195645809173584 -0.8721017837524414 
v 1.2305015325546265 0.7815024256706238 -0.9186980128288269 
v 1.231714129447937 0.8195645809173584 -0.9179295897483826 
v 1.26152765750885 0.7815024256706238 -0.9595188498497009 
v 1.2625242471694946 0.8195645809173584 -0.9585943222045898 
v 1.3002737760543823 0.7815024256706238 -0.9937478303909302 
v 1.3010541200637817 0.8195645809173584 -0.9926671981811523 
v 1.3447345495224 0.7815024256706238 -1.0196081399917603 
v 1.3452988862991333 0.8195645809173584 -1.0183714628219604 
v 1.562346339225769 0.8195645809173584 -0.5434243679046631 
v 1.5140557289123535 0.8195645809173584 -0.526965320110321 
v 1.5144039392471313 0.7815024256706238 -0.5255725383758545 
v 1.4634602069854736 0.7815024256706238 -0.5187066793441772 
v 1.463484287261963 0.8195645809173584 -0.5200393795967102 
v 1.4120007753372192 0.7815024256706238 -0.5216621160507202 
v 1.4122408628463745 0.8195645809173584 -0.5231509208679199 
v 1.36222243309021 0.7815024256706238 -0.5350391268730164 
v 1.3626186847686768 0.8195645809173584 -0.5363118052482605 
v 1.3160223960876465 0.7815024256706238 -0.5575768947601318 
v 1.3167909383773804 0.8195645809173584 -0.5587894916534424 
v 1.275201678276062 0.7815024256706238 -0.5886030197143555 
v 1.2761261463165283 0.8195645809173584 -0.5895995497703552 
v 1.240972638130188 0.7815024256706238 -0.6273490786552429 
v 1.2420532703399658 0.8195645809173584 -0.6281294822692871 
v 1.215112328529358 0.7815024256706238 -0.6718099117279053 
v 1.2163490056991577 0.8195645809173584 -0.6723741888999939 
v 1.562910556793213 0.7815024256706238 -0.5421876907348633 
v 1.6925327777862549 0.7815024256706238 -0.8899858593940735 
v 1.7091479301452637 0.7815024256706238 -0.8414792418479919 
v 1.691296100616455 0.8195645809173584 -0.8894216418266296 
v 1.707755208015442 0.8195645809173584 -0.8411310911178589 
v 1.716013789176941 0.7815024256706238 -0.790535569190979 
v 1.7146810293197632 0.8195645809173584 -0.7905596494674683 
v 1.713058352470398 0.7815024256706238 -0.7390760779380798 
v 1.7115695476531982 0.8195645809173584 -0.7393162250518799 
v 1.6996814012527466 0.7815024256706238 -0.6892977952957153 
v 1.6984087228775024 0.8195645809173584 -0.6896940469741821 
v 1.6771435737609863 0.7815024256706238 -0.6430978178977966 
v 1.6759309768676758 0.8195645809173584 -0.643866240978241 
v 1.6461174488067627 0.7815024256706238 -0.6022769808769226 
v 1.6451208591461182 0.8195645809173584 -0.6032015085220337 
v 1.607587456703186 0.7815024256706238 -0.5682040452957153 
v 1.6068071126937866 0.8195645809173584 -0.5692846775054932 
v 1.562910556793213 0.7815024256706238 -0.5421876907348633 
v 1.562346339225769 0.8195645809173584 -0.5434243679046631 
v 1.2325439453125 0.7815024256706238 -0.6212621331214905 
v 1.215112328529358 0.7815024256706238 -0.6718099117279053 
v 1.2058072090148926 0.7815024256706238 -0.6673918962478638 
v 1.1984971761703491 0.7815024256706238 -0.7203165888786316 
v 1.18837571144104 0.7815024256706238 -0.7179396748542786 
v 1.1916313171386719 0.7815024256706238 -0.7712602019309998 
v 1.1810656785964966 0.7815024256706238 -0.7708643674850464 
v 1.1945867538452148 0.7815024256706238 -0.8227197527885437 
v 1.184537410736084 0.7815024256706238 -0.8243409991264343 
v 1.2079638242721558 0.7815024256706238 -0.8724980354309082 
v 1.1980586051940918 0.7815024256706238 -0.8761963844299316 
v 1.2305015325546265 0.7815024256706238 -0.9186980128288269 
v 1.221640944480896 0.7815024256706238 -0.92413729429245 
v 1.26152765750885 0.7815024256706238 -0.9595188498497009 
v 1.2540839910507202 0.7815024256706238 -0.9666389226913452 
v 1.3002737760543823 0.7815024256706238 -0.9937478303909302 
v 1.2941868305206299 0.7815024256706238 -1.0021765232086182 
v 1.3447345495224 0.7815024256706238 -1.0196081399917603 
v 1.3403165340423584 0.7815024256706238 -1.0289132595062256 
v 1.393241286277771 0.7815024256706238 -1.036223292350769 
v 1.390864372253418 0.7815024256706238 -1.0463447570800781 
v 1.4441848993301392 0.7815024256706238 -1.0430891513824463 
v 1.443789005279541 0.7815024256706238 -1.0536547899246216 
v 1.495644450187683 0.7815024256706238 -1.0401337146759033 
v 1.4972656965255737 0.7815024256706238 -1.0501830577850342 
v 1.5454226732254028 0.7815024256706238 -1.0267566442489624 
v 1.5491210222244263 0.7815024256706238 -1.0366618633270264 
v 1.5916227102279663 0.7815024256706238 -1.0042189359664917 
v 1.5970618724822998 0.7815024256706238 -1.0130795240402222 
v 1.6324435472488403 0.7815024256706238 -0.9731927514076233 
v 1.6395635604858398 0.7815024256706238 -0.9806365370750427 
v 1.6665164232254028 0.7815024256706238 -0.9346628189086914 
v 1.6749451160430908 0.7815024256706238 -0.9407497644424438 
v 1.6925327777862549 0.7815024256706238 -0.8899858593940735 
v 1.7018378973007202 0.7815024256706238 -0.8944039344787598 
v 1.7091479301452637 0.7815024256706238 -0.8414792418479919 
v 1.7192695140838623 0.7815024256706238 -0.8438560962677002 
v 1.716013789176941 0.7815024256706238 -0.790535569190979 
v 1.7265794277191162 0.7815024256706238 -0.7909314036369324 
v 1.713058352470398 0.7815024256706238 -0.7390760779380798 
v 1.7231076955795288 0.7815024256706238 -0.7374548316001892 
v 1.6996814012527466 0.7815024256706238 -0.6892977952957153 
v 1.709586501121521 0.7815024256706238 -0.6855994462966919 
v 1.6771435737609863 0.7815024256706238 -0.6430978178977966 
v 1.6860041618347168 0.7815024256706238 -0.6376585364341736 
v 1.6461174488067627 0.7815024256706238 -0.6022769808769226 
v 1.6535611152648926 0.7815024256706238 -0.5951569080352783 
v 1.607587456703186 0.7815024256706238 -0.5682040452957153 
v 1.6136744022369385 0.7815024256706238 -0.5597752928733826 
v 1.562910556793213 0.7815024256706238 -0.5421876907348633 
v 1.5673285722732544 0.7815024256706238 -0.532882571220398 
v 1.5144039392471313 0.7815024256706238 -0.5255725383758545 
v 1.5167807340621948 0.7815024256706238 -0.5154510140419006 
v 1.4634602069854736 0.7815024256706238 -0.5187066793441772 
v 1.4638561010360718 0.7815024256706238 -0.5081409811973572 
v 1.4120007753372192 0.7815024256706238 -0.5216621160507202 
v 1.4103795289993286 0.7815024256706238 -0.5116127729415894 
v 1.36222243309021 0.7815024256706238 -0.5350391268730164 
v 1.3585240840911865 0.7815024256706238 -0.5251339077949524 
v 1.3160223960876465 0.7815024256706238 -0.5575768947601318 
v 1.310583233833313 0.7815024256706238 -0.5487163066864014 
v 1.275201678276062 0.7815024256706238 -0.5886030197143555 
v 1.268081545829773 0.7815024256706238 -0.5811592936515808 
v 1.240972638130188 0.7815024256706238 -0.6273490786552429 
v 1.4014796018600464 0.8121976852416992 -0.7570729851722717 
v 1.407170295715332 0.8121976852416992 -0.7473715543746948 
v 1.402284026145935 0.8226341009140015 -0.7573251128196716 
v 1.4078186750411987 0.8226341009140015 -0.7478398084640503 
v 1.4147460460662842 0.8121976852416992 -0.738702654838562 
v 1.415238380432129 0.8226341009140015 -0.7393869757652283 
v 1.4235825538635254 0.8121976852416992 -0.731930673122406 
v 1.4242910146713257 0.8226341009140015 -0.732771098613739 
v 1.4336798191070557 0.8121976852416992 -0.7270557284355164 
v 1.4340159893035889 0.8226341009140015 -0.7279561758041382 
v 1.444665551185608 0.8121976852416992 -0.7241377234458923 
v 1.4448456764221191 0.8226341009140015 -0.7252543568611145 
v 1.4560116529464722 0.8121976852416992 -0.7234529852867126 
v 1.4559756517410278 0.8226341009140015 -0.7244134545326233 
v 1.4671297073364258 0.8121976852416992 -0.7249053120613098 
v 1.466721534729004 0.8226341009140015 -0.7259259223937988 
v 1.4776474237442017 0.8121976852416992 -0.728554904460907 
v 1.4773954153060913 0.8226341009140015 -0.7293593287467957 
v 1.402284026145935 0.8226341009140015 -0.7573251128196716 
v 1.4014796018600464 0.8121976852416992 -0.7570729851722717 
v 1.3988505601882935 0.8226341009140015 -0.7679989337921143 
v 1.3978300094604492 0.8121976852416992 -0.7675907611846924 
v 1.3973381519317627 0.8226341009140015 -0.7787448167800903 
v 1.3963775634765625 0.8121976852416992 -0.778708815574646 
v 1.3981789350509644 0.8226341009140015 -0.7898747324943542 
v 1.3970624208450317 0.8121976852416992 -0.7900548577308655 
v 1.4008808135986328 0.8226341009140015 -0.8007044792175293 
v 1.3999803066253662 0.8121976852416992 -0.8010406494140625 
v 1.4056957960128784 0.8226341009140015 -0.8104295134544373 
v 1.4048553705215454 0.8121976852416992 -0.8111379146575928 
v 1.4123116731643677 0.8226341009140015 -0.819482147693634 
v 1.4116272926330566 0.8121976852416992 -0.819974422454834 
v 1.420764446258545 0.8226341009140015 -0.8269017934799194 
v 1.4202961921691895 0.8121976852416992 -0.8275501728057861 
v 1.430249810218811 0.8226341009140015 -0.8324364423751831 
v 1.4299976825714111 0.8121976852416992 -0.8332408666610718 
v 1.430249810218811 0.8226341009140015 -0.8324364423751831 
v 1.4299976825714111 0.8121976852416992 -0.8332408666610718 
v 1.4409235715866089 0.8226341009140015 -0.8358699083328247 
v 1.440515398979187 0.8121976852416992 -0.836890459060669 
v 1.451669454574585 0.8226341009140015 -0.8373823165893555 
v 1.4516334533691406 0.8121976852416992 -0.8383428454399109 
v 1.4627994298934937 0.8226341009140015 -0.836541473865509 
v 1.4629795551300049 0.8121976852416992 -0.8376580476760864 
v 1.473629117012024 0.8226341009140015 -0.8338396549224854 
v 1.4739652872085571 0.8121976852416992 -0.8347401022911072 
v 1.4833542108535767 0.8226341009140015 -0.8290246725082397 
v 1.4840625524520874 0.8121976852416992 -0.8298650979995728 
v 1.4924068450927734 0.8226341009140015 -0.8224087953567505 
v 1.4928990602493286 0.8121976852416992 -0.8230931758880615 
v 1.499670386314392 0.8226341009140015 -0.8141721487045288 
v 1.5003187656402588 0.8121976852416992 -0.8146403431892395 
v 1.5053610801696777 0.8226341009140015 -0.8044707179069519 
v 1.5061655044555664 0.8121976852416992 -0.804722785949707 
v 1.5053610801696777 0.8226341009140015 -0.8044707179069519 
v 1.5061655044555664 0.8121976852416992 -0.804722785949707 
v 1.5087945461273193 0.8226341009140015 -0.7937968373298645 
v 1.5098150968551636 0.8121976852416992 -0.7942050099372864 
v 1.51030695438385 0.8226341009140015 -0.7830510139465332 
v 1.5112675428390503 0.8121976852416992 -0.7830870151519775 
v 1.5094661712646484 0.8226341009140015 -0.7719210386276245 
v 1.510582685470581 0.8121976852416992 -0.7717409133911133 
v 1.50676429271698 0.8226341009140015 -0.7610913515090942 
v 1.5076647996902466 0.8121976852416992 -0.7607551217079163 
v 1.5019493103027344 0.8226341009140015 -0.7513663172721863 
v 1.5027897357940674 0.8121976852416992 -0.750657856464386 
v 1.4953334331512451 0.8226341009140015 -0.7423136830329895 
v 1.4960178136825562 0.8121976852416992 -0.7418214082717896 
v 1.4870967864990234 0.8226341009140015 -0.7350500822067261 
v 1.487565040588379 0.8121976852416992 -0.7344017028808594 
v 1.4773954153060913 0.8226341009140015 -0.7293593287467957 
v 1.4776474237442017 0.8121976852416992 -0.728554904460907 
v 1.3974448442459106 0.823248028755188 -0.7403481602668762 
v 1.3907215595245361 0.823248028755188 -0.7519346475601196 
v 1.2715675830841064 0.8287731409072876 -0.6974536776542664 
v 1.2588541507720947 0.8287731409072876 -0.7346380949020386 
v 1.3863157033920288 0.823248028755188 -0.7648657560348511 
v 1.2536927461624146 0.8287731409072876 -0.7736592292785645 
v 1.3844791650772095 0.823248028755188 -0.7783370614051819 
v 1.2559994459152222 0.8287731409072876 -0.8128122091293335 
v 1.3851521015167236 0.823248028755188 -0.7919763326644897 
v 1.2661222219467163 0.8287731409072876 -0.8507041931152344 
v 1.3888025283813477 0.823248028755188 -0.8051352500915527 
v 1.2832927703857422 0.8287731409072876 -0.8861225843429565 
v 1.3947821855545044 0.823248028755188 -0.8173456192016602 
v 1.3070546388626099 0.8287731409072876 -0.9174225926399231 
v 1.4030309915542603 0.823248028755188 -0.8282351493835449 
v 1.3366395235061646 0.8287731409072876 -0.9433914422988892 
v 1.4132728576660156 0.823248028755188 -0.8372756838798523 
v 1.3703783750534058 0.8287731409072876 -0.9631528258323669 
v 1.4248592853546143 0.823248028755188 -0.8439988493919373 
v 1.4075627326965332 0.8287731409072876 -0.9758663177490234 
v 1.4377903938293457 0.823248028755188 -0.8484047651290894 
v 1.446583867073059 0.8287731409072876 -0.9810277223587036 
v 1.4512616395950317 0.823248028755188 -0.8502412438392639 
v 1.4857368469238281 0.8287731409072876 -0.978721022605896 
v 1.4649009704589844 0.823248028755188 -0.8495684266090393 
v 1.523628830909729 0.8287731409072876 -0.9685982465744019 
v 1.4780598878860474 0.823248028755188 -0.8459179401397705 
v 1.5590472221374512 0.8287731409072876 -0.951427698135376 
v 1.4902702569961548 0.823248028755188 -0.8399382829666138 
v 1.590347170829773 0.8287731409072876 -0.9276658296585083 
v 1.5011597871780396 0.823248028755188 -0.8316894769668579 
v 1.6161600351333618 0.8287731409072876 -0.898297131061554 
v 1.5100442171096802 0.823248028755188 -0.8216637969017029 
v 1.6360775232315063 0.8287731409072876 -0.8643421530723572 
v 1.5169235467910767 0.823248028755188 -0.8098611831665039 
v 1.648790955543518 0.8287731409072876 -0.8271576762199402 
v 1.521329402923584 0.823248028755188 -0.7969300746917725 
v 1.6539523601531982 0.8287731409072876 -0.7881365418434143 
v 1.5231659412384033 0.823248028755188 -0.7834587693214417 
v 1.6516456604003906 0.8287731409072876 -0.74898362159729 
v 1.5224930047988892 0.823248028755188 -0.769819438457489 
v 1.6415228843688965 0.8287731409072876 -0.7110915780067444 
v 1.5188425779342651 0.823248028755188 -0.756660521030426 
v 1.6243523359298706 0.8287731409072876 -0.6756731867790222 
v 1.5128629207611084 0.823248028755188 -0.7444502115249634 
v 1.600590467453003 0.8287731409072876 -0.6443732380867004 
v 1.5046141147613525 0.823248028755188 -0.7335606217384338 
v 1.5712218284606934 0.8287731409072876 -0.6185604333877563 
v 1.4945884943008423 0.823248028755188 -0.7246761918067932 
v 1.5372668504714966 0.8287731409072876 -0.5986429452896118 
v 1.4827858209609985 0.823248028755188 -0.7177969217300415 
v 1.5000823736190796 0.8287731409072876 -0.5859294533729553 
v 1.469854712486267 0.823248028755188 -0.7133910655975342 
v 1.4610612392425537 0.8287731409072876 -0.5807681083679199 
v 1.456383466720581 0.823248028755188 -0.7115545272827148 
v 1.4219082593917847 0.8287731409072876 -0.5830747485160828 
v 1.4427441358566284 0.823248028755188 -0.7122274041175842 
v 1.3840162754058838 0.8287731409072876 -0.5931975841522217 
v 1.4295852184295654 0.823248028755188 -0.7158778309822083 
v 1.3485978841781616 0.8287731409072876 -0.6103680729866028 
v 1.417374849319458 0.823248028755188 -0.721857488155365 
v 1.3172979354858398 0.8287731409072876 -0.6341300010681152 
v 1.4064853191375732 0.823248028755188 -0.7301063537597656 
v 1.291329026222229 0.8287731409072876 -0.6637148261070251 
v 1.756832242012024 1.2517540454864502 -0.6943984627723694 
v 1.5450761318206787 1.1234477758407593 -0.741735577583313 
v 1.7556798458099365 1.2554374933242798 -0.7014583349227905 
v 1.541906714439392 1.1252895593643188 -0.7493117451667786 
v 1.7565686702728271 1.2566653490066528 -0.7093344926834106 
v 1.542051076889038 1.1259034872055054 -0.7573080062866211 
v 1.75910222530365 1.2554374933242798 -0.7167543768882751 
v 1.5453290939331055 1.1252895593643188 -0.764607846736908 
v 1.7631006240844727 1.2517540454864502 -0.7226014137268066 
v 1.5513445138931274 1.1234477758407593 -0.7699384689331055 
v 1.5406708717346191 1.1117836236953735 -0.7724242210388184 
v 1.5348116159439087 1.1130114793777466 -0.7668774127960205 
v 1.5315335988998413 1.1136252880096436 -0.7595776319503784 
v 1.5313892364501953 1.1130114793777466 -0.7515813708305359 
v 1.5344024896621704 1.1117836236953735 -0.7442212700843811 
v 1.7631006240844727 1.2517540454864502 -0.7226014137268066 
v 1.7676992416381836 1.246842861175537 -0.7262511849403381 
v 1.5513445138931274 1.1234477758407593 -0.7699384689331055 
v 1.5588606595993042 1.1216061115264893 -0.7727357149124146 
v 1.548030972480774 1.109328031539917 -0.7754375338554382 
v 1.5406708717346191 1.1117836236953735 -0.7724242210388184 
v 1.5391582250595093 1.0970498323440552 -0.7772508859634399 
v 1.5320143699645996 1.0995055437088013 -0.7743935585021973 
v 1.5286407470703125 1.0792466402053833 -0.7795204520225525 
v 1.5214967727661133 1.0817022323608398 -0.7766631841659546 
v 1.5238622426986694 1.062671184539795 -0.7806732654571533 
v 1.5167182683944702 1.0651267766952515 -0.7778159976005554 
v 1.3532397747039795 0.0331515371799469 -0.8143094778060913 
v 1.3605997562408447 0.03253766521811485 -0.817322850227356 
v 1.7676992416381836 1.246842861175537 -0.7262511849403381 
v 1.772345781326294 1.240703821182251 -0.7266472578048706 
v 1.5588606595993042 1.1216061115264893 -0.7727357149124146 
v 1.5668569803237915 1.1185365915298462 -0.7725913524627686 
v 1.5558111667633057 1.106258511543274 -0.7751371264457703 
v 1.548030972480774 1.109328031539917 -0.7754375338554382 
v 1.5471545457839966 1.093980312347412 -0.7771064639091492 
v 1.5391582250595093 1.0970498323440552 -0.7772508859634399 
v 1.5362647771835327 1.0761771202087402 -0.7794361114501953 
v 1.5286407470703125 1.0792466402053833 -0.7795204520225525 
v 1.531114101409912 1.0596016645431519 -0.780648946762085 
v 1.5238622426986694 1.062671184539795 -0.7806732654571533 
v 1.3605997562408447 0.03253766521811485 -0.817322850227356 
v 1.3685359954833984 0.03253766521811485 -0.8168062567710876 
v 1.772345781326294 1.240703821182251 -0.7266472578048706 
v 1.7759835720062256 1.2345647811889648 -0.724341869354248 
v 1.5668569803237915 1.1185365915298462 -0.7725913524627686 
v 1.573628544807434 1.1154670715332031 -0.7695894837379456 
v 1.5625827312469482 1.1038028001785278 -0.7721352577209473 
v 1.5558111667633057 1.106258511543274 -0.7751371264457703 
v 1.5537099838256836 1.0915247201919556 -0.7739485502243042 
v 1.5471545457839966 1.093980312347412 -0.7771064639091492 
v 1.5430363416671753 1.0737214088439941 -0.7764343023300171 
v 1.5362647771835327 1.0761771202087402 -0.7794361114501953 
v 1.5380417108535767 1.0571460723876953 -0.7774310111999512 
v 1.531114101409912 1.0596016645431519 -0.780648946762085 
v 1.3685359954833984 0.03253766521811485 -0.8168062567710876 
v 1.3758958578109741 0.03192374110221863 -0.8139004707336426 
v 1.7759835720062256 1.2345647811889648 -0.724341869354248 
v 1.778396725654602 1.2296534776687622 -0.7191789746284485 
v 1.573628544807434 1.1154670715332031 -0.7695894837379456 
v 1.5782748460769653 1.1130114793777466 -0.7640663385391235 
v 1.5673850774765015 1.1013472080230713 -0.7663959860801697 
v 1.5625827312469482 1.1038028001785278 -0.7721352577209473 
v 1.5587284564971924 1.089069128036499 -0.7683653831481934 
v 1.5537099838256836 1.0915247201919556 -0.7739485502243042 
v 1.548054814338684 1.0712658166885376 -0.7708510756492615 
v 1.5430363416671753 1.0737214088439941 -0.7764343023300171 
v 1.5430601835250854 1.0546903610229492 -0.7718477845191956 
v 1.5380417108535767 1.0571460723876953 -0.7774310111999512 
v 1.3758958578109741 0.03192374110221863 -0.8139004707336426 
v 1.381442666053772 0.03192374110221863 -0.8080410957336426 
v 1.778396725654602 1.2296534776687622 -0.7191789746284485 
v 1.7790207862854004 1.2259700298309326 -0.7123953104019165 
v 1.5782748460769653 1.1130114793777466 -0.7640663385391235 
v 1.5805437564849854 1.111169695854187 -0.7568264007568359 
v 1.5696539878845215 1.0995055437088013 -0.7591560482978821 
v 1.5695096254348755 1.0988916158676147 -0.7511597275733948 
v 1.5801832675933838 1.1105557680130005 -0.7486740350723267 
v 1.7781320810317993 1.2247422933578491 -0.7045191526412964 
v 1.775598406791687 1.2259700298309326 -0.6970992088317871 
v 1.577121376991272 1.111169695854187 -0.7415302991867065 
v 1.7719722986221313 1.2296534776687622 -0.6911922097206116 
v 1.5720064640045166 1.1130114793777466 -0.735863447189331 
v 1.5611166954040527 1.1013472080230713 -0.7381930947303772 
v 1.566231608390808 1.0995055437088013 -0.7438599467277527 
v 1.5673850774765015 1.1013472080230713 -0.7663959860801697 
v 1.7719722986221313 1.2296534776687622 -0.6911922097206116 
v 1.767745852470398 1.2345647811889648 -0.6874823570251465 
v 1.5720064640045166 1.1130114793777466 -0.735863447189331 
v 1.5653908252716064 1.1154670715332031 -0.732729971408844 
v 1.554344892501831 1.1038028001785278 -0.7352757453918457 
v 1.5611166954040527 1.1013472080230713 -0.7381930947303772 
v 1.545472264289856 1.0915247201919556 -0.7370890378952026 
v 1.5524600744247437 1.089069128036499 -0.7401624321937561 
v 1.5347986221313477 1.0737214088439941 -0.7395747900009155 
v 1.5415703058242798 1.0712658166885376 -0.7424920797348022 
v 1.529803991317749 1.0571460723876953 -0.7405714988708496 
v 1.5367918014526367 1.0546903610229492 -0.7436448931694031 
v 1.3751742839813232 0.03192374110221863 -0.7798382043838501 
v 1.3676581382751465 0.03192374110221863 -0.777040958404541 
v 1.7634716033935547 1.240703821182251 -0.6870262622833252 
v 1.759461522102356 1.246842861175537 -0.6893916726112366 
v 1.5577666759490967 1.1185365915298462 -0.7328143119812012 
v 1.5506229400634766 1.1216061115264893 -0.735876202583313 
v 1.5397932529449463 1.109328031539917 -0.7385780811309814 
v 1.5468769073486328 1.106258511543274 -0.7351439595222473 
v 1.5309205055236816 1.0970498323440552 -0.7403913736343384 
v 1.5380642414093018 1.093980312347412 -0.7373294234275818 
v 1.5202468633651733 1.0792466402053833 -0.7428770661354065 
v 1.527174472808838 1.0761771202087402 -0.7396590709686279 
v 1.5156244039535522 1.062671184539795 -0.7438137531280518 
v 1.5223959684371948 1.0596016645431519 -0.7408118844032288 
v 1.3596618175506592 0.03253766521811485 -0.777185320854187 
v 1.352362036705017 0.03253766521811485 -0.7804633378982544 
v 1.3469713926315308 0.0331515371799469 -0.7861065864562988 
v 1.352362036705017 0.03253766521811485 -0.7804633378982544 
v 1.510233759880066 1.0651267766952515 -0.7494569420814514 
v 1.5156244039535522 1.062671184539795 -0.7438137531280518 
v 1.5202468633651733 1.0792466402053833 -0.7428770661354065 
v 1.5152283906936646 1.0817022323608398 -0.7484602332115173 
v 1.5309205055236816 1.0970498323440552 -0.7403913736343384 
v 1.5257459878921509 1.0995055437088013 -0.7461906671524048 
v 1.5397932529449463 1.109328031539917 -0.7385780811309814 
v 1.5344024896621704 1.1117836236953735 -0.7442212700843811 
v 1.5506229400634766 1.1216061115264893 -0.735876202583313 
v 1.5450761318206787 1.1234477758407593 -0.741735577583313 
v 1.756832242012024 1.2517540454864502 -0.6943984627723694 
v 1.759461522102356 1.246842861175537 -0.6893916726112366 
v 1.3439580202102661 0.0331515371799469 -0.7934666275978088 
v 1.3469713926315308 0.0331515371799469 -0.7861065864562988 
v 1.5076526403427124 1.066968560218811 -0.7571291923522949 
v 1.510233759880066 1.0651267766952515 -0.7494569420814514 
v 1.5152283906936646 1.0817022323608398 -0.7484602332115173 
v 1.5124311447143555 1.082930088043213 -0.7559763789176941 
v 1.5257459878921509 1.0995055437088013 -0.7461906671524048 
v 1.5227326154708862 1.1007332801818848 -0.7535507082939148 
v 1.5344024896621704 1.1117836236953735 -0.7442212700843811 
v 1.5313892364501953 1.1130114793777466 -0.7515813708305359 
v 1.5232491493225098 1.1013472080230713 -0.7614869475364685 
v 1.5315335988998413 1.1136252880096436 -0.7595776319503784 
v 1.344102382659912 0.0331515371799469 -0.8014629483222961 
v 1.3439580202102661 0.0331515371799469 -0.7934666275978088 
v 1.5079530477523804 1.0675824880599976 -0.7649093270301819 
v 1.5076526403427124 1.066968560218811 -0.7571291923522949 
v 1.5124311447143555 1.082930088043213 -0.7559763789176941 
v 1.5127315521240234 1.0835440158843994 -0.7637565732002258 
v 1.5158535242080688 1.082930088043213 -0.7712724804878235 
v 1.5261549949645996 1.1007332801818848 -0.7688468098640442 
v 1.5348116159439087 1.1130114793777466 -0.7668774127960205 
v 1.5320143699645996 1.0995055437088013 -0.7743935585021973 
v 1.5406708717346191 1.1117836236953735 -0.7724242210388184 
v 1.5110149383544922 1.066968560218811 -0.772053062915802 
v 1.5079530477523804 1.0675824880599976 -0.7649093270301819 
v 1.344102382659912 0.0331515371799469 -0.8014629483222961 
v 1.3473803997039795 0.0331515371799469 -0.8087627291679382 
v 1.5214967727661133 1.0817022323608398 -0.7766631841659546 
v 1.5158535242080688 1.082930088043213 -0.7712724804878235 
v 1.5167182683944702 1.0651267766952515 -0.7778159976005554 
v 1.5110149383544922 1.066968560218811 -0.772053062915802 
v 1.3473803997039795 0.0331515371799469 -0.8087627291679382 
v 1.3532397747039795 0.0331515371799469 -0.8143094778060913 
v 1.384239912033081 0.0313098169863224 -0.8005249500274658 
v 1.381442666053772 0.03192374110221863 -0.8080410957336426 
v 1.5457013845443726 1.0534626245498657 -0.7645478248596191 
v 1.5430601835250854 1.0546903610229492 -0.7718477845191956 
v 1.548054814338684 1.0712658166885376 -0.7708510756492615 
v 1.5504798889160156 1.0694241523742676 -0.7633950114250183 
v 1.5587284564971924 1.089069128036499 -0.7683653831481934 
v 1.561153531074524 1.087227463722229 -0.7609092593193054 
v 1.5673850774765015 1.1013472080230713 -0.7663959860801697 
v 1.5696539878845215 1.0995055437088013 -0.7591560482978821 
v 1.560853123664856 1.0866135358810425 -0.7531291246414185 
v 1.5695096254348755 1.0988916158676147 -0.7511597275733948 
v 1.5503355264663696 1.068810224533081 -0.755398690700531 
v 1.545340895652771 1.0528486967086792 -0.7563953995704651 
v 1.5457013845443726 1.0534626245498657 -0.7645478248596191 
v 1.384239912033081 0.0313098169863224 -0.8005249500274658 
v 1.384095549583435 0.0313098169863224 -0.7925286889076233 
v 1.5422790050506592 1.0534626245498657 -0.7492517232894897 
v 1.3808175325393677 0.0313098169863224 -0.7852288484573364 
v 1.5470575094223022 1.0694241523742676 -0.7480989098548889 
v 1.5577311515808105 1.087227463722229 -0.745613157749176 
v 1.566231608390808 1.0995055437088013 -0.7438599467277527 
v 1.5524600744247437 1.089069128036499 -0.7401624321937561 
v 1.5611166954040527 1.1013472080230713 -0.7381930947303772 
v 1.5415703058242798 1.0712658166885376 -0.7424920797348022 
v 1.5367918014526367 1.0546903610229492 -0.7436448931694031 
v 1.5422790050506592 1.0534626245498657 -0.7492517232894897 
v 1.3808175325393677 0.0313098169863224 -0.7852288484573364 
v 1.3751742839813232 0.03192374110221863 -0.7798382043838501 
v 1.3596618175506592 0.03253766521811485 -0.777185320854187 
v 1.3676581382751465 0.03192374110221863 -0.777040958404541 
v 1.5223959684371948 1.0596016645431519 -0.7408118844032288 
v 1.529803991317749 1.0571460723876953 -0.7405714988708496 
v 1.5347986221313477 1.0737214088439941 -0.7395747900009155 
v 1.527174472808838 1.0761771202087402 -0.7396590709686279 
v 1.545472264289856 1.0915247201919556 -0.7370890378952026 
v 1.5380642414093018 1.093980312347412 -0.7373294234275818 
v 1.554344892501831 1.1038028001785278 -0.7352757453918457 
v 1.5468769073486328 1.106258511543274 -0.7351439595222473 
v 1.5653908252716064 1.1154670715332031 -0.732729971408844 
v 1.5577666759490967 1.1185365915298462 -0.7328143119812012 
v 1.7634716033935547 1.240703821182251 -0.6870262622833252 
v 1.767745852470398 1.2345647811889648 -0.6874823570251465 
v 1.7593897581100464 1.2492984533309937 -0.6972318887710571 
v 1.5477896928787231 1.1209921836853027 -0.7443528771400452 
v 1.7583693265914917 1.2517540454864502 -0.702742874622345 
v 1.5451245307922363 1.1216061115264893 -0.7503201961517334 
v 1.758957862854004 1.2523679733276367 -0.7087581157684326 
v 1.5451847314834595 1.1222200393676758 -0.7566115260124207 
v 1.7610352039337158 1.2517540454864502 -0.7145331501960754 
v 1.5477904081344604 1.1216061115264893 -0.7621104121208191 
v 1.7642651796340942 1.2492984533309937 -0.7191675305366516 
v 1.552665114402771 1.1209921836853027 -0.7662884593009949 
v 1.5423636436462402 1.109328031539917 -0.7687141299247742 
v 1.5376449823379517 1.1105557680130005 -0.7643199563026428 
v 1.5350394248962402 1.1105557680130005 -0.7588211297988892 
v 1.535195231437683 1.1105557680130005 -0.7526857852935791 
v 1.537488341331482 1.109328031539917 -0.7467785477638245 
v 1.7642651796340942 1.2492984533309937 -0.7191675305366516 
v 1.7677230834960938 1.2450010776519775 -0.7216647267341614 
v 1.552665114402771 1.1209921836853027 -0.7662884593009949 
v 1.55910062789917 1.1197644472122192 -0.7683053016662598 
v 1.5484269857406616 1.108100175857544 -0.7707910537719727 
v 1.5423636436462402 1.109328031539917 -0.7687141299247742 
v 1.539926528930664 1.0958220958709717 -0.7725443243980408 
v 1.5338631868362427 1.0976637601852417 -0.7704674005508423 
v 1.5292528867721558 1.0786327123641968 -0.7750300168991089 
v 1.5237178802490234 1.0798605680465698 -0.772676944732666 
v 1.5246304273605347 1.0620572566986084 -0.7759667038917542 
v 1.5189392566680908 1.064512848854065 -0.7738297581672668 
v 1.3558329343795776 0.03253766521811485 -0.8102632164955139 
v 1.3615241050720215 0.03253766521811485 -0.8124001622200012 
v 1.7677230834960938 1.2450010776519775 -0.7216647267341614 
v 1.771409034729004 1.240703821182251 -0.7220247983932495 
v 1.55910062789917 1.1197644472122192 -0.7683053016662598 
v 1.565764307975769 1.1185365915298462 -0.768185019493103 
v 1.5548745393753052 1.106258511543274 -0.7705146670341492 
v 1.5484269857406616 1.108100175857544 -0.7707910537719727 
v 1.5460017919540405 1.093980312347412 -0.7723279595375061 
v 1.539926528930664 1.0958220958709717 -0.7725443243980408 
v 1.5353281497955322 1.0761771202087402 -0.774813711643219 
v 1.5292528867721558 1.0786327123641968 -0.7750300168991089 
v 1.5301774740219116 1.0596016645431519 -0.7760265469551086 
v 1.5246304273605347 1.0620572566986084 -0.7759667038917542 
v 1.3615241050720215 0.03253766521811485 -0.8124001622200012 
v 1.367599368095398 0.03253766521811485 -0.8121838569641113 
v 1.771409034729004 1.240703821182251 -0.7220247983932495 
v 1.774206519126892 1.2364064455032349 -0.7204278111457825 
v 1.565764307975769 1.1185365915298462 -0.768185019493103 
v 1.571263074874878 1.1173087358474731 -0.7655794024467468 
v 1.560217261314392 1.1050306558609009 -0.7681251764297485 
v 1.5548745393753052 1.106258511543274 -0.7705146670341492 
v 1.5513445138931274 1.092138648033142 -0.7699384689331055 
v 1.5460017919540405 1.093980312347412 -0.7723279595375061 
v 1.5402987003326416 1.0743353366851807 -0.7724842429161072 
v 1.5353281497955322 1.0761771202087402 -0.774813711643219 
v 1.5355201959609985 1.0577598810195923 -0.773637056350708 
v 1.5301774740219116 1.0596016645431519 -0.7760265469551086 
v 1.367599368095398 0.03253766521811485 -0.8121838569641113 
v 1.3731582164764404 0.03253766521811485 -0.8099504113197327 
v 1.774206519126892 1.2364064455032349 -0.7204278111457825 
v 1.7758992910385132 1.2327229976654053 -0.7167177796363831 
v 1.571263074874878 1.1173087358474731 -0.7655794024467468 
v 1.5753451585769653 1.1154670715332031 -0.7612929940223694 
v 1.564083218574524 1.1031889915466309 -0.7636826634407043 
v 1.560217261314392 1.1050306558609009 -0.7681251764297485 
v 1.5552705526351929 1.090910792350769 -0.7658681273460388 
v 1.5513445138931274 1.092138648033142 -0.7699384689331055 
v 1.5441646575927734 1.0724936723709106 -0.768041729927063 
v 1.5402987003326416 1.0743353366851807 -0.7724842429161072 
v 1.5392299890518188 1.0553042888641357 -0.7694106698036194 
v 1.5355201959609985 1.0577598810195923 -0.773637056350708 
v 1.3731582164764404 0.03253766521811485 -0.8099504113197327 
v 1.3773963451385498 0.03253766521811485 -0.8054478764533997 
v 1.7758992910385132 1.2327229976654053 -0.7167177796363831 
v 1.7765474319458008 1.2302674055099487 -0.711266815662384 
v 1.5753451585769653 1.1154670715332031 -0.7612929940223694 
v 1.5774821043014526 1.1148531436920166 -0.7556018233299255 
v 1.5660640001296997 1.1019611358642578 -0.7582076787948608 
v 1.565631628036499 1.1019611358642578 -0.7519763112068176 
v 1.577265739440918 1.11423921585083 -0.7495265603065491 
v 1.5633982419967651 1.1019611358642578 -0.7464174032211304 
v 1.5748162269592285 1.1148531436920166 -0.7438116073608398 
v 1.7738215923309326 1.2302674055099487 -0.699104368686676 
v 1.7709637880325317 1.2327229976654053 -0.694409966468811 
v 1.5704697370529175 1.1154670715332031 -0.7393573522567749 
v 1.5592678785324097 1.1031889915466309 -0.7421192526817322 
v 1.775742769241333 1.2290395498275757 -0.7050955295562744 
v 1.564083218574524 1.1031889915466309 -0.7636826634407043 
v 1.7709637880325317 1.2327229976654053 -0.694409966468811 
v 1.5704697370529175 1.1154670715332031 -0.7393573522567749 
v 1.7678780555725098 1.2364064455032349 -0.6918526887893677 
v 1.5651508569717407 1.1173087358474731 -0.7371603846549988 
v 1.5537327527999878 1.1050306558609009 -0.7397661805152893 
v 1.5592678785324097 1.1031889915466309 -0.7421192526817322 
v 1.5450761318206787 1.092138648033142 -0.741735577583313 
v 1.550395131111145 1.090910792350769 -0.7439325451850891 
v 1.5340303182601929 1.0743353366851807 -0.7442813515663147 
v 1.5393493175506592 1.0724936723709106 -0.7464783191680908 
v 1.5290356874465942 1.0577598810195923 -0.7452780604362488 
v 1.5343546867370605 1.0553042888641357 -0.7474750280380249 
v 1.3725810050964355 0.03253766521811485 -0.7838844656944275 
v 1.3668898344039917 0.03253766521811485 -0.7817475199699402 
v 1.7645642757415771 1.240703821182251 -0.6914325952529907 
v 1.761454701423645 1.2450010776519775 -0.6934617757797241 
v 1.5589194297790527 1.1185365915298462 -0.7375928163528442 
v 1.5528322458267212 1.1197644472122192 -0.7401024103164673 
v 1.5419424772262573 1.108100175857544 -0.7424320578575134 
v 1.5480296611785889 1.106258511543274 -0.7399224638938904 
v 1.5336581468582153 1.0958220958709717 -0.7443413734436035 
v 1.5391570329666138 1.093980312347412 -0.7417357563972473 
v 1.522984504699707 1.0786327123641968 -0.7468270659446716 
v 1.5284833908081055 1.0761771202087402 -0.7442215085029602 
v 1.518362045288086 1.0620572566986084 -0.7477637529373169 
v 1.5233325958251953 1.0596016645431519 -0.7454343438148499 
v 1.3607546091079712 0.03253766521811485 -0.7815916538238525 
v 1.3552557229995728 0.03253766521811485 -0.784197211265564 
v 1.3508014678955078 0.03253766521811485 -0.7885437607765198 
v 1.3552557229995728 0.03253766521811485 -0.784197211265564 
v 1.5142799615859985 1.064512848854065 -0.7520502209663391 
v 1.518362045288086 1.0620572566986084 -0.7477637529373169 
v 1.522984504699707 1.0786327123641968 -0.7468270659446716 
v 1.5189024209976196 1.0798605680465698 -0.7511135339736938 
v 1.5336581468582153 1.0958220958709717 -0.7443413734436035 
v 1.5290478467941284 1.0976637601852417 -0.7489039897918701 
v 1.5419424772262573 1.108100175857544 -0.7424320578575134 
v 1.537488341331482 1.109328031539917 -0.7467785477638245 
v 1.5528322458267212 1.1197644472122192 -0.7401024103164673 
v 1.5477896928787231 1.1209921836853027 -0.7443528771400452 
v 1.7593897581100464 1.2492984533309937 -0.6972318887710571 
v 1.761454701423645 1.2450010776519775 -0.6934617757797241 
v 1.3486645221710205 0.03253766521811485 -0.7942348718643188 
v 1.3508014678955078 0.03253766521811485 -0.7885437607765198 
v 1.5121430158615112 1.065740704536438 -0.7577413320541382 
v 1.5142799615859985 1.064512848854065 -0.7520502209663391 
v 1.5189024209976196 1.0798605680465698 -0.7511135339736938 
v 1.5167654752731323 1.0810883045196533 -0.7568047046661377 
v 1.5290478467941284 1.0976637601852417 -0.7489039897918701 
v 1.5269109010696411 1.0988916158676147 -0.7545951008796692 
v 1.537488341331482 1.109328031539917 -0.7467785477638245 
v 1.535195231437683 1.1105557680130005 -0.7526857852935791 
v 1.5271272659301758 1.0988916158676147 -0.7606703639030457 
v 1.5350394248962402 1.1105557680130005 -0.7588211297988892 
v 1.5293606519699097 1.0988916158676147 -0.7662292718887329 
v 1.5376449823379517 1.1105557680130005 -0.7643199563026428 
v 1.3487248420715332 0.03253766521811485 -0.8005262613296509 
v 1.3486645221710205 0.03253766521811485 -0.7942348718643188 
v 1.512359380722046 1.0663546323776245 -0.7638165950775146 
v 1.5121430158615112 1.065740704536438 -0.7577413320541382 
v 1.5167654752731323 1.0810883045196533 -0.7568047046661377 
v 1.516981840133667 1.0817022323608398 -0.7628799080848694 
v 1.3513303995132446 0.03253766521811485 -0.8060250878334045 
v 1.5148088932037354 1.065740704536438 -0.7695316076278687 
v 1.3487248420715332 0.03253766521811485 -0.8005262613296509 
v 1.512359380722046 1.0663546323776245 -0.7638165950775146 
v 1.516981840133667 1.0817022323608398 -0.7628799080848694 
v 1.5192152261734009 1.0810883045196533 -0.7684388160705566 
v 1.5423636436462402 1.109328031539917 -0.7687141299247742 
v 1.5338631868362427 1.0976637601852417 -0.7704674005508423 
v 1.5237178802490234 1.0798605680465698 -0.772676944732666 
v 1.5192152261734009 1.0810883045196533 -0.7684388160705566 
v 1.5189392566680908 1.064512848854065 -0.7738297581672668 
v 1.5148088932037354 1.065740704536438 -0.7695316076278687 
v 1.3513303995132446 0.03253766521811485 -0.8060250878334045 
v 1.3558329343795776 0.03253766521811485 -0.8102632164955139 
v 1.379533290863037 0.03253766521811485 -0.7997567057609558 
v 1.3773963451385498 0.03253766521811485 -0.8054478764533997 
v 1.5411508083343506 1.0540764331817627 -0.7635634541511536 
v 1.5392299890518188 1.0553042888641357 -0.7694106698036194 
v 1.5441646575927734 1.0724936723709106 -0.768041729927063 
v 1.5461455583572388 1.0712658166885376 -0.7625666856765747 
v 1.5552705526351929 1.090910792350769 -0.7658681273460388 
v 1.376867413520813 0.03253766521811485 -0.7879664897918701 
v 1.379317045211792 0.03253766521811485 -0.7936814427375793 
v 1.538485050201416 1.0540764331817627 -0.7517731785774231 
v 1.5409345626831055 1.0540764331817627 -0.7574881911277771 
v 1.545929193496704 1.0712658166885376 -0.756491482257843 
v 1.5571913719177246 1.0896830558776855 -0.7600209712982178 
v 1.564083218574524 1.1031889915466309 -0.7636826634407043 
v 1.5660640001296997 1.1019611358642578 -0.7582076787948608 
v 1.55697500705719 1.089069128036499 -0.7539457082748413 
v 1.565631628036499 1.1019611358642578 -0.7519763112068176 
v 1.379533290863037 0.03253766521811485 -0.7997567057609558 
v 1.5434796810150146 1.0712658166885376 -0.750776469707489 
v 1.5343546867370605 1.0553042888641357 -0.7474750280380249 
v 1.376867413520813 0.03253766521811485 -0.7879664897918701 
v 1.3725810050964355 0.03253766521811485 -0.7838844656944275 
v 1.5393493175506592 1.0724936723709106 -0.7464783191680908 
v 1.5545254945755005 1.0896830558776855 -0.7482306957244873 
v 1.550395131111145 1.090910792350769 -0.7439325451850891 
v 1.5633982419967651 1.1019611358642578 -0.7464174032211304 
v 1.5592678785324097 1.1031889915466309 -0.7421192526817322 
v 1.3607546091079712 0.03253766521811485 -0.7815916538238525 
v 1.5233325958251953 1.0596016645431519 -0.7454343438148499 
v 1.3668898344039917 0.03253766521811485 -0.7817475199699402 
v 1.5290356874465942 1.0577598810195923 -0.7452780604362488 
v 1.5340303182601929 1.0743353366851807 -0.7442813515663147 
v 1.5284833908081055 1.0761771202087402 -0.7442215085029602 
v 1.5450761318206787 1.092138648033142 -0.741735577583313 
v 1.5391570329666138 1.093980312347412 -0.7417357563972473 
v 1.5537327527999878 1.1050306558609009 -0.7397661805152893 
v 1.5480296611785889 1.106258511543274 -0.7399224638938904 
v 1.5651508569717407 1.1173087358474731 -0.7371603846549988 
v 1.5589194297790527 1.1185365915298462 -0.7375928163528442 
v 1.7645642757415771 1.240703821182251 -0.6914325952529907 
v 1.7678780555725098 1.2364064455032349 -0.6918526887893677 
v 1.3596618175506592 0.03253766521811485 -0.777185320854187 
v 1.3552557229995728 0.03253766521811485 -0.784197211265564 
v 1.352362036705017 0.03253766521811485 -0.7804633378982544 
v 1.3508014678955078 0.03253766521811485 -0.7885437607765198 
v 1.3469713926315308 0.0331515371799469 -0.7861065864562988 
v 1.3486645221710205 0.03253766521811485 -0.7942348718643188 
v 1.3439580202102661 0.0331515371799469 -0.7934666275978088 
v 1.3487248420715332 0.03253766521811485 -0.8005262613296509 
v 1.344102382659912 0.0331515371799469 -0.8014629483222961 
v 1.3513303995132446 0.03253766521811485 -0.8060250878334045 
v 1.3473803997039795 0.0331515371799469 -0.8087627291679382 
v 1.3558329343795776 0.03253766521811485 -0.8102632164955139 
v 1.3532397747039795 0.0331515371799469 -0.8143094778060913 
v 1.3615241050720215 0.03253766521811485 -0.8124001622200012 
v 1.3605997562408447 0.03253766521811485 -0.817322850227356 
v 1.367599368095398 0.03253766521811485 -0.8121838569641113 
v 1.3685359954833984 0.03253766521811485 -0.8168062567710876 
v 1.3731582164764404 0.03253766521811485 -0.8099504113197327 
v 1.3758958578109741 0.03192374110221863 -0.8139004707336426 
v 1.3773963451385498 0.03253766521811485 -0.8054478764533997 
v 1.381442666053772 0.03192374110221863 -0.8080410957336426 
v 1.379533290863037 0.03253766521811485 -0.7997567057609558 
v 1.384239912033081 0.0313098169863224 -0.8005249500274658 
v 1.379317045211792 0.03253766521811485 -0.7936814427375793 
v 1.384095549583435 0.0313098169863224 -0.7925286889076233 
v 1.376867413520813 0.03253766521811485 -0.7879664897918701 
v 1.3808175325393677 0.0313098169863224 -0.7852288484573364 
v 1.3725810050964355 0.03253766521811485 -0.7838844656944275 
v 1.3751742839813232 0.03192374110221863 -0.7798382043838501 
v 1.3668898344039917 0.03253766521811485 -0.7817475199699402 
v 1.3676581382751465 0.03192374110221863 -0.777040958404541 
v 1.3607546091079712 0.03253766521811485 -0.7815916538238525 
v 1.759461522102356 1.246842861175537 -0.6893916726112366 
v 1.7645642757415771 1.240703821182251 -0.6914325952529907 
v 1.7634716033935547 1.240703821182251 -0.6870262622833252 
v 1.7678780555725098 1.2364064455032349 -0.6918526887893677 
v 1.767745852470398 1.2345647811889648 -0.6874823570251465 
v 1.7709637880325317 1.2327229976654053 -0.694409966468811 
v 1.7719722986221313 1.2296534776687622 -0.6911922097206116 
v 1.7738215923309326 1.2302674055099487 -0.699104368686676 
v 1.775598406791687 1.2259700298309326 -0.6970992088317871 
v 1.775742769241333 1.2290395498275757 -0.7050955295562744 
v 1.7781320810317993 1.2247422933578491 -0.7045191526412964 
v 1.7765474319458008 1.2302674055099487 -0.711266815662384 
v 1.7790207862854004 1.2259700298309326 -0.7123953104019165 
v 1.7758992910385132 1.2327229976654053 -0.7167177796363831 
v 1.778396725654602 1.2296534776687622 -0.7191789746284485 
v 1.774206519126892 1.2364064455032349 -0.7204278111457825 
v 1.7759835720062256 1.2345647811889648 -0.724341869354248 
v 1.771409034729004 1.240703821182251 -0.7220247983932495 
v 1.772345781326294 1.240703821182251 -0.7266472578048706 
v 1.7677230834960938 1.2450010776519775 -0.7216647267341614 
v 1.7676992416381836 1.246842861175537 -0.7262511849403381 
v 1.7642651796340942 1.2492984533309937 -0.7191675305366516 
v 1.7631006240844727 1.2517540454864502 -0.7226014137268066 
v 1.7610352039337158 1.2517540454864502 -0.7145331501960754 
v 1.75910222530365 1.2554374933242798 -0.7167543768882751 
v 1.758957862854004 1.2523679733276367 -0.7087581157684326 
v 1.7565686702728271 1.2566653490066528 -0.7093344926834106 
v 1.7583693265914917 1.2517540454864502 -0.702742874622345 
v 1.7556798458099365 1.2554374933242798 -0.7014583349227905 
v 1.7593897581100464 1.2492984533309937 -0.6972318887710571 
v 1.756832242012024 1.2517540454864502 -0.6943984627723694 
v 1.761454701423645 1.2450010776519775 -0.6934617757797241 
v 1.302783489227295 6.706342787765607e-7 -0.6719868183135986 
v 1.3269754648208618 6.706342787765607e-7 -0.6444071531295776 
v 1.2843667268753052 6.706342787765607e-7 -0.703408420085907 
v 1.2725656032562256 6.706342787765607e-7 -0.7379633784294128 
v 1.356066346168518 6.706342787765607e-7 -0.6223382353782654 
v 1.3889994621276855 6.706342787765607e-7 -0.6063324213027954 
v 1.267728328704834 6.706342787765607e-7 -0.774259090423584 
v 1.2697707414627075 6.706342787765607e-7 -0.8105905055999756 
v 1.4241299629211426 6.706342787765607e-7 -0.5968461036682129 
v 1.27925705909729 6.706342787765607e-7 -0.8457210659980774 
v 1.4604613780975342 6.706342787765607e-7 -0.5948036909103394 
v 1.2952629327774048 6.706342787765607e-7 -0.8786541819572449 
v 1.4967570304870605 6.706342787765607e-7 -0.599640965461731 
v 1.531312108039856 6.706342787765607e-7 -0.6114420294761658 
v 1.3173317909240723 6.706342787765607e-7 -0.9077450037002563 
v 1.5627336502075195 6.706342787765607e-7 -0.6298587918281555 
v 1.3446954488754272 6.706342787765607e-7 -0.9317809343338013 
v 1.5903133153915405 6.706342787765607e-7 -0.6540508270263672 
v 1.3763331174850464 6.706342787765607e-7 -0.950353741645813 
v 1.4108880758285522 6.706342787765607e-7 -0.9621548652648926 
v 1.612382173538208 6.706342787765607e-7 -0.6831416487693787 
v 1.4471837282180786 6.706342787765607e-7 -0.9669921398162842 
v 1.6283880472183228 6.706342787765607e-7 -0.7160747647285461 
v 1.4835151433944702 6.706342787765607e-7 -0.9649497270584106 
v 1.6378743648529053 6.706342787765607e-7 -0.7512052655220032 
v 1.5186457633972168 6.706342787765607e-7 -0.9554633498191833 
v 1.6399167776107788 6.706342787765607e-7 -0.7875367403030396 
v 1.6350795030593872 6.706342787765607e-7 -0.8238323926925659 
v 1.5515788793563843 6.706342787765607e-7 -0.9394575357437134 
v 1.580669641494751 6.706342787765607e-7 -0.9173886775970459 
v 1.6232783794403076 6.706342787765607e-7 -0.8583874106407166 
v 1.604705572128296 6.706342787765607e-7 -0.8900250792503357 
v 1.301702857017517 0.012278739362955093 -0.6712064743041992 
v 1.3262670040130615 0.012278739362955093 -0.6435667276382446 
v 1.283346176147461 0.012278739362955093 -0.7030001878738403 
v 1.3555139303207397 0.012278739362955093 -0.6212816834449768 
v 1.2713890075683594 0.012278739362955093 -0.7377713322639465 
v 1.3884470462799072 0.012278739362955093 -0.6052759289741516 
v 1.2665517330169678 0.012278739362955093 -0.7740669846534729 
v 1.4239498376846313 0.012278739362955093 -0.5957294702529907 
v 1.2686541080474854 0.012278739362955093 -0.8107706308364868 
v 1.4606534242630005 0.012278739362955093 -0.5936270356178284 
v 1.278200626373291 0.012278739362955093 -0.8462733626365662 
v 1.2942063808441162 0.012278739362955093 -0.8792064785957336 
v 1.4969491958618164 0.012278739362955093 -0.59846431016922 
v 1.5317202806472778 0.012278739362955093 -0.6104214787483215 
v 1.3164913654327393 0.012278739362955093 -0.9084534049034119 
v 1.563513994216919 0.012278739362955093 -0.6287782192230225 
v 1.3439149856567383 0.012278739362955093 -0.9328615069389343 
v 1.5911537408828735 0.012278739362955093 -0.6533423662185669 
v 1.375924825668335 0.012278739362955093 -0.9513742923736572 
v 1.410696029663086 0.012278739362955093 -0.9633314609527588 
v 1.6134387254714966 0.012278739362955093 -0.6825892925262451 
v 1.4469916820526123 0.012278739362955093 -0.9681687951087952 
v 1.6294445991516113 0.012278739362955093 -0.7155224084854126 
v 1.4836952686309814 0.012278739362955093 -0.966066300868988 
v 1.6389909982681274 0.012278739362955093 -0.7510251402854919 
v 1.5191980600357056 0.012278739362955093 -0.9565199017524719 
v 1.641093373298645 0.012278739362955093 -0.7877287864685059 
v 1.6362560987472534 0.012278739362955093 -0.824024498462677 
v 1.552131175994873 0.012278739362955093 -0.940514087677002 
v 1.6242989301681519 0.012278739362955093 -0.8587955832481384 
v 1.5813781023025513 0.012278739362955093 -0.9182291030883789 
v 1.6057862043380737 0.012278739362955093 -0.8908054828643799 
vn -4.593485355377197 -1.5075498819351196 2.121407985687256 
vn -4.837247371673584 -0.558707594871521 2.2077205181121826 
vn -5.177098751068115 -0.5463018417358398 1.2203809022903442 
vn -4.864677906036377 -0.13850706815719604 2.2376906871795654 
vn -5.209571361541748 -0.13881342113018036 1.2379839420318604 
vn -4.864677906036377 0.13850706815719604 2.2376906871795654 
vn -5.209571361541748 0.13881342113018036 1.2379839420318604 
vn -5.351126670837402 -0.1387757956981659 0.1941440999507904 
vn -5.351126670837402 0.1387757956981659 0.1941440999507904 
vn -4.2154645919799805 -2.2926394939422607 1.9399542808532715 
vn -4.517640113830566 -2.2889978885650635 1.0710902214050293 
vn -4.919830799102783 -1.5153361558914185 1.1677607297897339 
vn -4.652502536773682 -2.270449638366699 0.16064725816249847 
vn -5.053937911987305 -1.5136135816574097 0.18226532638072968 
vn -4.5930962562561035 -2.2758731842041016 -0.7358256578445435 
vn -5.314550399780273 -0.551132082939148 0.2000240832567215 
vn -5.251795291900635 -0.5522288680076599 -0.8375242352485657 
vn -5.285760879516602 -0.13855133950710297 -0.8561936020851135 
vn -5.285760879516602 0.13855133950710297 -0.8561936020851135 
vn -5.016364574432373 -0.13865622878074646 -1.8730685710906982 
vn -5.016364574432373 0.13865622878074646 -1.8730685710906982 
vn -4.996294021606445 -1.505500316619873 -0.8037084341049194 
vn -4.982426166534424 -0.5528149604797363 -1.8593952655792236 
vn -4.739430904388428 -1.5184153318405151 -1.7588233947753906 
vn -4.530270099639893 -0.5529734492301941 -2.785378932952881 
vn -4.553463459014893 -0.1386132389307022 -2.817495822906494 
vn -4.553463459014893 0.1386132389307022 -2.817495822906494 
vn -3.9149467945098877 -0.1386367529630661 -3.653148651123047 
vn -3.9149467945098877 0.1386367529630661 -3.653148651123047 
vn -4.359307765960693 -2.2815606594085693 -1.6121656894683838 
vn -3.9611754417419434 -2.2704968452453613 -2.4454822540283203 
vn -4.308657646179199 -1.4924659729003906 -2.6641383171081543 
vn -3.3970508575439453 -2.2817862033843994 -3.171952724456787 
vn -3.709939479827881 -1.4952272176742554 -3.4477920532226562 
vn -2.710623264312744 -2.284172773361206 -3.773447275161743 
vn -2.955317974090576 -1.4967377185821533 -4.11228084564209 
vn -3.1040101051330566 -0.5530663728713989 -4.318178176879883 
vn -3.8930821418762207 -0.5532326698303223 -3.6228721141815186 
vn -2.2366833686828613 0.13846710324287415 -4.865142822265625 
vn -2.2366833686828613 -0.13846710324287415 -4.865142822265625 
vn -3.1254467964172363 0.13858254253864288 -4.347862243652344 
vn -3.1254467964172363 -0.13858254253864288 -4.347862243652344 
vn -2.214872360229492 -0.552558958530426 -4.834940433502197 
vn -2.106210470199585 -1.4952272176742554 -4.605952739715576 
vn -2.106210470199585 -1.4952272176742554 -4.605952739715576 
vn -1.2194976806640625 -0.5522593855857849 -5.176445007324219 
vn -2.214872360229492 -0.552558958530426 -4.834940433502197 
vn -2.2366833686828613 -0.13846710324287415 -4.865142822265625 
vn -1.242631196975708 -0.1384332776069641 -5.2084784507751465 
vn -2.2366833686828613 0.13846710324287415 -4.865142822265625 
vn -1.242631196975708 0.1384332776069641 -5.2084784507751465 
vn -0.20054979622364044 -0.13845624029636383 -5.350902080535889 
vn -0.20054979622364044 0.13845624029636383 -5.350902080535889 
vn -2.710623264312744 -2.284172773361206 -3.773447275161743 
vn -2.955317974090576 -1.4967377185821533 -4.11228084564209 
vn -1.943763256072998 -2.2792704105377197 -4.2235846519470215 
vn -1.0757441520690918 -2.2704968452453613 -4.529245853424072 
vn -1.1745017766952515 -1.4906268119812012 -4.9285078048706055 
vn -0.16079482436180115 -2.278820514678955 -4.646914958953857 
vn -0.17976737022399902 -1.5163885354995728 -5.052893161773682 
vn 0.7442880868911743 -2.2729592323303223 -4.593699932098389 
vn -0.1983165740966797 -0.5520251393318176 -5.314487934112549 
vn 0.8563910722732544 -0.5513050556182861 -5.248884201049805 
vn 0.8494516611099243 -0.13831664621829987 -5.286856651306152 
vn 0.8494516611099243 0.13831664621829987 -5.286856651306152 
vn 1.8670432567596436 -0.13817821443080902 -5.018627643585205 
vn 1.8670432567596436 0.13817821443080902 -5.018627643585205 
vn 0.807494580745697 -1.50324285030365 -4.996609687805176 
vn 1.860801100730896 -0.5488227605819702 -4.9825029373168945 
vn 1.760089635848999 -1.5083826780319214 -4.743326187133789 
vn 2.78617262840271 -0.5447115302085876 -4.531146049499512 
vn 2.8133866786956787 -0.13794763386249542 -4.556031227111816 
vn 2.8133866786956787 0.13794763386249542 -4.556031227111816 
vn 3.653785467147827 -0.13683128356933594 -3.9144389629364014 
vn 3.653785467147827 0.13683128356933594 -3.9144389629364014 
vn 1.6303976774215698 -2.291471004486084 -4.345418930053711 
vn 2.434330940246582 -2.285992383956909 -3.9558918476104736 
vn 2.653778553009033 -1.5123255252838135 -4.305610656738281 
vn 3.158292055130005 -2.288252592086792 -3.4038429260253906 
vn 3.454787492752075 -1.5047096014022827 -3.6981871128082275 
vn 3.774930000305176 -2.2796881198883057 -2.7137036323547363 
vn 3.6157779693603516 -0.5561051964759827 -3.8991148471832275 
vn 4.31637716293335 -0.5598911643028259 -3.1048479080200195 
vn 4.346547603607178 -0.14007963240146637 -3.1271839141845703 
vn 4.34712028503418 0.1199963241815567 -3.1275265216827393 
vn 4.864856243133545 -0.13683128356933594 -2.2374441623687744 
vn 4.864856243133545 0.13683128356933594 -2.2374441623687744 
vn 4.099510669708252 -1.5147689580917358 -2.9605321884155273 
vn 4.838356971740723 -0.5561051964759827 -2.206183671951294 
vn 4.607290744781494 -1.4962480068206787 -2.1022915840148926 
vn 4.224346160888672 -2.288252592086792 -1.9276556968688965 
vn 4.607290744781494 -1.4962480068206787 -2.1022915840148926 
vn 5.1738715171813965 -0.5611889362335205 -1.2248491048812866 
vn 4.838356971740723 -0.5561051964759827 -2.206183671951294 
vn 4.864856243133545 -0.13683128356933594 -2.2374441623687744 
vn 5.209618091583252 -0.13794763386249542 -1.2379193305969238 
vn 4.864856243133545 0.13683128356933594 -2.2374441623687744 
vn 5.209618091583252 0.13794763386249542 -1.2379193305969238 
vn 5.351149082183838 -0.13817821443080902 -0.19411355257034302 
vn 5.351149082183838 0.13817821443080902 -0.19411355257034302 
vn 4.224346160888672 -2.288252592086792 -1.9276556968688965 
vn 4.530540466308594 -2.276338815689087 -1.0532264709472656 
vn 4.921710014343262 -1.5123255252838135 -1.1651583909988403 
vn 4.646181583404541 -2.2794599533081055 -0.1693996787071228 
vn 5.06241512298584 -1.4937041997909546 -0.1705266684293747 
vn 4.587254047393799 -2.28640079498291 0.7277359366416931 
vn 5.314894199371338 -0.5488227605819702 -0.19954828917980194 
vn 5.251904010772705 -0.5513050556182861 0.8376743793487549 
vn 5.285767555236816 -0.13831664621829987 0.8562029600143433 
vn 5.285767555236816 0.13831664621829987 0.8562029600143433 
vn 5.015913486480713 -0.1557541936635971 1.8724441528320312 
vn 5.0167717933654785 0.12115542590618134 1.8736323118209839 
vn 4.997051239013672 -1.50324285030365 0.8047573566436768 
vn 4.980772972106934 -0.5691496729850769 1.8571056127548218 
vn 4.744583606719971 -1.5004277229309082 1.7659586668014526 
vn 4.530333995819092 -0.5522593855857849 2.7854676246643066 
vn 4.553467750549316 -0.1384332776069641 2.8175010681152344 
vn 4.553467750549316 0.1384332776069641 2.8175010681152344 
vn 3.9145638942718506 -0.1557689607143402 3.652618169784546 
vn 3.9152915477752686 0.12116320431232452 3.653625965118408 
vn 4.353865623474121 -2.2930519580841064 1.6046299934387207 
vn 3.954944133758545 -2.2852237224578857 2.4368536472320557 
vn 4.304983139038086 -1.5068327188491821 2.6590499877929688 
vn 3.392073392868042 -2.294205665588379 3.165060520172119 
vn 3.709939479827881 -1.4952272176742554 3.4477920532226562 
vn 2.7295994758605957 -2.284172773361206 3.7597434520721436 
vn 3.8916642665863037 -0.569735050201416 3.620908737182617 
vn 3.122986316680908 -0.5530663728713989 4.304474353790283 
vn 3.144423246383667 -0.13858254253864288 4.334158420562744 
vn 3.144423246383667 0.13858254253864288 4.334158420562744 
vn 2.236679792404175 -0.1386367529630661 4.865138053894043 
vn 2.236679792404175 0.1386367529630661 4.865138053894043 
vn 2.9742941856384277 -1.4967377185821533 4.09857702255249 
vn 2.214815139770508 -0.5532326698303223 4.8348612785339355 
vn 2.106210470199585 -1.4952272176742554 4.605952739715576 
vn 1.9427592754364014 -2.2817862033843994 4.222194194793701 
vn 2.106210470199585 -1.4952272176742554 4.605952739715576 
vn 1.2178654670715332 -0.57015061378479 5.174184799194336 
vn 2.214815139770508 -0.5532326698303223 4.8348612785339355 
vn 2.236679792404175 -0.1386367529630661 4.865138053894043 
vn 1.2422159910202026 -0.15593251585960388 5.2079033851623535 
vn 2.236679792404175 0.1386367529630661 4.865138053894043 
vn 1.2429901361465454 0.1212916374206543 5.208975315093994 
vn 0.20054493844509125 -0.13865622878074646 5.350895404815674 
vn 0.20054493844509125 0.13865622878074646 5.350895404815674 
vn 1.9427592754364014 -2.2817862033843994 4.222194194793701 
vn 1.0695128440856934 -2.2852237224578857 4.520617485046387 
vn 1.1740342378616333 -1.4924659729003906 4.927860260009766 
vn 0.15950323641300201 -2.2815606594085693 4.645126819610596 
vn 0.17918318510055542 -1.5184153318405151 5.052084445953369 
vn -0.7458972930908203 -2.2758731842041016 4.5914716720581055 
vn 0.19823786616325378 -0.5528149604797363 5.3143792152404785 
vn -0.858536958694458 -0.5693113803863525 5.245913028717041 
vn -0.8499950766563416 -0.15585768222808838 5.286104202270508 
vn -0.8489848375320435 0.12124104797840118 5.287503242492676 
vn -1.8670653104782104 -0.1387757956981659 5.01859712600708 
vn -1.8670653104782104 0.1387757956981659 5.01859712600708 
vn -0.8030561804771423 -1.4899330139160156 5.002755641937256 
vn -1.861144781112671 -0.551132082939148 4.982027053833008 
vn -1.7560513019561768 -1.4988977909088135 4.748918056488037 
vn -2.7865116596221924 -0.5463018417358398 4.53067684173584 
vn -2.8134334087371826 -0.13881342113018036 4.555966377258301 
vn -2.8134334087371826 0.13881342113018036 4.555966377258301 
vn -3.653963565826416 -0.13850706815719604 3.9141924381256104 
vn -3.653963565826416 0.13850706815719604 3.9141924381256104 
vn -1.615571141242981 -2.270449638366699 4.365949630737305 
vn -2.4374146461486816 -2.2889978885650635 3.9516217708587646 
vn -2.6476962566375732 -1.5025070905685425 4.314032554626465 
vn -3.1671736240386963 -2.2926394939422607 3.3915443420410156 
vn -3.4582982063293457 -1.5075498819351196 3.6933257579803467 
vn -3.774958610534668 -2.2796878814697266 2.7136640548706055 
vn -3.623251438140869 -0.5733140707015991 3.888766050338745 
vn -4.316492557525635 -0.5598886013031006 3.1046876907348633 
vn -4.3469929695129395 -0.14004014432430267 3.1265668869018555 
vn -4.347653388977051 0.1199403926730156 3.1267879009246826 
vn -4.864677906036377 0.13850706815719604 2.2376906871795654 
vn -4.864677906036377 -0.13850706815719604 2.2376906871795654 
vn -4.837247371673584 -0.558707594871521 2.2077205181121826 
vn -4.111382484436035 -1.514669418334961 2.9440934658050537 
vn -4.2154645919799805 -2.2926394939422607 1.9399542808532715 
vn -4.593485355377197 -1.5075498819351196 2.121407985687256 
vn -1.823300838470459 -4.161527156829834 1.3291971683502197 
vn -2.0429933071136475 -4.162449359893799 0.9523151516914368 
vn -2.0429933071136475 -4.162449359893799 0.9523151516914368 
vn -2.197303056716919 -4.160978317260742 0.5189204216003418 
vn -2.197303056716919 -4.160978317260742 0.5189204216003418 
vn -2.2704319953918457 -4.155295372009277 0.08353744447231293 
vn -2.2704319953918457 -4.155295372009277 0.08353744447231293 
vn -2.2415223121643066 -4.155489444732666 -0.3677211403846741 
vn -2.2415223121643066 -4.155489444732666 -0.3677211403846741 
vn -2.118006706237793 -4.162012100219727 -0.774425208568573 
vn -2.118006706237793 -4.162012100219727 -0.774425208568573 
vn -1.9348514080047607 -4.15618371963501 -1.1866455078125 
vn -1.9348514080047607 -4.15618371963501 -1.1866455078125 
vn -1.6434404850006104 -4.164024353027344 -1.5368651151657104 
vn -1.6434404850006104 -4.164024353027344 -1.5368651151657104 
vn -1.3207658529281616 -4.155211448669434 -1.8488825559616089 
vn -1.3207658529281616 -4.155211448669434 -1.8488825559616089 
vn -0.9460060000419617 -4.161412239074707 -2.048795700073242 
vn -0.9460060000419617 -4.161412239074707 -2.048795700073242 
vn -0.5179904103279114 -4.15618371963501 -2.2098560333251953 
vn -0.5179904103279114 -4.15618371963501 -2.2098560333251953 
vn -0.06908620148897171 -4.162012100219727 -2.2540884017944336 
vn -0.06908620148897171 -4.162012100219727 -2.2540884017944336 
vn 0.35582658648490906 -4.155489444732666 -2.243441104888916 
vn 0.35582658648490906 -4.155489444732666 -2.243441104888916 
vn 0.7884841561317444 -4.153463363647461 -2.1356215476989746 
vn 0.7884841561317444 -4.153463363647461 -2.1356215476989746 
vn 1.1784106492996216 -4.159623146057129 -1.9298020601272583 
vn 1.1784106492996216 -4.159623146057129 -1.9298020601272583 
vn 1.5464624166488647 -4.162449359893799 -1.6398718357086182 
vn 1.5464624166488647 -4.162449359893799 -1.6398718357086182 
vn 1.8351373672485352 -4.161527156829834 -1.3128068447113037 
vn 1.8351373672485352 -4.161527156829834 -1.3128068447113037 
vn 2.0429933071136475 -4.162449359893799 -0.9523151516914368 
vn 2.0429933071136475 -4.162449359893799 -0.9523151516914368 
vn 2.1908228397369385 -4.162656307220459 -0.5278936624526978 
vn 2.1908228397369385 -4.162656307220459 -0.5278936624526978 
vn 2.263775110244751 -4.157815456390381 -0.09275542944669724 
vn 2.263775110244751 -4.157815456390381 -0.09275542944669724 
vn 2.2415223121643066 -4.155489444732666 0.3677211403846741 
vn 2.2415223121643066 -4.155489444732666 0.3677211403846741 
vn 2.1290462017059326 -4.155767917633057 0.7897117137908936 
vn 2.1290462017059326 -4.155767917633057 0.7897117137908936 
vn 1.92397141456604 -4.163018703460693 1.1715797185897827 
vn 1.92397141456604 -4.163018703460693 1.1715797185897827 
vn 1.6473639011383057 -4.161412239074707 1.5422980785369873 
vn 1.6473639011383057 -4.161412239074707 1.5422980785369873 
vn 1.3397420644760132 -4.155211448669434 1.8351784944534302 
vn 1.3397420644760132 -4.155211448669434 1.8351784944534302 
vn 0.9528596997261047 -4.156826972961426 2.058286190032959 
vn 0.9528596997261047 -4.156826972961426 2.058286190032959 
vn 0.5071104168891907 -4.163018703460693 2.1947901248931885 
vn 0.5071104168891907 -4.163018703460693 2.1947901248931885 
vn 0.08012561500072479 -4.155767917633057 2.2693748474121094 
vn 0.08012561500072479 -4.155767917633057 2.2693748474121094 
vn -0.35582658648490906 -4.155489444732666 2.243441104888916 
vn -0.35582658648490906 -4.155489444732666 2.243441104888916 
vn -0.7932828664779663 -4.155295372009277 2.128976821899414 
vn -0.7932828664779663 -4.155295372009277 2.128976821899414 
vn -1.1835808753967285 -4.160978317260742 1.9226429462432861 
vn -1.1835808753967285 -4.160978317260742 1.9226429462432861 
vn -1.5464624166488647 -4.162449359893799 1.6398718357086182 
vn -1.5464624166488647 -4.162449359893799 1.6398718357086182 
vn -1.823300838470459 -4.161527156829834 1.3291971683502197 
vn 5.325603008270264 0.4640425741672516 -0.20717574656009674 
vn 5.262786865234375 0.4486687481403351 0.8527441024780273 
vn 5.262786865234375 0.4486687481403351 0.8527441024780273 
vn 5.001340389251709 0.4318447411060333 1.8522647619247437 
vn 5.001340389251709 0.4318447411060333 1.8522647619247437 
vn 4.538712978363037 0.4491446018218994 2.797070026397705 
vn 4.538712978363037 0.4491446018218994 2.797070026397705 
vn 3.902198314666748 0.4321116805076599 3.63549542427063 
vn 3.902198314666748 0.4321116805076599 3.63549542427063 
vn 3.130751371383667 0.449738472700119 4.3152265548706055 
vn 3.130751371383667 0.449738472700119 4.3152265548706055 
vn 2.2227351665496826 0.4498884975910187 4.845828056335449 
vn 2.2227351665496826 0.4498884975910187 4.845828056335449 
vn 5.325603008270264 0.4640425741672516 -0.20717574656009674 
vn 5.1828436851501465 0.46046048402786255 -1.2440309524536133 
vn 5.1828436851501465 0.46046048402786255 -1.2440309524536133 
vn 4.841671466827393 0.46215125918388367 -2.2283568382263184 
vn 4.841671466827393 0.46215125918388367 -2.2283568382263184 
vn 2.2227351665496826 0.4498884975910187 4.845828056335449 
vn 2.2227351665496826 0.4498884975910187 4.845828056335449 
vn 1.229066014289856 0.43249067664146423 5.189694404602051 
vn 1.229066014289856 0.43249067664146423 5.189694404602051 
vn 0.18410390615463257 0.4496859014034271 5.328128814697266 
vn 0.18410390615463257 0.4496859014034271 5.328128814697266 
vn -0.8439781069755554 0.4322415292263031 5.266072750091553 
vn -0.8439781069755554 0.4322415292263031 5.266072750091553 
vn -1.8675110340118408 0.4318388104438782 4.995668411254883 
vn -1.8675110340118408 0.4318388104438782 4.995668411254883 
vn -2.805372714996338 0.4296145737171173 4.5361647605896 
vn -2.805372714996338 0.4296145737171173 4.5361647605896 
vn -3.6288015842437744 0.4359450936317444 3.9078431129455566 
vn -3.6288015842437744 0.4359450936317444 3.9078431129455566 
vn -4.316967010498047 0.4402991235256195 3.1301815509796143 
vn -4.316967010498047 0.4402991235256195 3.1301815509796143 
vn -4.850738048553467 0.4359450936317444 2.215801954269409 
vn -4.850738048553467 0.4359450936317444 2.215801954269409 
vn -4.850738048553467 0.4359450936317444 2.215801954269409 
vn -4.850738048553467 0.4359450936317444 2.215801954269409 
vn -5.18534517288208 0.44644296169281006 1.2405672073364258 
vn -5.18534517288208 0.44644296169281006 1.2405672073364258 
vn -5.327467441558838 0.4489378035068512 0.20459410548210144 
vn -5.327467441558838 0.4489378035068512 0.20459410548210144 
vn -5.2627153396606445 0.4494231045246124 -0.8526449203491211 
vn -5.2627153396606445 0.4494231045246124 -0.8526449203491211 
vn -4.999923229217529 0.4496859014034271 -1.8503023386001587 
vn -4.999923229217529 0.4496859014034271 -1.8503023386001587 
vn -4.538670539855957 0.4497264325618744 -2.797011375427246 
vn -4.538670539855957 0.4497264325618744 -2.797011375427246 
vn -3.9010021686553955 0.4498884975910187 -3.6338388919830322 
vn -3.9010021686553955 0.4498884975910187 -3.6338388919830322 
vn -3.1117751598358154 0.449738472700119 -4.328930854797363 
vn -3.1117751598358154 0.449738472700119 -4.328930854797363 
vn -2.2227728366851807 0.4493396580219269 -4.845880508422852 
vn -2.2227728366851807 0.4493396580219269 -4.845880508422852 
vn -2.2227728366851807 0.4493396580219269 -4.845880508422852 
vn -2.2227728366851807 0.4493396580219269 -4.845880508422852 
vn -1.2278766632080078 0.4491446018218994 -5.188047409057617 
vn -1.2278766632080078 0.4491446018218994 -5.188047409057617 
vn -0.18415625393390656 0.449040025472641 -5.3282012939453125 
vn -0.18415625393390656 0.449040025472641 -5.3282012939453125 
vn 0.8455082178115845 0.4486687481403351 -5.263954162597656 
vn 0.8455082178115845 0.4486687481403351 -5.263954162597656 
vn 1.869314432144165 0.4470348358154297 -4.993171215057373 
vn 1.869314432144165 0.4470348358154297 -4.993171215057373 
vn 2.8077993392944336 0.4437696635723114 -4.5328049659729 
vn 2.8077993392944336 0.4437696635723114 -4.5328049659729 
vn 3.6378684043884277 0.46215125918388367 -3.8952882289886475 
vn 3.6378684043884277 0.46215125918388367 -3.8952882289886475 
vn 4.31711483001709 0.44030338525772095 -3.129976987838745 
vn 4.31711483001709 0.44030338525772095 -3.129976987838745 
vn 4.841671466827393 0.46215125918388367 -2.2283568382263184 
vn 4.841671466827393 0.46215125918388367 -2.2283568382263184 
vn -0.4606371521949768 4.56748104095459 0.22047148644924164 
vn -0.4262787699699402 4.566220760345459 0.30784451961517334 
vn -0.4262787699699402 4.566220760345459 0.30784451961517334 
vn -0.3423119783401489 4.567152976989746 0.38431882858276367 
vn -0.3423119783401489 4.567152976989746 0.38431882858276367 
vn -0.2760569453239441 4.567020893096924 0.4362509250640869 
vn -0.2760569453239441 4.567020893096924 0.4362509250640869 
vn -0.19081629812717438 4.567410945892334 0.4746139645576477 
vn -0.19081629812717438 4.567410945892334 0.4746139645576477 
vn -0.09269638359546661 4.568384170532227 0.4908715784549713 
vn -0.09269638359546661 4.568384170532227 0.4908715784549713 
vn 0.005378603935241699 4.567782402038574 0.5069605708122253 
vn 0.005378603935241699 4.567782402038574 0.5069605708122253 
vn 0.12238125503063202 4.566397190093994 0.5092233419418335 
vn 0.12238125503063202 4.566397190093994 0.5092233419418335 
vn 0.19839565455913544 4.568665504455566 0.45462507009506226 
vn 0.19839565455913544 4.568665504455566 0.45462507009506226 
vn 0.3169057369232178 4.5662713050842285 0.4188355803489685 
vn 0.3169057369232178 4.5662713050842285 0.4188355803489685 
vn 0.369171142578125 4.568665504455566 0.3312965929508209 
vn 0.369171142578125 4.568665504455566 0.3312965929508209 
vn 0.44490379095077515 4.566397190093994 0.27630814909935 
vn 0.44490379095077515 4.566397190093994 0.27630814909935 
vn 0.47954970598220825 4.567782402038574 0.16452980041503906 
vn 0.47954970598220825 4.567782402038574 0.16452980041503906 
vn 0.4951185882091522 4.568384170532227 0.0663708969950676 
vn 0.4951185882091522 4.568384170532227 0.0663708969950676 
vn 0.5280721783638 4.566025257110596 -0.00760869774967432 
vn 0.5280721783638 4.566025257110596 -0.00760869774967432 
vn 0.5009304881095886 4.567020893096924 -0.12486384063959122 
vn 0.5009304881095886 4.567020893096924 -0.12486384063959122 
vn 0.4724682569503784 4.567152976989746 -0.20408868789672852 
vn 0.4724682569503784 4.567152976989746 -0.20408868789672852 
vn 0.4262787699699402 4.566220760345459 -0.30784451961517334 
vn 0.4262787699699402 4.566220760345459 -0.30784451961517334 
vn 0.35414308309555054 4.56748104095459 -0.36793604493141174 
vn 0.35414308309555054 4.56748104095459 -0.36793604493141174 
vn 0.2642274498939514 4.566364765167236 -0.45263147354125977 
vn 0.2642274498939514 4.566364765167236 -0.45263147354125977 
vn 0.17328572273254395 4.566025257110596 -0.49888893961906433 
vn 0.17328572273254395 4.566025257110596 -0.49888893961906433 
vn 0.09269638359546661 4.568384170532227 -0.4908715784549713 
vn 0.09269638359546661 4.568384170532227 -0.4908715784549713 
vn -0.017180675640702248 4.566409111022949 -0.5233031511306763 
vn -0.017180675640702248 4.566409111022949 -0.5233031511306763 
vn -0.12238125503063202 4.566397190093994 -0.5092233419418335 
vn -0.12238125503063202 4.566397190093994 -0.5092233419418335 
vn -0.19839565455913544 4.568665504455566 -0.45462507009506226 
vn -0.19839565455913544 4.568665504455566 -0.45462507009506226 
vn -0.29792946577072144 4.5662713050842285 -0.43253961205482483 
vn -0.29792946577072144 4.5662713050842285 -0.43253961205482483 
vn -0.369171142578125 4.568665504455566 -0.3312965929508209 
vn -0.369171142578125 4.568665504455566 -0.3312965929508209 
vn -0.44490379095077515 4.566397190093994 -0.27630814909935 
vn -0.44490379095077515 4.566397190093994 -0.27630814909935 
vn -0.49135178327560425 4.566409111022949 -0.18087238073349 
vn -0.49135178327560425 4.566409111022949 -0.18087238073349 
vn -0.4951185882091522 4.568384170532227 -0.0663708969950676 
vn -0.4951185882091522 4.568384170532227 -0.0663708969950676 
vn -0.522371768951416 4.566491603851318 0.01550217717885971 
vn -0.522371768951416 4.566491603851318 0.01550217717885971 
vn -0.5127599239349365 4.566364765167236 0.10848329216241837 
vn -0.5127599239349365 4.566364765167236 0.10848329216241837 
vn -0.4606371521949768 4.56748104095459 0.22047148644924164 
vn 3.864551305770874 2.7882449626922607 -1.7793983221054077 
vn 4.133640289306641 2.793010950088501 -0.988824725151062 
vn 3.864551305770874 2.7882449626922607 -1.7793983221054077 
vn 4.133640289306641 2.793010950088501 -0.988824725151062 
vn 4.238512992858887 2.8029046058654785 -0.15585559606552124 
vn 4.238512992858887 2.8029046058654785 -0.15585559606552124 
vn 4.199614524841309 2.789247512817383 0.6757459044456482 
vn 4.199614524841309 2.789247512817383 0.6757459044456482 
vn 3.9853127002716064 2.790271759033203 1.484211802482605 
vn 3.9853127002716064 2.790271759033203 1.484211802482605 
vn 3.615553855895996 2.79427170753479 2.232246160507202 
vn 3.615553855895996 2.79427170753479 2.232246160507202 
vn 3.1093764305114746 2.7973382472991943 2.891981601715088 
vn 3.1093764305114746 2.7973382472991943 2.891981601715088 
vn 2.492920160293579 2.8023746013641357 3.4320085048675537 
vn 2.492920160293579 2.8023746013641357 3.4320085048675537 
vn -2.4883391857147217 2.774857997894287 -3.4656460285186768 
vn -2.4883391857147217 2.774857997894287 -3.4656460285186768 
vn -3.1239206790924072 2.769989013671875 -2.912121534347534 
vn -3.1239206790924072 2.769989013671875 -2.912121534347534 
vn -3.6231026649475098 2.7809269428253174 -2.242698907852173 
vn -3.6231026649475098 2.7809269428253174 -2.242698907852173 
vn -4.002079963684082 2.7775440216064453 -1.4715834856033325 
vn -4.002079963684082 2.7775440216064453 -1.4715834856033325 
vn -4.229218006134033 2.7547974586486816 -0.683709442615509 
vn -4.229218006134033 2.7547974586486816 -0.683709442615509 
vn -4.267544269561768 2.7708067893981934 0.14568845927715302 
vn -4.267544269561768 2.7708067893981934 0.14568845927715302 
vn -4.148252010345459 2.77527117729187 0.9956965446472168 
vn -4.148252010345459 2.77527117729187 0.9956965446472168 
vn -3.877408504486084 2.7717318534851074 1.786581039428711 
vn -3.877408504486084 2.7717318534851074 1.786581039428711 
vn 3.443127155303955 2.796539306640625 -2.486513376235962 
vn 3.443127155303955 2.796539306640625 -2.486513376235962 
vn 3.864551305770874 2.7882449626922607 -1.7793983221054077 
vn 3.864551305770874 2.7882449626922607 -1.7793983221054077 
vn 3.443127155303955 2.796539306640625 -2.486513376235962 
vn 3.443127155303955 2.796539306640625 -2.486513376235962 
vn 2.9044113159179688 2.7882449626922607 -3.108924150466919 
vn 2.9044113159179688 2.7882449626922607 -3.108924150466919 
vn 2.2385661602020264 2.793010950088501 -3.61297345161438 
vn 2.2385661602020264 2.793010950088501 -3.61297345161438 
vn 1.4712529182434082 2.7927627563476562 -3.987738847732544 
vn 1.4712529182434082 2.7927627563476562 -3.987738847732544 
vn 0.6879023313522339 2.800959825515747 -4.186995506286621 
vn 0.6879023313522339 2.800959825515747 -4.186995506286621 
vn -0.14761172235012054 2.802985906600952 -4.238735198974609 
vn -0.14761172235012054 2.802985906600952 -4.238735198974609 
vn -0.9895625710487366 2.7809269428253174 -4.14455509185791 
vn -0.9895625710487366 2.7809269428253174 -4.14455509185791 
vn -1.7674570083618164 2.7973382472991943 -3.861071825027466 
vn -1.7674570083618164 2.7973382472991943 -3.861071825027466 
vn -3.877408504486084 2.7717318534851074 1.786581039428711 
vn -3.877408504486084 2.7717318534851074 1.786581039428711 
vn -3.4720518589019775 2.7646305561065674 2.4949183464050293 
vn -3.4720518589019775 2.7646305561065674 2.4949183464050293 
vn -3.4720518589019775 2.7646305561065674 2.4949183464050293 
vn -3.4720518589019775 2.7646305561065674 2.4949183464050293 
vn -2.9152729511260986 2.7717318534851074 3.118870258331299 
vn -2.9152729511260986 2.7717318534851074 3.118870258331299 
vn -2.2496843338012695 2.77527117729187 3.624682903289795 
vn -2.2496843338012695 2.77527117729187 3.624682903289795 
vn -1.4803133010864258 2.7708067893981934 4.005225658416748 
vn -1.4803133010864258 2.7708067893981934 4.005225658416748 
vn -0.680940568447113 2.7547974586486816 4.2296648025512695 
vn -0.680940568447113 2.7547974586486816 4.2296648025512695 
vn 0.1463785618543625 2.7647478580474854 4.272873878479004 
vn 0.1463785618543625 2.7647478580474854 4.272873878479004 
vn 0.9970752000808716 2.767538070678711 4.1549577713012695 
vn 0.9970752000808716 2.767538070678711 4.1549577713012695 
vn 1.7820013761520386 2.769989013671875 3.881211519241333 
vn 1.7820013761520386 2.769989013671875 3.881211519241333 
vn -2.4739439487457275 2.8023746013641357 -3.4457125663757324 
vn -2.4739439487457275 2.8023746013641357 -3.4457125663757324 
vn -1.7674570083618164 2.7973382472991943 -3.861071825027466 
vn -1.7674570083618164 2.7973382472991943 -3.861071825027466 
vn -2.4739439487457275 2.8023746013641357 -3.4457125663757324 
vn -2.4739439487457275 2.8023746013641357 -3.4457125663757324 
vn -3.1093764305114746 2.7973382472991943 -2.891981601715088 
vn -3.1093764305114746 2.7973382472991943 -2.891981601715088 
vn -3.6231026649475098 2.7809269428253174 -2.242698907852173 
vn -3.6231026649475098 2.7809269428253174 -2.242698907852173 
vn -3.9772732257843018 2.802985906600952 -1.4730794429779053 
vn -3.9772732257843018 2.802985906600952 -1.4730794429779053 
vn -4.206023216247559 2.780562162399292 -0.6846204996109009 
vn -4.206023216247559 2.780562162399292 -0.6846204996109009 
vn -4.2452216148376465 2.795815944671631 0.14656655490398407 
vn -4.2452216148376465 2.795815944671631 0.14656655490398407 
vn -4.129887104034424 2.795729160308838 0.9940215349197388 
vn -4.129887104034424 2.795729160308838 0.9940215349197388 
vn -3.859706163406372 2.790020704269409 1.7861073017120361 
vn -3.859706163406372 2.790020704269409 1.7861073017120361 
vn -3.437204599380493 2.7965259552001953 2.4947142601013184 
vn -3.437204599380493 2.7965259552001953 2.4947142601013184 
vn -2.8977653980255127 2.7857778072357178 3.1181271076202393 
vn -2.8977653980255127 2.7857778072357178 3.1181271076202393 
vn -2.231707811355591 2.78800892829895 3.6224703788757324 
vn -2.231707811355591 2.78800892829895 3.6224703788757324 
vn -1.4741270542144775 2.795815944671631 3.9837591648101807 
vn -1.4741270542144775 2.795815944671631 3.9837591648101807 
vn -0.6727817058563232 2.780562162399292 4.20793342590332 
vn -0.6727817058563232 2.780562162399292 4.20793342590332 
vn 0.15565118193626404 2.790271759033203 4.2498674392700195 
vn 0.15565118193626404 2.790271759033203 4.2498674392700195 
vn 0.9820138216018677 2.79427170753479 4.1341023445129395 
vn 0.9820138216018677 2.79427170753479 4.1341023445129395 
vn 1.7674570083618164 2.7973382472991943 3.861071825027466 
vn 1.7674570083618164 2.7973382472991943 3.861071825027466 
vn 4.867183685302734 0.25459805130958557 -2.218257188796997 
vn 4.867183685302734 0.25459805130958557 -2.218257188796997 
vn 4.331296920776367 0.24032428860664368 -3.1400065422058105 
vn 4.331296920776367 0.24032428860664368 -3.1400065422058105 
vn 3.6332106590270996 0.23801466822624207 -3.9269657135009766 
vn 3.6332106590270996 0.23801466822624207 -3.9269657135009766 
vn 2.8009674549102783 0.2411845624446869 -4.557827472686768 
vn 2.8009674549102783 0.2411845624446869 -4.557827472686768 
vn 1.8723163604736328 0.24156802892684937 -5.011325836181641 
vn 1.8723163604736328 0.24156802892684937 -5.011325836181641 
vn 0.8536036610603333 0.2419031411409378 -5.281107425689697 
vn 0.8536036610603333 0.2419031411409378 -5.281107425689697 
vn -0.19701097905635834 0.24218885600566864 -5.346001625061035 
vn -0.19701097905635834 0.24218885600566864 -5.346001625061035 
vn -1.2394466400146484 0.24216952919960022 -5.204068660736084 
vn -1.2394466400146484 0.24216952919960022 -5.204068660736084 
vn -2.2336812019348145 0.2422386109828949 -4.86098575592041 
vn -2.2336812019348145 0.2422386109828949 -4.86098575592041 
vn -5.207347869873047 0.24192892014980316 1.2256618738174438 
vn -5.345808029174805 0.2426106184720993 0.2015092819929123 
vn -5.345808029174805 0.2426106184720993 0.2015092819929123 
vn -5.281594753265381 0.24231308698654175 -0.850424587726593 
vn -5.281594753265381 0.24231308698654175 -0.850424587726593 
vn -5.012815475463867 0.24253837764263153 -1.8681540489196777 
vn -5.012815475463867 0.24253837764263153 -1.8681540489196777 
vn -4.550271034240723 0.24248409271240234 -2.8130745887756348 
vn -4.550271034240723 0.24248409271240234 -2.8130745887756348 
vn -3.9119374752044678 0.24253520369529724 -3.6489813327789307 
vn -3.9119374752044678 0.24253520369529724 -3.6489813327789307 
vn -3.1224963665008545 0.24244336783885956 -4.343776702880859 
vn -3.1224963665008545 0.24244336783885956 -4.343776702880859 
vn -2.2336812019348145 0.2422386109828949 -4.86098575592041 
vn -2.2336812019348145 0.2422386109828949 -4.86098575592041 
vn -5.207347869873047 0.24192892014980316 1.2256618738174438 
vn -4.869779109954834 0.24076791107654572 2.214663505554199 
vn -4.869779109954834 0.24076791107654572 2.214663505554199 
vn -4.869779109954834 0.24076791107654572 2.214663505554199 
vn -4.869779109954834 0.24076791107654572 2.214663505554199 
vn -4.331029891967773 0.24031034111976624 3.140375852584839 
vn -4.331029891967773 0.24031034111976624 3.140375852584839 
vn -3.6368746757507324 0.2575330138206482 3.921891927719116 
vn -3.6368746757507324 0.2575330138206482 3.921891927719116 
vn -2.801037073135376 0.24192892014980316 4.5577311515808105 
vn -2.801037073135376 0.24192892014980316 4.5577311515808105 
vn -1.8723841905593872 0.2426106184720993 5.011231899261475 
vn -1.8723841905593872 0.2426106184720993 5.011231899261475 
vn -0.8545394539833069 0.2595854699611664 5.279811382293701 
vn -0.8545394539833069 0.2595854699611664 5.279811382293701 
vn 0.1969958394765854 0.24253837764263153 5.345980644226074 
vn 0.1969958394765854 0.24253837764263153 5.345980644226074 
vn 1.238733172416687 0.25978341698646545 5.203080654144287 
vn 1.238733172416687 0.25978341698646545 5.203080654144287 
vn 2.233670473098755 0.24253520369529724 4.860970497131348 
vn 2.233670473098755 0.24253520369529724 4.860970497131348 
vn 4.867183685302734 0.25459805130958557 -2.218257188796997 
vn 4.867183685302734 0.25459805130958557 -2.218257188796997 
vn 5.2057576179504395 0.2582937479019165 -1.2278642654418945 
vn 5.2057576179504395 0.2582937479019165 -1.2278642654418945 
vn 5.3458757400512695 0.24156802892684937 -0.2014153003692627 
vn 5.3458757400512695 0.24156802892684937 -0.2014153003692627 
vn 5.281615734100342 0.2419031411409378 0.8504535555839539 
vn 5.281615734100342 0.2419031411409378 0.8504535555839539 
vn 5.012053489685059 0.25946229696273804 1.8670989274978638 
vn 5.012053489685059 0.25946229696273804 1.8670989274978638 
vn 4.550282955169678 0.24216952919960022 2.813091516494751 
vn 4.550282955169678 0.24216952919960022 2.813091516494751 
vn 3.9112889766693115 0.25952282547950745 3.648083448410034 
vn 3.9112889766693115 0.25952282547950745 3.648083448410034 
vn 3.141472578048706 0.24244336783885956 4.330072402954102 
vn 3.141472578048706 0.24244336783885956 4.330072402954102 
vn 2.233670473098755 0.24253520369529724 4.860970497131348 
vn 2.233670473098755 0.24253520369529724 4.860970497131348 
vn 0.503150224685669 4.564970016479492 0.1972099095582962 
vn 0.5376129150390625 4.5646281242370605 0.08533051609992981 
vn 0.5376129150390625 4.5646281242370605 0.08533051609992981 
vn 0.5530436635017395 4.563847064971924 -0.01287330687046051 
vn 0.5530436635017395 4.563847064971924 -0.01287330687046051 
vn 0.5197816491127014 4.565185070037842 -0.1385728120803833 
vn 0.5197816491127014 4.565185070037842 -0.1385728120803833 
vn 0.49732792377471924 4.565037727355957 -0.2094612866640091 
vn 0.49732792377471924 4.565037727355957 -0.2094612866640091 
vn 0.44515931606292725 4.564209461212158 -0.3214794397354126 
vn 0.44515931606292725 4.564209461212158 -0.3214794397354126 
vn 0.35522961616516113 4.565037727355957 -0.4062277674674988 
vn 0.35522961616516113 4.565037727355957 -0.4062277674674988 
vn 0.2831737995147705 4.5645294189453125 -0.46620869636535645 
vn 0.2831737995147705 4.5645294189453125 -0.46620869636535645 
vn 0.19795943796634674 4.564831733703613 -0.5045658349990845 
vn 0.19795943796634674 4.564831733703613 -0.5045658349990845 
vn 0.0880618542432785 4.5646281242370605 -0.5371723175048828 
vn 0.0880618542432785 4.5646281242370605 -0.5371723175048828 
vn -0.017180675640702248 4.566409111022949 -0.5233031511306763 
vn -0.017180675640702248 4.566409111022949 -0.5233031511306763 
vn -0.12238125503063202 4.566397190093994 -0.5092233419418335 
vn -0.12238125503063202 4.566397190093994 -0.5092233419418335 
vn -0.22197118401527405 4.565399646759033 -0.4872705638408661 
vn -0.22197118401527405 4.565399646759033 -0.4872705638408661 
vn -0.29792946577072144 4.5662713050842285 -0.43253961205482483 
vn -0.29792946577072144 4.5662713050842285 -0.43253961205482483 
vn -0.3927466571331024 4.565399646759033 -0.36394211649894714 
vn -0.3927466571331024 4.565399646759033 -0.36394211649894714 
vn -0.44490379095077515 4.566397190093994 -0.27630814909935 
vn -0.44490379095077515 4.566397190093994 -0.27630814909935 
vn -0.49135178327560425 4.566409111022949 -0.18087238073349 
vn -0.49135178327560425 4.566409111022949 -0.18087238073349 
vn -0.5376129150390625 4.5646281242370605 -0.08533051609992981 
vn -0.5376129150390625 4.5646281242370605 -0.08533051609992981 
vn -0.5412202477455139 4.564831733703613 0.029245426878333092 
vn -0.5412202477455139 4.564831733703613 0.029245426878333092 
vn -0.5316064357757568 4.5645294189453125 0.12219883501529694 
vn -0.5316064357757568 4.5645294189453125 0.12219883501529694 
vn -0.49732792377471924 4.565037727355957 0.2094612866640091 
vn -0.49732792377471924 4.565037727355957 0.2094612866640091 
vn -0.44515931606292725 4.564209461212158 0.3214794397354126 
vn -0.44515931606292725 4.564209461212158 0.3214794397354126 
vn -0.35522961616516113 4.565037727355957 0.4062277674674988 
vn -0.35522961616516113 4.565037727355957 0.4062277674674988 
vn -0.29499855637550354 4.565185070037842 0.4498347043991089 
vn -0.29499855637550354 4.565185070037842 0.4498347043991089 
vn -0.18613602221012115 4.563847064971924 0.520937979221344 
vn -0.18613602221012115 4.563847064971924 0.520937979221344 
vn -0.0880618542432785 4.5646281242370605 0.5371723175048828 
vn -0.0880618542432785 4.5646281242370605 0.5371723175048828 
vn 0.02897910214960575 4.564970016479492 0.5396407246589661 
vn 0.02897910214960575 4.564970016479492 0.5396407246589661 
vn 0.12238125503063202 4.566397190093994 0.5092233419418335 
vn 0.12238125503063202 4.566397190093994 0.5092233419418335 
vn 0.22197118401527405 4.565399646759033 0.4872705638408661 
vn 0.22197118401527405 4.565399646759033 0.4872705638408661 
vn 0.3169057369232178 4.5662713050842285 0.4188355803489685 
vn 0.3169057369232178 4.5662713050842285 0.4188355803489685 
vn 0.3927466571331024 4.565399646759033 0.36394211649894714 
vn 0.3927466571331024 4.565399646759033 0.36394211649894714 
vn 0.44490379095077515 4.566397190093994 0.27630814909935 
vn 0.44490379095077515 4.566397190093994 0.27630814909935 
vn 0.503150224685669 4.564970016479492 0.1972099095582962 
vn 0.009488130919635296 4.58836555480957 -0.006852016318589449 
vn 0.009488130919635296 4.58836555480957 -0.006852016318589449 
vn 0.009488130919635296 4.58836555480957 -0.006852016318589449 
vn 0.009488130919635296 4.58836555480957 -0.006852016318589449 
vn 0.009488130919635296 4.58836555480957 -0.006852016318589449 
vn 0.009488130919635296 4.58836555480957 -0.006852016318589449 
vn 0.009488130919635296 4.58836555480957 -0.006852016318589449 
vn 0.009488130919635296 4.58836555480957 -0.006852016318589449 
vn 0.009488130919635296 4.58836555480957 -0.006852016318589449 
vn 0.009488130919635296 4.58836555480957 -0.006852016318589449 
vn 0.009488130919635296 4.58836555480957 -0.006852016318589449 
vn 0.009488130919635296 4.58836555480957 -0.006852016318589449 
vn 0.009488130919635296 4.58836555480957 -0.006852016318589449 
vn 0.009488130919635296 4.58836555480957 -0.006852016318589449 
vn 0.009488130919635296 4.58836555480957 -0.006852016318589449 
vn 0.009488130919635296 4.58836555480957 -0.006852016318589449 
vn 0.009488130919635296 4.58836555480957 -0.006852016318589449 
vn 0.009488130919635296 4.58836555480957 -0.006852016318589449 
vn 0.009488130919635296 4.58836555480957 -0.006852016318589449 
vn 0.009488130919635296 4.58836555480957 -0.006852016318589449 
vn 0.009488130919635296 4.58836555480957 -0.006852016318589449 
vn 0.009488130919635296 4.58836555480957 -0.006852016318589449 
vn 0.009488130919635296 4.58836555480957 -0.006852016318589449 
vn 0.009488130919635296 4.58836555480957 -0.006852016318589449 
vn 0.009488130919635296 4.58836555480957 -0.006852016318589449 
vn 0.009488130919635296 4.58836555480957 -0.006852016318589449 
vn 0.009488130919635296 4.58836555480957 -0.006852016318589449 
vn 0.009488130919635296 4.58836555480957 -0.006852016318589449 
vn 0.009488130919635296 4.58836555480957 -0.006852016318589449 
vn 0.009488130919635296 4.58836555480957 -0.006852016318589449 
vn 0.009488130919635296 4.58836555480957 -0.006852016318589449 
vn 0.009488130919635296 4.58836555480957 -0.006852016318589449 
vn 0.009488130919635296 4.58836555480957 -0.006852016318589449 
vn 0.009488130919635296 4.58836555480957 -0.006852016318589449 
vn 0.009488130919635296 4.58836555480957 -0.006852016318589449 
vn 0.009488130919635296 4.58836555480957 -0.006852016318589449 
vn 0.009488130919635296 4.58836555480957 -0.006852016318589449 
vn 0.009488130919635296 4.58836555480957 -0.006852016318589449 
vn 0.009488130919635296 4.58836555480957 -0.006852016318589449 
vn 0.009488130919635296 4.58836555480957 -0.006852016318589449 
vn 0.009488130919635296 4.58836555480957 -0.006852016318589449 
vn 0.009488130919635296 4.58836555480957 -0.006852016318589449 
vn 0.009488130919635296 4.58836555480957 -0.006852016318589449 
vn 0.009488130919635296 4.58836555480957 -0.006852016318589449 
vn 0.009488130919635296 4.58836555480957 -0.006852016318589449 
vn 0.009488130919635296 4.58836555480957 -0.006852016318589449 
vn 0.009488130919635296 4.58836555480957 -0.006852016318589449 
vn 0.009488130919635296 4.58836555480957 -0.006852016318589449 
vn 0.009488130919635296 4.58836555480957 -0.006852016318589449 
vn 0.009488130919635296 4.58836555480957 -0.006852016318589449 
vn 0.009488130919635296 4.58836555480957 -0.006852016318589449 
vn 0.009488130919635296 4.58836555480957 -0.006852016318589449 
vn 0.009488130919635296 4.58836555480957 -0.006852016318589449 
vn 0.009488130919635296 4.58836555480957 -0.006852016318589449 
vn 0.009488130919635296 4.58836555480957 -0.006852016318589449 
vn 0.009488130919635296 4.58836555480957 -0.006852016318589449 
vn 0.009488130919635296 4.58836555480957 -0.006852016318589449 
vn 0.009488130919635296 4.58836555480957 -0.006852016318589449 
vn 0.009488130919635296 4.58836555480957 -0.006852016318589449 
vn 0.009488130919635296 4.58836555480957 -0.006852016318589449 
vn 0.009488130919635296 4.58836555480957 -0.006852016318589449 
vn 0.009488130919635296 4.58836555480957 -0.006852016318589449 
vn 0.009488130919635296 4.58836555480957 -0.006852016318589449 
vn 0.009488130919635296 4.58836555480957 -0.006852016318589449 
vn -1.7820013761520386 2.769989013671875 -3.881211519241333 
vn -1.7820013761520386 2.769989013671875 -3.881211519241333 
vn -2.4883391857147217 2.774857997894287 -3.4656460285186768 
vn -2.4883391857147217 2.774857997894287 -3.4656460285186768 
vn -1.7820013761520386 2.769989013671875 -3.881211519241333 
vn -1.7820013761520386 2.769989013671875 -3.881211519241333 
vn -0.9895625710487366 2.7809269428253174 -4.14455509185791 
vn -0.9895625710487366 2.7809269428253174 -4.14455509185791 
vn -0.140278622508049 2.774529457092285 -4.264427185058594 
vn -0.140278622508049 2.774529457092285 -4.264427185058594 
vn 0.6959841847419739 2.7753682136535645 -4.20883321762085 
vn 0.6959841847419739 2.7753682136535645 -4.20883321762085 
vn 1.4774771928787231 2.7677488327026367 -4.009152889251709 
vn 1.4774771928787231 2.7677488327026367 -4.009152889251709 
vn 2.24224591255188 2.769798994064331 -3.6349828243255615 
vn 2.24224591255188 2.769798994064331 -3.6349828243255615 
vn 2.905644655227661 2.7681171894073486 -3.132202625274658 
vn 2.905644655227661 2.7681171894073486 -3.132202625274658 
vn 3.4543004035949707 2.76459002494812 -2.5194990634918213 
vn 3.4543004035949707 2.76459002494812 -2.5194990634918213 
vn 3.8870365619659424 2.7681171894073486 -1.7732487916946411 
vn 3.8870365619659424 2.7681171894073486 -1.7732487916946411 
vn 3.4543004035949707 2.76459002494812 -2.5194990634918213 
vn 3.4543004035949707 2.76459002494812 -2.5194990634918213 
vn 3.8870365619659424 2.7681171894073486 -1.7732487916946411 
vn 3.8870365619659424 2.7681171894073486 -1.7732487916946411 
vn 4.1556901931762695 2.769798994064331 -0.9853965640068054 
vn 4.1556901931762695 2.769798994064331 -0.9853965640068054 
vn 4.260853290557861 2.777982711791992 -0.15495380759239197 
vn 4.260853290557861 2.777982711791992 -0.15495380759239197 
vn 4.2228312492370605 2.76357102394104 0.6748653650283813 
vn 4.2228312492370605 2.76357102394104 0.6748653650283813 
vn 4.003967761993408 2.774529457092285 1.4741977453231812 
vn 4.003967761993408 2.774529457092285 1.4741977453231812 
vn 3.630615234375 2.767538070678711 2.2531018257141113 
vn 3.630615234375 2.767538070678711 2.2531018257141113 
vn 3.1239206790924072 2.769989013671875 2.912121534347534 
vn 3.1239206790924072 2.769989013671875 2.912121534347534 
vn 2.5073156356811523 2.774857997894287 3.451941967010498 
vn 2.5073156356811523 2.774857997894287 3.451941967010498 
vn 2.492920160293579 2.8023746013641357 3.4320085048675537 
vn 2.492920160293579 2.8023746013641357 3.4320085048675537 
vn 1.7674570083618164 2.7973382472991943 3.861071825027466 
vn 1.7674570083618164 2.7973382472991943 3.861071825027466 
vn -3.437204599380493 2.7965259552001953 2.4947142601013184 
vn -3.437204599380493 2.7965259552001953 2.4947142601013184 
vn -3.859706163406372 2.790020704269409 1.7861073017120361 
vn -3.859706163406372 2.790020704269409 1.7861073017120361 
vn 1.7820013761520386 2.769989013671875 3.881211519241333 
vn 1.7820013761520386 2.769989013671875 3.881211519241333 
vn 2.5073156356811523 2.774857997894287 3.451941967010498 
vn 2.5073156356811523 2.774857997894287 3.451941967010498 
vn 0.030488992109894753 4.528689384460449 0.8607314825057983 
vn 0.20240475237369537 4.525601387023926 0.8596093058586121 
vn 0.20240475237369537 4.525601387023926 0.8596093058586121 
vn 0.35275259613990784 4.528364181518555 0.7882668972015381 
vn 0.35275259613990784 4.528364181518555 0.7882668972015381 
vn 0.5281760692596436 4.525184631347656 0.7113860249519348 
vn 0.5281760692596436 4.525184631347656 0.7113860249519348 
vn 0.6373457908630371 4.528364181518555 0.5827430486679077 
vn 0.6373457908630371 4.528364181518555 0.5827430486679077 
vn 0.7523487210273743 4.525601387023926 0.4624578356742859 
vn 0.7523487210273743 4.525601387023926 0.4624578356742859 
vn 0.8074764013290405 4.528689384460449 0.2996167242527008 
vn 0.8074764013290405 4.528689384460449 0.2996167242527008 
vn 0.8618972301483154 4.527095794677734 0.13635940849781036 
vn 0.8618972301483154 4.527095794677734 0.13635940849781036 
vn 0.8735092282295227 4.526798725128174 -0.04585908353328705 
vn 0.8735092282295227 4.526798725128174 -0.04585908353328705 
vn 0.8473786115646362 4.527347564697266 -0.2007398009300232 
vn 0.8473786115646362 4.527347564697266 -0.2007398009300232 
vn 0.7961934208869934 4.527468681335449 -0.35061851143836975 
vn 0.7961934208869934 4.527468681335449 -0.35061851143836975 
vn 0.7025101184844971 4.526912689208984 -0.5198032855987549 
vn 0.7025101184844971 4.526912689208984 -0.5198032855987549 
vn 0.5832099318504333 4.527468681335449 -0.645541250705719 
vn 0.5832099318504333 4.527468681335449 -0.645541250705719 
vn 0.44521957635879517 4.526224613189697 -0.7576178908348083 
vn 0.44521957635879517 4.526224613189697 -0.7576178908348083 
vn 0.30644428730010986 4.525219440460205 -0.831085741519928 
vn 0.30644428730010986 4.525219440460205 -0.831085741519928 
vn 0.12984693050384521 4.52506160736084 -0.8773259520530701 
vn 0.12984693050384521 4.52506160736084 -0.8773259520530701 
vn -0.042217012494802475 4.526333808898926 -0.8769715428352356 
vn -0.042217012494802475 4.526333808898926 -0.8769715428352356 
vn -0.1907065510749817 4.528209686279297 -0.8434105515480042 
vn -0.1907065510749817 4.528209686279297 -0.8434105515480042 
vn -0.35275259613990784 4.528364181518555 -0.7882668972015381 
vn -0.35275259613990784 4.528364181518555 -0.7882668972015381 
vn -0.5091997981071472 4.525184631347656 -0.7250900268554688 
vn -0.5091997981071472 4.525184631347656 -0.7250900268554688 
vn -0.6373457908630371 4.528364181518555 -0.5827430486679077 
vn -0.6373457908630371 4.528364181518555 -0.5827430486679077 
vn -0.740650475025177 4.528209686279297 -0.446259081363678 
vn -0.740650475025177 4.528209686279297 -0.446259081363678 
vn -0.8192043900489807 4.526333808898926 -0.3158567547798157 
vn -0.8192043900489807 4.526333808898926 -0.3158567547798157 
vn -0.8736498951911926 4.52506160736084 -0.15263354778289795 
vn -0.8736498951911926 4.52506160736084 -0.15263354778289795 
vn -0.8797433376312256 4.525971412658691 0.03722655028104782 
vn -0.8797433376312256 4.525971412658691 0.03722655028104782 
vn -0.8591902256011963 4.526224613189697 0.1843840330839157 
vn -0.8591902256011963 4.526224613189697 0.1843840330839157 
vn -0.7961934208869934 4.527468681335449 0.35061851143836975 
vn -0.7961934208869934 4.527468681335449 0.35061851143836975 
vn -0.7143508195877075 4.526912689208984 0.5034071803092957 
vn -0.7143508195877075 4.526912689208984 0.5034071803092957 
vn -0.5832099318504333 4.527468681335449 0.645541250705719 
vn -0.5832099318504333 4.527468681335449 0.645541250705719 
vn -0.45703116059303284 4.527347564697266 0.7412621378898621 
vn -0.45703116059303284 4.527347564697266 0.7412621378898621 
vn -0.3119911253452301 4.525971412658691 0.8234049677848816 
vn -0.3119911253452301 4.525971412658691 0.8234049677848816 
vn -0.14159958064556122 4.527095794677734 0.8610518574714661 
vn -0.14159958064556122 4.527095794677734 0.8610518574714661 
vn 0.030488992109894753 4.528689384460449 0.8607314825057983 
vn -2.128990650177002 4.209742546081543 0.09158248454332352 
vn -1.3603382110595703 4.433468341827393 -0.23355944454669952 
vn -2.101581573486328 4.211262226104736 -0.32695889472961426 
vn -1.2725284099578857 4.439055919647217 -0.4670805335044861 
vn -2.007906436920166 4.206571102142334 -0.7387068271636963 
vn -1.1767752170562744 4.43225622177124 -0.7313836216926575 
vn -1.837613821029663 4.199721813201904 -1.1309454441070557 
vn -1.00882887840271 4.434187412261963 -0.9373596906661987 
vn -1.5639417171478271 4.204864501953125 -1.4666389226913452 
vn -0.7870005369186401 4.437943935394287 -1.1097664833068848 
vn -1.234373688697815 4.212094306945801 -1.7292536497116089 
vn -0.5725581645965576 4.434187412261963 -1.2524200677871704 
vn -0.9004190564155579 4.204864501953125 -1.9458131790161133 
vn -0.32421764731407166 4.43225622177124 -1.3470726013183594 
vn -0.49569451808929443 4.199721813201904 -2.1000354290008545 
vn -0.04321184381842613 4.439055919647217 -1.354852557182312 
vn -0.07413676381111145 4.204275608062744 -2.1443419456481934 
vn 0.2242191582918167 4.438441276550293 -1.3396483659744263 
vn 0.3459194004535675 4.209212303161621 -2.1041433811187744 
vn 0.4779664874076843 4.431971549987793 -1.3018102645874023 
vn 0.7564406991004944 4.209742546081543 -1.9921813011169434 
vn 0.7113652229309082 4.435305595397949 -1.173380970954895 
vn 1.1197799444198608 4.205624103546143 -1.8260141611099243 
vn 0.9258255958557129 4.438620090484619 -0.9927822947502136 
vn 1.4598495960235596 4.203052043914795 -1.5768815279006958 
vn 1.110498070716858 4.434177875518799 -0.8144261240959167 
vn 1.748648762702942 4.202751159667969 -1.2503560781478882 
vn 1.2335604429244995 4.438620090484619 -0.5666553378105164 
vn 1.9559614658355713 4.203052043914795 -0.8899050354957581 
vn 1.325779914855957 4.4370503425598145 -0.3225879967212677 
vn 2.085513114929199 4.205624103546143 -0.4887431859970093 
vn 1.3743623495101929 4.434504985809326 -0.06055204197764397 
vn 2.1405012607574463 4.205691337585449 -0.07564357668161392 
vn 1.3538281917572021 4.435271739959717 0.2245449274778366 
vn 2.1174819469451904 4.2041168212890625 0.34897637367248535 
vn 1.2725284099578857 4.439055919647217 0.4670805335044861 
vn 2.012239933013916 4.204275608062744 0.7447075247764587 
vn 1.1767752170562744 4.43225622177124 0.7313836216926575 
vn 1.837613821029663 4.199721813201904 1.1309454441070557 
vn 0.9973646402359009 4.438529014587402 0.9214849472045898 
vn 1.5639417171478271 4.204864501953125 1.4666389226913452 
vn 0.8059767484664917 4.437943935394287 1.0960625410079956 
vn 1.253350019454956 4.212094306945801 1.7155495882034302 
vn 0.5610939264297485 4.438529014587402 1.2365453243255615 
vn 0.9004190564155579 4.204864501953125 1.9458131790161133 
vn 0.32421764731407166 4.43225622177124 1.3470726013183594 
vn 0.49569451808929443 4.199721813201904 2.1000354290008545 
vn 0.04321184381842613 4.439055919647217 1.354852557182312 
vn 0.08093389123678207 4.200652122497559 2.1537539958953857 
vn -0.20607565343379974 4.433468341827393 1.364772081375122 
vn -0.3505136966705322 4.211262226104736 2.0977816581726074 
vn -0.48967626690864563 4.434504985809326 1.285595417022705 
vn -0.74493008852005 4.205691337585449 2.00812029838562 
vn -0.7231407165527344 4.4370503425598145 1.1570751667022705 
vn -1.1133205890655518 4.204026222229004 1.834958553314209 
vn -0.9258255958557129 4.438620090484619 0.9927822947502136 
vn -1.453627586364746 4.202256202697754 1.585497260093689 
vn -1.1164124011993408 4.4341864585876465 0.8062363862991333 
vn -1.7545784711837769 4.202724456787109 1.24214506149292 
vn -1.2335604429244995 4.438620090484619 0.5666553378105164 
vn -1.9503852128982544 4.20374870300293 0.897626519203186 
vn -1.3375554084777832 4.435305595397949 0.3062822222709656 
vn -2.080289363861084 4.206900596618652 0.49597641825675964 
vn -1.3860721588134766 4.431971549987793 0.04433724656701088 
vn -0.6357241868972778 4.5551228523254395 -0.10161618888378143 
vn -0.6131423711776733 4.5539727210998535 -0.22980087995529175 
vn -0.547872006893158 4.5550737380981445 -0.3389977514743805 
vn -0.482298344373703 4.553606986999512 -0.44797489047050476 
vn -0.36855900287628174 4.554911136627197 -0.5303418040275574 
vn -0.2735793888568878 4.553606986999512 -0.5987048745155334 
vn -0.1495099812746048 4.5550737380981445 -0.6266817450523376 
vn -0.025327377021312714 4.5539727210998535 -0.6543015241622925 
vn 0.10345546901226044 4.5551228523254395 -0.6354274749755859 
vn 0.23225295543670654 4.553569316864014 -0.616295337677002 
vn 0.3656935691833496 4.553304195404053 -0.5507441759109497 
vn 0.43770286440849304 4.553678512573242 -0.49073436856269836 
vn 0.5275907516479492 4.552813529968262 -0.4059467315673828 
vn 0.6034826636314392 4.553678512573242 -0.26117563247680664 
vn 0.6496255397796631 4.552515506744385 -0.15757761895656586 
vn 0.658065676689148 4.553569316864014 -0.026663532480597496 
vn 0.6475217342376709 4.553614616394043 0.11795251816511154 
vn 0.6131423711776733 4.5539727210998535 0.22980087995529175 
vn 0.5596404671669006 4.553112506866455 0.35529381036758423 
vn 0.482298344373703 4.553606986999512 0.44797489047050476 
vn 0.3875352740287781 4.554911136627197 0.5166378021240234 
vn 0.2735793888568878 4.553606986999512 0.5987048745155334 
vn 0.16127845644950867 4.553112506866455 0.642977774143219 
vn 0.025327377021312714 4.5539727210998535 0.6543015241622925 
vn -0.09165790677070618 4.553614616394043 0.6517637968063354 
vn -0.23225295543670654 4.553569316864014 0.616295337677002 
vn -0.35387125611305237 4.552515506744385 0.5671148300170898 
vn -0.43770286440849304 4.553678512573242 0.49073436856269836 
vn -0.5512636303901672 4.552813529968262 0.37316644191741943 
vn -0.6034826636314392 4.553678512573242 0.26117563247680664 
vn -0.6378032565116882 4.553304195404053 0.1739482283592224 
vn -0.658065676689148 4.553569316864014 0.026663532480597496 
vn 0.10421587526798248 -4.586272716522217 0.12431947141885757 
vn 0.06626172363758087 -4.586184978485107 0.1517249047756195 
vn 0.06626172363758087 -4.586184978485107 0.1517249047756195 
vn 0.04728257656097412 -4.586009502410889 0.1654234081506729 
vn 0.04728257656097412 -4.586009502410889 0.1654234081506729 
vn 0.009321917779743671 -4.585396766662598 0.19281068444252014 
vn 0.009321917779743671 -4.585396766662598 0.19281068444252014 
vn -0.03332928195595741 -4.585874557495117 0.17372198402881622 
vn -0.03332928195595741 -4.585874557495117 0.17372198402881622 
vn -0.07597893476486206 -4.586003303527832 0.15463124215602875 
vn -0.07597893476486206 -4.586003303527832 0.15463124215602875 
vn -0.07597893476486206 -4.586003303527832 0.15463124215602875 
vn -0.07597893476486206 -4.586003303527832 0.15463124215602875 
vn -0.11862394958734512 -4.585782527923584 0.13554194569587708 
vn -0.11862394958734512 -4.585782527923584 0.13554194569587708 
vn -0.14229659736156464 -4.585913181304932 0.10276193171739578 
vn -0.14229659736156464 -4.585913181304932 0.10276193171739578 
vn -0.16596925258636475 -4.585782527923584 0.06998191028833389 
vn -0.16596925258636475 -4.585782527923584 0.06998191028833389 
vn -0.17067950963974 -4.586003303527832 0.02349737659096718 
vn -0.17067950963974 -4.586003303527832 0.02349737659096718 
vn -0.17067950963974 -4.586003303527832 0.02349737659096718 
vn -0.17067950963974 -4.586003303527832 0.02349737659096718 
vn -0.17538966238498688 -4.585874557495117 -0.02299201302230358 
vn -0.17538966238498688 -4.585874557495117 -0.02299201302230358 
vn -0.18009740114212036 -4.585396766662598 -0.0694822296500206 
vn -0.18009740114212036 -4.585396766662598 -0.0694822296500206 
vn -0.14216206967830658 -4.586009502410889 -0.09690456092357635 
vn -0.14216206967830658 -4.586009502410889 -0.09690456092357635 
vn -0.12319014966487885 -4.586184978485107 -0.11061307042837143 
vn -0.12319014966487885 -4.586184978485107 -0.11061307042837143 
vn -0.08523961156606674 -4.586272716522217 -0.1380235105752945 
vn -0.08523961156606674 -4.586272716522217 -0.1380235105752945 
vn -0.06626172363758087 -4.586184978485107 -0.1517249047756195 
vn -0.06626172363758087 -4.586184978485107 -0.1517249047756195 
vn -0.04728257656097412 -4.586009502410889 -0.1654234081506729 
vn -0.04728257656097412 -4.586009502410889 -0.1654234081506729 
vn -0.009321917779743671 -4.585396766662598 -0.19281068444252014 
vn -0.009321917779743671 -4.585396766662598 -0.19281068444252014 
vn 0.03332928195595741 -4.585874557495117 -0.17372198402881622 
vn 0.03332928195595741 -4.585874557495117 -0.17372198402881622 
vn 0.07597893476486206 -4.586003303527832 -0.15463124215602875 
vn 0.07597893476486206 -4.586003303527832 -0.15463124215602875 
vn 0.07597893476486206 -4.586003303527832 -0.15463124215602875 
vn 0.07597893476486206 -4.586003303527832 -0.15463124215602875 
vn 0.11862394958734512 -4.585782527923584 -0.13554194569587708 
vn 0.11862394958734512 -4.585782527923584 -0.13554194569587708 
vn 0.14229659736156464 -4.585913181304932 -0.10276193171739578 
vn 0.14229659736156464 -4.585913181304932 -0.10276193171739578 
vn 0.16596925258636475 -4.585782527923584 -0.06998191028833389 
vn 0.16596925258636475 -4.585782527923584 -0.06998191028833389 
vn 0.17067950963974 -4.586003303527832 -0.02349737659096718 
vn 0.17067950963974 -4.586003303527832 -0.02349737659096718 
vn 0.17067950963974 -4.586003303527832 -0.02349737659096718 
vn 0.17067950963974 -4.586003303527832 -0.02349737659096718 
vn 0.17538966238498688 -4.585874557495117 0.02299201302230358 
vn 0.17538966238498688 -4.585874557495117 0.02299201302230358 
vn 0.18009740114212036 -4.585396766662598 0.0694822296500206 
vn 0.18009740114212036 -4.585396766662598 0.0694822296500206 
vn 0.14216206967830658 -4.586009502410889 0.09690456092357635 
vn 0.14216206967830658 -4.586009502410889 0.09690456092357635 
vn 0.12319014966487885 -4.586184978485107 0.11061307042837143 
vn 0.12319014966487885 -4.586184978485107 0.11061307042837143 
vn 0.10421587526798248 -4.586272716522217 0.12431947141885757 
vn -4.3388566970825195 -0.20042036473751068 3.1333799362182617 
vn -3.645500659942627 -0.2062496691942215 3.9180150032043457 
vn -3.645500659942627 -0.2062496691942215 3.9180150032043457 
vn -2.818117380142212 -0.20794916152954102 4.549480438232422 
vn -2.818117380142212 -0.20794916152954102 4.549480438232422 
vn -1.8702894449234009 -0.20803534984588623 5.014132499694824 
vn -1.8702894449234009 -0.20803534984588623 5.014132499694824 
vn -0.8512576818466187 -0.1904565989971161 5.284356117248535 
vn -0.8512576818466187 -0.1904565989971161 5.284356117248535 
vn 0.1983937919139862 -0.2079271823167801 5.347916603088379 
vn 0.1983937919139862 -0.2079271823167801 5.347916603088379 
vn 1.2412484884262085 -0.19056296348571777 5.206563472747803 
vn 1.2412484884262085 -0.19056296348571777 5.206563472747803 
vn 2.234855890274048 -0.20791402459144592 4.862612247467041 
vn 2.234855890274048 -0.20791402459144592 4.862612247467041 
vn -4.3388566970825195 -0.20042036473751068 3.1333799362182617 
vn -4.865645408630371 -0.2062496691942215 2.228455066680908 
vn -4.865645408630371 -0.2062496691942215 2.228455066680908 
vn 4.8683648109436035 -0.18820537626743317 -2.224689245223999 
vn 4.8683648109436035 -0.18820537626743317 -2.224689245223999 
vn 5.204992294311523 -0.20665551722049713 -1.2443245649337769 
vn 5.204992294311523 -0.20665551722049713 -1.2443245649337769 
vn 5.347952365875244 -0.20714060962200165 -0.198539599776268 
vn 5.347952365875244 -0.20714060962200165 -0.198539599776268 
vn 5.28325080871582 -0.20739653706550598 0.8527181148529053 
vn 5.28325080871582 -0.20739653706550598 0.8527181148529053 
vn 5.014841079711914 -0.19034014642238617 1.8709590435028076 
vn 5.014841079711914 -0.19034014642238617 1.8709590435028076 
vn 4.55153751373291 -0.2076038420200348 2.814828395843506 
vn 4.55153751373291 -0.2076038420200348 2.814828395843506 
vn 3.91365385055542 -0.1903655230998993 3.6513583660125732 
vn 3.91365385055542 -0.1903655230998993 3.6513583660125732 
vn 3.142634868621826 -0.20783428847789764 4.331681728363037 
vn 3.142634868621826 -0.20783428847789764 4.331681728363037 
vn 2.234855890274048 -0.20791402459144592 4.862612247467041 
vn 2.234855890274048 -0.20791402459144592 4.862612247467041 
vn -2.2348639965057373 -0.20765970647335052 -4.86262321472168 
vn -1.2407010793685913 -0.2076038420200348 -5.205805778503418 
vn -1.2407010793685913 -0.2076038420200348 -5.205805778503418 
vn -0.19840501248836517 -0.20762744545936584 -5.347931861877441 
vn -0.19840501248836517 -0.20762744545936584 -5.347931861877441 
vn 0.8519682884216309 -0.20739653706550598 -5.283371925354004 
vn 0.8519682884216309 -0.20739653706550598 -5.283371925354004 
vn 1.8702396154403687 -0.20714060962200165 -5.014201641082764 
vn 1.8702396154403687 -0.20714060962200165 -5.014201641082764 
vn 2.818012237548828 -0.20665551722049713 -4.549625873565674 
vn 2.818012237548828 -0.20665551722049713 -4.549625873565674 
vn 3.6453094482421875 -0.2050357609987259 -3.9182796478271484 
vn 3.6453094482421875 -0.2050357609987259 -3.9182796478271484 
vn 4.32754373550415 -0.1997358202934265 -3.14904522895813 
vn 4.32754373550415 -0.1997358202934265 -3.14904522895813 
vn 4.8683648109436035 -0.18820537626743317 -2.224689245223999 
vn 4.8683648109436035 -0.18820537626743317 -2.224689245223999 
vn -2.2348639965057373 -0.20765970647335052 -4.86262321472168 
vn -4.865645408630371 -0.2062496691942215 2.228455066680908 
vn -5.204887390136719 -0.20794916152954102 1.2444698810577393 
vn -4.865645408630371 -0.2062496691942215 2.228455066680908 
vn -5.204887390136719 -0.20794916152954102 1.2444698810577393 
vn -5.347902774810791 -0.20803534984588623 0.19860871136188507 
vn -5.347902774810791 -0.20803534984588623 0.19860871136188507 
vn -5.283235549926758 -0.2077481746673584 -0.8526968955993652 
vn -5.283235549926758 -0.2077481746673584 -0.8526968955993652 
vn -5.0142130851745605 -0.2079271823167801 -1.8700897693634033 
vn -5.0142130851745605 -0.2079271823167801 -1.8700897693634033 
vn -4.551528453826904 -0.20787358283996582 -2.8148159980773926 
vn -4.551528453826904 -0.20787358283996582 -2.8148159980773926 
vn -3.9131228923797607 -0.20791402459144592 -3.650622844696045 
vn -3.9131228923797607 -0.20791402459144592 -3.650622844696045 
vn -3.1236586570739746 -0.20783428847789764 -4.345386028289795 
vn -3.1236586570739746 -0.20783428847789764 -4.345386028289795 
vn -2.2348639965057373 -0.20765970647335052 -4.86262321472168 
vn -2.2348639965057373 -0.20765970647335052 -4.86262321472168 
vn -0.18022285401821136 -4.5844244956970215 0.13015103340148926 
vn -0.20388782024383545 -4.584293365478516 0.09738165140151978 
vn -0.20388782024383545 -4.584293365478516 0.09738165140151978 
vn -0.20859798789024353 -4.584689617156982 0.050909437239170074 
vn -0.20859798789024353 -4.584689617156982 0.050909437239170074 
vn -0.2133091688156128 -4.584736347198486 0.004429350607097149 
vn -0.2133091688156128 -4.584736347198486 0.004429350607097149 
vn -0.21801899373531342 -4.5844340324401855 -0.04205460101366043 
vn -0.21801899373531342 -4.5844340324401855 -0.04205460101366043 
vn -0.1990600973367691 -4.584959030151367 -0.055768948048353195 
vn -0.1990600973367691 -4.584959030151367 -0.055768948048353195 
vn -0.18480035662651062 -4.584569931030273 -0.11596927046775818 
vn -0.18480035662651062 -4.584569931030273 -0.11596927046775818 
vn -0.1468615084886551 -4.585007667541504 -0.14339129626750946 
vn -0.1468615084886551 -4.585007667541504 -0.14339129626750946 
vn -0.1089114174246788 -4.585094928741455 -0.17080235481262207 
vn -0.1089114174246788 -4.585094928741455 -0.17080235481262207 
vn -0.08993308246135712 -4.585007667541504 -0.18450313806533813 
vn -0.08993308246135712 -4.585007667541504 -0.18450313806533813 
vn -0.05197160691022873 -4.584569931030273 -0.21189384162425995 
vn -0.05197160691022873 -4.584569931030273 -0.21189384162425995 
vn 0.009658853523433208 -4.584959030151367 -0.206498920917511 
vn 0.009658853523433208 -4.584959030151367 -0.206498920917511 
vn 0.028639448806643486 -4.5844340324401855 -0.22018322348594666 
vn 0.028639448806643486 -4.5844340324401855 -0.22018322348594666 
vn 0.07128404080867767 -4.584736347198486 -0.20109450817108154 
vn 0.07128404080867767 -4.584736347198486 -0.20109450817108154 
vn 0.113924540579319 -4.584689617156982 -0.18200574815273285 
vn 0.113924540579319 -4.584689617156982 -0.18200574815273285 
vn 0.15655788779258728 -4.584293365478516 -0.16292040050029755 
vn 0.15655788779258728 -4.584293365478516 -0.16292040050029755 
vn 0.18022285401821136 -4.5844244956970215 -0.13015103340148926 
vn 0.18022285401821136 -4.5844244956970215 -0.13015103340148926 
vn 0.20388782024383545 -4.584293365478516 -0.09738165140151978 
vn 0.20388782024383545 -4.584293365478516 -0.09738165140151978 
vn 0.20859798789024353 -4.584689617156982 -0.05090944096446037 
vn 0.20859798789024353 -4.584689617156982 -0.05090944096446037 
vn 0.2133091688156128 -4.584736347198486 -0.004429350607097149 
vn 0.2133091688156128 -4.584736347198486 -0.004429350607097149 
vn 0.21801899373531342 -4.5844340324401855 0.04205460101366043 
vn 0.21801899373531342 -4.5844340324401855 0.04205460101366043 
vn 0.1990600973367691 -4.584959030151367 0.055768948048353195 
vn 0.1990600973367691 -4.584959030151367 0.055768948048353195 
vn 0.18480035662651062 -4.584569931030273 0.11596927046775818 
vn 0.18480035662651062 -4.584569931030273 0.11596927046775818 
vn 0.1468615084886551 -4.585007667541504 0.14339129626750946 
vn 0.1468615084886551 -4.585007667541504 0.14339129626750946 
vn 0.12788768112659454 -4.585094928741455 0.15709832310676575 
vn 0.12788768112659454 -4.585094928741455 0.15709832310676575 
vn 0.08993308246135712 -4.585007667541504 0.18450313806533813 
vn 0.08993308246135712 -4.585007667541504 0.18450313806533813 
vn 0.05197160691022873 -4.584569931030273 0.21189384162425995 
vn 0.05197160691022873 -4.584569931030273 0.21189384162425995 
vn -0.009658853523433208 -4.584959030151367 0.206498920917511 
vn -0.009658853523433208 -4.584959030151367 0.206498920917511 
vn -0.028639448806643486 -4.5844340324401855 0.22018322348594666 
vn -0.028639448806643486 -4.5844340324401855 0.22018322348594666 
vn -0.07128404080867767 -4.584736347198486 0.20109450817108154 
vn -0.07128404080867767 -4.584736347198486 0.20109450817108154 
vn -0.1139245480298996 -4.584689617156982 0.18200574815273285 
vn -0.1139245480298996 -4.584689617156982 0.18200574815273285 
vn -0.15655788779258728 -4.584293365478516 0.16292040050029755 
vn -0.15655788779258728 -4.584293365478516 0.16292040050029755 
vn -0.18022285401821136 -4.5844244956970215 0.13015103340148926 
vn 4.8463873863220215 -0.4794326424598694 -2.21307635307312 
vn 4.315274715423584 -0.46025916934013367 -3.128600597381592 
vn 4.8463873863220215 -0.4794326424598694 -2.21307635307312 
vn 4.315274715423584 -0.46025916934013367 -3.128600597381592 
vn 3.6193692684173584 -0.46419066190719604 -3.912153959274292 
vn 3.6193692684173584 -0.46419066190719604 -3.912153959274292 
vn 2.793435573577881 -0.47773075103759766 -4.5369720458984375 
vn 2.793435573577881 -0.47773075103759766 -4.5369720458984375 
vn 1.8513892889022827 -0.4810812473297119 -4.995535850524902 
vn 1.8513892889022827 -0.4810812473297119 -4.995535850524902 
vn 0.84888756275177 -0.4829365611076355 -5.259274482727051 
vn 0.84888756275177 -0.4829365611076355 -5.259274482727051 
vn -0.1812668740749359 -0.4834025204181671 -5.324200630187988 
vn -0.1812668740749359 -0.4834025204181671 -5.324200630187988 
vn -1.2252752780914307 -0.4835491478443146 -5.184445381164551 
vn -1.2252752780914307 -0.4835491478443146 -5.184445381164551 
vn -2.220320224761963 -0.48377537727355957 -4.842484474182129 
vn -2.220320224761963 -0.48377537727355957 -4.842484474182129 
vn 4.8463873863220215 -0.4794326424598694 -2.21307635307312 
vn 4.8463873863220215 -0.4794326424598694 -2.21307635307312 
vn 5.185251712799072 -0.47773075103759766 -1.2249740362167358 
vn 5.185251712799072 -0.47773075103759766 -1.2249740362167358 
vn 5.324306011199951 -0.4810812473297119 -0.18651556968688965 
vn 5.324306011199951 -0.4810812473297119 -0.18651556968688965 
vn 5.2594075202941895 -0.4829365611076355 0.8480646014213562 
vn 5.2594075202941895 -0.4829365611076355 0.8480646014213562 
vn 4.9985575675964355 -0.46622607111930847 1.8484110832214355 
vn 4.9985575675964355 -0.46622607111930847 1.8484110832214355 
vn 4.536111831665039 -0.4835491478443146 2.7934679985046387 
vn 4.536111831665039 -0.4835491478443146 2.7934679985046387 
vn 3.8998360633850098 -0.466560959815979 3.6322243213653564 
vn 3.8998360633850098 -0.466560959815979 3.6322243213653564 
vn 3.12834095954895 -0.4842093884944916 4.311889171600342 
vn 3.12834095954895 -0.4842093884944916 4.311889171600342 
vn 2.2202765941619873 -0.48436596989631653 4.842423915863037 
vn 2.2202765941619873 -0.48436596989631653 4.842423915863037 
vn 2.2202765941619873 -0.48436596989631653 4.842423915863037 
vn 2.2202765941619873 -0.48436596989631653 4.842423915863037 
vn 1.2265541553497314 -0.46695470809936523 5.186216354370117 
vn 1.2265541553497314 -0.46695470809936523 5.186216354370117 
vn 0.1812061220407486 -0.48409733176231384 5.324116230010986 
vn 0.1812061220407486 -0.48409733176231384 5.324116230010986 
vn -0.8472439646720886 -0.4665919542312622 5.261550426483154 
vn -0.8472439646720886 -0.4665919542312622 5.261550426483154 
vn -1.851652979850769 -0.4831129312515259 4.995170593261719 
vn -1.851652979850769 -0.4831129312515259 4.995170593261719 
vn -2.7939679622650146 -0.48057377338409424 4.5362348556518555 
vn -2.7939679622650146 -0.48057377338409424 4.5362348556518555 
vn -3.6266186237335205 -0.4842347502708435 3.9021155834198 
vn -3.6266186237335205 -0.4842347502708435 3.9021155834198 
vn -4.315134525299072 -0.46025535464286804 3.1287944316864014 
vn -4.315134525299072 -0.46025535464286804 3.1287944316864014 
vn -4.8502068519592285 -0.46886926889419556 2.207787275314331 
vn -4.8502068519592285 -0.46886926889419556 2.207787275314331 
vn -4.8502068519592285 -0.46886926889419556 2.207787275314331 
vn -4.8502068519592285 -0.46886926889419556 2.207787275314331 
vn -5.184719085693359 -0.48057377338409424 1.2257113456726074 
vn -5.184719085693359 -0.48057377338409424 1.2257113456726074 
vn -5.324042320251465 -0.4831129312515259 0.18688057363033295 
vn -5.324042320251465 -0.4831129312515259 0.18688057363033295 
vn -5.259324550628662 -0.483747661113739 -0.8479496836662292 
vn -5.259324550628662 -0.483747661113739 -0.8479496836662292 
vn -4.997025489807129 -0.48409733176231384 -1.8462896347045898 
vn -4.997025489807129 -0.48409733176231384 -1.8462896347045898 
vn -4.536062717437744 -0.4841752052307129 -2.7934000492095947 
vn -4.536062717437744 -0.4841752052307129 -2.7934000492095947 
vn -3.8985435962677 -0.48436596989631653 -3.63043475151062 
vn -3.8985435962677 -0.48436596989631653 -3.63043475151062 
vn -3.1093647480010986 -0.4842093884944916 -4.325592994689941 
vn -3.1093647480010986 -0.4842093884944916 -4.325592994689941 
vn -2.220320224761963 -0.48377537727355957 -4.842484474182129 
vn -2.220320224761963 -0.48377537727355957 -4.842484474182129 
vn 0.16126126050949097 4.585212230682373 -0.11645758897066116 
vn 0.18493030965328217 4.585081577301025 -0.083682581782341 
vn 0.18493030965328217 4.585081577301025 -0.083682581782341 
vn 0.20859798789024353 4.584689617156982 -0.05090944096446037 
vn 0.20859798789024353 4.584689617156982 -0.05090944096446037 
vn 0.2133091688156128 4.584736347198486 -0.004429350607097149 
vn 0.2133091688156128 4.584736347198486 -0.004429350607097149 
vn 0.21801899373531342 4.5844340324401855 0.04205460101366043 
vn 0.21801899373531342 4.5844340324401855 0.04205460101366043 
vn 0.18009740114212036 4.585396766662598 0.0694822296500206 
vn 0.18009740114212036 4.585396766662598 0.0694822296500206 
vn 0.18480035662651062 4.584569931030273 0.11596927046775818 
vn 0.18480035662651062 4.584569931030273 0.11596927046775818 
vn 0.1468615084886551 4.585007667541504 0.14339129626750946 
vn 0.1468615084886551 4.585007667541504 0.14339129626750946 
vn 0.12788768112659454 4.585094928741455 0.15709832310676575 
vn 0.12788768112659454 4.585094928741455 0.15709832310676575 
vn 0.08993308246135712 4.585007667541504 0.18450313806533813 
vn 0.08993308246135712 4.585007667541504 0.18450313806533813 
vn 0.05197160691022873 4.584569931030273 0.21189384162425995 
vn 0.05197160691022873 4.584569931030273 0.21189384162425995 
vn 0.009321917779743671 4.585396766662598 0.19281068444252014 
vn 0.009321917779743671 4.585396766662598 0.19281068444252014 
vn -0.028639448806643486 4.5844340324401855 0.22018322348594666 
vn -0.028639448806643486 4.5844340324401855 0.22018322348594666 
vn -0.07128404080867767 4.584736347198486 0.20109450817108154 
vn -0.07128404080867767 4.584736347198486 0.20109450817108154 
vn -0.1139245480298996 4.584689617156982 0.18200574815273285 
vn -0.1139245480298996 4.584689617156982 0.18200574815273285 
vn -0.13759222626686096 4.585081577301025 0.14923259615898132 
vn -0.13759222626686096 4.585081577301025 0.14923259615898132 
vn -0.16126126050949097 4.585212230682373 0.11645758897066116 
vn -0.16126126050949097 4.585212230682373 0.11645758897066116 
vn -0.18493030965328217 4.585081577301025 0.083682581782341 
vn -0.18493030965328217 4.585081577301025 0.083682581782341 
vn -0.20859798789024353 4.584689617156982 0.05090944096446037 
vn -0.20859798789024353 4.584689617156982 0.05090944096446037 
vn -0.2133091688156128 4.584736347198486 0.004429350607097149 
vn -0.2133091688156128 4.584736347198486 0.004429350607097149 
vn -0.21801899373531342 4.5844340324401855 -0.04205460101366043 
vn -0.21801899373531342 4.5844340324401855 -0.04205460101366043 
vn -0.18009740114212036 4.585396766662598 -0.0694822296500206 
vn -0.18009740114212036 4.585396766662598 -0.0694822296500206 
vn -0.18480035662651062 4.584569931030273 -0.11596927046775818 
vn -0.18480035662651062 4.584569931030273 -0.11596927046775818 
vn -0.1468615084886551 4.585007667541504 -0.14339129626750946 
vn -0.1468615084886551 4.585007667541504 -0.14339129626750946 
vn -0.1089114174246788 4.585094928741455 -0.17080235481262207 
vn -0.1089114174246788 4.585094928741455 -0.17080235481262207 
vn -0.08993308246135712 4.585007667541504 -0.18450313806533813 
vn -0.08993308246135712 4.585007667541504 -0.18450313806533813 
vn -0.05197160691022873 4.584569931030273 -0.21189384162425995 
vn -0.05197160691022873 4.584569931030273 -0.21189384162425995 
vn -0.009321917779743671 4.585396766662598 -0.19281068444252014 
vn -0.009321917779743671 4.585396766662598 -0.19281068444252014 
vn 0.028639448806643486 4.5844340324401855 -0.22018322348594666 
vn 0.028639448806643486 4.5844340324401855 -0.22018322348594666 
vn 0.07128404080867767 4.584736347198486 -0.20109450817108154 
vn 0.07128404080867767 4.584736347198486 -0.20109450817108154 
vn 0.1139245480298996 4.584689617156982 -0.18200574815273285 
vn 0.1139245480298996 4.584689617156982 -0.18200574815273285 
vn 0.13759222626686096 4.585081577301025 -0.14923259615898132 
vn 0.13759222626686096 4.585081577301025 -0.14923259615898132 
vn 0.16126126050949097 4.585212230682373 -0.11645758897066116 
vn -2.5528979301452637 3.1401724815368652 2.956298828125 
vn -3.0246551036834717 2.8646278381347656 2.8920397758483887 
vn -2.63883638381958 3.862200975418091 1.1838951110839844 
vn -3.2562365531921387 3.5159900188446045 1.1153520345687866 
vn -2.3876547813415527 4.082087993621826 -0.5319485664367676 
vn -3.0660195350646973 3.7166907787323 -0.6840095520019531 
vn -1.8617252111434937 3.868530035018921 -2.198260545730591 
vn -2.4656805992126465 3.518336296081543 -2.3968749046325684 
vn -1.06424081325531 3.148730516433716 -3.7484688758850098 
vn -1.5076466798782349 2.8735320568084717 -3.894840955734253 
vn -2.587449073791504 2.6912097930908203 -3.4829447269439697 
vn -3.1294074058532715 2.930396795272827 -2.6832265853881836 
vn -3.8372671604156494 3.117016553878784 -0.8543306589126587 
vn -3.986769199371338 2.9212143421173096 1.082501769065857 
vn -3.8132050037384033 2.6910245418548584 2.070416212081909 
vn -1.06424081325531 3.148730516433716 -3.7484688758850098 
vn -0.627387285232544 2.6601932048797607 -4.319541931152344 
vn -1.5076466798782349 2.8735320568084717 -3.894840955734253 
vn -0.8116711974143982 2.440398931503296 -4.463344097137451 
vn -1.246770977973938 1.8739540576934814 -4.728331089019775 
vn -1.2668828964233398 1.8113106489181519 -4.756180286407471 
vn -1.3908694982528687 1.6220347881317139 -4.814308166503906 
vn -1.3996002674102783 1.5898493528366089 -4.826397895812988 
vn -1.6027370691299438 1.1959278583526611 -4.917327404022217 
vn -1.6313809156417847 1.1627264022827148 -4.91876220703125 
vn -1.8374141454696655 0.655244767665863 -4.9736456871032715 
vn -1.8374141454696655 0.655244767665863 -4.9736456871032715 
vn -1.896486759185791 0.48357218503952026 -4.9782609939575195 
vn -1.896486759185791 0.48357218503952026 -4.9782609939575195 
vn 0.5575541853904724 1.0224730968475342 -5.192546367645264 
vn 0.5575541853904724 1.0224730968475342 -5.192546367645264 
vn 0.4256771504878998 0.8231062293052673 -5.25297737121582 
vn 0.49036213755607605 0.9226086735725403 -5.2247233390808105 
vn 0.3583223521709442 0.6875302195549011 -5.284482479095459 
vn 0.3303857445716858 0.6538761258125305 -5.29211950302124 
vn 0.29870644211769104 0.5859782099723816 -5.3048295974731445 
vn 0.29870644211769104 0.5859782099723816 -5.3048295974731445 
vn 0.23810112476348877 0.4486309885978699 -5.326110363006592 
vn 0.2352721244096756 0.41427984833717346 -5.330028057098389 
vn 0.1542704850435257 0.241907998919487 -5.347423076629639 
vn 0.1542704850435257 0.241907998919487 -5.347423076629639 
vn 0.12817223370075226 0.17290808260440826 -5.3517584800720215 
vn 0.12817223370075226 0.17290808260440826 -5.3517584800720215 
vn 1.7080243825912476 -1.013871431350708 -4.937603950500488 
vn 1.7080243825912476 -1.013871431350708 -4.937603950500488 
vn 1.8730071783065796 -0.8485174179077148 -4.920255184173584 
vn 1.782819151878357 -0.9469414949417114 -4.9292731285095215 
vn 1.9569206237792969 -0.7158697247505188 -4.916339874267578 
vn 1.9727036952972412 -0.6824765205383301 -4.916505336761475 
vn 2.0048725605010986 -0.6153821349143982 -4.91556453704834 
vn 1.999184489250183 -0.5818523168563843 -4.923440933227539 
vn 2.0672526359558105 -0.44620564579963684 -4.914628028869629 
vn 2.0849599838256836 -0.41304126381874084 -4.911098480224609 
vn 2.1336376667022705 -0.2415211945772171 -4.9057698249816895 
vn 2.1336376667022705 -0.2415211945772171 -4.9057698249816895 
vn 2.172422170639038 -0.1725463569164276 -4.892698764801025 
vn 2.172422170639038 -0.1725463569164276 -4.892698764801025 
vn 2.387925624847412 -2.7200510501861572 -3.5931694507598877 
vn 2.523376703262329 -3.298488140106201 -2.7386226654052734 
vn 2.8765528202056885 -2.3163959980010986 -3.6207387447357178 
vn 2.9881768226623535 -2.93003511428833 -2.8401737213134766 
vn 3.189282178878784 -1.9661074876785278 -3.6411056518554688 
vn 3.248736619949341 -1.9042710065841675 -3.6333348751068115 
vn 3.365431547164917 -1.7018775939941406 -3.663902997970581 
vn 3.3761050701141357 -1.6571162939071655 -3.6820077896118164 
vn 3.590210199356079 -1.2643860578536987 -3.6918392181396484 
vn 3.601119041442871 -1.190582275390625 -3.7145943641662598 
vn 3.810002088546753 -0.6766341328620911 -3.682158946990967 
vn 3.810002088546753 -0.6766341328620911 -3.682158946990967 
vn 3.861135721206665 -0.47935348749160767 -3.6710915565490723 
vn 3.861135721206665 -0.47935348749160767 -3.6710915565490723 
vn 2.523376703262329 -3.298488140106201 -2.7386226654052734 
vn 2.5315983295440674 -3.9408624172210693 -1.0580060482025146 
vn 2.9881768226623535 -2.93003511428833 -2.8401737213134766 
vn 3.12684965133667 -3.6109464168548584 -1.071165919303894 
vn 3.9292829036712646 -3.0004093647003174 -0.9937865138053894 
vn 3.759941577911377 -3.185781240463257 0.8523722887039185 
vn 2.8932509422302246 -3.82379150390625 0.6297484040260315 
vn 2.277052164077759 -4.131703853607178 0.493326872587204 
vn 1.8233951330184937 -3.950291872024536 2.025380849838257 
vn 2.357707977294922 -3.6246280670166016 2.2871055603027344 
vn 1.1335132122039795 -3.3094465732574463 3.5332601070404053 
vn 1.477118968963623 -2.926480293273926 3.8525686264038086 
vn 2.6901450157165527 -2.7448227405548096 3.345390796661377 
vn 3.1388800144195557 -2.991297960281372 2.578512668609619 
vn 3.86519718170166 -2.7275195121765137 -1.9020638465881348 
vn 1.1335132122039795 -3.3094465732574463 3.5332601070404053 
vn 0.6362963318824768 -2.7308528423309326 4.257689476013184 
vn 1.477118968963623 -2.926480293273926 3.8525686264038086 
vn 1.0569297075271606 -2.3145673274993896 4.503193378448486 
vn 1.377458930015564 -1.892651915550232 4.68168306350708 
vn 1.3287062644958496 -1.9698928594589233 4.652246475219727 
vn 1.4899511337280273 -1.6718279123306274 4.76115083694458 
vn 1.480832815170288 -1.7038089036941528 4.748524188995361 
vn 1.6946159601211548 -1.1811093091964722 4.891336441040039 
vn 1.6815599203109741 -1.2477422952651978 4.873257160186768 
vn 1.8776177167892456 -0.6902367472648621 4.952132701873779 
vn 1.8812134265899658 -0.6559856534004211 4.957111835479736 
vn 1.9401392936706543 -0.4840788245201111 4.961343765258789 
vn 1.9401392936706543 -0.4840788245201111 4.961343765258789 
vn -1.704224705696106 0.9996554851531982 4.942865371704102 
vn -1.704224705696106 0.9996554851531982 4.942865371704102 
vn -1.779630422592163 0.9343898296356201 4.933688163757324 
vn -1.8662458658218384 0.8190701603889465 4.929617881774902 
vn -1.947792887687683 0.6688268184661865 4.92897891998291 
vn -1.928623914718628 0.6856927871704102 4.933355808258057 
vn -1.9996031522750854 0.5843896865844727 4.922861099243164 
vn -1.9802896976470947 0.6013811826705933 4.927875995635986 
vn -2.063283920288086 0.4140967130661011 4.92012357711792 
vn -2.0435163974761963 0.4312818944454193 4.926357269287109 
vn -2.1336774826049805 0.24208611249923706 4.905714511871338 
vn -2.1336774826049805 0.24208611249923706 4.905714511871338 
vn -2.151008367538452 0.1734241396188736 4.902108669281006 
vn -2.151008367538452 0.1734241396188736 4.902108669281006 
vn -3.844163656234741 0.4857064485549927 3.6877269744873047 
vn -3.844163656234741 0.4857064485549927 3.6877269744873047 
vn -3.7840142250061035 0.6724146008491516 3.709906816482544 
vn -3.7676305770874023 0.6473323702812195 3.732593536376953 
vn -3.5271925926208496 1.203932523727417 3.7791008949279785 
vn -3.558450937271118 1.1476155519485474 3.7736775875091553 
vn -3.29339599609375 1.6165771484375 3.7801742553710938 
vn -3.3349452018737793 1.5966557264328003 3.7552058696746826 
vn -3.1316895484924316 1.8696781396865845 3.7584426403045654 
vn -3.190800189971924 1.807909369468689 3.7499091625213623 
vn -2.6382498741149902 2.4327375888824463 3.697401285171509 
vn -3.0246551036834717 2.8646278381347656 2.8920397758483887 
vn -2.5528979301452637 3.1401724815368652 2.956298828125 
vn -2.408900260925293 2.657824754714966 3.642310380935669 
vn -4.926333427429199 0.7235963940620422 1.9276962280273438 
vn -4.926333427429199 0.7235963940620422 1.9276962280273438 
vn -4.839169025421143 1.006043553352356 1.9751663208007812 
vn -4.844141483306885 0.9798755049705505 1.9809002876281738 
vn -4.4951491355896 1.7747553586959839 2.049041509628296 
vn -4.537757873535156 1.7153997421264648 2.0238776206970215 
vn -4.109120845794678 2.352656126022339 2.0660717487335205 
vn -4.292028903961182 2.583357095718384 1.0861597061157227 
vn -3.8132050037384033 2.6910245418548584 2.070416212081909 
vn -3.986769199371338 2.9212143421173096 1.082501769065857 
vn -4.16605806350708 2.7722065448760986 -0.9308807849884033 
vn -3.8372671604156494 3.117016553878784 -0.8543306589126587 
vn -5.269388675689697 0.8208935856819153 -0.1160736009478569 
vn -5.269388675689697 0.8208935856819153 -0.1160736009478569 
vn -5.176804065704346 1.1779472827911377 -0.08808623254299164 
vn -5.176804065704346 1.1779472827911377 -0.08808623254299164 
vn -4.782336235046387 2.067652940750122 0.008478348143398762 
vn -4.654026985168457 2.089158058166504 -1.0435482263565063 
vn -4.334887981414795 2.0529022216796875 -2.0401995182037354 
vn -3.425736427307129 2.571727752685547 -2.819096565246582 
vn -3.1294074058532715 2.930396795272827 -2.6832265853881836 
vn -2.8249051570892334 2.3724663257598877 -3.6119024753570557 
vn -2.587449073791504 2.6912097930908203 -3.4829447269439697 
vn -4.7279276847839355 1.1617447137832642 -2.1226015090942383 
vn -4.7279276847839355 1.1617447137832642 -2.1226015090942383 
vn -4.815759181976318 0.8255438208580017 -2.139616012573242 
vn -4.815759181976318 0.8255438208580017 -2.139616012573242 
vn -3.192641496658325 1.7872785329818726 -3.7618041038513184 
vn -3.2287890911102295 1.7227298021316528 -3.7719879150390625 
vn -3.5418078899383545 0.996079683303833 -3.847287893295288 
vn -3.5418078899383545 0.996079683303833 -3.847287893295288 
vn -3.6289103031158447 0.7246584892272949 -3.8488550186157227 
vn -3.6289103031158447 0.7246584892272949 -3.8488550186157227 
vn 4.937472343444824 -0.7207024693489075 -1.9004830121994019 
vn 4.937472343444824 -0.7207024693489075 -1.9004830121994019 
vn 4.871066570281982 -0.9919188022613525 -1.9052587747573853 
vn 4.871066570281982 -0.9919188022613525 -1.9052587747573853 
vn 4.551424026489258 -1.7620766162872314 -1.9366474151611328 
vn 4.72391414642334 -1.9889599084854126 -0.9952892661094666 
vn 4.130578517913818 -2.4100966453552246 -1.9284508228302002 
vn 4.256688594818115 -2.6493773460388184 -1.0054540634155273 
vn 3.86519718170166 -2.7275195121765137 -1.9020638465881348 
vn 3.9292829036712646 -3.0004093647003174 -0.9937865138053894 
vn 4.112130165100098 -2.832249402999878 0.9242603778839111 
vn 3.759941577911377 -3.185781240463257 0.8523722887039185 
vn 4.63031530380249 -2.1276416778564453 1.0430392026901245 
vn 5.0475921630859375 -1.203390121459961 1.1163711547851562 
vn 5.181687355041504 -1.159974217414856 0.12024100869894028 
vn 5.262563228607178 -0.8507654070854187 0.1314721703529358 
vn 5.136368274688721 -0.8559492230415344 1.147833228111267 
vn 4.734377861022949 -1.1770386695861816 2.09657883644104 
vn 4.825403213500977 -0.8246052861213684 2.118273973464966 
vn 3.855030059814453 -1.98593008518219 2.9088010787963867 
vn 3.431288957595825 -2.6513352394104004 2.7096946239471436 
vn 3.1388800144195557 -2.991297960281372 2.578512668609619 
vn 2.91579008102417 -2.4164621829986572 3.498126745223999 
vn 2.6901450157165527 -2.7448227405548096 3.345390796661377 
vn 3.2859790325164795 -1.7701210975646973 3.6918387413024902 
vn 3.5904347896575928 -1.0137465000152588 3.79557728767395 
vn 3.5904347896575928 -1.0137465000152588 3.79557728767395 
vn 3.664792776107788 -0.7067184448242188 3.8192899227142334 
vn 3.664792776107788 -0.7067184448242188 3.8192899227142334 
vn -0.12764786183834076 -0.15586289763450623 5.352484703063965 
vn -0.12764786183834076 -0.15586289763450623 5.352484703063965 
vn -0.15430375933647156 -0.24263995885849 5.347376823425293 
vn -0.15430375933647156 -0.24263995885849 5.347376823425293 
vn -0.21471837162971497 -0.4494853615760803 5.3270063400268555 
vn -0.21188825368881226 -0.4150683283805847 5.330924987792969 
vn -0.2752384543418884 -0.5862346887588501 5.306060314178467 
vn -0.2752384543418884 -0.5862346887588501 5.306060314178467 
vn -0.3372880518436432 -0.7059165835380554 5.282561779022217 
vn -0.30922380089759827 -0.6722168922424316 5.2902655601501465 
vn -0.4940497875213623 -0.942162036895752 5.219616889953613 
vn -0.4023530185222626 -0.8248191475868225 5.254448890686035 
vn -0.5613980889320374 -1.0405889749526978 5.1872239112854 
vn -0.5613980889320374 -1.0405889749526978 5.1872239112854 
vn 2.571030378341675 -3.146580457687378 -2.9311907291412354 
vn 3.0311124324798584 -2.866232395172119 -2.8830981254577637 
vn 2.6280555725097656 -3.8718314170837402 -1.1648420095443726 
vn 3.2757935523986816 -3.5016071796417236 -1.1197543144226074 
vn 2.3765921592712402 -4.088262557983398 0.5166299343109131 
vn 3.0799639225006104 -3.7055726051330566 0.7033184170722961 
vn 1.8671507835388184 -3.8800134658813477 2.1658308506011963 
vn 2.474802017211914 -3.507291793823242 2.409505605697632 
vn 1.06424081325531 -3.148730516433716 3.7484688758850098 
vn 1.5076466798782349 -2.8735320568084717 3.894840955734253 
vn 2.568570613861084 -2.691312551498413 3.4967825412750244 
vn 3.1387932300567627 -2.9142367839813232 2.696223497390747 
vn 3.8306641578674316 -3.124793291091919 0.8451873660087585 
vn 3.987893581390381 -2.912907600402832 -1.1085598468780518 
vn 3.811913013458252 -2.691357135772705 -2.0722053050994873 
vn 1.06424081325531 -3.148730516433716 3.7484688758850098 
vn 0.6505818963050842 -2.6619911193847656 4.314598083496094 
vn 1.5076466798782349 -2.8735320568084717 3.894840955734253 
vn 0.8048895001411438 -2.4545915126800537 4.453953266143799 
vn 1.228429913520813 -1.8599122762680054 4.740673065185547 
vn 1.2760263681411743 -1.7819422483444214 4.768841743469238 
vn 1.3677618503570557 -1.6235700845718384 4.82021951675415 
vn 1.403395414352417 -1.5756213665008545 4.831653118133545 
vn 1.5801328420639038 -1.197235107421875 4.9242048263549805 
vn 1.6119531393051147 -1.147309422492981 4.930089473724365 
vn 1.8170729875564575 -0.638930082321167 4.984001636505127 
vn 1.8135552406311035 -0.6732040047645569 4.979130744934082 
vn 1.8964416980743408 -0.4841712713241577 4.978198528289795 
vn 1.8964416980743408 -0.4841712713241577 4.978198528289795 
vn -0.554427981376648 -1.007475733757019 5.19687557220459 
vn -0.554427981376648 -1.007475733757019 5.19687557220459 
vn -0.4204653799533844 -0.7906185984611511 5.260193824768066 
vn -0.4940497875213623 -0.942162036895752 5.219616889953613 
vn -0.3562000095844269 -0.6715782880783081 5.287421226501465 
vn -0.35184144973754883 -0.637522280216217 5.293456554412842 
vn -0.32035312056541443 -0.5695029497146606 5.306012153625488 
vn -0.2968944013118744 -0.5697612762451172 5.307338714599609 
vn -0.2587510645389557 -0.4147437810897827 5.328890323638916 
vn -0.235322043299675 -0.41491052508354187 5.329958915710449 
vn -0.177715465426445 -0.2425602227449417 5.346654891967773 
vn -0.177715465426445 -0.2425602227449417 5.346654891967773 
vn -0.15159647166728973 -0.1733771115541458 5.351125717163086 
vn -0.15159647166728973 -0.1733771115541458 5.351125717163086 
vn -1.7219164371490479 1.0639867782592773 4.918367385864258 
vn -1.7219164371490479 1.0639867782592773 4.918367385864258 
vn -1.8926481008529663 0.835374653339386 4.915802478790283 
vn -1.7879798412322998 0.9668635725975037 4.922126770019531 
vn -1.9609344005584717 0.7355284094810486 4.9107818603515625 
vn -1.9732661247253418 0.6853938698768616 4.915726661682129 
vn -2.0053412914276123 0.6180594563484192 4.914915084838867 
vn -2.024540424346924 0.6010832786560059 4.909911632537842 
vn -2.067511796951294 0.4482194781303406 4.91426944732666 
vn -2.087158203125 0.4310464560985565 4.908054828643799 
vn -2.155242681503296 0.24257847666740417 4.89624547958374 
vn -2.155242681503296 0.24257847666740417 4.89624547958374 
vn -2.1716201305389404 0.1560593843460083 4.8938093185424805 
vn -2.1716201305389404 0.1560593843460083 4.8938093185424805 
vn -2.3954808712005615 2.7504749298095703 3.556381940841675 
vn -2.537534475326538 3.3199894428253174 2.689687728881836 
vn -2.9005982875823975 2.3071227073669434 3.609609365463257 
vn -2.975398063659668 2.9453816413879395 2.831939458847046 
vn -3.178117513656616 1.9841282367706299 3.6375410556793213 
vn -3.245739698410034 1.9022070169448853 3.6374847888946533 
vn -3.3622894287109375 1.6995562314987183 3.6682541370391846 
vn -3.383425235748291 1.662654161453247 3.6718716621398926 
vn -3.5866987705230713 1.2612709999084473 3.6967015266418457 
vn -3.6298751831054688 1.1892995834350586 3.687063455581665 
vn -3.8342537879943848 0.6776411533355713 3.656644582748413 
vn -3.823197841644287 0.6945591568946838 3.663886547088623 
vn -3.8701300621032715 0.49571850895881653 3.6586368083953857 
vn -3.8701300621032715 0.49571850895881653 3.6586368083953857 
vn -2.537534475326538 3.3199894428253174 2.689687728881836 
vn -2.5214080810546875 3.949660301208496 1.0374195575714111 
vn -2.975398063659668 2.9453816413879395 2.831939458847046 
vn -3.1001036167144775 3.6268014907836914 1.0758771896362305 
vn -3.9058260917663574 3.0218279361724854 0.9977815747261047 
vn -3.741187572479248 3.206927537918091 -0.8264031410217285 
vn -2.8815813064575195 3.8276705741882324 -0.6507803201675415 
vn -3.1291611194610596 3.007213592529297 -2.5650546550750732 
vn -2.3549559116363525 3.627701997756958 -2.283294916152954 
vn -1.8521411418914795 3.9405109882354736 -2.0252695083618164 
vn -1.147583246231079 3.321165084838867 -3.5136749744415283 
vn -1.4840468168258667 2.9522879123687744 -3.822951316833496 
vn -2.6901450157165527 2.7448227405548096 -3.345390796661377 
vn -2.283846139907837 4.128119468688965 -0.5027346014976501 
vn -3.8659002780914307 2.7396740913391113 1.8766533136367798 
vn -1.147583246231079 3.321165084838867 -3.5136749744415283 
vn -1.4840468168258667 2.9522879123687744 -3.822951316833496 
vn -0.6784415245056152 2.741753101348877 -4.241602897644043 
vn -1.1100679636001587 2.299055337905884 -4.501238822937012 
vn -1.3948631286621094 1.908645510673523 -4.667657852172852 
vn -1.3405506610870361 2.0012152194976807 -4.630575656890869 
vn -1.5174052715301514 1.6540635824203491 -4.7609381675720215 
vn -1.4859861135482788 1.6858224868774414 -4.755660057067871 
vn -1.713861107826233 1.196380615234375 -4.8795576095581055 
vn -1.6784982681274414 1.2628175020217896 -4.869017601013184 
vn -1.8777092695236206 0.689386248588562 -4.952259540557861 
vn -1.9031007289886475 0.6559319496154785 -4.94875955581665 
vn -1.9401392936706543 0.4840788245201111 -4.961343765258789 
vn -1.9401392936706543 0.4840788245201111 -4.961343765258789 
vn 1.7080243825912476 -1.013871431350708 -4.937603950500488 
vn 1.7080243825912476 -1.013871431350708 -4.937603950500488 
vn 1.7598460912704468 -0.9470791816711426 -4.937485694885254 
vn 1.85828697681427 -0.7828301191329956 -4.940638542175293 
vn 1.9442012310028076 -0.6493058800697327 -4.933952331542969 
vn 1.9280756711959839 -0.6828099489212036 -4.934114933013916 
vn 1.9938154220581055 -0.548210084438324 -4.930875301361084 
vn 1.9770656824111938 -0.5820014476776123 -4.932340621948242 
vn 2.063062906265259 -0.4122329652309418 -4.920429706573486 
vn 2.0454022884368896 -0.4463382661342621 -4.923745632171631 
vn 2.112074136734009 -0.2415982484817505 -4.9150872230529785 
vn 2.112074136734009 -0.2415982484817505 -4.9150872230529785 
vn 2.1509668827056885 -0.17260760068893433 -4.90216588973999 
vn 2.1509668827056885 -0.17260760068893433 -4.90216588973999 
vn 3.8412044048309326 -0.48001185059547424 -3.6918249130249023 
vn 3.8412044048309326 -0.48001185059547424 -3.6918249130249023 
vn 3.752315044403076 -0.6582698822021484 -3.745391845703125 
vn 3.7718300819396973 -0.6539372205734253 -3.726778268814087 
vn 3.5309784412384033 -1.2078484296798706 -3.7738587856292725 
vn 3.5622711181640625 -1.1516658067703247 -3.768387794494629 
vn 3.2900846004486084 -1.6136502027511597 -3.784759759902954 
vn 3.318106174468994 -1.5819692611694336 -3.7785232067108154 
vn 3.1350257396698 -1.8723831176757812 -3.7538230419158936 
vn 3.177021026611328 -1.7965692281723022 -3.768989086151123 
vn 2.611353874206543 -2.465668201446533 -3.6867449283599854 
vn 3.0311124324798584 -2.866232395172119 -2.8830981254577637 
vn 2.571030378341675 -3.146580457687378 -2.9311907291412354 
vn 2.426379919052124 -2.6703836917877197 -3.61810564994812 
vn 4.924829483032227 -0.7039625644683838 -1.941400170326233 
vn 4.924829483032227 -0.7039625644683838 -1.941400170326233 
vn 4.831789970397949 -0.9989531636238098 -1.9980039596557617 
vn 4.847959995269775 -0.9738340973854065 -1.9756126403808594 
vn 4.492170333862305 -1.7767901420593262 -2.053166389465332 
vn 4.5257954597473145 -1.709562063217163 -2.0571224689483643 
vn 4.107232570648193 -2.353389263153076 -2.0686862468719482 
vn 4.299129486083984 -2.5777084827423096 -1.0763276815414429 
vn 3.811913013458252 -2.691357135772705 -2.0722053050994873 
vn 3.987893581390381 -2.912907600402832 -1.1085598468780518 
vn 4.159750461578369 -2.7812817096710205 0.922146737575531 
vn 3.8306641578674316 -3.124793291091919 0.8451873660087585 
vn 3.4270541667938232 -2.5689704418182373 2.8209214210510254 
vn 3.1387932300567627 -2.9142367839813232 2.696223497390747 
vn 5.266591548919678 -0.834345281124115 0.11220075190067291 
vn 5.266591548919678 -0.834345281124115 0.11220075190067291 
vn 5.182582855224609 -1.1600239276885986 0.0708303451538086 
vn 5.182582855224609 -1.1600239276885986 0.0708303451538086 
vn 4.784090042114258 -2.064680814743042 -0.006049952935427427 
vn 4.801477909088135 -2.034846544265747 -0.009461496025323868 
vn 4.815921306610107 -0.824420154094696 2.139841079711914 
vn 4.731640338897705 -1.1436158418655396 2.1277425289154053 
vn 4.815921306610107 -0.824420154094696 2.139841079711914 
vn 4.715139865875244 -1.1764535903930664 2.139932870864868 
vn 4.341699123382568 -2.0353751182556152 2.049631357192993 
vn 4.329973220825195 -2.0654256343841553 2.0333943367004395 
vn 2.568570613861084 -2.691312551498413 3.4967825412750244 
vn 2.8249051570892334 -2.3724663257598877 3.6119024753570557 
vn 3.192641496658325 -1.7872785329818726 3.7618041038513184 
vn 3.2108073234558105 -1.723289966583252 3.786958932876587 
vn 3.54437255859375 -0.9791775345802307 3.850839138031006 
vn 3.54437255859375 -0.9791775345802307 3.850839138031006 
vn 3.6307742595672607 -0.7075468301773071 3.851436138153076 
vn 3.6307742595672607 -0.7075468301773071 3.851436138153076 
vn -4.93635892868042 0.7233098149299622 1.9020252227783203 
vn -4.93635892868042 0.7233098149299622 1.9020252227783203 
vn -5.1182169914245605 1.0948469638824463 0.9318662881851196 
vn -4.86844539642334 1.0144383907318115 1.8957722187042236 
vn -4.558267116546631 1.7567132711410522 1.9271718263626099 
vn -4.727954387664795 1.9839593172073364 0.9896948337554932 
vn -4.144042491912842 2.404024124145508 1.9098068475723267 
vn -4.825240135192871 0.8257322907447815 -2.1180477142333984 
vn -5.13613748550415 0.8572775721549988 -1.147513747215271 
vn -4.237439155578613 1.0963780879974365 -3.0172929763793945 
vn -5.051170825958252 1.1889071464538574 -1.1213265657424927 
vn -4.622188568115234 2.1445624828338623 -1.0317859649658203 
vn -4.2635393142700195 2.6439192295074463 0.9959676861763 
vn -3.8659002780914307 2.7396740913391113 1.8766533136367798 
vn -3.9058260917663574 3.0218279361724854 0.9977815747261047 
vn -4.118481636047363 2.823349952697754 -0.9330552816390991 
vn -3.741187572479248 3.206927537918091 -0.8264031410217285 
vn -5.268826961517334 0.8207826614379883 -0.14014512300491333 
vn -3.859544515609741 1.9727294445037842 -2.9150524139404297 
vn -3.5877740383148193 1.030631184577942 -3.7918927669525146 
vn -3.662834882736206 0.7246809005737305 -3.8165786266326904 
vn -3.662834882736206 0.7246809005737305 -3.8165786266326904 
vn -3.307647228240967 1.7554171085357666 -3.68204665184021 
vn -3.429870367050171 2.6541526317596436 -2.7077300548553467 
vn -2.9402432441711426 2.4010918140411377 -3.4920811653137207 
vn -3.1291611194610596 3.007213592529297 -2.5650546550750732 
vn -2.6901450157165527 2.7448227405548096 -3.345390796661377 
vn 0.1047627255320549 0.1729588359594345 -5.35226583480835 
vn 0.1308559775352478 0.24198462069034576 -5.3480424880981445 
vn 0.1047627255320549 0.1729588359594345 -5.35226583480835 
vn 0.1308559775352478 0.24198462069034576 -5.3480424880981445 
vn 0.21466022729873657 0.4488047659397125 -5.327086448669434 
vn 0.18840165436267853 0.4145899713039398 -5.331857681274414 
vn 0.2790999412536621 0.61944180727005 -5.300713062286377 
vn 0.2751380503177643 0.5853449702262878 -5.306199073791504 
vn 0.3159954249858856 0.7221400737762451 -5.28088903427124 
vn 0.31133589148521423 0.6881929039955139 -5.287341117858887 
vn 0.47966012358665466 0.98976069688797 -5.208940505981445 
vn 0.3839884400367737 0.8563594818115234 -5.2489423751831055 
vn 0.5410037636756897 1.0562058687210083 -5.18508768081665 
vn 0.5410037636756897 1.0562058687210083 -5.18508768081665 
vn -0.15642471611499786 -4.586312294006348 -0.03670216351747513 
vn -0.2737857401371002 -4.580323219299316 0.1603122353553772 
vn -0.2737857401371002 -4.580323219299316 0.1603122353553772 
vn -0.484298437833786 -4.5667595863342285 0.18770718574523926 
vn -0.484298437833786 -4.5667595863342285 0.18770718574523926 
vn -0.6711870431900024 -4.5520339012146 0.04825524985790253 
vn -0.6711870431900024 -4.5520339012146 0.04825524985790253 
vn -0.7016738057136536 -4.546957015991211 -0.15310969948768616 
vn -0.7016738057136536 -4.546957015991211 -0.15310969948768616 
vn -0.566753089427948 -4.554116725921631 -0.32520806789398193 
vn -0.566753089427948 -4.554116725921631 -0.32520806789398193 
vn -0.3737967908382416 -4.565748691558838 -0.3776765763759613 
vn -0.3737967908382416 -4.565748691558838 -0.3776765763759613 
vn -0.19885718822479248 -4.5799946784973145 -0.2553713023662567 
vn -0.19885718822479248 -4.5799946784973145 -0.2553713023662567 
vn -0.15642471611499786 -4.586312294006348 -0.03670216351747513 
vn -0.15642471611499786 -4.586312294006348 -0.03670216351747513 
vn -0.2548445165157318 -4.581460952758789 0.14662419259548187 
vn -0.2548445165157318 -4.581460952758789 0.14662419259548187 
vn -0.484298437833786 -4.5667595863342285 0.18770718574523926 
vn -0.484298437833786 -4.5667595863342285 0.18770718574523926 
vn -0.6711870431900024 -4.5520339012146 0.04825524985790253 
vn -0.6711870431900024 -4.5520339012146 0.04825524985790253 
vn -0.7016738057136536 -4.546957015991211 -0.15310969948768616 
vn -0.7016738057136536 -4.546957015991211 -0.15310969948768616 
vn -0.566753089427948 -4.554116725921631 -0.32520806789398193 
vn -0.566753089427948 -4.554116725921631 -0.32520806789398193 
vn -0.3737967908382416 -4.565748691558838 -0.3776765763759613 
vn -0.3737967908382416 -4.565748691558838 -0.3776765763759613 
vn -0.17520968616008759 -4.581955909729004 -0.22262609004974365 
vn -0.17520968616008759 -4.581955909729004 -0.22262609004974365 
vn -0.15642471611499786 -4.586312294006348 -0.03670216351747513 
vn 4.0507402420043945 2.9415743350982666 0.7035120725631714 
vn 4.028500080108643 2.9220938682556152 0.9112200140953064 
vn 4.028500080108643 2.9220938682556152 0.9112200140953064 
vn 4.131105899810791 2.7784316539764404 1.053300380706787 
vn 4.131105899810791 2.7784316539764404 1.053300380706787 
vn 4.251392841339111 2.633136034011841 1.0830268859863281 
vn 4.251392841339111 2.633136034011841 1.0830268859863281 
vn 4.326592445373535 2.5512959957122803 1.0517877340316772 
vn 4.326592445373535 2.5512959957122803 1.0517877340316772 
vn 4.368880271911621 2.5201995372772217 0.9764838218688965 
vn 4.368880271911621 2.5201995372772217 0.9764838218688965 
vn 4.349993705749512 2.568747043609619 0.8839792609214783 
vn 4.349993705749512 2.568747043609619 0.8839792609214783 
vn 4.301248073577881 2.644244432449341 0.8164801597595215 
vn 4.301248073577881 2.644244432449341 0.8164801597595215 
vn 4.186061382293701 2.775007724761963 0.8235833644866943 
vn 4.186061382293701 2.775007724761963 0.8235833644866943 
vn 4.028500080108643 2.9220938682556152 0.9112200140953064 
vn 4.028500080108643 2.9220938682556152 0.9112200140953064 
vn 3.9590134620666504 2.9459588527679443 1.0929088592529297 
vn 3.9590134620666504 2.9459588527679443 1.0929088592529297 
vn 4.043797016143799 2.8253417015075684 1.210310459136963 
vn 4.043797016143799 2.8253417015075684 1.210310459136963 
vn 4.1965765953063965 2.6783533096313477 1.1439591646194458 
vn 4.1965765953063965 2.6783533096313477 1.1439591646194458 
vn 4.2856597900390625 2.6269896030426025 0.9614991545677185 
vn 4.2856597900390625 2.6269896030426025 0.9614991545677185 
vn 4.273989677429199 2.691582202911377 0.7457056045532227 
vn 4.273989677429199 2.691582202911377 0.7457056045532227 
vn 4.164550304412842 2.835747480392456 0.6271917223930359 
vn 4.164550304412842 2.835747480392456 0.6271917223930359 
vn 4.0507402420043945 2.9415743350982666 0.7035120725631714 
vn 0.009488130919635296 -4.58836555480957 -0.006852016318589449 
vn 0.009488130919635296 -4.58836555480957 -0.006852016318589449 
vn 0.009488130919635296 -4.58836555480957 -0.006852016318589449 
vn 0.009488130919635296 -4.58836555480957 -0.006852016318589449 
vn 0.009488130919635296 -4.58836555480957 -0.006852016318589449 
vn 0.009488130919635296 -4.58836555480957 -0.006852016318589449 
vn 0.009488130919635296 -4.58836555480957 -0.006852016318589449 
vn 0.009488130919635296 -4.58836555480957 -0.006852016318589449 
vn 0.009488130919635296 -4.58836555480957 -0.006852016318589449 
vn 0.009488130919635296 -4.58836555480957 -0.006852016318589449 
vn 0.009488130919635296 -4.58836555480957 -0.006852016318589449 
vn 0.009488130919635296 -4.58836555480957 -0.006852016318589449 
vn 0.009488130919635296 -4.58836555480957 -0.006852016318589449 
vn 0.009488130919635296 -4.58836555480957 -0.006852016318589449 
vn 0.009488130919635296 -4.58836555480957 -0.006852016318589449 
vn 0.009488130919635296 -4.58836555480957 -0.006852016318589449 
vn 0.009488130919635296 -4.58836555480957 -0.006852016318589449 
vn 0.009488130919635296 -4.58836555480957 -0.006852016318589449 
vn 0.009488130919635296 -4.58836555480957 -0.006852016318589449 
vn 0.009488130919635296 -4.58836555480957 -0.006852016318589449 
vn 0.009488130919635296 -4.58836555480957 -0.006852016318589449 
vn 0.009488130919635296 -4.58836555480957 -0.006852016318589449 
vn 0.009488130919635296 -4.58836555480957 -0.006852016318589449 
vn 0.009488130919635296 -4.58836555480957 -0.006852016318589449 
vn 0.009488130919635296 -4.58836555480957 -0.006852016318589449 
vn 0.009488130919635296 -4.58836555480957 -0.006852016318589449 
vn 0.009488130919635296 -4.58836555480957 -0.006852016318589449 
vn 0.009488130919635296 -4.58836555480957 -0.006852016318589449 
vn 0.009488130919635296 -4.58836555480957 -0.006852016318589449 
vn 0.009488130919635296 -4.58836555480957 -0.006852016318589449 
vn 0.009488130919635296 -4.58836555480957 -0.006852016318589449 
vn 0.009488130919635296 -4.58836555480957 -0.006852016318589449 
vn 0.009488130919635296 4.58836555480957 -0.006852016318589449 
vn 0.009488130919635296 4.58836555480957 -0.006852016318589449 
vn 0.009488130919635296 4.58836555480957 -0.006852016318589449 
vn 0.009488130919635296 4.58836555480957 -0.006852016318589449 
vn 0.009488130919635296 4.58836555480957 -0.006852016318589449 
vn 0.009488130919635296 4.58836555480957 -0.006852016318589449 
vn 0.009488130919635296 4.58836555480957 -0.006852016318589449 
vn 0.009488130919635296 4.58836555480957 -0.006852016318589449 
vn 0.009488130919635296 4.58836555480957 -0.006852016318589449 
vn 0.009488130919635296 4.58836555480957 -0.006852016318589449 
vn 0.009488130919635296 4.58836555480957 -0.006852016318589449 
vn 0.009488130919635296 4.58836555480957 -0.006852016318589449 
vn 0.009488130919635296 4.58836555480957 -0.006852016318589449 
vn 0.009488130919635296 4.58836555480957 -0.006852016318589449 
vn 0.009488130919635296 4.58836555480957 -0.006852016318589449 
vn 0.009488130919635296 4.58836555480957 -0.006852016318589449 
vn 0.009488130919635296 4.58836555480957 -0.006852016318589449 
vn 0.009488130919635296 4.58836555480957 -0.006852016318589449 
vn 0.009488130919635296 4.58836555480957 -0.006852016318589449 
vn 0.009488130919635296 4.58836555480957 -0.006852016318589449 
vn 0.009488130919635296 4.58836555480957 -0.006852016318589449 
vn 0.009488130919635296 4.58836555480957 -0.006852016318589449 
vn 0.009488130919635296 4.58836555480957 -0.006852016318589449 
vn 0.009488130919635296 4.58836555480957 -0.006852016318589449 
vn 0.009488130919635296 4.58836555480957 -0.006852016318589449 
vn 0.009488130919635296 4.58836555480957 -0.006852016318589449 
vn 0.009488130919635296 4.58836555480957 -0.006852016318589449 
vn 0.009488130919635296 4.58836555480957 -0.006852016318589449 
vn 0.009488130919635296 4.58836555480957 -0.006852016318589449 
vn 0.009488130919635296 4.58836555480957 -0.006852016318589449 
vn 0.009488130919635296 4.58836555480957 -0.006852016318589449 
vn 0.009488130919635296 4.58836555480957 -0.006852016318589449 
vt 0.7300821542739868 0.16851313412189484 
vt 0.7478880882263184 0.3457043766975403 
vt 0.7288708686828613 0.3453410267829895 
vt 0.7510374784469604 0.4019017517566681 
vt 0.7312934398651123 0.4016595184803009 
vt 0.7493416666984558 0.4848655164241791 
vt 0.7299610376358032 0.4845021665096283 
vt 0.7092479467391968 0.4014172852039337 
vt 0.7084000706672668 0.4843810498714447 
vt 0.7288708686828613 0.1652430295944214 
vt 0.7146987915039062 0.1651219129562378 
vt 0.7155466675758362 0.16839201748371124 
vt 0.6988309025764465 0.1650007963180542 
vt 0.6994365453720093 0.16814978420734406 
vt 0.6821150779724121 0.1648796796798706 
vt 0.7077944278717041 0.3452199101448059 
vt 0.6852644085884094 0.3450987935066223 
vt 0.6857489347457886 0.4012961685657501 
vt 0.6852644085884094 0.4841388165950775 
vt 0.6616442799568176 0.4012961685657501 
vt 0.6617653965950012 0.4841388165950775 
vt 0.6822361946105957 0.16802866756916046 
vt 0.6621288061141968 0.3449776768684387 
vt 0.6646724939346313 0.16802866756916046 
vt 0.6394776701927185 0.3450987935066223 
vt 0.638024091720581 0.4012961685657501 
vt 0.6385086178779602 0.4841388165950775 
vt 0.6156152486801147 0.4014172852039337 
vt 0.616584300994873 0.4843810498714447 
vt 0.6647936105728149 0.1648796796798706 
vt 0.6479566693305969 0.1648796796798706 
vt 0.6473510265350342 0.16802866756916046 
vt 0.63184654712677 0.1650007963180542 
vt 0.6309986114501953 0.16814978420734406 
vt 0.617432177066803 0.1651219129562378 
vt 0.6162208914756775 0.16839201748371124 
vt 0.5986571907997131 0.3453410267829895 
vt 0.6180378198623657 0.3452199101448059 
vt 0.5797610878944397 0.4848655164241791 
vt 0.5781863927841187 0.4019017517566681 
vt 0.5967191457748413 0.4845021665096283 
vt 0.5953866839408875 0.4016595184803009 
vt 0.5820625424385071 0.3457043766975403 
vt 0.6036234498023987 0.16851313412189484 
vt 0.32211968302726746 0.15555383265018463 
vt 0.1435755342245102 0.15458491444587708 
vt 0.14406006038188934 0.1735999584197998 
vt 0.08761394023895264 0.17674896121025085 
vt 0.08712942153215408 0.15700721740722656 
vt 0.004882832057774067 0.17529557645320892 
vt 0.004398316144943237 0.15591716766357422 
vt 0.08676603436470032 0.13496428728103638 
vt 0.0040349289774894714 0.13423758745193481 
vt 0.3258746862411499 0.16633306443691254 
vt 0.3226042091846466 0.16778644919395447 
vt 0.32551130652427673 0.1543426811695099 
vt 0.3251478970050812 0.14029334485530853 
vt 0.3218774199485779 0.1411411464214325 
vt 0.324905663728714 0.12442727386951447 
vt 0.3216351568698883 0.12503285706043243 
vt 0.324784517288208 0.10759229212999344 
vt 0.1433332860469818 0.13351090252399445 
vt 0.14309102296829224 0.11098351329565048 
vt 0.08664491027593613 0.11146797239780426 
vt 0.003913800232112408 0.11122573912143707 
vt 0.08664491027593613 0.08748719841241837 
vt 0.003913800232112408 0.08760831505060196 
vt 0.3215140402317047 0.10783451795578003 
vt 0.14309102296829224 0.08797165751457214 
vt 0.3215140402317047 0.09027284383773804 
vt 0.1433332860469818 0.06520204246044159 
vt 0.08676603436470032 0.06386977434158325 
vt 0.0040349289774894714 0.06435423344373703 
vt 0.08712942153215408 0.04146350175142288 
vt 0.004398316144943237 0.04243241995573044 
vt 0.324784517288208 0.09039396047592163 
vt 0.324905663728714 0.07343786209821701 
vt 0.3216351568698883 0.07295340299606323 
vt 0.3251478970050812 0.05745067819952965 
vt 0.3218774199485779 0.056602876633405685 
vt 0.32551130652427673 0.042916879057884216 
vt 0.1435755342245102 0.04376468434929848 
vt 0.14406006038188934 0.02438628487288952 
vt 0.08761394023895264 0.021237295120954514 
vt 0.004882832057774067 0.022569559514522552 
vt 0.08821958303451538 0.003917850088328123 
vt 0.0053673479706048965 0.0056134602054953575 
vt 0.32211968302726746 0.041826844215393066 
vt 0.1445445716381073 0.007793529890477657 
vt 0.3226042091846466 0.0291097704321146 
vt 0.3258746862411499 0.030563149601221085 
vt 0.48419028520584106 0.3281427025794983 
vt 0.3057672679424286 0.32693156599998474 
vt 0.30625179409980774 0.34618884325027466 
vt 0.24980567395687103 0.3494589328765869 
vt 0.24932114779949188 0.32935386896133423 
vt 0.1669534295797348 0.34824779629707336 
vt 0.16659004986286163 0.32862716913223267 
vt 0.2489577680826187 0.30706870555877686 
vt 0.16622665524482727 0.3067053556442261 
vt 0.48758190870285034 0.32693156599998474 
vt 0.4872184991836548 0.3125188648700714 
vt 0.4839480221271515 0.31336668133735657 
vt 0.4869762659072876 0.29653167724609375 
vt 0.4837057590484619 0.2970161437988281 
vt 0.4868551194667816 0.2795755863189697 
vt 0.3054038882255554 0.30549418926239014 
vt 0.30528274178504944 0.28284570574760437 
vt 0.24883663654327393 0.28345125913619995 
vt 0.1659844070672989 0.28357237577438354 
vt 0.24871550500392914 0.25947049260139465 
vt 0.1659844070672989 0.25995495915412903 
vt 0.4834635257720947 0.2798178195953369 
vt 0.30516162514686584 0.25983384251594543 
vt 0.4834635257720947 0.2622561454772949 
vt 0.30528274178504944 0.23718534409999847 
vt 0.24883663654327393 0.23585307598114014 
vt 0.1659844070672989 0.2368219941854477 
vt 0.2489577680826187 0.21381014585494995 
vt 0.16622665524482727 0.2151424139738083 
vt 0.486734002828598 0.2623772621154785 
vt 0.4868551194667816 0.2455422729253769 
vt 0.4834635257720947 0.24493670463562012 
vt 0.4869762659072876 0.22967621684074402 
vt 0.4837057590484619 0.22882840037345886 
vt 0.4872184991836548 0.21550574898719788 
vt 0.3054038882255554 0.21599021553993225 
vt 0.3057672679424286 0.19697515666484833 
vt 0.24932114779949188 0.19394728541374207 
vt 0.16659004986286163 0.19564288854599 
vt 0.24980567395687103 0.17699117958545685 
vt 0.1669534295797348 0.17905013263225555 
vt 0.4839480221271515 0.21429461240768433 
vt 0.30625179409980774 0.18074575066566467 
vt 0.48419028520584106 0.2019408792257309 
vt 0.48758190870285034 0.20339424908161163 
vt 0.6506215333938599 0.15519048273563385 
vt 0.4730464220046997 0.15494824945926666 
vt 0.4730464220046997 0.1735999584197998 
vt 0.4167214334011078 0.17699117958545685 
vt 0.4166003167629242 0.15737055242061615 
vt 0.33386918902397156 0.17541669309139252 
vt 0.33374807238578796 0.156280517578125 
vt 0.4166003167629242 0.13544873893260956 
vt 0.33374807238578796 0.13484317064285278 
vt 0.6538920402526855 0.1539793312549591 
vt 0.6538920402526855 0.13992999494075775 
vt 0.6506215333938599 0.1408989131450653 
vt 0.6538920402526855 0.12430615723133087 
vt 0.6506215333938599 0.12491173297166824 
vt 0.6537708640098572 0.10747117549180984 
vt 0.4729252755641937 0.13387425243854523 
vt 0.4729252755641937 0.11146797239780426 
vt 0.4166003167629242 0.11207354813814163 
vt 0.33374807238578796 0.11183131486177444 
vt 0.4166003167629242 0.08809277415275574 
vt 0.33374807238578796 0.08821389079093933 
vt 0.6505004167556763 0.10771340131759644 
vt 0.4729252755641937 0.08833500742912292 
vt 0.6505004167556763 0.09015172719955444 
vt 0.4729252755641937 0.06568650156259537 
vt 0.4166003167629242 0.06435423344373703 
vt 0.33374807238578796 0.0649598091840744 
vt 0.4166003167629242 0.041826844215393066 
vt 0.33374807238578796 0.042916879057884216 
vt 0.6537708640098572 0.09027284383773804 
vt 0.6537708640098572 0.07331674546003342 
vt 0.6505004167556763 0.07283228635787964 
vt 0.6538920402526855 0.05720844864845276 
vt 0.6506215333938599 0.0563606433570385 
vt 0.6538920402526855 0.04255353659391403 
vt 0.4729252755641937 0.044006913900375366 
vt 0.4730464220046997 0.024507399648427963 
vt 0.4166003167629242 0.021479524672031403 
vt 0.33374807238578796 0.022932905703783035 
vt 0.33386918902397156 0.005734574981033802 
vt 0.4167214334011078 0.003917850088328123 
vt 0.4730464220046997 0.007672415114939213 
vt 0.6506215333938599 0.04146350175142288 
vt 0.6538920402526855 0.030078690499067307 
vt 0.6506215333938599 0.028625309467315674 
vt 0.5055089592933655 0.48510774970054626 
vt 0.49593979120254517 0.4993993043899536 
vt 0.4932749569416046 0.4972192347049713 
vt 0.4815254509449005 0.508967399597168 
vt 0.4837057590484619 0.5116319060325623 
vt 0.4677167534828186 0.5181721448898315 
vt 0.46941253542900085 0.5212000012397766 
vt 0.45245447754859924 0.5244700908660889 
vt 0.45354464650154114 0.5277402400970459 
vt 0.43622320890426636 0.5276191234588623 
vt 0.4365865886211395 0.5311314463615417 
vt 0.4197496473789215 0.5276191234588623 
vt 0.41938626766204834 0.5311314463615417 
vt 0.4035183787345886 0.5244700908660889 
vt 0.4025493264198303 0.5277402400970459 
vt 0.38825610280036926 0.5181721448898315 
vt 0.386560320854187 0.5212000012397766 
vt 0.37444740533828735 0.508967399597168 
vt 0.37226709723472595 0.5116319060325623 
vt 0.36281901597976685 0.4972192347049713 
vt 0.3600330650806427 0.4993993043899536 
vt 0.3536132276058197 0.48353326320648193 
vt 0.3505849838256836 0.48510774970054626 
vt 0.3473145067691803 0.46815165877342224 
vt 0.3439229130744934 0.4692416787147522 
vt 0.344044029712677 0.4519222378730774 
vt 0.34053128957748413 0.4522855877876282 
vt 0.344044029712677 0.43545058369636536 
vt 0.34053128957748413 0.43508726358413696 
vt 0.3473145067691803 0.4192211925983429 
vt 0.3439229130744934 0.41825225949287415 
vt 0.3536132276058197 0.4039607048034668 
vt 0.3505849838256836 0.4022650718688965 
vt 0.36281901597976685 0.39015358686447144 
vt 0.3600330650806427 0.38797351717948914 
vt 0.37444740533828735 0.3785265386104584 
vt 0.37226709723472595 0.3757408857345581 
vt 0.38825610280036926 0.3693217933177948 
vt 0.386560320854187 0.36617282032966614 
vt 0.4035183787345886 0.3630238175392151 
vt 0.4025493264198303 0.35963261127471924 
vt 0.4197496473789215 0.35975372791290283 
vt 0.41938626766204834 0.356241375207901 
vt 0.43622320890426636 0.35975372791290283 
vt 0.4365865886211395 0.356241375207901 
vt 0.45245447754859924 0.3630238175392151 
vt 0.45354464650154114 0.35963261127471924 
vt 0.4677167534828186 0.3693217933177948 
vt 0.46941253542900085 0.36617282032966614 
vt 0.4815254509449005 0.3785265386104584 
vt 0.4837057590484619 0.3757408857345581 
vt 0.4932749569416046 0.39015358686447144 
vt 0.49593979120254517 0.38797351717948914 
vt 0.5023596286773682 0.4039607048034668 
vt 0.5055089592933655 0.4022650718688965 
vt 0.5087794661521912 0.4192211925983429 
vt 0.5120499730110168 0.41825225949287415 
vt 0.5119287967681885 0.43545058369636536 
vt 0.5154415965080261 0.43508726358413696 
vt 0.5119287967681885 0.4519222378730774 
vt 0.5154415965080261 0.4522855877876282 
vt 0.5087794661521912 0.46815165877342224 
vt 0.5120499730110168 0.4692416787147522 
vt 0.5023596286773682 0.48353326320648193 
vt 0.32102951407432556 0.7771160006523132 
vt 0.005003960803151131 0.7917709350585938 
vt 0.32127177715301514 0.7934665083885193 
vt 0.005003960803151131 0.8145405650138855 
vt 0.32127177715301514 0.8101804256439209 
vt 0.005003960803151131 0.8368257284164429 
vt 0.32127177715301514 0.8264098167419434 
vt 0.004761702846735716 0.8577786087989807 
vt 0.32102951407432556 0.8417913913726807 
vt 0.004398316144943237 0.8765514492988586 
vt 0.32090839743614197 0.855598509311676 
vt 0.0040349289774894714 0.8925386071205139 
vt 0.3205450177192688 0.8672255873680115 
vt 0.004761702846735716 0.7693646550178528 
vt 0.320787250995636 0.7617344260215759 
vt 0.004398316144943237 0.7482906579971313 
vt 0.3205450177192688 0.747806191444397 
vt 0.0040349289774894714 0.7292755842208862 
vt 0.36475709080696106 0.7232198119163513 
vt 0.6819939613342285 0.743567168712616 
vt 0.36475709080696106 0.7416293025016785 
vt 0.6819939613342285 0.7571320533752441 
vt 0.36475709080696106 0.7624610662460327 
vt 0.6819939613342285 0.7723925113677979 
vt 0.36487820744514465 0.7846251130104065 
vt 0.6819939613342285 0.7885008454322815 
vt 0.36487820744514465 0.8073947429656982 
vt 0.6819939613342285 0.8052147030830383 
vt 0.36487820744514465 0.8298010230064392 
vt 0.6819939613342285 0.821686327457428 
vt 0.36475709080696106 0.8511172533035278 
vt 0.6819939613342285 0.8371890783309937 
vt 0.36475709080696106 0.8703745603561401 
vt 0.6819939613342285 0.851359486579895 
vt 0.36475709080696106 0.8869673013687134 
vt 0.6819939613342285 0.8634710311889648 
vt 0.35652032494544983 0.7422348856925964 
vt 0.0389200821518898 0.7216453552246094 
vt 0.356883704662323 0.7235831618309021 
vt 0.03916233777999878 0.7079593539237976 
vt 0.3570048213005066 0.7026302814483643 
vt 0.03928346931934357 0.6926988363265991 
vt 0.3571259677410126 0.6804662346839905 
vt 0.03928346931934357 0.6763483285903931 
vt 0.35724708437919617 0.6576966047286987 
vt 0.039404597133398056 0.6597555875778198 
vt 0.3571259677410126 0.6352903246879578 
vt 0.03928346931934357 0.6432839632034302 
vt 0.3570048213005066 0.6140952110290527 
vt 0.03928346931934357 0.6277812123298645 
vt 0.356883704662323 0.594959020614624 
vt 0.03916233777999878 0.6138529777526855 
vt 0.35652032494544983 0.578608512878418 
vt 0.0389200821518898 0.6018626093864441 
vt 0.8922739028930664 0.004038964863866568 
vt 0.8730143904685974 0.32039135694503784 
vt 0.8736200332641602 0.00452342489734292 
vt 0.8593267798423767 0.32075467705726624 
vt 0.8527858257293701 0.0048867701552808285 
vt 0.8440645337104797 0.3209969103336334 
vt 0.8304980993270874 0.005129000172019005 
vt 0.8278332352638245 0.3212391436100006 
vt 0.8077258467674255 0.005250114947557449 
vt 0.8111174702644348 0.3212391436100006 
vt 0.7853170037269592 0.005129000172019005 
vt 0.794765055179596 0.3212391436100006 
vt 0.7641193866729736 0.0048867701552808285 
vt 0.779260516166687 0.3209969103336334 
vt 0.744981050491333 0.00452342489734292 
vt 0.7652095556259155 0.32075467705726624 
vt 0.7286286354064941 0.004038964863866568 
vt 0.7532178163528442 0.32039135694503784 
vt 0.6277281641960144 0.4927379786968231 
vt 0.6513482928276062 0.4927379786968231 
vt 0.6509849429130554 0.4969770014286041 
vt 0.6732726693153381 0.5013371706008911 
vt 0.6744839549064636 0.4973403513431549 
vt 0.6943491101264954 0.5100574493408203 
vt 0.6962871551513672 0.5064240097999573 
vt 0.7132452130317688 0.5227745175361633 
vt 0.7159100770950317 0.5195044279098511 
vt 0.7293553948402405 0.5388827919960022 
vt 0.7326258420944214 0.5362182855606079 
vt 0.7419527769088745 0.5577767491340637 
vt 0.7457078099250793 0.5557177662849426 
vt 0.7506740689277649 0.5788507461547852 
vt 0.7546713352203369 0.5775184631347656 
vt 0.7551558613777161 0.6011359095573425 
vt 0.7592742443084717 0.6006514430046082 
vt 0.7551558613777161 0.6239055395126343 
vt 0.7592742443084717 0.6242688894271851 
vt 0.7506740689277649 0.6461907029151917 
vt 0.7546713352203369 0.6474018692970276 
vt 0.7419527769088745 0.6672646999359131 
vt 0.7457078099250793 0.6692025661468506 
vt 0.7293553948402405 0.6861586570739746 
vt 0.7325047254562378 0.6888231635093689 
vt 0.7132452130317688 0.7022669315338135 
vt 0.7159100770950317 0.7055370211601257 
vt 0.6942279934883118 0.7148628830909729 
vt 0.6962871551513672 0.7186174392700195 
vt 0.6732726693153381 0.7235831618309021 
vt 0.6744839549064636 0.7277010679244995 
vt 0.6509849429130554 0.7280644178390503 
vt 0.6513482928276062 0.7323034405708313 
vt 0.6282126903533936 0.7280644178390503 
vt 0.6277281641960144 0.7323034405708313 
vt 0.6058037877082825 0.7235831618309021 
vt 0.604592502117157 0.7275799512863159 
vt 0.5848484635353088 0.7148628830909729 
vt 0.5827893018722534 0.7186174392700195 
vt 0.5658312439918518 0.7022669315338135 
vt 0.5631663799285889 0.7055370211601257 
vt 0.5498421788215637 0.6861586570739746 
vt 0.5465717315673828 0.6888231635093689 
vt 0.5371236801147461 0.6672646999359131 
vt 0.5333686470985413 0.6692025661468506 
vt 0.5284023880958557 0.6461907029151917 
vt 0.5244051218032837 0.6474018692970276 
vt 0.5240417122840881 0.6239055395126343 
vt 0.5198022127151489 0.6242688894271851 
vt 0.5240417122840881 0.6011359095573425 
vt 0.5198022127151489 0.6006514430046082 
vt 0.5284023880958557 0.5787296295166016 
vt 0.5244051218032837 0.5775184631347656 
vt 0.5371236801147461 0.5577767491340637 
vt 0.5334897637367249 0.5557177662849426 
vt 0.5498421788215637 0.5388827919960022 
vt 0.5465717315673828 0.5360971689224243 
vt 0.5658312439918518 0.5227745175361633 
vt 0.5631663799285889 0.5195044279098511 
vt 0.5848484635353088 0.5100574493408203 
vt 0.5827893018722534 0.5064240097999573 
vt 0.6058037877082825 0.5013371706008911 
vt 0.604592502117157 0.4973403513431549 
vt 0.6282126903533936 0.4969770014286041 
vt 0.9299449920654297 0.17735452950000763 
vt 0.9295816421508789 0.15724943578243256 
vt 0.9266745448112488 0.1757800281047821 
vt 0.9261900186538696 0.1560382843017578 
vt 0.9292182326316833 0.13496428728103638 
vt 0.9258266091346741 0.13423758745193481 
vt 0.9289759993553162 0.11134685575962067 
vt 0.9255843758583069 0.11110462248325348 
vt 0.9289759993553162 0.08724497258663177 
vt 0.9255843758583069 0.08760831505060196 
vt 0.9289759993553162 0.06374865770339966 
vt 0.9255843758583069 0.06447535008192062 
vt 0.9292182326316833 0.04158461466431618 
vt 0.9258266091346741 0.04279576614499092 
vt 0.9294604659080505 0.02172175422310829 
vt 0.9261900186538696 0.023417364805936813 
vt 0.06532620638608932 0.33528849482536316 
vt 0.061934590339660645 0.3369840979576111 
vt 0.06508394330739975 0.3166367709636688 
vt 0.061692334711551666 0.31784793734550476 
vt 0.06496281921863556 0.29592612385749817 
vt 0.06145007535815239 0.29665279388427734 
vt 0.06484168767929077 0.2740043103694916 
vt 0.06145007535815239 0.27412542700767517 
vt 0.06484168767929077 0.2517191469669342 
vt 0.06145007535815239 0.2513557970523834 
vt 0.06496281921863556 0.22991843521595 
vt 0.06145007535815239 0.22919175028800964 
vt 0.06508394330739975 0.20945000648498535 
vt 0.061692334711551666 0.2082388550043106 
vt 0.06532620638608932 0.191161647439003 
vt 0.061934590339660645 0.18946602940559387 
vt 0.15908004343509674 0.5851487517356873 
vt 0.1583532691001892 0.5826053023338318 
vt 0.18124665319919586 0.5759440064430237 
vt 0.18003536760807037 0.5736427903175354 
vt 0.8990570902824402 0.023780709132552147 
vt 0.9023275971412659 0.022085100412368774 
vt 0.8985726237297058 0.04352245479822159 
vt 0.9019641876220703 0.04243241995573044 
vt 0.8984514474868774 0.06544426828622818 
vt 0.9017219543457031 0.06471758335828781 
vt 0.8983303308486938 0.08869834989309311 
vt 0.9016008377075195 0.08845611661672592 
vt 0.8984514474868774 0.11219465732574463 
vt 0.9017219543457031 0.11243689060211182 
vt 0.8986937403678894 0.13520650565624237 
vt 0.9019641876220703 0.13605432212352753 
vt 0.8990570902824402 0.15676498413085938 
vt 0.9023275971412659 0.1580972522497177 
vt 0.8995416164398193 0.17614337801933289 
vt 0.9029332399368286 0.177838996052742 
vt 0.17700713872909546 0.5678293108940125 
vt 0.17821842432022095 0.570130467414856 
vt 0.1564152091741562 0.5764284729957581 
vt 0.15714198350906372 0.5788507461547852 
vt 0.07659120112657547 0.33540961146354675 
vt 0.07319958508014679 0.3369840979576111 
vt 0.07671233266592026 0.31651565432548523 
vt 0.07332071661949158 0.31772682070732117 
vt 0.07671233266592026 0.295683890581131 
vt 0.07332071661949158 0.29641056060791016 
vt 0.07671233266592026 0.2737620770931244 
vt 0.07332071661949158 0.273883193731308 
vt 0.07671233266592026 0.251476913690567 
vt 0.07332071661949158 0.25111356377601624 
vt 0.07671233266592026 0.22979731857776642 
vt 0.07332071661949158 0.22894951701164246 
vt 0.07671233266592026 0.20945000648498535 
vt 0.07332071661949158 0.2082388550043106 
vt 0.07659120112657547 0.19140386581420898 
vt 0.07319958508014679 0.18970826268196106 
vt 0.005972993094474077 0.5032749772071838 
vt 0.008516701869666576 0.5025482773780823 
vt 0.015178796835243702 0.5255601406097412 
vt 0.01748024858534336 0.5242279171943665 
vt 0.9733091592788696 0.1587028205394745 
vt 0.9697964191436768 0.1602773219347 
vt 0.9730669260025024 0.1388399600982666 
vt 0.9695541858673096 0.14005111157894135 
vt 0.9728246927261353 0.11691814661026001 
vt 0.969433069229126 0.11764483153820038 
vt 0.9728246927261353 0.09378518164157867 
vt 0.9693119525909424 0.09402740746736526 
vt 0.9728246927261353 0.07028886675834656 
vt 0.9693119525909424 0.06992552429437637 
vt 0.9728246927261353 0.047277018427848816 
vt 0.969433069229126 0.046429216861724854 
vt 0.9730669260025024 0.025718549266457558 
vt 0.9695541858673096 0.02438628487288952 
vt 0.9733091592788696 0.006340149790048599 
vt 0.9697964191436768 0.004644540138542652 
vt 0.5359123945236206 0.1929783672094345 
vt 0.5393039584159851 0.1912827491760254 
vt 0.5359123945236206 0.212962344288826 
vt 0.5393039584159851 0.21175119280815125 
vt 0.5357912182807922 0.23500527441501617 
vt 0.5393039584159851 0.2342785745859146 
vt 0.5357912182807922 0.2581382393836975 
vt 0.5393039584159851 0.2580171227455139 
vt 0.5357912182807922 0.281755656003952 
vt 0.5393039584159851 0.2819978892803192 
vt 0.5359123945236206 0.30464640259742737 
vt 0.5393039584159851 0.30549418926239014 
vt 0.5359123945236206 0.3260837495326996 
vt 0.5393039584159851 0.32741600275039673 
vt 0.5359123945236206 0.3452199101448059 
vt 0.5394251346588135 0.3469155430793762 
vt 0.9029332399368286 0.004765654914081097 
vt 0.9188011288642883 0.0041600801050662994 
vt 0.9023275971412659 0.022085100412368774 
vt 0.9183166027069092 0.021600639447569847 
vt 0.9019641876220703 0.04243241995573044 
vt 0.9179532527923584 0.04194796085357666 
vt 0.9017219543457031 0.06471758335828781 
vt 0.9177109599113464 0.06447535008192062 
vt 0.9016008377075195 0.08845611661672592 
vt 0.9175898432731628 0.08833500742912292 
vt 0.9017219543457031 0.11243689060211182 
vt 0.9177109599113464 0.11255800724029541 
vt 0.9019641876220703 0.13605432212352753 
vt 0.9179532527923584 0.13617542386054993 
vt 0.9023275971412659 0.1580972522497177 
vt 0.9183166027069092 0.1584605872631073 
vt 0.9029332399368286 0.177838996052742 
vt 0.9188011288642883 0.17832344770431519 
vt 0.9695541858673096 0.02438628487288952 
vt 0.969433069229126 0.046429216861724854 
vt 0.9534440040588379 0.046186983585357666 
vt 0.9533228874206543 0.06992552429437637 
vt 0.9693119525909424 0.06992552429437637 
vt 0.9533228874206543 0.09414852410554886 
vt 0.9693119525909424 0.09402740746736526 
vt 0.9534440040588379 0.11788706481456757 
vt 0.969433069229126 0.11764483153820038 
vt 0.9535651803016663 0.14053556323051453 
vt 0.9695541858673096 0.14005111157894135 
vt 0.9538074135780334 0.1608828902244568 
vt 0.9697964191436768 0.1602773219347 
vt 0.954170823097229 0.17832344770431519 
vt 0.9701598286628723 0.17759676277637482 
vt 0.9535651803016663 0.024022940546274185 
vt 0.9697964191436768 0.004644540138542652 
vt 0.9538074135780334 0.004038964863866568 
vt 0.5394251346588135 0.173842191696167 
vt 0.5554141402244568 0.17311550676822662 
vt 0.5393039584159851 0.1912827491760254 
vt 0.5552930235862732 0.1907982975244522 
vt 0.5393039584159851 0.21175119280815125 
vt 0.5552930235862732 0.21138784289360046 
vt 0.5393039584159851 0.2342785745859146 
vt 0.5552930235862732 0.23403635621070862 
vt 0.5393039584159851 0.2580171227455139 
vt 0.5551719069480896 0.2578960061073303 
vt 0.5393039584159851 0.2819978892803192 
vt 0.5552930235862732 0.2821190059185028 
vt 0.5393039584159851 0.30549418926239014 
vt 0.5552930235862732 0.3057364225387573 
vt 0.5393039584159851 0.32741600275039673 
vt 0.5552930235862732 0.3277793526649475 
vt 0.5394251346588135 0.3469155430793762 
vt 0.5554141402244568 0.3475210964679718 
vt 0.9459340572357178 0.177838996052742 
vt 0.9299449920654297 0.17735452950000763 
vt 0.9454495310783386 0.15761278569698334 
vt 0.9295816421508789 0.15724943578243256 
vt 0.9452072381973267 0.13520650565624237 
vt 0.9292182326316833 0.13496428728103638 
vt 0.9449650049209595 0.11134685575962067 
vt 0.9289759993553162 0.11134685575962067 
vt 0.9448438882827759 0.08712385594844818 
vt 0.9289759993553162 0.08724497258663177 
vt 0.9449650049209595 0.06338531523942947 
vt 0.9289759993553162 0.06374865770339966 
vt 0.9450861215591431 0.0411001555621624 
vt 0.9292182326316833 0.04158461466431618 
vt 0.9454495310783386 0.02111618034541607 
vt 0.9294604659080505 0.02172175422310829 
vt 0.9459340572357178 0.0041600801050662994 
vt 0.9299449920654297 0.0048867701552808285 
vt 0.2321208417415619 0.5006104707717896 
vt 0.22364181280136108 0.5212000012397766 
vt 0.20341326296329498 0.5104207992553711 
vt 0.1936018168926239 0.5251967906951904 
vt 0.21128664910793304 0.5397306084632874 
vt 0.18100440502166748 0.5377927422523499 
vt 0.19553987681865692 0.5554755330085754 
vt 0.16622665524482727 0.547724187374115 
vt 0.17700713872909546 0.5678293108940125 
vt 0.14975310862064362 0.5545066595077515 
vt 0.1564152091741562 0.5764284729957581 
vt 0.13231053948402405 0.5580189824104309 
vt 0.13449086248874664 0.5807886123657227 
vt 0.11450457572937012 0.5580189824104309 
vt 0.11232425272464752 0.5807886123657227 
vt 0.09706199914216995 0.5545066595077515 
vt 0.09039990603923798 0.5764284729957581 
vt 0.08070958405733109 0.547724187374115 
vt 0.0698079764842987 0.5678293108940125 
vt 0.06581071764230728 0.5377927422523499 
vt 0.051275238394737244 0.5554755330085754 
vt 0.05333443358540535 0.5251967906951904 
vt 0.03552846983075142 0.5397306084632874 
vt 0.04340185225009918 0.5104207992553711 
vt 0.023173311725258827 0.5212000012397766 
vt 0.03661863133311272 0.49394914507865906 
vt 0.014694280922412872 0.5006104707717896 
vt 0.03310588747262955 0.47650858759880066 
vt 0.010333636775612831 0.47880977392196655 
vt 0.03310588747262955 0.4587046802043915 
vt 0.010333636775612831 0.4565246105194092 
vt 0.03661863133311272 0.4412641227245331 
vt 0.014694280922412872 0.4346027970314026 
vt 0.04340185225009918 0.42491358518600464 
vt 0.023173311725258827 0.41413435339927673 
vt 0.05333443358540535 0.4101375639438629 
vt 0.03564959764480591 0.395603746175766 
vt 0.06593184918165207 0.3975416123867035 
vt 0.05139636620879173 0.3798588216304779 
vt 0.08070958405733109 0.38761016726493835 
vt 0.0699291080236435 0.3673839569091797 
vt 0.09706199914216995 0.38082772493362427 
vt 0.09039990603923798 0.3589059114456177 
vt 0.11450457572937012 0.3773154020309448 
vt 0.11232425272464752 0.3545457720756531 
vt 0.13231053948402405 0.3773154020309448 
vt 0.13461199402809143 0.3545457720756531 
vt 0.14975310862064362 0.38082772493362427 
vt 0.1564152091741562 0.3589059114456177 
vt 0.16622665524482727 0.38761016726493835 
vt 0.17700713872909546 0.3675050735473633 
vt 0.18100440502166748 0.3975416123867035 
vt 0.19553987681865692 0.3798588216304779 
vt 0.1936018168926239 0.4101375639438629 
vt 0.21128664910793304 0.395603746175766 
vt 0.20353439450263977 0.42491358518600464 
vt 0.22364181280136108 0.41413435339927673 
vt 0.21031761169433594 0.4413852393627167 
vt 0.2321208417415619 0.4347239136695862 
vt 0.21370923519134521 0.4588257968425751 
vt 0.2364814728498459 0.4565246105194092 
vt 0.21370923519134521 0.47650858759880066 
vt 0.2364814728498459 0.47880977392196655 
vt 0.21031761169433594 0.49407026171684265 
vt 0.003913800232112408 0.4559190273284912 
vt 0.003913800232112408 0.47941532731056213 
vt 0.007789928000420332 0.47905200719833374 
vt 0.012271701358258724 0.5013371706008911 
vt 0.008516701869666576 0.5025482773780823 
vt 0.020992988720536232 0.5224111676216125 
vt 0.01748024858534336 0.5242279171943665 
vt 0.0335904061794281 0.5414262413978577 
vt 0.030562179163098335 0.5438485145568848 
vt 0.04970056191086769 0.5575345158576965 
vt 0.04727798327803612 0.5605623722076416 
vt 0.06859668344259262 0.570130467414856 
vt 0.06677974760532379 0.5736427903175354 
vt 0.08967313170433044 0.5788507461547852 
vt 0.08858297020196915 0.5826053023338318 
vt 0.11208199709653854 0.5833320021629333 
vt 0.11171860992908478 0.5872076749801636 
vt 0.1348542422056198 0.5833320021629333 
vt 0.13521763682365417 0.5872076749801636 
vt 0.15714198350906372 0.5788507461547852 
vt 0.1583532691001892 0.5826053023338318 
vt 0.17821842432022095 0.570130467414856 
vt 0.18003536760807037 0.5736427903175354 
vt 0.19711455702781677 0.5575345158576965 
vt 0.19965825974941254 0.5605623722076416 
vt 0.21322470903396606 0.5414262413978577 
vt 0.21625293791294098 0.5438485145568848 
vt 0.22594325244426727 0.5224111676216125 
vt 0.22933487594127655 0.52434903383255 
vt 0.23466454446315765 0.5014582872390747 
vt 0.2384195476770401 0.5025482773780823 
vt 0.23914632201194763 0.47905200719833374 
vt 0.24302244186401367 0.47941532731056213 
vt 0.23914632201194763 0.456282377243042 
vt 0.24302244186401367 0.4559190273284912 
vt 0.23466454446315765 0.4339972138404846 
vt 0.2384195476770401 0.43278607726097107 
vt 0.22594325244426727 0.4129232168197632 
vt 0.22933487594127655 0.4111064672470093 
vt 0.21334584057331085 0.39390814304351807 
vt 0.21625293791294098 0.3914858400821686 
vt 0.19723568856716156 0.3777998685836792 
vt 0.19965825974941254 0.37477198243141174 
vt 0.17821842432022095 0.3652038872241974 
vt 0.18003536760807037 0.36169156432151794 
vt 0.15714198350906372 0.3564836084842682 
vt 0.1583532691001892 0.35272905230522156 
vt 0.1348542422056198 0.35200235247612 
vt 0.13521763682365417 0.34812667965888977 
vt 0.11208199709653854 0.35200235247612 
vt 0.11171860992908478 0.34812667965888977 
vt 0.08967313170433044 0.3564836084842682 
vt 0.08858297020196915 0.35272905230522156 
vt 0.06871781498193741 0.3652038872241974 
vt 0.06690087914466858 0.36169156432151794 
vt 0.04970056191086769 0.3777998685836792 
vt 0.04727798327803612 0.37477198243141174 
vt 0.0335904061794281 0.39390814304351807 
vt 0.030562179163098335 0.3914858400821686 
vt 0.020992988720536232 0.4129232168197632 
vt 0.01748024858534336 0.4109853506088257 
vt 0.012271701358258724 0.433876097202301 
vt 0.008516701869666576 0.43278607726097107 
vt 0.007789928000420332 0.456282377243042 
vt 0.22364181280136108 0.41413435339927673 
vt 0.22594325244426727 0.4129232168197632 
vt 0.2321208417415619 0.4347239136695862 
vt 0.23466454446315765 0.4339972138404846 
vt 0.5234360694885254 0.17953459918498993 
vt 0.5268276929855347 0.18123021721839905 
vt 0.5239205956459045 0.19830742478370667 
vt 0.5273122191429138 0.1995185762643814 
vt 0.5242840051651001 0.2191392034292221 
vt 0.527554452419281 0.21998700499534607 
vt 0.5244051218032837 0.24142436683177948 
vt 0.5276755690574646 0.24178771674633026 
vt 0.5244051218032837 0.26419398188591003 
vt 0.5276755690574646 0.26395174860954285 
vt 0.5242840051651001 0.286600261926651 
vt 0.527554452419281 0.28587356209754944 
vt 0.5239205956459045 0.30779537558555603 
vt 0.5273122191429138 0.3067053556442261 
vt 0.5234360694885254 0.32705268263816833 
vt 0.5268276929855347 0.325357049703598 
vt 0.0699291080236435 0.3673839569091797 
vt 0.06871781498193741 0.3652038872241974 
vt 0.09039990603923798 0.3589059114456177 
vt 0.08967313170433044 0.3564836084842682 
vt 0.05406120419502258 0.3371052145957947 
vt 0.0506695955991745 0.33553072810173035 
vt 0.05357668921351433 0.31809017062187195 
vt 0.050306208431720734 0.316879004240036 
vt 0.05333443358540535 0.29689502716064453 
vt 0.05006394907832146 0.29616835713386536 
vt 0.05321330204606056 0.27460986375808716 
vt 0.04994282126426697 0.27436763048171997 
vt 0.05321330204606056 0.2517191469669342 
vt 0.04994282126426697 0.252082496881485 
vt 0.05333443358540535 0.22943398356437683 
vt 0.05006394907832146 0.2302817851305008 
vt 0.05357668921351433 0.2084810882806778 
vt 0.050306208431720734 0.20969223976135254 
vt 0.05406120419502258 0.18970826268196106 
vt 0.0506695955991745 0.19140386581420898 
vt 0.24084211885929108 0.4320593774318695 
vt 0.2384195476770401 0.43278607726097107 
vt 0.23163631558418274 0.40977421402931213 
vt 0.22933487594127655 0.4111064672470093 
vt 0.08785619586706161 0.3501856327056885 
vt 0.08858297020196915 0.35272905230522156 
vt 0.0655684620141983 0.35939037799835205 
vt 0.06690087914466858 0.36169156432151794 
vt 0.023173311725258827 0.5212000012397766 
vt 0.020992988720536232 0.5224111676216125 
vt 0.014694280922412872 0.5006104707717896 
vt 0.012271701358258724 0.5013371706008911 
vt 0.1434544026851654 0.4433230757713318 
vt 0.1478150486946106 0.4476832151412964 
vt 0.1455135941505432 0.4494999349117279 
vt 0.14854182302951813 0.4542234241962433 
vt 0.15120665729045868 0.45277005434036255 
vt 0.15072214603424072 0.45943135023117065 
vt 0.15350811183452606 0.4584624469280243 
vt 0.15181231498718262 0.4648815393447876 
vt 0.15471941232681274 0.4645181894302368 
vt 0.15181231498718262 0.47045281529426575 
vt 0.15471941232681274 0.47069504857063293 
vt 0.15072214603424072 0.4759030044078827 
vt 0.15350811183452606 0.47675082087516785 
vt 0.14854182302951813 0.48111096024513245 
vt 0.15120665729045868 0.4824432134628296 
vt 0.1455135941505432 0.48571333289146423 
vt 0.1478150486946106 0.48765116930007935 
vt 0.14151634275913239 0.48971012234687805 
vt 0.1434544026851654 0.49201130867004395 
vt 0.1369134485721588 0.4928590953350067 
vt 0.1382458657026291 0.4954025149345398 
vt 0.1317048966884613 0.4949180483818054 
vt 0.13255280256271362 0.4978248178958893 
vt 0.1262540966272354 0.49600809812545776 
vt 0.1264963448047638 0.4990359842777252 
vt 0.12068215757608414 0.49600809812545776 
vt 0.12031877040863037 0.4990359842777252 
vt 0.11511021852493286 0.4949180483818054 
vt 0.11426232010126114 0.4978248178958893 
vt 0.11002280563116074 0.4928590953350067 
vt 0.10856925696134567 0.4954025149345398 
vt 0.10529877245426178 0.48971012234687805 
vt 0.10348183661699295 0.49201130867004395 
vt 0.10142264515161514 0.48571333289146423 
vt 0.09912119060754776 0.48765116930007935 
vt 0.09827329218387604 0.48111096024513245 
vt 0.09560845047235489 0.4824432134628296 
vt 0.09609296917915344 0.4759030044078827 
vt 0.0933070033788681 0.47675082087516785 
vt 0.09500280767679214 0.47045281529426575 
vt 0.09209571033716202 0.47069504857063293 
vt 0.09500280767679214 0.4648815393447876 
vt 0.09209571033716202 0.4645181894302368 
vt 0.09609296917915344 0.45931026339530945 
vt 0.0933070033788681 0.4584624469280243 
vt 0.09827329218387604 0.4542234241962433 
vt 0.09560845047235489 0.45277005434036255 
vt 0.10142264515161514 0.4494999349117279 
vt 0.09912119060754776 0.4476832151412964 
vt 0.10529877245426178 0.4456242620944977 
vt 0.10348183661699295 0.4433230757713318 
vt 0.11002280563116074 0.44247525930404663 
vt 0.10856925696134567 0.43993183970451355 
vt 0.11511021852493286 0.44029518961906433 
vt 0.11426232010126114 0.43750953674316406 
vt 0.12068215757608414 0.4392051696777344 
vt 0.12031877040863037 0.4362984001636505 
vt 0.1262540966272354 0.4392051696777344 
vt 0.1264963448047638 0.4362984001636505 
vt 0.1317048966884613 0.44029518961906433 
vt 0.13255280256271362 0.43750953674316406 
vt 0.1369134485721588 0.44247525930404663 
vt 0.1382458657026291 0.43993183970451355 
vt 0.14151634275913239 0.4456242620944977 
vt 0.14321215450763702 0.4838965833187103 
vt 0.14696714282035828 0.4802631437778473 
vt 0.14599812030792236 0.4797786772251129 
vt 0.14902634918689728 0.4754185378551483 
vt 0.14793618023395538 0.47505518794059753 
vt 0.1499953716993332 0.47033172845840454 
vt 0.1489052176475525 0.47021061182022095 
vt 0.1499953716993332 0.4650026559829712 
vt 0.1489052176475525 0.4651237726211548 
vt 0.14902634918689728 0.45991581678390503 
vt 0.14793618023395538 0.4602791666984558 
vt 0.14696714282035828 0.45507121086120605 
vt 0.14599812030792236 0.45555567741394043 
vt 0.14406006038188934 0.45071107149124146 
vt 0.14321215450763702 0.451437771320343 
vt 0.14042618870735168 0.4469565153121948 
vt 0.13969941437244415 0.44780433177948 
vt 0.1360655426979065 0.44404974579811096 
vt 0.13545989990234375 0.4450186789035797 
vt 0.13122038543224335 0.44211190938949585 
vt 0.13085699081420898 0.4432019591331482 
vt 0.12601183354854584 0.4410218894481659 
vt 0.12589070200920105 0.44211190938949585 
vt 0.12080328166484833 0.4410218894481659 
vt 0.12092441320419312 0.44211190938949585 
vt 0.1157158687710762 0.44211190938949585 
vt 0.11595812439918518 0.4432019591331482 
vt 0.11087070405483246 0.44404974579811096 
vt 0.11135522276163101 0.4450186789035797 
vt 0.10651006549596786 0.4469565153121948 
vt 0.10711570829153061 0.44780433177948 
vt 0.10275506228208542 0.45071107149124146 
vt 0.10360296815633774 0.451437771320343 
vt 0.09984796494245529 0.45507121086120605 
vt 0.1008170023560524 0.45555567741394043 
vt 0.09778877347707748 0.45991581678390503 
vt 0.09887893497943878 0.4601580500602722 
vt 0.09681974351406097 0.4650026559829712 
vt 0.09790990501642227 0.4651237726211548 
vt 0.09681974351406097 0.47033172845840454 
vt 0.09790990501642227 0.47021061182022095 
vt 0.09778877347707748 0.4754185378551483 
vt 0.09887893497943878 0.47505518794059753 
vt 0.09984796494245529 0.4802631437778473 
vt 0.1008170023560524 0.4797786772251129 
vt 0.10275506228208542 0.4846232831478119 
vt 0.10360296815633774 0.4838965833187103 
vt 0.10651006549596786 0.4883778393268585 
vt 0.10711570829153061 0.48740893602371216 
vt 0.11087070405483246 0.4912846088409424 
vt 0.11135522276163101 0.4901945888996124 
vt 0.1157158687710762 0.4932224452495575 
vt 0.11595812439918518 0.49213242530822754 
vt 0.12080328166484833 0.49431249499320984 
vt 0.12092441320419312 0.4931013286113739 
vt 0.12601183354854584 0.49431249499320984 
vt 0.12589070200920105 0.4931013286113739 
vt 0.13122038543224335 0.4932224452495575 
vt 0.13085699081420898 0.49213242530822754 
vt 0.1360655426979065 0.4912846088409424 
vt 0.13545989990234375 0.4901945888996124 
vt 0.14042618870735168 0.4883778393268585 
vt 0.13969941437244415 0.48740893602371216 
vt 0.14406006038188934 0.4846232831478119 
vt 0.14854182302951813 0.48111096024513245 
vt 0.15072214603424072 0.4759030044078827 
vt 0.15181231498718262 0.47045281529426575 
vt 0.15181231498718262 0.4648815393447876 
vt 0.15072214603424072 0.45943135023117065 
vt 0.14854182302951813 0.4542234241962433 
vt 0.1455135941505432 0.4494999349117279 
vt 0.14151634275913239 0.4456242620944977 
vt 0.1369134485721588 0.44247525930404663 
vt 0.1317048966884613 0.44029518961906433 
vt 0.1262540966272354 0.4392051696777344 
vt 0.12068215757608414 0.4392051696777344 
vt 0.11511021852493286 0.44029518961906433 
vt 0.11002280563116074 0.44247525930404663 
vt 0.10529877245426178 0.4456242620944977 
vt 0.10142264515161514 0.4494999349117279 
vt 0.09827329218387604 0.4542234241962433 
vt 0.09609296917915344 0.45931026339530945 
vt 0.09500280767679214 0.4648815393447876 
vt 0.09500280767679214 0.47045281529426575 
vt 0.09609296917915344 0.4759030044078827 
vt 0.09827329218387604 0.48111096024513245 
vt 0.10142264515161514 0.48571333289146423 
vt 0.10529877245426178 0.48971012234687805 
vt 0.11002280563116074 0.4928590953350067 
vt 0.11511021852493286 0.4949180483818054 
vt 0.12068215757608414 0.49600809812545776 
vt 0.1262540966272354 0.49600809812545776 
vt 0.1317048966884613 0.4949180483818054 
vt 0.1369134485721588 0.4928590953350067 
vt 0.14151634275913239 0.48971012234687805 
vt 0.1455135941505432 0.48571333289146423 
vt 0.8151147365570068 0.8165994882583618 
vt 0.8100273013114929 0.8175684213638306 
vt 0.8191119432449341 0.9093735814094543 
vt 0.7959763407707214 0.9093735814094543 
vt 0.804939866065979 0.8175684213638306 
vt 0.7732040882110596 0.9047712087631226 
vt 0.7999736070632935 0.8165994882583618 
vt 0.7517642378807068 0.8959298133850098 
vt 0.7952495813369751 0.8146616816520691 
vt 0.7325047254562378 0.8830916285514832 
vt 0.7910100221633911 0.8117548823356628 
vt 0.7873761653900146 0.8082425594329834 
vt 0.7161523103713989 0.8667411208152771 
vt 0.7845901846885681 0.8040035367012024 
vt 0.7033126354217529 0.8473626971244812 
vt 0.7826521396636963 0.799280047416687 
vt 0.6943491101264954 0.8260464668273926 
vt 0.6898673176765442 0.8032768368721008 
vt 0.7815619707107544 0.7941932082176208 
vt 0.6898673176765442 0.7801438570022583 
vt 0.7815619707107544 0.7891063690185547 
vt 0.6943491101264954 0.7573742866516113 
vt 0.7826521396636963 0.7841407060623169 
vt 0.7845901846885681 0.7794172167778015 
vt 0.7033126354217529 0.7359369397163391 
vt 0.7873761653900146 0.7751781940460205 
vt 0.7161523103713989 0.7166796326637268 
vt 0.7910100221633911 0.7715446949005127 
vt 0.7325047254562378 0.7003291249275208 
vt 0.7952495813369751 0.7687590718269348 
vt 0.7517642378807068 0.6873698234558105 
vt 0.7999736070632935 0.7668212056159973 
vt 0.7732040882110596 0.6785284280776978 
vt 0.804939866065979 0.7657312154769897 
vt 0.7959763407707214 0.6740471720695496 
vt 0.8100273013114929 0.7657312154769897 
vt 0.8191119432449341 0.6740471720695496 
vt 0.8151147365570068 0.7668212056159973 
vt 0.841884195804596 0.6785284280776978 
vt 0.8198387622833252 0.7687590718269348 
vt 0.8633240461349487 0.6873698234558105 
vt 0.8240782618522644 0.7715446949005127 
vt 0.8825835585594177 0.7003291249275208 
vt 0.8277121186256409 0.7751781940460205 
vt 0.8989359736442566 0.7166796326637268 
vt 0.8304980993270874 0.7794172167778015 
vt 0.9117756485939026 0.7359369397163391 
vt 0.8324361443519592 0.7841407060623169 
vt 0.9207391738891602 0.7573742866516113 
vt 0.8334051966667175 0.7891063690185547 
vt 0.9252209663391113 0.7801438570022583 
vt 0.9252209663391113 0.8032768368721008 
vt 0.8334051966667175 0.7941932082176208 
vt 0.9207391738891602 0.8260464668273926 
vt 0.8324361443519592 0.799280047416687 
vt 0.9117756485939026 0.8474838137626648 
vt 0.8304980993270874 0.8040035367012024 
vt 0.8989359736442566 0.8667411208152771 
vt 0.8277121186256409 0.8082425594329834 
vt 0.8825835585594177 0.8830916285514832 
vt 0.8240782618522644 0.8117548823356628 
vt 0.8632029294967651 0.8959298133850098 
vt 0.8198387622833252 0.8146616816520691 
vt 0.841884195804596 0.9048923254013062 
vt 0.9959602952003479 0.1955217868089676 
vt 0.9811825752258301 0.17541669309139252 
vt 0.9960814118385315 0.1757800281047821 
vt 0.9811825752258301 0.15373709797859192 
vt 0.9960814118385315 0.1539793312549591 
vt 0.9811825752258301 0.13084636628627777 
vt 0.9960814118385315 0.13096748292446136 
vt 0.9811825752258301 0.10771340131759644 
vt 0.9960814118385315 0.10759229212999344 
vt 0.9811825752258301 0.08518601208925247 
vt 0.9960814118385315 0.08494378626346588 
vt 0.9810614585876465 0.06399089097976685 
vt 0.9959602952003479 0.06374865770339966 
vt 0.9810614585876465 0.04521806538105011 
vt 0.9959602952003479 0.04473360627889633 
vt 0.9810614585876465 0.1951584368944168 
vt 0.9959602952003479 0.2124778777360916 
vt 0.9810614585876465 0.21199342608451843 
vt 0.005003960803151131 0.35042786598205566 
vt 0.019902827218174934 0.3499433994293213 
vt 0.004519444890320301 0.33092835545539856 
vt 0.01941831223666668 0.3305650055408478 
vt 0.0041560581885278225 0.30936989188194275 
vt 0.019054925069212914 0.30912765860557556 
vt 0.0040349289774894714 0.2864791452884674 
vt 0.018933795392513275 0.2863580286502838 
vt 0.003913800232112408 0.2631039619445801 
vt 0.018812667578458786 0.2631039619445801 
vt 0.0040349289774894714 0.24033433198928833 
vt 0.018933795392513275 0.24045544862747192 
vt 0.0041560581885278225 0.21889697015285492 
vt 0.019054925069212914 0.2191392034292221 
vt 0.004519444890320301 0.199639692902565 
vt 0.01941831223666668 0.2000030279159546 
vt 0.004882832057774067 0.18328917026519775 
vt 0.019902827218174934 0.18377362191677094 
vt 0.5001792907714844 0.17759676277637482 
vt 0.5006638169288635 0.19661182165145874 
vt 0.5155627131462097 0.19624847173690796 
vt 0.5160472393035889 0.21768581867218018 
vt 0.5010272264480591 0.21792805194854736 
vt 0.516289472579956 0.24045544862747192 
vt 0.5012694597244263 0.24057656526565552 
vt 0.516289472579956 0.26370951533317566 
vt 0.5013905763626099 0.26370951533317566 
vt 0.516289472579956 0.2867213785648346 
vt 0.5012694597244263 0.286600261926651 
vt 0.5160472393035889 0.308400958776474 
vt 0.5010272264480591 0.3081587255001068 
vt 0.5156838297843933 0.3280215859413147 
vt 0.5006638169288635 0.3276582360267639 
vt 0.5150781869888306 0.3447354733943939 
vt 0.5001792907714844 0.34425100684165955 
vt 0.5150781869888306 0.17711229622364044 
vt 0.04267508164048195 0.18534812331199646 
vt 0.04243282228708267 0.20448428392410278 
vt 0.027776213362812996 0.18571145832538605 
vt 0.02753395587205887 0.20472651720046997 
vt 0.042190562933683395 0.2258005291223526 
vt 0.02729169651865959 0.2260427623987198 
vt 0.042069435119628906 0.24857014417648315 
vt 0.027170568704605103 0.24869126081466675 
vt 0.042069435119628906 0.27194535732269287 
vt 0.027170568704605103 0.2718242406845093 
vt 0.042069435119628906 0.2948360741138458 
vt 0.027170568704605103 0.29459384083747864 
vt 0.042190562933683395 0.31651565432548523 
vt 0.02729169651865959 0.31615233421325684 
vt 0.04243282228708267 0.3361362814903259 
vt 0.02753395587205887 0.33565184473991394 
vt 0.04267508164048195 0.35285016894340515 
vt 0.027776213362812996 0.3523657023906708 
vt 0.42459481954574585 0.34207093715667725 
vt 0.44833609461784363 0.34667330980300903 
vt 0.4488206207752228 0.34207093715667725 
vt 0.4712294936180115 0.3512756824493408 
vt 0.47256189584732056 0.3467944264411926 
vt 0.49279043078422546 0.3602381944656372 
vt 0.49497076869010925 0.3559991419315338 
vt 0.5121710896492004 0.3730763792991638 
vt 0.5150781869888306 0.3694429099559784 
vt 0.5286446213722229 0.38966912031173706 
vt 0.5322784781455994 0.386641263961792 
vt 0.5416054129600525 0.40904751420021057 
vt 0.5457237958908081 0.4067463278770447 
vt 0.5504478216171265 0.4304848909378052 
vt 0.5549296140670776 0.42915260791778564 
vt 0.5550507307052612 0.45337560772895813 
vt 0.559653639793396 0.45289114117622375 
vt 0.5550507307052612 0.47662970423698425 
vt 0.559653639793396 0.47711414098739624 
vt 0.5504478216171265 0.4995204210281372 
vt 0.5549296140670776 0.5008527040481567 
vt 0.5416054129600525 0.521078884601593 
vt 0.5457237958908081 0.5232589840888977 
vt 0.5286446213722229 0.5404573082923889 
vt 0.5322784781455994 0.543485164642334 
vt 0.5121710896492004 0.5569289326667786 
vt 0.5150781869888306 0.5605623722076416 
vt 0.49279043078422546 0.5698882341384888 
vt 0.49497076869010925 0.5740061402320862 
vt 0.4712294936180115 0.5787296295166016 
vt 0.47256189584732056 0.5833320021629333 
vt 0.44833609461784363 0.5833320021629333 
vt 0.4488206207752228 0.5880554914474487 
vt 0.425079345703125 0.5833320021629333 
vt 0.42459481954574585 0.5880554914474487 
vt 0.40218594670295715 0.5787296295166016 
vt 0.40085354447364807 0.5833320021629333 
vt 0.3806249797344208 0.5698882341384888 
vt 0.3784446716308594 0.5740061402320862 
vt 0.3612443506717682 0.5569289326667786 
vt 0.35833725333213806 0.5605623722076416 
vt 0.3447708189487457 0.5404573082923889 
vt 0.3411369323730469 0.543485164642334 
vt 0.33180999755859375 0.521078884601593 
vt 0.32769161462783813 0.5232589840888977 
vt 0.3229675889015198 0.4995204210281372 
vt 0.318485826253891 0.5008527040481567 
vt 0.318364679813385 0.47662970423698425 
vt 0.31376177072525024 0.47711414098739624 
vt 0.318364679813385 0.45337560772895813 
vt 0.31376177072525024 0.45289114117622375 
vt 0.3229675889015198 0.4304848909378052 
vt 0.318485826253891 0.42915260791778564 
vt 0.33180999755859375 0.408926397562027 
vt 0.32769161462783813 0.4067463278770447 
vt 0.3447708189487457 0.38966912031173706 
vt 0.3411369323730469 0.386641263961792 
vt 0.3612443506717682 0.3730763792991638 
vt 0.35833725333213806 0.3694429099559784 
vt 0.3806249797344208 0.3602381944656372 
vt 0.3784446716308594 0.3559991419315338 
vt 0.40218594670295715 0.3512756824493408 
vt 0.40085354447364807 0.3467944264411926 
vt 0.425079345703125 0.34667330980300903 
vt 0.20716826617717743 0.008156875148415565 
vt 0.2108021378517151 0.00827798992395401 
vt 0.2074105143547058 0.004038964863866568 
vt 0.21104438602924347 0.0041600801050662994 
vt 0.2150416523218155 0.00827798992395401 
vt 0.21528390049934387 0.004281194880604744 
vt 0.21988680958747864 0.008399104699492455 
vt 0.22000794112682343 0.004281194880604744 
vt 0.22485309839248657 0.008399104699492455 
vt 0.22485309839248657 0.004281194880604744 
vt 0.2299405187368393 0.008399104699492455 
vt 0.2299405187368393 0.004281194880604744 
vt 0.23490680754184723 0.00827798992395401 
vt 0.23478567600250244 0.0041600801050662994 
vt 0.2396308332681656 0.00827798992395401 
vt 0.239388570189476 0.0041600801050662994 
vt 0.243870347738266 0.008156875148415565 
vt 0.24350696802139282 0.004038964863866568 
vt 0.25174373388290405 0.00827798992395401 
vt 0.2513803541660309 0.0041600801050662994 
vt 0.25586211681365967 0.008156875148415565 
vt 0.2557410001754761 0.004038964863866568 
vt 0.260586142539978 0.008035760372877121 
vt 0.26046502590179443 0.004038964863866568 
vt 0.26555243134498596 0.008035760372877121 
vt 0.26543131470680237 0.003917850088328123 
vt 0.2705187201499939 0.008035760372877121 
vt 0.2705187201499939 0.003917850088328123 
vt 0.27548500895500183 0.008035760372877121 
vt 0.2756061553955078 0.003917850088328123 
vt 0.2800879180431366 0.008035760372877121 
vt 0.2802090346813202 0.004038964863866568 
vt 0.2842063009738922 0.008156875148415565 
vt 0.2844485640525818 0.004038964863866568 
vt 0.2877190411090851 0.00827798992395401 
vt 0.28808242082595825 0.0041600801050662994 
vt 0.6121025085449219 0.003917850088328123 
vt 0.6124659180641174 0.008035760372877121 
vt 0.6081052422523499 0.003917850088328123 
vt 0.6082263588905334 0.008035760372877121 
vt 0.6035023331642151 0.003917850088328123 
vt 0.6036234498023987 0.008035760372877121 
vt 0.5985360741615295 0.003917850088328123 
vt 0.5986571907997131 0.008035760372877121 
vt 0.5935697555541992 0.003917850088328123 
vt 0.5935697555541992 0.008035760372877121 
vt 0.5886034965515137 0.003917850088328123 
vt 0.5884823799133301 0.008035760372877121 
vt 0.5838794708251953 0.003917850088328123 
vt 0.5837582945823669 0.008035760372877121 
vt 0.5796399116516113 0.003917850088328123 
vt 0.5793976783752441 0.008035760372877121 
vt 0.5760060548782349 0.003917850088328123 
vt 0.5756427049636841 0.008035760372877121 
vt 0.5316728353500366 0.008035760372877121 
vt 0.5314306020736694 0.004038964863866568 
vt 0.5357912182807922 0.008156875148415565 
vt 0.535548985004425 0.004038964863866568 
vt 0.540394127368927 0.008156875148415565 
vt 0.5402730107307434 0.004038964863866568 
vt 0.5453604459762573 0.00827798992395401 
vt 0.5452393293380737 0.0041600801050662994 
vt 0.5503267049789429 0.00827798992395401 
vt 0.5503267049789429 0.0041600801050662994 
vt 0.5552930235862732 0.00827798992395401 
vt 0.5554141402244568 0.0041600801050662994 
vt 0.559895932674408 0.008156875148415565 
vt 0.5601381659507751 0.004038964863866568 
vt 0.5641354322433472 0.008156875148415565 
vt 0.5644988417625427 0.004038964863866568 
vt 0.5677692890167236 0.008035760372877121 
vt 0.5681326985359192 0.004038964863866568 
vt 0.11426232010126114 0.43750953674316406 
vt 0.10856925696134567 0.43993183970451355 
vt 0.08070958405733109 0.38761016726493835 
vt 0.06593184918165207 0.3975416123867035 
vt 0.10348183661699295 0.4433230757713318 
vt 0.05333443358540535 0.4101375639438629 
vt 0.09912119060754776 0.4476832151412964 
vt 0.04340185225009918 0.42491358518600464 
vt 0.09560845047235489 0.45277005434036255 
vt 0.03661863133311272 0.4412641227245331 
vt 0.0933070033788681 0.4584624469280243 
vt 0.03310588747262955 0.4587046802043915 
vt 0.09209571033716202 0.4645181894302368 
vt 0.03310588747262955 0.47650858759880066 
vt 0.09209571033716202 0.47069504857063293 
vt 0.03661863133311272 0.49394914507865906 
vt 0.0933070033788681 0.47675082087516785 
vt 0.04340185225009918 0.5104207992553711 
vt 0.09560845047235489 0.4824432134628296 
vt 0.05333443358540535 0.5251967906951904 
vt 0.09912119060754776 0.48765116930007935 
vt 0.06581071764230728 0.5377927422523499 
vt 0.10348183661699295 0.49201130867004395 
vt 0.08070958405733109 0.547724187374115 
vt 0.10856925696134567 0.4954025149345398 
vt 0.09706199914216995 0.5545066595077515 
vt 0.11426232010126114 0.4978248178958893 
vt 0.11450457572937012 0.5580189824104309 
vt 0.12031877040863037 0.4990359842777252 
vt 0.13231053948402405 0.5580189824104309 
vt 0.1264963448047638 0.4990359842777252 
vt 0.14975310862064362 0.5545066595077515 
vt 0.13255280256271362 0.4978248178958893 
vt 0.16622665524482727 0.547724187374115 
vt 0.1382458657026291 0.4954025149345398 
vt 0.18100440502166748 0.5377927422523499 
vt 0.1434544026851654 0.49201130867004395 
vt 0.1936018168926239 0.5251967906951904 
vt 0.1478150486946106 0.48765116930007935 
vt 0.20341326296329498 0.5104207992553711 
vt 0.15120665729045868 0.4824432134628296 
vt 0.21031761169433594 0.49407026171684265 
vt 0.15350811183452606 0.47675082087516785 
vt 0.21370923519134521 0.47650858759880066 
vt 0.15471941232681274 0.47069504857063293 
vt 0.21370923519134521 0.4588257968425751 
vt 0.15471941232681274 0.4645181894302368 
vt 0.21031761169433594 0.4413852393627167 
vt 0.15350811183452606 0.4584624469280243 
vt 0.20353439450263977 0.42491358518600464 
vt 0.15120665729045868 0.45277005434036255 
vt 0.1936018168926239 0.4101375639438629 
vt 0.1478150486946106 0.4476832151412964 
vt 0.18100440502166748 0.3975416123867035 
vt 0.1434544026851654 0.4433230757713318 
vt 0.16622665524482727 0.38761016726493835 
vt 0.1382458657026291 0.43993183970451355 
vt 0.14975310862064362 0.38082772493362427 
vt 0.13255280256271362 0.43750953674316406 
vt 0.13231053948402405 0.3773154020309448 
vt 0.1264963448047638 0.4362984001636505 
vt 0.11450457572937012 0.3773154020309448 
vt 0.12031877040863037 0.4362984001636505 
vt 0.09706199914216995 0.38082772493362427 
vt 0.6748473048210144 0.11037793755531311 
vt 0.6748473048210144 0.011790324933826923 
vt 0.6718190908432007 0.10928790271282196 
vt 0.6718190908432007 0.009610255248844624 
vt 0.6683063507080078 0.10892455279827118 
vt 0.6683063507080078 0.008883564732968807 
vt 0.6647936105728149 0.10928790271282196 
vt 0.6647936105728149 0.009610255248844624 
vt 0.6617653965950012 0.11037793755531311 
vt 0.6617653965950012 0.011790324933826923 
vt 0.6617653965950012 0.006703495047986507 
vt 0.6647936105728149 0.004644540138542652 
vt 0.6683063507080078 0.004038964863866568 
vt 0.6718190908432007 0.004644540138542652 
vt 0.6748473048210144 0.006703495047986507 
vt 0.9330943822860718 0.26564735174179077 
vt 0.9353958368301392 0.2668585181236267 
vt 0.8605380654335022 0.34849002957344055 
vt 0.8635663390159607 0.34812667965888977 
vt 0.8606592416763306 0.3543035387992859 
vt 0.8576309680938721 0.35466688871383667 
vt 0.858721137046814 0.3602381944656372 
vt 0.8556929230690002 0.360480397939682 
vt 0.8566619753837585 0.3685951232910156 
vt 0.8537548780441284 0.3688373565673828 
vt 0.8569042086601257 0.3752564489841461 
vt 0.8539971113204956 0.3754986822605133 
vt 0.9322464466094971 0.7754204273223877 
vt 0.93491131067276 0.7743303775787354 
vt 0.9353958368301392 0.2668585181236267 
vt 0.9380606412887573 0.26819077134132385 
vt 0.8635663390159607 0.34812667965888977 
vt 0.8672001957893372 0.347763329744339 
vt 0.8641719818115234 0.3540613055229187 
vt 0.8606592416763306 0.3543035387992859 
vt 0.8622338771820068 0.35999596118927 
vt 0.858721137046814 0.3602381944656372 
vt 0.8601747155189514 0.36835289001464844 
vt 0.8566619753837585 0.3685951232910156 
vt 0.8604169487953186 0.37501421570777893 
vt 0.8569042086601257 0.3752564489841461 
vt 0.93491131067276 0.7743303775787354 
vt 0.9381817579269409 0.7731192111968994 
vt 0.9380606412887573 0.26819077134132385 
vt 0.9406043291091919 0.26976528763771057 
vt 0.8672001957893372 0.347763329744339 
vt 0.87071293592453 0.3476422131061554 
vt 0.8676847219467163 0.3538190722465515 
vt 0.8641719818115234 0.3540613055229187 
vt 0.8657466173171997 0.35975372791290283 
vt 0.8622338771820068 0.35999596118927 
vt 0.8636874556541443 0.36811065673828125 
vt 0.8601747155189514 0.36835289001464844 
vt 0.8639296889305115 0.37489309906959534 
vt 0.8604169487953186 0.37501421570777893 
vt 0.9381817579269409 0.7731192111968994 
vt 0.9415733814239502 0.7719080448150635 
vt 0.9406043291091919 0.26976528763771057 
vt 0.9429057836532593 0.2710975408554077 
vt 0.87071293592453 0.3476422131061554 
vt 0.8737411499023438 0.3476422131061554 
vt 0.87071293592453 0.3538190722465515 
vt 0.8676847219467163 0.3538190722465515 
vt 0.8687748312950134 0.35975372791290283 
vt 0.8657466173171997 0.35975372791290283 
vt 0.866715669631958 0.36798954010009766 
vt 0.8636874556541443 0.36811065673828125 
vt 0.8669579029083252 0.37465086579322815 
vt 0.8639296889305115 0.37489309906959534 
vt 0.9415733814239502 0.7719080448150635 
vt 0.9446015954017639 0.7709391713142395 
vt 0.695802628993988 0.10262657701969147 
vt 0.6927744150161743 0.10359549522399902 
vt 0.695802628993988 0.009610255248844624 
vt 0.6927744150161743 0.01130586490035057 
vt 0.6927744150161743 0.006340149790048599 
vt 0.6892616748809814 0.006945725064724684 
vt 0.6892616748809814 0.011911439709365368 
vt 0.6892616748809814 0.10395883768796921 
vt 0.685627818107605 0.10359549522399902 
vt 0.685627818107605 0.01130586490035057 
vt 0.6827207207679749 0.10262657701969147 
vt 0.6827207207679749 0.009610255248844624 
vt 0.6827207207679749 0.00452342489734292 
vt 0.685627818107605 0.006340149790048599 
vt 0.695802628993988 0.00452342489734292 
vt 0.16501536965370178 0.9689621925354004 
vt 0.16356182098388672 0.9669032096862793 
vt 0.24132664501667023 0.8996843695640564 
vt 0.24120551347732544 0.8970198631286621 
vt 0.24750421941280365 0.893992006778717 
vt 0.24738308787345886 0.8967776298522949 
vt 0.2533183991909027 0.891933023929596 
vt 0.2533183991909027 0.8947186470031738 
vt 0.2616763114929199 0.8898741006851196 
vt 0.26155519485473633 0.8926597237586975 
vt 0.2684595286846161 0.8901163339614868 
vt 0.2682172656059265 0.8929019570350647 
vt 0.6646724939346313 0.9704155325889587 
vt 0.6656415462493896 0.9677510261535645 
vt 0.16210827231407166 0.9643598198890686 
vt 0.1606547236442566 0.9616952538490295 
vt 0.24132664501667023 0.8935075402259827 
vt 0.2416900247335434 0.8898741006851196 
vt 0.24786759912967682 0.8868461847305298 
vt 0.24762535095214844 0.8906007409095764 
vt 0.25380292534828186 0.8849083781242371 
vt 0.2535606622695923 0.8885418176651001 
vt 0.2621608376502991 0.882849395275116 
vt 0.2619185745716095 0.886482834815979 
vt 0.26882290840148926 0.8832127451896667 
vt 0.26858067512512207 0.8867250680923462 
vt 0.6667317152023315 0.9643598198890686 
vt 0.667943000793457 0.9610896706581116 
vt 0.6690331101417542 0.9580618143081665 
vt 0.667943000793457 0.9610896706581116 
vt 0.26906517148017883 0.8800637722015381 
vt 0.26882290840148926 0.8832127451896667 
vt 0.2621608376502991 0.882849395275116 
vt 0.26240310072898865 0.8797004222869873 
vt 0.25380292534828186 0.8849083781242371 
vt 0.25416630506515503 0.8817593455314636 
vt 0.24786759912967682 0.8868461847305298 
vt 0.24823099374771118 0.8836972117424011 
vt 0.2416900247335434 0.8898741006851196 
vt 0.24205341935157776 0.8866039514541626 
vt 0.1594434380531311 0.9591518640518188 
vt 0.1606547236442566 0.9616952538490295 
vt 0.9746416211128235 0.28308793902397156 
vt 0.9775487184524536 0.28308793902397156 
vt 0.9752472639083862 0.685431957244873 
vt 0.9780332446098328 0.6848263740539551 
vt 0.9780332446098328 0.6912454962730408 
vt 0.9751261472702026 0.6918510794639587 
vt 0.9777909517288208 0.6982701420783997 
vt 0.9750049710273743 0.6988757252693176 
vt 0.9776698350906372 0.7031147480010986 
vt 0.9747627377510071 0.7037203311920166 
vt 0.9714922308921814 0.6991179585456848 
vt 0.9713711142539978 0.7039625644683838 
vt 0.9712499976158142 0.28320902585983276 
vt 0.9746416211128235 0.28308793902397156 
vt 0.9717345237731934 0.6856741905212402 
vt 0.9752472639083862 0.685431957244873 
vt 0.9751261472702026 0.6918510794639587 
vt 0.9716134071350098 0.6920932531356812 
vt 0.9681006669998169 0.6919721364974976 
vt 0.9678583741188049 0.6989968419075012 
vt 0.9677372574806213 0.7037203311920166 
vt 0.9648301601409912 0.6983912587165833 
vt 0.964587926864624 0.7032358646392822 
vt 0.9681006669998169 0.6855530738830566 
vt 0.9717345237731934 0.6856741905212402 
vt 0.9712499976158142 0.28320902585983276 
vt 0.9676161408424377 0.28320902585983276 
vt 0.9649512767791748 0.6913666129112244 
vt 0.9681006669998169 0.6919721364974976 
vt 0.9650723934173584 0.6849474906921387 
vt 0.9681006669998169 0.6855530738830566 
vt 0.9676161408424377 0.28320902585983276 
vt 0.9644667506217957 0.28320902585983276 
vt 0.5985360741615295 0.9757446050643921 
vt 0.598414957523346 0.9786513447761536 
vt 0.2000216543674469 0.9753812551498413 
vt 0.19953712821006775 0.9784091114997864 
vt 0.19311729073524475 0.9784091114997864 
vt 0.1937229484319687 0.9755023717880249 
vt 0.186091810464859 0.97853022813797 
vt 0.18669746816158295 0.9755023717880249 
vt 0.18124665319919586 0.97853022813797 
vt 0.1818522959947586 0.9756234884262085 
vt 0.18693971633911133 0.9719900488853455 
vt 0.18209455907344818 0.972111165523529 
vt 0.19384406507015228 0.9719900488853455 
vt 0.20026390254497528 0.9718689322471619 
vt 0.2000216543674469 0.9753812551498413 
vt 0.5985360741615295 0.9757446050643921 
vt 0.5985360741615295 0.9722322821617126 
vt 0.2001427859067917 0.9683566093444824 
vt 0.5985360741615295 0.9685988426208496 
vt 0.1937229484319687 0.9683566093444824 
vt 0.18669746816158295 0.968477725982666 
vt 0.1818522959947586 0.9685988426208496 
vt 0.186091810464859 0.9654498100280762 
vt 0.18136778473854065 0.9654498100280762 
vt 0.19323842227458954 0.9653286933898926 
vt 0.19953712821006775 0.9653286933898926 
vt 0.2001427859067917 0.9683566093444824 
vt 0.5985360741615295 0.9685988426208496 
vt 0.5985360741615295 0.9655709266662598 
vt 0.6667317152023315 0.9643598198890686 
vt 0.6656415462493896 0.9677510261535645 
vt 0.26858067512512207 0.8867250680923462 
vt 0.2684595286846161 0.8901163339614868 
vt 0.2616763114929199 0.8898741006851196 
vt 0.2619185745716095 0.886482834815979 
vt 0.2533183991909027 0.891933023929596 
vt 0.2535606622695923 0.8885418176651001 
vt 0.24750421941280365 0.893992006778717 
vt 0.24762535095214844 0.8906007409095764 
vt 0.24120551347732544 0.8970198631286621 
vt 0.24132664501667023 0.8935075402259827 
vt 0.16210827231407166 0.9643598198890686 
vt 0.16356182098388672 0.9669032096862793 
vt 0.7035549283027649 0.10940901190042496 
vt 0.7036760449409485 0.011063635349273682 
vt 0.7058563828468323 0.1084400936961174 
vt 0.7059774994850159 0.009246909990906715 
vt 0.708642303943634 0.10807675123214722 
vt 0.7087634801864624 0.008641335181891918 
vt 0.7114282846450806 0.1084400936961174 
vt 0.7114282846450806 0.009246909990906715 
vt 0.713729739189148 0.10940901190042496 
vt 0.713729739189148 0.011063635349273682 
vt 0.713729739189148 0.006219035014510155 
vt 0.7114282846450806 0.004644540138542652 
vt 0.7087634801864624 0.004038964863866568 
vt 0.7059774994850159 0.004644540138542652 
vt 0.7036760449409485 0.006219035014510155 
vt 0.9657992124557495 0.8976254463195801 
vt 0.9649512767791748 0.8959298133850098 
vt 0.8833103179931641 0.970052182674408 
vt 0.8839159607887268 0.9675087928771973 
vt 0.8778595328330994 0.9704155325889587 
vt 0.8774961233139038 0.9728378653526306 
vt 0.8720453381538391 0.9723533987998962 
vt 0.8716819286346436 0.9746545553207397 
vt 0.8638085722923279 0.9744123220443726 
vt 0.8636874556541443 0.9765924215316772 
vt 0.8572676181793213 0.9741700887680054 
vt 0.8571465015411377 0.9763501882553101 
vt 0.4574207663536072 0.8977465629577637 
vt 0.4582686722278595 0.8956875801086426 
vt 0.9649512767791748 0.8959298133850098 
vt 0.9639822244644165 0.8938708901405334 
vt 0.8839159607887268 0.9675087928771973 
vt 0.8845216035842896 0.9646020531654358 
vt 0.8782229423522949 0.9676299095153809 
vt 0.8778595328330994 0.9704155325889587 
vt 0.8722875714302063 0.9696888327598572 
vt 0.8720453381538391 0.9723533987998962 
vt 0.8640508055686951 0.9717478156089783 
vt 0.8638085722923279 0.9744123220443726 
vt 0.8572676181793213 0.9713844656944275 
vt 0.8572676181793213 0.9741700887680054 
vt 0.4582686722278595 0.8956875801086426 
vt 0.4592377245426178 0.8932653069496155 
vt 0.9639822244644165 0.8938708901405334 
vt 0.9628921151161194 0.891933023929596 
vt 0.8845216035842896 0.9646020531654358 
vt 0.8850061297416687 0.9618163704872131 
vt 0.8787074089050293 0.9649654030799866 
vt 0.8782229423522949 0.9676299095153809 
vt 0.8726509809494019 0.9669032096862793 
vt 0.8722875714302063 0.9696888327598572 
vt 0.864293098449707 0.9689621925354004 
vt 0.8640508055686951 0.9717478156089783 
vt 0.8573887348175049 0.9687199592590332 
vt 0.8572676181793213 0.9713844656944275 
vt 0.4592377245426178 0.8932653069496155 
vt 0.4602067470550537 0.89072185754776 
vt 0.9628921151161194 0.891933023929596 
vt 0.9620441794395447 0.8902373909950256 
vt 0.8850061297416687 0.9618163704872131 
vt 0.8853695392608643 0.9595152139663696 
vt 0.8789497017860413 0.9626641869544983 
vt 0.8787074089050293 0.9649654030799866 
vt 0.8728932738304138 0.9646020531654358 
vt 0.8726509809494019 0.9669032096862793 
vt 0.8644142150878906 0.9666609764099121 
vt 0.864293098449707 0.9689621925354004 
vt 0.8575098514556885 0.9664187431335449 
vt 0.8573887348175049 0.9687199592590332 
vt 0.4602067470550537 0.89072185754776 
vt 0.46105465292930603 0.8884207010269165 
vt 0.5801244378089905 0.17202547192573547 
vt 0.5778229832649231 0.1712987869977951 
vt 0.5800033211708069 0.26540514826774597 
vt 0.5777018666267395 0.26395174860954285 
vt 0.5777018666267395 0.2692808210849762 
vt 0.574915885925293 0.2687963545322418 
vt 0.574915885925293 0.26346728205680847 
vt 0.5721299648284912 0.2692808210849762 
vt 0.5721299648284912 0.26395174860954285 
vt 0.5721299648284912 0.1712987869977951 
vt 0.5698285102844238 0.17202547192573547 
vt 0.5698285102844238 0.26540514826774597 
vt 0.5698285102844238 0.27073419094085693 
vt 0.574915885925293 0.17093543708324432 
vt 0.5800033211708069 0.27073419094085693 
vt 0.9674950242042542 0.2672218680381775 
vt 0.8982092142105103 0.34400877356529236 
vt 0.9660414457321167 0.26637405157089233 
vt 0.8960288763046265 0.34437212347984314 
vt 0.8930006623268127 0.35079121589660645 
vt 0.8950598239898682 0.35054898262023926 
vt 0.8909414410591125 0.3567258417606354 
vt 0.8931217789649963 0.3564836084842682 
vt 0.8888822793960571 0.3652038872241974 
vt 0.8910626173019409 0.3649616539478302 
vt 0.8892456889152527 0.37210744619369507 
vt 0.8913048505783081 0.3719863295555115 
vt 0.969190776348114 0.7682746052742004 
vt 0.9671316146850586 0.7692435383796692 
vt 0.9641034007072449 0.2652840316295624 
vt 0.9620441794395447 0.26431509852409363 
vt 0.8933640718460083 0.3448565602302551 
vt 0.8904569745063782 0.3455832600593567 
vt 0.8874287009239197 0.3516390025615692 
vt 0.8903357982635498 0.3511545658111572 
vt 0.8854906558990479 0.35745254158973694 
vt 0.888397753238678 0.35708919167518616 
vt 0.883552610874176 0.36568835377693176 
vt 0.8863385915756226 0.3654461205005646 
vt 0.8837948441505432 0.37222856283187866 
vt 0.8865808248519897 0.37210744619369507 
vt 0.964587926864624 0.7702124714851379 
vt 0.9620441794395447 0.7711814045906067 
vt 0.9598638415336609 0.7720291614532471 
vt 0.9620441794395447 0.7711814045906067 
vt 0.8813722729682922 0.37222856283187866 
vt 0.8837948441505432 0.37222856283187866 
vt 0.883552610874176 0.36568835377693176 
vt 0.881130039691925 0.36580947041511536 
vt 0.8854906558990479 0.35745254158973694 
vt 0.8830680847167969 0.3578158915042877 
vt 0.8874287009239197 0.3516390025615692 
vt 0.8848850131034851 0.35200235247612 
vt 0.8904569745063782 0.3455832600593567 
vt 0.8876709938049316 0.34606772661209106 
vt 0.9601061344146729 0.26346728205680847 
vt 0.9620441794395447 0.26431509852409363 
vt 0.42459481954574585 0.9882194399833679 
vt 0.42459481954574585 0.9859182834625244 
vt 0.021719763055443764 0.9878560900688171 
vt 0.022204279899597168 0.9856760501861572 
vt 0.016026699915528297 0.9856760501861572 
vt 0.015542184002697468 0.9879772067070007 
vt 0.009122347459197044 0.9857971668243408 
vt 0.008758960291743279 0.9880983233451843 
vt 0.004398316144943237 0.9857971668243408 
vt 0.0040349289774894714 0.9880983233451843 
vt 0.00863783061504364 0.9907628893852234 
vt 0.003913800232112408 0.9907628893852234 
vt 0.008758960291743279 0.9934273958206177 
vt 0.0040349289774894714 0.9935485124588013 
vt 0.42459481954574585 0.990884006023407 
vt 0.42459481954574585 0.9882194399833679 
vt 0.021477505564689636 0.9906417727470398 
vt 0.021719763055443764 0.9878560900688171 
vt 0.015542184002697468 0.9879772067070007 
vt 0.015421055257320404 0.9906417727470398 
vt 0.42459481954574585 0.9936696290969849 
vt 0.021598633378744125 0.9933062791824341 
vt 0.42459481954574585 0.990884006023407 
vt 0.021477505564689636 0.9906417727470398 
vt 0.015421055257320404 0.9906417727470398 
vt 0.015542184002697468 0.9933062791824341 
vt 0.004277186933904886 0.9958497285842896 
vt 0.009122347459197044 0.9958497285842896 
vt 0.016026699915528297 0.995728611946106 
vt 0.015542184002697468 0.9933062791824341 
vt 0.022204279899597168 0.995728611946106 
vt 0.021598633378744125 0.9933062791824341 
vt 0.42459481954574585 0.9936696290969849 
vt 0.42459481954574585 0.9959707856178284 
vt 0.9876024127006531 0.28514689207077026 
vt 0.9854220747947693 0.28514689207077026 
vt 0.9883291721343994 0.683009684085846 
vt 0.986027717590332 0.6834940910339355 
vt 0.986027717590332 0.6901554465293884 
vt 0.9882080554962158 0.689670979976654 
vt 0.9857854843139648 0.6973012089729309 
vt 0.9930531978607178 0.28514689207077026 
vt 0.990267276763916 0.28514689207077026 
vt 0.9936588406562805 0.6828885674476624 
vt 0.9909940361976624 0.6827674508094788 
vt 0.9908729195594788 0.6895498633384705 
vt 0.9879658222198486 0.6969378590583801 
vt 0.9856643676757812 0.7022669315338135 
vt 0.9878446459770203 0.7017824649810791 
vt 0.9907517433166504 0.6966956257820129 
vt 0.9905095100402832 0.7016613483428955 
vt 0.9876024127006531 0.28514689207077026 
vt 0.9936588406562805 0.689670979976654 
vt 0.9960814118385315 0.683372974395752 
vt 0.9930531978607178 0.28514689207077026 
vt 0.9954757690429688 0.28502577543258667 
vt 0.9959602952003479 0.6900343298912048 
vt 0.9935377240180969 0.6968167424201965 
vt 0.9958391785621643 0.6971800923347473 
vt 0.9932954907417297 0.7017824649810791 
vt 0.9957180619239807 0.7021458148956299 
vt 0.964587926864624 0.7702124714851379 
vt 0.8865808248519897 0.37210744619369507 
vt 0.9671316146850586 0.7692435383796692 
vt 0.8892456889152527 0.37210744619369507 
vt 0.8888822793960571 0.3652038872241974 
vt 0.8863385915756226 0.3654461205005646 
vt 0.8909414410591125 0.3567258417606354 
vt 0.888397753238678 0.35708919167518616 
vt 0.8930006623268127 0.35079121589660645 
vt 0.8903357982635498 0.3511545658111572 
vt 0.8960288763046265 0.34437212347984314 
vt 0.8933640718460083 0.3448565602302551 
vt 0.9641034007072449 0.2652840316295624 
vt 0.9660414457321167 0.26637405157089233 
vt 0.6822361946105957 0.11788706481456757 
vt 0.6859912276268005 0.1170392632484436 
vt 0.6847798824310303 0.11534365266561508 
vt 0.6885349154472351 0.11607033759355545 
vt 0.6881715059280396 0.11389026790857315 
vt 0.6913208961486816 0.11594922840595245 
vt 0.691805362701416 0.11389026790857315 
vt 0.6939857006072998 0.1170392632484436 
vt 0.6950758695602417 0.11534365266561508 
vt 0.6959238052368164 0.11897709965705872 
vt 0.6976195573806763 0.11788706481456757 
vt 0.6970139145851135 0.1216416284441948 
vt 0.6990731358528137 0.12115716934204102 
vt 0.6968927979469299 0.12442727386951447 
vt 0.6990731358528137 0.12479061633348465 
vt 0.6959238052368164 0.12697069346904755 
vt 0.6977407336235046 0.1280607283115387 
vt 0.6938645839691162 0.12890852987766266 
vt 0.6951969861984253 0.13060413300991058 
vt 0.6913208961486816 0.1299985647201538 
vt 0.691805362701416 0.13205751776695251 
vt 0.6886560320854187 0.1299985647201538 
vt 0.6881715059280396 0.13205751776695251 
vt 0.6859912276268005 0.12890852987766266 
vt 0.6849010586738586 0.13072524964809418 
vt 0.6840531229972839 0.12697069346904755 
vt 0.6823573112487793 0.1280607283115387 
vt 0.6830841302871704 0.12442727386951447 
vt 0.6809037923812866 0.12479061633348465 
vt 0.682962954044342 0.1216416284441948 
vt 0.6809037923812866 0.12115716934204102 
vt 0.6840531229972839 0.11909821629524231 
vt 0.9882080554962158 0.022085100412368774 
vt 0.9861488342285156 0.020268375054001808 
vt 0.9857854843139648 0.022448444738984108 
vt 0.9845741987228394 0.019541684538125992 
vt 0.983605146408081 0.021358409896492958 
vt 0.9833629131317139 0.01784607581794262 
vt 0.9819093346595764 0.019057225435972214 
vt 0.9826360940933228 0.015423774719238281 
vt 0.9810614585876465 0.01590823568403721 
vt 0.9826360940933228 0.01251701544970274 
vt 0.9810614585876465 0.012274784967303276 
vt 0.9833629131317139 0.009852484799921513 
vt 0.9819093346595764 0.008883564732968807 
vt 0.984695315361023 0.007672415114939213 
vt 0.983605146408081 0.006097919773310423 
vt 0.986270010471344 0.006461265031248331 
vt 0.9859066009521484 0.004402310121804476 
vt 0.9879658222198486 0.006219035014510155 
vt 0.9882080554962158 0.004038964863866568 
vt 0.9895404577255249 0.006945725064724684 
vt 0.9903883934020996 0.005129000172019005 
vt 0.9907517433166504 0.008641335181891918 
vt 0.9920842051506042 0.0074301850982010365 
vt 0.9913573861122131 0.011063635349273682 
vt 0.9929320812225342 0.010579175315797329 
vt 0.9913573861122131 0.013970394618809223 
vt 0.9929320812225342 0.014212625101208687 
vt 0.9906306266784668 0.016634924337267876 
vt 0.9919630289077759 0.01760384440422058 
vt 0.9894193410873413 0.01869387924671173 
vt 0.9903883934020996 0.020389489829540253 
vt 0.9878446459770203 0.02002614550292492 
vt 0.5023596286773682 0.48353326320648193 
vt 0.5087794661521912 0.46815165877342224 
vt 0.4932749569416046 0.4972192347049713 
vt 0.4815254509449005 0.508967399597168 
vt 0.5119287967681885 0.4519222378730774 
vt 0.5119287967681885 0.43545058369636536 
vt 0.4677167534828186 0.5181721448898315 
vt 0.45245447754859924 0.5244700908660889 
vt 0.5087794661521912 0.4192211925983429 
vt 0.43622320890426636 0.5276191234588623 
vt 0.5023596286773682 0.4039607048034668 
vt 0.4197496473789215 0.5276191234588623 
vt 0.4932749569416046 0.39015358686447144 
vt 0.4815254509449005 0.3785265386104584 
vt 0.4035183787345886 0.5244700908660889 
vt 0.4677167534828186 0.3693217933177948 
vt 0.38825610280036926 0.5181721448898315 
vt 0.45245447754859924 0.3630238175392151 
vt 0.37444740533828735 0.508967399597168 
vt 0.36281901597976685 0.4972192347049713 
vt 0.43622320890426636 0.35975372791290283 
vt 0.3536132276058197 0.48353326320648193 
vt 0.4197496473789215 0.35975372791290283 
vt 0.3473145067691803 0.46815165877342224 
vt 0.4035183787345886 0.3630238175392151 
vt 0.344044029712677 0.4519222378730774 
vt 0.38825610280036926 0.3693217933177948 
vt 0.37444740533828735 0.3785265386104584 
vt 0.344044029712677 0.43545058369636536 
vt 0.3473145067691803 0.4192211925983429 
vt 0.36281901597976685 0.39015358686447144 
vt 0.3536132276058197 0.4039607048034668 
vt 0.6610386371612549 0.6707770228385925 
vt 0.644686222076416 0.6740471720695496 
vt 0.6764219999313354 0.6644790768623352 
vt 0.6279703974723816 0.6740471720695496 
vt 0.6902307271957397 0.655153214931488 
vt 0.6117390990257263 0.6707770228385925 
vt 0.7019802331924438 0.643405020236969 
vt 0.5962346196174622 0.6644790768623352 
vt 0.711307168006897 0.6295979619026184 
vt 0.5824258923530579 0.655153214931488 
vt 0.7176058888435364 0.6142163276672363 
vt 0.7208763360977173 0.5978658199310303 
vt 0.5706763863563538 0.643405020236969 
vt 0.5614705681800842 0.6295979619026184 
vt 0.7208763360977173 0.5811519622802734 
vt 0.5550507307052612 0.6142163276672363 
vt 0.7176058888435364 0.5648013949394226 
vt 0.5517802834510803 0.5978658199310303 
vt 0.711307168006897 0.5494198203086853 
vt 0.7019802331924438 0.5356127023696899 
vt 0.5517802834510803 0.5811519622802734 
vt 0.6902307271957397 0.5238645672798157 
vt 0.5550507307052612 0.5648013949394226 
vt 0.6764219999313354 0.5145387053489685 
vt 0.5613494515419006 0.5494198203086853 
vt 0.6610386371612549 0.5082406997680664 
vt 0.5706763863563538 0.5356127023696899 
vt 0.5824258923530579 0.5238645672798157 
vt 0.644686222076416 0.5049706101417542 
vt 0.5962346196174622 0.5145387053489685 
vt 0.6279703974723816 0.5049706101417542 
vt 0.6116179823875427 0.5082406997680664 
s on 
f 1/1/1 2/2/2 3/3/3 
f 2/2/2 4/4/4 3/3/3 
f 3/3/3 4/4/4 5/5/5 
f 4/4/4 6/6/6 5/5/5 
f 5/5/5 6/6/6 5/5/5 
f 6/6/6 7/7/7 5/5/5 
f 5/5/5 7/7/7 8/8/8 
f 7/7/7 9/9/9 8/8/8 
f 8/8/8 9/9/9 9/9/9 
f 9/9/9 10/10/10 9/9/9 
f 9/9/9 10/10/10 10/10/10 
f 10/10/10 1/1/1 10/10/10 
f 10/10/10 1/1/1 11/11/11 
f 1/1/1 12/12/12 11/11/11 
f 11/11/11 12/12/12 13/13/13 
f 12/12/12 14/14/14 13/13/13 
f 13/13/13 14/14/14 15/15/15 
f 14/14/14 15/15/15 15/15/15 
f 15/15/15 15/15/15 1/1/1 
f 15/15/15 1/1/1 1/1/1 
f 1/1/1 1/1/1 12/12/12 
f 1/1/1 3/3/3 12/12/12 
f 12/12/12 3/3/3 16/16/16 
f 3/3/3 5/5/5 16/16/16 
f 16/16/16 5/5/5 16/16/16 
f 5/5/5 8/8/8 16/16/16 
f 16/16/16 8/8/8 17/17/17 
f 8/8/8 8/8/8 17/17/17 
f 17/17/17 8/8/8 18/18/18 
f 8/8/8 9/9/9 18/18/18 
f 18/18/18 9/9/9 18/18/18 
f 9/9/9 19/19/19 18/18/18 
f 18/18/18 19/19/19 20/20/20 
f 19/19/19 21/21/21 20/20/20 
f 20/20/20 21/21/21 21/21/21 
f 21/21/21 12/12/12 21/21/21 
f 21/21/21 12/12/12 12/12/12 
f 12/12/12 16/16/16 12/12/12 
f 12/12/12 16/16/16 14/14/14 
f 16/16/16 17/17/17 14/14/14 
f 14/14/14 17/17/17 22/22/22 
f 17/17/17 23/23/23 22/22/22 
f 22/22/22 23/23/23 24/24/24 
f 23/23/23 23/23/23 24/24/24 
f 24/24/24 23/23/23 25/25/25 
f 23/23/23 20/20/20 25/25/25 
f 25/25/25 20/20/20 26/26/26 
f 20/20/20 21/21/21 26/26/26 
f 26/26/26 21/21/21 26/26/26 
f 21/21/21 27/27/27 26/26/26 
f 26/26/26 27/27/27 28/28/28 
f 27/27/27 29/29/29 28/28/28 
f 28/28/28 29/29/29 29/29/29 
f 29/29/29 20/20/20 29/29/29 
f 29/29/29 20/20/20 20/20/20 
f 20/20/20 23/23/23 20/20/20 
f 20/20/20 23/23/23 18/18/18 
f 23/23/23 17/17/17 18/18/18 
f 18/18/18 17/17/17 17/17/17 
f 17/17/17 14/14/14 17/17/17 
f 17/17/17 14/14/14 14/14/14 
f 14/14/14 22/22/22 14/14/14 
f 14/14/14 22/22/22 15/15/15 
f 22/22/22 22/22/22 15/15/15 
f 15/15/15 22/22/22 30/30/30 
f 22/22/22 24/24/24 30/30/30 
f 30/30/30 24/24/24 31/31/31 
f 24/24/24 32/32/32 31/31/31 
f 31/31/31 32/32/32 33/33/33 
f 32/32/32 34/34/34 33/33/33 
f 33/33/33 34/34/34 35/35/35 
f 34/34/34 34/34/34 35/35/35 
f 35/35/35 34/34/34 36/36/36 
f 34/34/34 34/34/34 36/36/36 
f 36/36/36 34/34/34 37/37/37 
f 34/34/34 38/38/38 37/37/37 
f 37/37/37 38/38/38 28/28/28 
f 38/38/38 38/38/38 28/28/28 
f 28/28/28 38/38/38 26/26/26 
f 38/38/38 38/38/38 26/26/26 
f 26/26/26 38/38/38 25/25/25 
f 38/38/38 32/32/32 25/25/25 
f 25/25/25 32/32/32 24/24/24 
f 32/32/32 24/24/24 24/24/24 
f 24/24/24 24/24/24 32/32/32 
f 24/24/24 32/32/32 32/32/32 
f 32/32/32 32/32/32 34/34/34 
f 32/32/32 38/38/38 34/34/34 
f 34/34/34 38/38/38 38/38/38 
f 38/38/38 39/39/39 38/38/38 
f 38/38/38 39/39/39 39/39/39 
f 39/39/39 40/40/40 39/39/39 
f 39/39/39 40/40/40 41/41/41 
f 40/40/40 42/42/42 41/41/41 
f 41/41/41 42/42/42 29/29/29 
f 42/42/42 42/42/42 29/29/29 
f 29/29/29 42/42/42 28/28/28 
f 42/42/42 42/42/42 28/28/28 
f 28/28/28 42/42/42 37/37/37 
f 42/42/42 43/43/43 37/37/37 
f 37/37/37 43/43/43 36/36/36 
f 43/43/43 44/44/44 36/36/36 
f 36/36/36 44/44/44 44/44/44 
f 44/44/44 42/42/42 44/44/44 
f 44/44/44 42/42/42 42/42/42 
f 42/42/42 40/40/40 42/42/42 
f 42/42/42 40/40/40 43/43/43 
f 40/40/40 43/43/43 43/43/43 
f 43/43/43 43/43/43 45/45/45 
f 43/43/43 45/45/45 45/45/45 
f 45/45/45 45/45/45 46/46/46 
f 45/45/45 47/47/47 46/46/46 
f 46/46/46 47/47/47 46/46/46 
f 47/47/47 48/48/48 46/46/46 
f 46/46/46 48/48/48 49/49/49 
f 48/48/48 50/50/50 49/49/49 
f 49/49/49 50/50/50 49/49/49 
f 50/50/50 51/51/51 49/49/49 
f 49/49/49 51/51/51 52/52/52 
f 51/51/51 53/53/53 52/52/52 
f 52/52/52 53/53/53 53/53/53 
f 53/53/53 54/54/54 53/53/53 
f 53/53/53 54/54/54 54/54/54 
f 54/54/54 55/55/55 54/54/54 
f 54/54/54 55/55/55 56/56/56 
f 55/55/55 45/45/45 56/56/56 
f 56/56/56 45/45/45 57/57/57 
f 45/45/45 58/58/58 57/57/57 
f 57/57/57 58/58/58 59/59/59 
f 58/58/58 60/60/60 59/59/59 
f 59/59/59 60/60/60 61/61/61 
f 60/60/60 61/61/61 61/61/61 
f 61/61/61 61/61/61 45/45/45 
f 61/61/61 45/45/45 45/45/45 
f 45/45/45 45/45/45 58/58/58 
f 45/45/45 46/46/46 58/58/58 
f 58/58/58 46/46/46 62/62/62 
f 46/46/46 49/49/49 62/62/62 
f 62/62/62 49/49/49 62/62/62 
f 49/49/49 52/52/52 62/62/62 
f 62/62/62 52/52/52 63/63/63 
f 52/52/52 52/52/52 63/63/63 
f 63/63/63 52/52/52 64/64/64 
f 52/52/52 53/53/53 64/64/64 
f 64/64/64 53/53/53 64/64/64 
f 53/53/53 65/65/65 64/64/64 
f 64/64/64 65/65/65 66/66/66 
f 65/65/65 67/67/67 66/66/66 
f 66/66/66 67/67/67 67/67/67 
f 67/67/67 58/58/58 67/67/67 
f 67/67/67 58/58/58 58/58/58 
f 58/58/58 62/62/62 58/58/58 
f 58/58/58 62/62/62 60/60/60 
f 62/62/62 63/63/63 60/60/60 
f 60/60/60 63/63/63 68/68/68 
f 63/63/63 69/69/69 68/68/68 
f 68/68/68 69/69/69 70/70/70 
f 69/69/69 69/69/69 70/70/70 
f 70/70/70 69/69/69 71/71/71 
f 69/69/69 66/66/66 71/71/71 
f 71/71/71 66/66/66 72/72/72 
f 66/66/66 67/67/67 72/72/72 
f 72/72/72 67/67/67 72/72/72 
f 67/67/67 73/73/73 72/72/72 
f 72/72/72 73/73/73 74/74/74 
f 73/73/73 75/75/75 74/74/74 
f 74/74/74 75/75/75 75/75/75 
f 75/75/75 66/66/66 75/75/75 
f 75/75/75 66/66/66 66/66/66 
f 66/66/66 69/69/69 66/66/66 
f 66/66/66 69/69/69 64/64/64 
f 69/69/69 63/63/63 64/64/64 
f 64/64/64 63/63/63 63/63/63 
f 63/63/63 60/60/60 63/63/63 
f 63/63/63 60/60/60 60/60/60 
f 60/60/60 68/68/68 60/60/60 
f 60/60/60 68/68/68 61/61/61 
f 68/68/68 68/68/68 61/61/61 
f 61/61/61 68/68/68 76/76/76 
f 68/68/68 70/70/70 76/76/76 
f 76/76/76 70/70/70 77/77/77 
f 70/70/70 78/78/78 77/77/77 
f 77/77/77 78/78/78 79/79/79 
f 78/78/78 80/80/80 79/79/79 
f 79/79/79 80/80/80 81/81/81 
f 80/80/80 81/81/81 81/81/81 
f 81/81/81 81/81/81 70/70/70 
f 81/81/81 70/70/70 70/70/70 
f 70/70/70 70/70/70 78/78/78 
f 70/70/70 71/71/71 78/78/78 
f 78/78/78 71/71/71 82/82/82 
f 71/71/71 72/72/72 82/82/82 
f 82/82/82 72/72/72 82/82/82 
f 72/72/72 74/74/74 82/82/82 
f 82/82/82 74/74/74 83/83/83 
f 74/74/74 74/74/74 83/83/83 
f 83/83/83 74/74/74 84/84/84 
f 74/74/74 75/75/75 84/84/84 
f 84/84/84 75/75/75 84/84/84 
f 75/75/75 85/85/85 84/84/84 
f 84/84/84 85/85/85 86/86/86 
f 85/85/85 87/87/87 86/86/86 
f 86/86/86 87/87/87 87/87/87 
f 87/87/87 78/78/78 87/87/87 
f 87/87/87 78/78/78 78/78/78 
f 78/78/78 82/82/82 78/78/78 
f 78/78/78 82/82/82 80/80/80 
f 82/82/82 83/83/83 80/80/80 
f 80/80/80 83/83/83 88/88/88 
f 83/83/83 89/89/89 88/88/88 
f 88/88/88 89/89/89 88/88/88 
f 89/89/89 90/90/90 88/88/88 
f 88/88/88 90/90/90 88/88/88 
f 90/90/90 91/91/91 88/88/88 
f 88/88/88 91/91/91 88/88/88 
f 91/91/91 81/81/81 88/88/88 
f 88/88/88 81/81/81 80/80/80 
f 81/81/81 80/80/80 80/80/80 
f 80/80/80 80/80/80 86/86/86 
f 80/80/80 86/86/86 86/86/86 
f 86/86/86 86/86/86 84/84/84 
f 86/86/86 89/89/89 84/84/84 
f 84/84/84 89/89/89 83/83/83 
f 89/89/89 83/83/83 83/83/83 
f 83/83/83 83/83/83 92/92/92 
f 83/83/83 92/92/92 92/92/92 
f 92/92/92 92/92/92 93/93/93 
f 92/92/92 94/94/94 93/93/93 
f 93/93/93 94/94/94 93/93/93 
f 94/94/94 95/95/95 93/93/93 
f 93/93/93 95/95/95 96/96/96 
f 95/95/95 97/97/97 96/96/96 
f 96/96/96 97/97/97 96/96/96 
f 97/97/97 98/98/98 96/96/96 
f 96/96/96 98/98/98 99/99/99 
f 98/98/98 100/100/100 99/99/99 
f 99/99/99 100/100/100 100/100/100 
f 100/100/100 101/101/101 100/100/100 
f 100/100/100 101/101/101 101/101/101 
f 101/101/101 92/92/92 101/101/101 
f 101/101/101 92/92/92 102/102/102 
f 92/92/92 103/103/103 102/102/102 
f 102/102/102 103/103/103 104/104/104 
f 103/103/103 105/105/105 104/104/104 
f 104/104/104 105/105/105 106/106/106 
f 105/105/105 106/106/106 106/106/106 
f 106/106/106 106/106/106 92/92/92 
f 106/106/106 92/92/92 92/92/92 
f 92/92/92 92/92/92 103/103/103 
f 92/92/92 93/93/93 103/103/103 
f 103/103/103 93/93/93 107/107/107 
f 93/93/93 96/96/96 107/107/107 
f 107/107/107 96/96/96 107/107/107 
f 96/96/96 99/99/99 107/107/107 
f 107/107/107 99/99/99 108/108/108 
f 99/99/99 99/99/99 108/108/108 
f 108/108/108 99/99/99 109/109/109 
f 99/99/99 100/100/100 109/109/109 
f 109/109/109 100/100/100 109/109/109 
f 100/100/100 110/110/110 109/109/109 
f 109/109/109 110/110/110 111/111/111 
f 110/110/110 112/112/112 111/111/111 
f 111/111/111 112/112/112 112/112/112 
f 112/112/112 103/103/103 112/112/112 
f 112/112/112 103/103/103 103/103/103 
f 103/103/103 107/107/107 103/103/103 
f 103/103/103 107/107/107 105/105/105 
f 107/107/107 108/108/108 105/105/105 
f 105/105/105 108/108/108 113/113/113 
f 108/108/108 114/114/114 113/113/113 
f 113/113/113 114/114/114 115/115/115 
f 114/114/114 114/114/114 115/115/115 
f 115/115/115 114/114/114 116/116/116 
f 114/114/114 111/111/111 116/116/116 
f 116/116/116 111/111/111 117/117/117 
f 111/111/111 112/112/112 117/117/117 
f 117/117/117 112/112/112 117/117/117 
f 112/112/112 118/118/118 117/117/117 
f 117/117/117 118/118/118 119/119/119 
f 118/118/118 120/120/120 119/119/119 
f 119/119/119 120/120/120 120/120/120 
f 120/120/120 111/111/111 120/120/120 
f 120/120/120 111/111/111 111/111/111 
f 111/111/111 114/114/114 111/111/111 
f 111/111/111 114/114/114 109/109/109 
f 114/114/114 108/108/108 109/109/109 
f 109/109/109 108/108/108 108/108/108 
f 108/108/108 105/105/105 108/108/108 
f 108/108/108 105/105/105 105/105/105 
f 105/105/105 113/113/113 105/105/105 
f 105/105/105 113/113/113 106/106/106 
f 113/113/113 113/113/113 106/106/106 
f 106/106/106 113/113/113 121/121/121 
f 113/113/113 115/115/115 121/121/121 
f 121/121/121 115/115/115 122/122/122 
f 115/115/115 123/123/123 122/122/122 
f 122/122/122 123/123/123 124/124/124 
f 123/123/123 125/125/125 124/124/124 
f 124/124/124 125/125/125 126/126/126 
f 125/125/125 126/126/126 126/126/126 
f 126/126/126 126/126/126 115/115/115 
f 126/126/126 115/115/115 115/115/115 
f 115/115/115 115/115/115 123/123/123 
f 115/115/115 116/116/116 123/123/123 
f 123/123/123 116/116/116 127/127/127 
f 116/116/116 117/117/117 127/127/127 
f 127/127/127 117/117/117 127/127/127 
f 117/117/117 119/119/119 127/127/127 
f 127/127/127 119/119/119 128/128/128 
f 119/119/119 119/119/119 128/128/128 
f 128/128/128 119/119/119 129/129/129 
f 119/119/119 120/120/120 129/129/129 
f 129/129/129 120/120/120 129/129/129 
f 120/120/120 130/130/130 129/129/129 
f 129/129/129 130/130/130 131/131/131 
f 130/130/130 132/132/132 131/131/131 
f 131/131/131 132/132/132 132/132/132 
f 132/132/132 123/123/123 132/132/132 
f 132/132/132 123/123/123 123/123/123 
f 123/123/123 127/127/127 123/123/123 
f 123/123/123 127/127/127 125/125/125 
f 127/127/127 128/128/128 125/125/125 
f 125/125/125 128/128/128 133/133/133 
f 128/128/128 134/134/134 133/133/133 
f 133/133/133 134/134/134 133/133/133 
f 134/134/134 135/135/135 133/133/133 
f 133/133/133 135/135/135 133/133/133 
f 135/135/135 136/136/136 133/133/133 
f 133/133/133 136/136/136 133/133/133 
f 136/136/136 126/126/126 133/133/133 
f 133/133/133 126/126/126 125/125/125 
f 126/126/126 125/125/125 125/125/125 
f 125/125/125 125/125/125 131/131/131 
f 125/125/125 131/131/131 131/131/131 
f 131/131/131 131/131/131 129/129/129 
f 131/131/131 134/134/134 129/129/129 
f 129/129/129 134/134/134 128/128/128 
f 134/134/134 128/128/128 128/128/128 
f 128/128/128 128/128/128 137/137/137 
f 128/128/128 137/137/137 137/137/137 
f 137/137/137 137/137/137 138/138/138 
f 137/137/137 139/139/139 138/138/138 
f 138/138/138 139/139/139 138/138/138 
f 139/139/139 140/140/140 138/138/138 
f 138/138/138 140/140/140 141/141/141 
f 140/140/140 142/142/142 141/141/141 
f 141/141/141 142/142/142 141/141/141 
f 142/142/142 143/143/143 141/141/141 
f 141/141/141 143/143/143 144/144/144 
f 143/143/143 145/145/145 144/144/144 
f 144/144/144 145/145/145 145/145/145 
f 145/145/145 146/146/146 145/145/145 
f 145/145/145 146/146/146 146/146/146 
f 146/146/146 137/137/137 146/146/146 
f 146/146/146 137/137/137 147/147/147 
f 137/137/137 148/148/148 147/147/147 
f 147/147/147 148/148/148 149/149/149 
f 148/148/148 150/150/150 149/149/149 
f 149/149/149 150/150/150 151/151/151 
f 150/150/150 151/151/151 151/151/151 
f 151/151/151 151/151/151 137/137/137 
f 151/151/151 137/137/137 137/137/137 
f 137/137/137 137/137/137 148/148/148 
f 137/137/137 138/138/138 148/148/148 
f 148/148/148 138/138/138 152/152/152 
f 138/138/138 141/141/141 152/152/152 
f 152/152/152 141/141/141 152/152/152 
f 141/141/141 144/144/144 152/152/152 
f 152/152/152 144/144/144 153/153/153 
f 144/144/144 144/144/144 153/153/153 
f 153/153/153 144/144/144 154/154/154 
f 144/144/144 145/145/145 154/154/154 
f 154/154/154 145/145/145 154/154/154 
f 145/145/145 155/155/155 154/154/154 
f 154/154/154 155/155/155 156/156/156 
f 155/155/155 157/157/157 156/156/156 
f 156/156/156 157/157/157 157/157/157 
f 157/157/157 148/148/148 157/157/157 
f 157/157/157 148/148/148 148/148/148 
f 148/148/148 152/152/152 148/148/148 
f 148/148/148 152/152/152 150/150/150 
f 152/152/152 153/153/153 150/150/150 
f 150/150/150 153/153/153 158/158/158 
f 153/153/153 159/159/159 158/158/158 
f 158/158/158 159/159/159 160/160/160 
f 159/159/159 159/159/159 160/160/160 
f 160/160/160 159/159/159 161/161/161 
f 159/159/159 156/156/156 161/161/161 
f 161/161/161 156/156/156 162/162/162 
f 156/156/156 157/157/157 162/162/162 
f 162/162/162 157/157/157 162/162/162 
f 157/157/157 163/163/163 162/162/162 
f 162/162/162 163/163/163 164/164/164 
f 163/163/163 165/165/165 164/164/164 
f 164/164/164 165/165/165 165/165/165 
f 165/165/165 156/156/156 165/165/165 
f 165/165/165 156/156/156 156/156/156 
f 156/156/156 159/159/159 156/156/156 
f 156/156/156 159/159/159 154/154/154 
f 159/159/159 153/153/153 154/154/154 
f 154/154/154 153/153/153 153/153/153 
f 153/153/153 150/150/150 153/153/153 
f 153/153/153 150/150/150 150/150/150 
f 150/150/150 158/158/158 150/150/150 
f 150/150/150 158/158/158 151/151/151 
f 158/158/158 158/158/158 151/151/151 
f 151/151/151 158/158/158 166/166/166 
f 158/158/158 160/160/160 166/166/166 
f 166/166/166 160/160/160 167/167/167 
f 160/160/160 168/168/168 167/167/167 
f 167/167/167 168/168/168 169/169/169 
f 168/168/168 170/170/170 169/169/169 
f 169/169/169 170/170/170 171/171/171 
f 170/170/170 171/171/171 171/171/171 
f 171/171/171 171/171/171 160/160/160 
f 171/171/171 160/160/160 160/160/160 
f 160/160/160 160/160/160 168/168/168 
f 160/160/160 161/161/161 168/168/168 
f 168/168/168 161/161/161 172/172/172 
f 161/161/161 162/162/162 172/172/172 
f 172/172/172 162/162/162 172/172/172 
f 162/162/162 164/164/164 172/172/172 
f 172/172/172 164/164/164 173/173/173 
f 164/164/164 164/164/164 173/173/173 
f 173/173/173 164/164/164 174/174/174 
f 164/164/164 165/165/165 174/174/174 
f 174/174/174 165/165/165 174/174/174 
f 165/165/165 175/175/175 174/174/174 
f 174/174/174 175/175/175 174/174/174 
f 175/175/175 176/176/176 174/174/174 
f 174/174/174 176/176/176 174/174/174 
f 176/176/176 177/177/177 174/174/174 
f 174/174/174 177/177/177 174/174/174 
f 177/177/177 178/178/178 174/174/174 
f 174/174/174 178/178/178 173/173/173 
f 178/178/178 179/179/179 173/173/173 
f 173/173/173 179/179/179 170/170/170 
f 179/179/179 179/179/179 170/170/170 
f 170/170/170 179/179/179 171/171/171 
f 179/179/179 179/179/179 171/171/171 
f 171/171/171 179/179/179 180/180/180 
f 179/179/179 179/179/179 180/180/180 
f 180/180/180 179/179/179 181/181/181 
f 179/179/179 178/178/178 181/181/181 
f 181/181/181 178/178/178 178/178/178 
f 178/178/178 168/168/168 178/178/178 
f 178/178/178 168/168/168 168/168/168 
f 168/168/168 172/172/172 168/168/168 
f 168/168/168 172/172/172 170/170/170 
f 172/172/172 173/173/173 170/170/170 
f 170/170/170 173/173/173 173/173/173 
f 173/173/173 182/182/182 173/173/173 
f 173/173/173 182/182/182 182/182/182 
f 182/182/182 183/183/183 182/182/182 
f 182/182/182 183/183/183 184/184/184 
f 183/183/183 183/183/183 184/184/184 
f 184/184/184 183/183/183 185/185/185 
f 183/183/183 186/186/186 185/185/185 
f 185/185/185 186/186/186 187/187/187 
f 186/186/186 188/188/188 187/187/187 
f 187/187/187 188/188/188 189/189/189 
f 188/188/188 190/190/190 189/189/189 
f 189/189/189 190/190/190 191/191/191 
f 190/190/190 192/192/192 191/191/191 
f 191/191/191 192/192/192 193/193/193 
f 192/192/192 194/194/194 193/193/193 
f 193/193/193 194/194/194 195/195/195 
f 194/194/194 196/196/196 195/195/195 
f 195/195/195 196/196/196 197/197/197 
f 196/196/196 198/198/198 197/197/197 
f 197/197/197 198/198/198 199/199/199 
f 198/198/198 200/200/200 199/199/199 
f 199/199/199 200/200/200 201/201/201 
f 200/200/200 202/202/202 201/201/201 
f 201/201/201 202/202/202 203/203/203 
f 202/202/202 204/204/204 203/203/203 
f 203/203/203 204/204/204 205/205/205 
f 204/204/204 206/206/206 205/205/205 
f 205/205/205 206/206/206 207/207/207 
f 206/206/206 208/208/208 207/207/207 
f 207/207/207 208/208/208 209/209/209 
f 208/208/208 210/210/210 209/209/209 
f 209/209/209 210/210/210 211/211/211 
f 210/210/210 212/212/212 211/211/211 
f 211/211/211 212/212/212 213/213/213 
f 212/212/212 214/214/214 213/213/213 
f 213/213/213 214/214/214 215/215/215 
f 214/214/214 216/216/216 215/215/215 
f 215/215/215 216/216/216 217/217/217 
f 216/216/216 218/218/218 217/217/217 
f 217/217/217 218/218/218 219/219/219 
f 218/218/218 220/220/220 219/219/219 
f 219/219/219 220/220/220 221/221/221 
f 220/220/220 222/222/222 221/221/221 
f 221/221/221 222/222/222 223/223/223 
f 222/222/222 224/224/224 223/223/223 
f 223/223/223 224/224/224 225/225/225 
f 224/224/224 226/226/226 225/225/225 
f 225/225/225 226/226/226 227/227/227 
f 226/226/226 228/228/228 227/227/227 
f 227/227/227 228/228/228 229/229/229 
f 228/228/228 230/230/230 229/229/229 
f 229/229/229 230/230/230 231/231/231 
f 230/230/230 232/232/232 231/231/231 
f 231/231/231 232/232/232 233/233/233 
f 232/232/232 234/234/234 233/233/233 
f 233/233/233 234/234/234 235/235/235 
f 234/234/234 236/236/236 235/235/235 
f 235/235/235 236/236/236 237/237/237 
f 236/236/236 238/238/238 237/237/237 
f 237/237/237 238/238/238 239/239/239 
f 238/238/238 240/240/240 239/239/239 
f 239/239/239 240/240/240 241/241/241 
f 240/240/240 242/242/242 241/241/241 
f 241/241/241 242/242/242 243/243/243 
f 242/242/242 244/244/244 243/243/243 
f 243/243/243 244/244/244 245/245/245 
f 244/244/244 182/182/182 245/245/245 
f 245/245/245 182/182/182 184/184/184 
f 182/182/182 184/184/184 184/184/184 
f 184/184/184 184/184/184 246/246/246 
f 184/184/184 246/246/246 246/246/246 
f 246/246/246 246/246/246 247/247/247 
f 246/246/246 248/248/248 247/247/247 
f 247/247/247 248/248/248 249/249/249 
f 248/248/248 250/250/250 249/249/249 
f 249/249/249 250/250/250 251/251/251 
f 250/250/250 252/252/252 251/251/251 
f 251/251/251 252/252/252 253/253/253 
f 252/252/252 254/254/254 253/253/253 
f 253/253/253 254/254/254 255/255/255 
f 254/254/254 256/256/256 255/255/255 
f 255/255/255 256/256/256 257/257/257 
f 256/256/256 258/258/258 257/257/257 
f 257/257/257 258/258/258 258/258/258 
f 258/258/258 247/247/247 258/258/258 
f 258/258/258 247/247/247 247/247/247 
f 247/247/247 259/259/259 247/247/247 
f 247/247/247 259/259/259 246/246/246 
f 259/259/259 259/259/259 246/246/246 
f 246/246/246 259/259/259 260/260/260 
f 259/259/259 261/261/261 260/260/260 
f 260/260/260 261/261/261 262/262/262 
f 261/261/261 263/263/263 262/262/262 
f 262/262/262 263/263/263 263/263/263 
f 263/263/263 264/264/264 263/263/263 
f 263/263/263 264/264/264 264/264/264 
f 264/264/264 265/265/265 264/264/264 
f 264/264/264 265/265/265 266/266/266 
f 265/265/265 267/267/267 266/266/266 
f 266/266/266 267/267/267 268/268/268 
f 267/267/267 269/269/269 268/268/268 
f 268/268/268 269/269/269 270/270/270 
f 269/269/269 271/271/271 270/270/270 
f 270/270/270 271/271/271 272/272/272 
f 271/271/271 273/273/273 272/272/272 
f 272/272/272 273/273/273 274/274/274 
f 273/273/273 275/275/275 274/274/274 
f 274/274/274 275/275/275 276/276/276 
f 275/275/275 277/277/277 276/276/276 
f 276/276/276 277/277/277 278/278/278 
f 277/277/277 279/279/279 278/278/278 
f 278/278/278 279/279/279 280/280/280 
f 279/279/279 281/281/281 280/280/280 
f 280/280/280 281/281/281 281/281/281 
f 281/281/281 282/282/282 281/281/281 
f 281/281/281 282/282/282 282/282/282 
f 282/282/282 283/283/283 282/282/282 
f 282/282/282 283/283/283 284/284/284 
f 283/283/283 285/285/285 284/284/284 
f 284/284/284 285/285/285 286/286/286 
f 285/285/285 287/287/287 286/286/286 
f 286/286/286 287/287/287 288/288/288 
f 287/287/287 289/289/289 288/288/288 
f 288/288/288 289/289/289 290/290/290 
f 289/289/289 291/291/291 290/290/290 
f 290/290/290 291/291/291 292/292/292 
f 291/291/291 293/293/293 292/292/292 
f 292/292/292 293/293/293 294/294/294 
f 293/293/293 295/295/295 294/294/294 
f 294/294/294 295/295/295 296/296/296 
f 295/295/295 297/297/297 296/296/296 
f 296/296/296 297/297/297 298/298/298 
f 297/297/297 299/299/299 298/298/298 
f 298/298/298 299/299/299 299/299/299 
f 299/299/299 300/300/300 299/299/299 
f 299/299/299 300/300/300 300/300/300 
f 300/300/300 301/301/301 300/300/300 
f 300/300/300 301/301/301 302/302/302 
f 301/301/301 303/303/303 302/302/302 
f 302/302/302 303/303/303 304/304/304 
f 303/303/303 305/305/305 304/304/304 
f 304/304/304 305/305/305 306/306/306 
f 305/305/305 307/307/307 306/306/306 
f 306/306/306 307/307/307 308/308/308 
f 307/307/307 309/309/309 308/308/308 
f 308/308/308 309/309/309 310/310/310 
f 309/309/309 311/311/311 310/310/310 
f 310/310/310 311/311/311 312/312/312 
f 311/311/311 313/313/313 312/312/312 
f 312/312/312 313/313/313 314/314/314 
f 313/313/313 315/315/315 314/314/314 
f 314/314/314 315/315/315 316/316/316 
f 315/315/315 317/317/317 316/316/316 
f 316/316/316 317/317/317 317/317/317 
f 317/317/317 318/318/318 317/317/317 
f 317/317/317 318/318/318 318/318/318 
f 318/318/318 319/319/319 318/318/318 
f 318/318/318 319/319/319 320/320/320 
f 319/319/319 319/319/319 320/320/320 
f 320/320/320 319/319/319 321/321/321 
f 319/319/319 322/322/322 321/321/321 
f 321/321/321 322/322/322 323/323/323 
f 322/322/322 324/324/324 323/323/323 
f 323/323/323 324/324/324 325/325/325 
f 324/324/324 326/326/326 325/325/325 
f 325/325/325 326/326/326 327/327/327 
f 326/326/326 328/328/328 327/327/327 
f 327/327/327 328/328/328 329/329/329 
f 328/328/328 330/330/330 329/329/329 
f 329/329/329 330/330/330 331/331/331 
f 330/330/330 332/332/332 331/331/331 
f 331/331/331 332/332/332 333/333/333 
f 332/332/332 334/334/334 333/333/333 
f 333/333/333 334/334/334 335/335/335 
f 334/334/334 336/336/336 335/335/335 
f 335/335/335 336/336/336 337/337/337 
f 336/336/336 338/338/338 337/337/337 
f 337/337/337 338/338/338 339/339/339 
f 338/338/338 340/340/340 339/339/339 
f 339/339/339 340/340/340 341/341/341 
f 340/340/340 342/342/342 341/341/341 
f 341/341/341 342/342/342 343/343/343 
f 342/342/342 344/344/344 343/343/343 
f 343/343/343 344/344/344 345/345/345 
f 344/344/344 346/346/346 345/345/345 
f 345/345/345 346/346/346 347/347/347 
f 346/346/346 348/348/348 347/347/347 
f 347/347/347 348/348/348 349/349/349 
f 348/348/348 350/350/350 349/349/349 
f 349/349/349 350/350/350 351/351/351 
f 350/350/350 352/352/352 351/351/351 
f 351/351/351 352/352/352 353/353/353 
f 352/352/352 354/354/354 353/353/353 
f 353/353/353 354/354/354 355/355/355 
f 354/354/354 356/356/356 355/355/355 
f 355/355/355 356/356/356 357/357/357 
f 356/356/356 358/358/358 357/357/357 
f 357/357/357 358/358/358 359/359/359 
f 358/358/358 360/360/360 359/359/359 
f 359/359/359 360/360/360 361/361/361 
f 360/360/360 362/362/362 361/361/361 
f 361/361/361 362/362/362 363/363/363 
f 362/362/362 364/364/364 363/363/363 
f 363/363/363 364/364/364 365/365/365 
f 364/364/364 366/366/366 365/365/365 
f 365/365/365 366/366/366 367/367/367 
f 366/366/366 368/368/368 367/367/367 
f 367/367/367 368/368/368 369/369/369 
f 368/368/368 370/370/370 369/369/369 
f 369/369/369 370/370/370 371/371/371 
f 370/370/370 372/372/372 371/371/371 
f 371/371/371 372/372/372 373/373/373 
f 372/372/372 374/374/374 373/373/373 
f 373/373/373 374/374/374 375/375/375 
f 374/374/374 376/376/376 375/375/375 
f 375/375/375 376/376/376 377/377/377 
f 376/376/376 378/378/378 377/377/377 
f 377/377/377 378/378/378 379/379/379 
f 378/378/378 380/380/380 379/379/379 
f 379/379/379 380/380/380 381/381/381 
f 380/380/380 318/318/318 381/381/381 
f 381/381/381 318/318/318 320/320/320 
f 318/318/318 320/320/320 320/320/320 
f 320/320/320 320/320/320 382/382/382 
f 320/320/320 382/382/382 382/382/382 
f 382/382/382 382/382/382 383/383/383 
f 382/382/382 384/384/384 383/383/383 
f 383/383/383 384/384/384 383/383/383 
f 384/384/384 385/385/385 383/383/383 
f 383/383/383 385/385/385 386/386/386 
f 385/385/385 387/387/387 386/386/386 
f 386/386/386 387/387/387 388/388/388 
f 387/387/387 389/389/389 388/388/388 
f 388/388/388 389/389/389 390/390/390 
f 389/389/389 391/391/391 390/390/390 
f 390/390/390 391/391/391 392/392/392 
f 391/391/391 393/393/393 392/392/392 
f 392/392/392 393/393/393 394/394/394 
f 393/393/393 395/395/395 394/394/394 
f 394/394/394 395/395/395 396/396/396 
f 395/395/395 397/397/397 396/396/396 
f 396/396/396 397/397/397 397/397/397 
f 397/397/397 398/398/398 397/397/397 
f 397/397/397 398/398/398 398/398/398 
f 398/398/398 399/399/399 398/398/398 
f 398/398/398 399/399/399 400/400/400 
f 399/399/399 401/401/401 400/400/400 
f 400/400/400 401/401/401 402/402/402 
f 401/401/401 403/403/403 402/402/402 
f 402/402/402 403/403/403 404/404/404 
f 403/403/403 405/405/405 404/404/404 
f 404/404/404 405/405/405 406/406/406 
f 405/405/405 407/407/407 406/406/406 
f 406/406/406 407/407/407 408/408/408 
f 407/407/407 409/409/409 408/408/408 
f 408/408/408 409/409/409 410/410/410 
f 409/409/409 411/411/411 410/410/410 
f 410/410/410 411/411/411 412/412/412 
f 411/411/411 413/413/413 412/412/412 
f 412/412/412 413/413/413 413/413/413 
f 413/413/413 414/414/414 413/413/413 
f 413/413/413 414/414/414 414/414/414 
f 414/414/414 415/415/415 414/414/414 
f 414/414/414 415/415/415 416/416/416 
f 415/415/415 417/417/417 416/416/416 
f 416/416/416 417/417/417 417/417/417 
f 417/417/417 418/418/418 417/417/417 
f 417/417/417 418/418/418 418/418/418 
f 418/418/418 419/419/419 418/418/418 
f 418/418/418 419/419/419 420/420/420 
f 419/419/419 421/421/421 420/420/420 
f 420/420/420 421/421/421 422/422/422 
f 421/421/421 423/423/423 422/422/422 
f 422/422/422 423/423/423 424/424/424 
f 423/423/423 425/425/425 424/424/424 
f 424/424/424 425/425/425 426/426/426 
f 425/425/425 427/427/427 426/426/426 
f 426/426/426 427/427/427 428/428/428 
f 427/427/427 429/429/429 428/428/428 
f 428/428/428 429/429/429 430/430/430 
f 429/429/429 431/431/431 430/430/430 
f 430/430/430 431/431/431 432/432/432 
f 431/431/431 433/433/433 432/432/432 
f 432/432/432 433/433/433 433/433/433 
f 433/433/433 434/434/434 433/433/433 
f 433/433/433 434/434/434 434/434/434 
f 434/434/434 435/435/435 434/434/434 
f 434/434/434 435/435/435 436/436/436 
f 435/435/435 437/437/437 436/436/436 
f 436/436/436 437/437/437 437/437/437 
f 437/437/437 438/438/438 437/437/437 
f 437/437/437 438/438/438 438/438/438 
f 438/438/438 439/439/439 438/438/438 
f 438/438/438 439/439/439 440/440/440 
f 439/439/439 441/441/441 440/440/440 
f 440/440/440 441/441/441 442/442/442 
f 441/441/441 443/443/443 442/442/442 
f 442/442/442 443/443/443 444/444/444 
f 443/443/443 445/445/445 444/444/444 
f 444/444/444 445/445/445 446/446/446 
f 445/445/445 447/447/447 446/446/446 
f 446/446/446 447/447/447 448/448/448 
f 447/447/447 449/449/449 448/448/448 
f 448/448/448 449/449/449 450/450/450 
f 449/449/449 451/451/451 450/450/450 
f 450/450/450 451/451/451 452/452/452 
f 451/451/451 453/453/453 452/452/452 
f 452/452/452 453/453/453 453/453/453 
f 453/453/453 454/454/454 453/453/453 
f 453/453/453 454/454/454 454/454/454 
f 454/454/454 455/455/455 454/454/454 
f 454/454/454 455/455/455 456/456/456 
f 455/455/455 457/457/457 456/456/456 
f 456/456/456 457/457/457 457/457/457 
f 457/457/457 458/458/458 457/457/457 
f 457/457/457 458/458/458 458/458/458 
f 458/458/458 459/459/459 458/458/458 
f 458/458/458 459/459/459 460/460/460 
f 459/459/459 461/461/461 460/460/460 
f 460/460/460 461/461/461 462/462/462 
f 461/461/461 463/463/463 462/462/462 
f 462/462/462 463/463/463 464/464/464 
f 463/463/463 465/465/465 464/464/464 
f 464/464/464 465/465/465 466/466/466 
f 465/465/465 467/467/467 466/466/466 
f 466/466/466 467/467/467 468/468/468 
f 467/467/467 469/469/469 468/468/468 
f 468/468/468 469/469/469 470/470/470 
f 469/469/469 471/471/471 470/470/470 
f 470/470/470 471/471/471 472/472/472 
f 471/471/471 473/473/473 472/472/472 
f 472/472/472 473/473/473 473/473/473 
f 473/473/473 474/474/474 473/473/473 
f 473/473/473 474/474/474 474/474/474 
f 474/474/474 475/475/475 474/474/474 
f 474/474/474 475/475/475 476/476/476 
f 475/475/475 477/477/477 476/476/476 
f 476/476/476 477/477/477 478/478/478 
f 477/477/477 479/479/479 478/478/478 
f 478/478/478 479/479/479 480/480/480 
f 479/479/479 481/481/481 480/480/480 
f 480/480/480 481/481/481 482/482/482 
f 481/481/481 483/483/483 482/482/482 
f 482/482/482 483/483/483 484/484/484 
f 483/483/483 485/485/485 484/484/484 
f 484/484/484 485/485/485 486/486/486 
f 485/485/485 487/487/487 486/486/486 
f 486/486/486 487/487/487 488/488/488 
f 487/487/487 489/489/489 488/488/488 
f 488/488/488 489/489/489 489/489/489 
f 489/489/489 490/490/490 489/489/489 
f 489/489/489 490/490/490 490/490/490 
f 490/490/490 491/491/491 490/490/490 
f 490/490/490 491/491/491 492/492/492 
f 491/491/491 493/493/493 492/492/492 
f 492/492/492 493/493/493 494/494/494 
f 493/493/493 495/495/495 494/494/494 
f 494/494/494 495/495/495 496/496/496 
f 495/495/495 497/497/497 496/496/496 
f 496/496/496 497/497/497 498/498/498 
f 497/497/497 499/499/499 498/498/498 
f 498/498/498 499/499/499 500/500/500 
f 499/499/499 501/501/501 500/500/500 
f 500/500/500 501/501/501 502/502/502 
f 501/501/501 503/503/503 502/502/502 
f 502/502/502 503/503/503 504/504/504 
f 503/503/503 505/505/505 504/504/504 
f 504/504/504 505/505/505 506/506/506 
f 505/505/505 507/507/507 506/506/506 
f 506/506/506 507/507/507 507/507/507 
f 507/507/507 508/508/508 507/507/507 
f 507/507/507 508/508/508 508/508/508 
f 508/508/508 509/509/509 508/508/508 
f 508/508/508 509/509/509 510/510/510 
f 509/509/509 509/509/509 510/510/510 
f 510/510/510 509/509/509 511/511/511 
f 509/509/509 512/512/512 511/511/511 
f 511/511/511 512/512/512 513/513/513 
f 512/512/512 514/514/514 513/513/513 
f 513/513/513 514/514/514 515/515/515 
f 514/514/514 516/516/516 515/515/515 
f 515/515/515 516/516/516 517/517/517 
f 516/516/516 518/518/518 517/517/517 
f 517/517/517 518/518/518 519/519/519 
f 518/518/518 520/520/520 519/519/519 
f 519/519/519 520/520/520 521/521/521 
f 520/520/520 522/522/522 521/521/521 
f 521/521/521 522/522/522 522/522/522 
f 522/522/522 510/510/510 522/522/522 
f 522/522/522 510/510/510 510/510/510 
f 510/510/510 523/523/523 510/510/510 
f 510/510/510 523/523/523 508/508/508 
f 523/523/523 523/523/523 508/508/508 
f 508/508/508 523/523/523 524/524/524 
f 523/523/523 525/525/525 524/524/524 
f 524/524/524 525/525/525 525/525/525 
f 525/525/525 526/526/526 525/525/525 
f 525/525/525 526/526/526 526/526/526 
f 526/526/526 527/527/527 526/526/526 
f 526/526/526 527/527/527 528/528/528 
f 527/527/527 529/529/529 528/528/528 
f 528/528/528 529/529/529 530/530/530 
f 529/529/529 531/531/531 530/530/530 
f 530/530/530 531/531/531 532/532/532 
f 531/531/531 533/533/533 532/532/532 
f 532/532/532 533/533/533 534/534/534 
f 533/533/533 535/535/535 534/534/534 
f 534/534/534 535/535/535 536/536/536 
f 535/535/535 537/537/537 536/536/536 
f 536/536/536 537/537/537 538/538/538 
f 537/537/537 539/539/539 538/538/538 
f 538/538/538 539/539/539 540/540/540 
f 539/539/539 541/541/541 540/540/540 
f 540/540/540 541/541/541 542/542/542 
f 541/541/541 543/543/543 542/542/542 
f 542/542/542 543/543/543 543/543/543 
f 543/543/543 544/544/544 543/543/543 
f 543/543/543 544/544/544 544/544/544 
f 544/544/544 545/545/545 544/544/544 
f 544/544/544 545/545/545 546/546/546 
f 545/545/545 547/547/547 546/546/546 
f 546/546/546 547/547/547 548/548/548 
f 547/547/547 549/549/549 548/548/548 
f 548/548/548 549/549/549 550/550/550 
f 549/549/549 551/551/551 550/550/550 
f 550/550/550 551/551/551 552/552/552 
f 551/551/551 553/553/553 552/552/552 
f 552/552/552 553/553/553 554/554/554 
f 553/553/553 555/555/555 554/554/554 
f 554/554/554 555/555/555 556/556/556 
f 555/555/555 557/557/557 556/556/556 
f 556/556/556 557/557/557 558/558/558 
f 557/557/557 559/559/559 558/558/558 
f 558/558/558 559/559/559 560/560/560 
f 559/559/559 561/561/561 560/560/560 
f 560/560/560 561/561/561 561/561/561 
f 561/561/561 562/562/562 561/561/561 
f 561/561/561 562/562/562 562/562/562 
f 562/562/562 563/563/563 562/562/562 
f 562/562/562 563/563/563 564/564/564 
f 563/563/563 563/563/563 564/564/564 
f 564/564/564 563/563/563 565/565/565 
f 563/563/563 566/566/566 565/565/565 
f 565/565/565 566/566/566 567/567/567 
f 566/566/566 568/568/568 567/567/567 
f 567/567/567 568/568/568 569/569/569 
f 568/568/568 570/570/570 569/569/569 
f 569/569/569 570/570/570 571/571/571 
f 570/570/570 572/572/572 571/571/571 
f 571/571/571 572/572/572 573/573/573 
f 572/572/572 574/574/574 573/573/573 
f 573/573/573 574/574/574 575/575/575 
f 574/574/574 576/576/576 575/575/575 
f 575/575/575 576/576/576 577/577/577 
f 576/576/576 578/578/578 577/577/577 
f 577/577/577 578/578/578 579/579/579 
f 578/578/578 580/580/580 579/579/579 
f 579/579/579 580/580/580 581/581/581 
f 580/580/580 582/582/582 581/581/581 
f 581/581/581 582/582/582 583/583/583 
f 582/582/582 584/584/584 583/583/583 
f 583/583/583 584/584/584 585/585/585 
f 584/584/584 586/586/586 585/585/585 
f 585/585/585 586/586/586 587/587/587 
f 586/586/586 588/588/588 587/587/587 
f 587/587/587 588/588/588 589/589/589 
f 588/588/588 590/590/590 589/589/589 
f 589/589/589 590/590/590 591/591/591 
f 590/590/590 592/592/592 591/591/591 
f 591/591/591 592/592/592 593/593/593 
f 592/592/592 594/594/594 593/593/593 
f 593/593/593 594/594/594 595/595/595 
f 594/594/594 596/596/596 595/595/595 
f 595/595/595 596/596/596 597/597/597 
f 596/596/596 598/598/598 597/597/597 
f 597/597/597 598/598/598 599/599/599 
f 598/598/598 600/600/600 599/599/599 
f 599/599/599 600/600/600 601/601/601 
f 600/600/600 602/602/602 601/601/601 
f 601/601/601 602/602/602 603/603/603 
f 602/602/602 604/604/604 603/603/603 
f 603/603/603 604/604/604 605/605/605 
f 604/604/604 606/606/606 605/605/605 
f 605/605/605 606/606/606 607/607/607 
f 606/606/606 608/608/608 607/607/607 
f 607/607/607 608/608/608 609/609/609 
f 608/608/608 610/610/610 609/609/609 
f 609/609/609 610/610/610 611/611/611 
f 610/610/610 612/612/612 611/611/611 
f 611/611/611 612/612/612 613/613/613 
f 612/612/612 614/614/614 613/613/613 
f 613/613/613 614/614/614 615/615/615 
f 614/614/614 616/616/616 615/615/615 
f 615/615/615 616/616/616 617/617/617 
f 616/616/616 618/618/618 617/617/617 
f 617/617/617 618/618/618 619/619/619 
f 618/618/618 620/620/620 619/619/619 
f 619/619/619 620/620/620 621/621/621 
f 620/620/620 622/622/622 621/621/621 
f 621/621/621 622/622/622 623/623/623 
f 622/622/622 624/624/624 623/623/623 
f 623/623/623 624/624/624 625/625/625 
f 624/624/624 562/562/562 625/625/625 
f 625/625/625 562/562/562 564/564/564 
f 562/562/562 564/564/564 564/564/564 
f 564/564/564 564/564/564 626/626/626 
f 564/564/564 626/626/626 626/626/626 
f 626/626/626 626/626/626 627/627/627 
f 626/626/626 628/628/628 627/627/627 
f 627/627/627 628/628/628 627/627/627 
f 628/628/628 629/629/629 627/627/627 
f 627/627/627 629/629/629 630/630/630 
f 629/629/629 631/631/631 630/630/630 
f 630/630/630 631/631/631 632/632/632 
f 631/631/631 633/633/633 632/632/632 
f 632/632/632 633/633/633 634/634/634 
f 633/633/633 635/635/635 634/634/634 
f 634/634/634 635/635/635 636/636/636 
f 635/635/635 637/637/637 636/636/636 
f 636/636/636 637/637/637 638/638/638 
f 637/637/637 639/639/639 638/638/638 
f 638/638/638 639/639/639 640/640/640 
f 639/639/639 641/641/641 640/640/640 
f 640/640/640 641/641/641 642/642/642 
f 641/641/641 643/643/643 642/642/642 
f 642/642/642 643/643/643 644/644/644 
f 643/643/643 645/645/645 644/644/644 
f 644/644/644 645/645/645 646/646/646 
f 645/645/645 647/647/647 646/646/646 
f 646/646/646 647/647/647 648/648/648 
f 647/647/647 649/649/649 648/648/648 
f 648/648/648 649/649/649 650/650/650 
f 649/649/649 651/651/651 650/650/650 
f 650/650/650 651/651/651 652/652/652 
f 651/651/651 653/653/653 652/652/652 
f 652/652/652 653/653/653 654/654/654 
f 653/653/653 655/655/655 654/654/654 
f 654/654/654 655/655/655 656/656/656 
f 655/655/655 657/657/657 656/656/656 
f 656/656/656 657/657/657 658/658/658 
f 657/657/657 659/659/659 658/658/658 
f 658/658/658 659/659/659 660/660/660 
f 659/659/659 661/661/661 660/660/660 
f 660/660/660 661/661/661 662/662/662 
f 661/661/661 663/663/663 662/662/662 
f 662/662/662 663/663/663 664/664/664 
f 663/663/663 665/665/665 664/664/664 
f 664/664/664 665/665/665 666/666/666 
f 665/665/665 667/667/667 666/666/666 
f 666/666/666 667/667/667 668/668/668 
f 667/667/667 669/669/669 668/668/668 
f 668/668/668 669/669/669 670/670/670 
f 669/669/669 671/671/671 670/670/670 
f 670/670/670 671/671/671 672/672/672 
f 671/671/671 673/673/673 672/672/672 
f 672/672/672 673/673/673 674/674/674 
f 673/673/673 675/675/675 674/674/674 
f 674/674/674 675/675/675 676/676/676 
f 675/675/675 677/677/677 676/676/676 
f 676/676/676 677/677/677 678/678/678 
f 677/677/677 679/679/679 678/678/678 
f 678/678/678 679/679/679 680/680/680 
f 679/679/679 681/681/681 680/680/680 
f 680/680/680 681/681/681 682/682/682 
f 681/681/681 683/683/683 682/682/682 
f 682/682/682 683/683/683 684/684/684 
f 683/683/683 685/685/685 684/684/684 
f 684/684/684 685/685/685 686/686/686 
f 685/685/685 687/687/687 686/686/686 
f 686/686/686 687/687/687 688/688/688 
f 687/687/687 689/689/689 688/688/688 
f 688/688/688 689/689/689 626/626/626 
f 689/689/689 628/628/628 626/626/626 
f 626/626/626 628/628/628 628/628/628 
f 628/628/628 690/690/690 628/628/628 
f 628/628/628 690/690/690 690/690/690 
f 690/690/690 691/691/691 690/690/690 
f 690/690/690 691/691/691 692/692/692 
f 691/691/691 693/693/693 692/692/692 
f 692/692/692 693/693/693 693/693/693 
f 693/693/693 694/694/694 693/693/693 
f 693/693/693 694/694/694 694/694/694 
f 694/694/694 695/695/695 694/694/694 
f 694/694/694 695/695/695 696/696/696 
f 695/695/695 697/697/697 696/696/696 
f 696/696/696 697/697/697 698/698/698 
f 697/697/697 699/699/699 698/698/698 
f 698/698/698 699/699/699 700/700/700 
f 699/699/699 701/701/701 700/700/700 
f 700/700/700 701/701/701 702/702/702 
f 701/701/701 703/703/703 702/702/702 
f 702/702/702 703/703/703 704/704/704 
f 703/703/703 705/705/705 704/704/704 
f 704/704/704 705/705/705 706/706/706 
f 705/705/705 707/707/707 706/706/706 
f 706/706/706 707/707/707 708/708/708 
f 707/707/707 709/709/709 708/708/708 
f 708/708/708 709/709/709 709/709/709 
f 709/709/709 710/710/710 709/709/709 
f 709/709/709 710/710/710 710/710/710 
f 710/710/710 711/711/711 710/710/710 
f 710/710/710 711/711/711 712/712/712 
f 711/711/711 713/713/713 712/712/712 
f 712/712/712 713/713/713 713/713/713 
f 713/713/713 714/714/714 713/713/713 
f 713/713/713 714/714/714 714/714/714 
f 714/714/714 715/715/715 714/714/714 
f 714/714/714 715/715/715 716/716/716 
f 715/715/715 717/717/717 716/716/716 
f 716/716/716 717/717/717 718/718/718 
f 717/717/717 719/719/719 718/718/718 
f 718/718/718 719/719/719 720/720/720 
f 719/719/719 721/721/721 720/720/720 
f 720/720/720 721/721/721 722/722/722 
f 721/721/721 723/723/723 722/722/722 
f 722/722/722 723/723/723 724/724/724 
f 723/723/723 725/725/725 724/724/724 
f 724/724/724 725/725/725 726/726/726 
f 725/725/725 727/727/727 726/726/726 
f 726/726/726 727/727/727 728/728/728 
f 727/727/727 729/729/729 728/728/728 
f 728/728/728 729/729/729 729/729/729 
f 729/729/729 730/730/730 729/729/729 
f 729/729/729 730/730/730 730/730/730 
f 730/730/730 731/731/731 730/730/730 
f 730/730/730 731/731/731 732/732/732 
f 731/731/731 733/733/733 732/732/732 
f 732/732/732 733/733/733 733/733/733 
f 733/733/733 734/734/734 733/733/733 
f 733/733/733 734/734/734 734/734/734 
f 734/734/734 735/735/735 734/734/734 
f 734/734/734 735/735/735 736/736/736 
f 735/735/735 737/737/737 736/736/736 
f 736/736/736 737/737/737 737/737/737 
f 737/737/737 738/738/738 737/737/737 
f 737/737/737 738/738/738 738/738/738 
f 738/738/738 739/739/739 738/738/738 
f 738/738/738 739/739/739 740/740/740 
f 739/739/739 741/741/741 740/740/740 
f 740/740/740 741/741/741 741/741/741 
f 741/741/741 742/742/742 741/741/741 
f 741/741/741 742/742/742 742/742/742 
f 742/742/742 743/743/743 742/742/742 
f 742/742/742 743/743/743 744/744/744 
f 743/743/743 743/743/743 744/744/744 
f 744/744/744 743/743/743 745/745/745 
f 743/743/743 746/746/746 745/745/745 
f 745/745/745 746/746/746 747/747/747 
f 746/746/746 748/748/748 747/747/747 
f 747/747/747 748/748/748 749/749/749 
f 748/748/748 750/750/750 749/749/749 
f 749/749/749 750/750/750 751/751/751 
f 750/750/750 752/752/752 751/751/751 
f 751/751/751 752/752/752 753/753/753 
f 752/752/752 754/754/754 753/753/753 
f 753/753/753 754/754/754 755/755/755 
f 754/754/754 756/756/756 755/755/755 
f 755/755/755 756/756/756 757/757/757 
f 756/756/756 758/758/758 757/757/757 
f 757/757/757 758/758/758 759/759/759 
f 758/758/758 760/760/760 759/759/759 
f 759/759/759 760/760/760 761/761/761 
f 760/760/760 762/762/762 761/761/761 
f 761/761/761 762/762/762 763/763/763 
f 762/762/762 764/764/764 763/763/763 
f 763/763/763 764/764/764 765/765/765 
f 764/764/764 766/766/766 765/765/765 
f 765/765/765 766/766/766 767/767/767 
f 766/766/766 768/768/768 767/767/767 
f 767/767/767 768/768/768 769/769/769 
f 768/768/768 770/770/770 769/769/769 
f 769/769/769 770/770/770 771/771/771 
f 770/770/770 772/772/772 771/771/771 
f 771/771/771 772/772/772 773/773/773 
f 772/772/772 774/774/774 773/773/773 
f 773/773/773 774/774/774 775/775/775 
f 774/774/774 776/776/776 775/775/775 
f 775/775/775 776/776/776 777/777/777 
f 776/776/776 778/778/778 777/777/777 
f 777/777/777 778/778/778 779/779/779 
f 778/778/778 780/780/780 779/779/779 
f 779/779/779 780/780/780 781/781/781 
f 780/780/780 782/782/782 781/781/781 
f 781/781/781 782/782/782 783/783/783 
f 782/782/782 784/784/784 783/783/783 
f 783/783/783 784/784/784 785/785/785 
f 784/784/784 786/786/786 785/785/785 
f 785/785/785 786/786/786 787/787/787 
f 786/786/786 788/788/788 787/787/787 
f 787/787/787 788/788/788 789/789/789 
f 788/788/788 790/790/790 789/789/789 
f 789/789/789 790/790/790 791/791/791 
f 790/790/790 792/792/792 791/791/791 
f 791/791/791 792/792/792 793/793/793 
f 792/792/792 794/794/794 793/793/793 
f 793/793/793 794/794/794 795/795/795 
f 794/794/794 796/796/796 795/795/795 
f 795/795/795 796/796/796 797/797/797 
f 796/796/796 798/798/798 797/797/797 
f 797/797/797 798/798/798 799/799/799 
f 798/798/798 800/800/800 799/799/799 
f 799/799/799 800/800/800 801/801/801 
f 800/800/800 802/802/802 801/801/801 
f 801/801/801 802/802/802 803/803/803 
f 802/802/802 804/804/804 803/803/803 
f 803/803/803 804/804/804 805/805/805 
f 804/804/804 742/742/742 805/805/805 
f 805/805/805 742/742/742 744/744/744 
f 742/742/742 744/744/744 744/744/744 
f 744/744/744 744/744/744 806/806/806 
f 744/744/744 806/806/806 806/806/806 
f 806/806/806 806/806/806 807/807/807 
f 806/806/806 808/808/808 807/807/807 
f 807/807/807 808/808/808 809/809/809 
f 808/808/808 810/810/810 809/809/809 
f 809/809/809 810/810/810 811/811/811 
f 810/810/810 812/812/812 811/811/811 
f 811/811/811 812/812/812 813/813/813 
f 812/812/812 814/814/814 813/813/813 
f 813/813/813 814/814/814 815/815/815 
f 814/814/814 816/816/816 815/815/815 
f 815/815/815 816/816/816 817/817/817 
f 816/816/816 818/818/818 817/817/817 
f 817/817/817 818/818/818 819/819/819 
f 818/818/818 820/820/820 819/819/819 
f 819/819/819 820/820/820 821/821/821 
f 820/820/820 822/822/822 821/821/821 
f 821/821/821 822/822/822 823/823/823 
f 822/822/822 824/824/824 823/823/823 
f 823/823/823 824/824/824 825/825/825 
f 824/824/824 826/826/826 825/825/825 
f 825/825/825 826/826/826 827/827/827 
f 826/826/826 828/828/828 827/827/827 
f 827/827/827 828/828/828 829/829/829 
f 828/828/828 830/830/830 829/829/829 
f 829/829/829 830/830/830 831/831/831 
f 830/830/830 832/832/832 831/831/831 
f 831/831/831 832/832/832 833/833/833 
f 832/832/832 834/834/834 833/833/833 
f 833/833/833 834/834/834 835/835/835 
f 834/834/834 836/836/836 835/835/835 
f 835/835/835 836/836/836 837/837/837 
f 836/836/836 838/838/838 837/837/837 
f 837/837/837 838/838/838 839/839/839 
f 838/838/838 840/840/840 839/839/839 
f 839/839/839 840/840/840 841/841/841 
f 840/840/840 842/842/842 841/841/841 
f 841/841/841 842/842/842 843/843/843 
f 842/842/842 844/844/844 843/843/843 
f 843/843/843 844/844/844 845/845/845 
f 844/844/844 846/846/846 845/845/845 
f 845/845/845 846/846/846 847/847/847 
f 846/846/846 848/848/848 847/847/847 
f 847/847/847 848/848/848 849/849/849 
f 848/848/848 850/850/850 849/849/849 
f 849/849/849 850/850/850 851/851/851 
f 850/850/850 852/852/852 851/851/851 
f 851/851/851 852/852/852 853/853/853 
f 852/852/852 854/854/854 853/853/853 
f 853/853/853 854/854/854 855/855/855 
f 854/854/854 856/856/856 855/855/855 
f 855/855/855 856/856/856 857/857/857 
f 856/856/856 858/858/858 857/857/857 
f 857/857/857 858/858/858 859/859/859 
f 858/858/858 860/860/860 859/859/859 
f 859/859/859 860/860/860 861/861/861 
f 860/860/860 862/862/862 861/861/861 
f 861/861/861 862/862/862 863/863/863 
f 862/862/862 864/864/864 863/863/863 
f 863/863/863 864/864/864 865/865/865 
f 864/864/864 866/866/866 865/865/865 
f 865/865/865 866/866/866 867/867/867 
f 866/866/866 868/868/868 867/867/867 
f 867/867/867 868/868/868 869/869/869 
f 868/868/868 806/806/806 869/869/869 
f 869/869/869 806/806/806 869/869/869 
f 806/806/806 807/807/807 869/869/869 
f 869/869/869 807/807/807 870/870/870 
f 807/807/807 807/807/807 870/870/870 
f 870/870/870 807/807/807 871/871/871 
f 807/807/807 809/809/809 871/871/871 
f 871/871/871 809/809/809 872/872/872 
f 809/809/809 811/811/811 872/872/872 
f 872/872/872 811/811/811 873/873/873 
f 811/811/811 813/813/813 873/873/873 
f 873/873/873 813/813/813 874/874/874 
f 813/813/813 815/815/815 874/874/874 
f 874/874/874 815/815/815 875/875/875 
f 815/815/815 817/817/817 875/875/875 
f 875/875/875 817/817/817 876/876/876 
f 817/817/817 819/819/819 876/876/876 
f 876/876/876 819/819/819 877/877/877 
f 819/819/819 821/821/821 877/877/877 
f 877/877/877 821/821/821 878/878/878 
f 821/821/821 823/823/823 878/878/878 
f 878/878/878 823/823/823 879/879/879 
f 823/823/823 825/825/825 879/879/879 
f 879/879/879 825/825/825 880/880/880 
f 825/825/825 827/827/827 880/880/880 
f 880/880/880 827/827/827 881/881/881 
f 827/827/827 829/829/829 881/881/881 
f 881/881/881 829/829/829 882/882/882 
f 829/829/829 831/831/831 882/882/882 
f 882/882/882 831/831/831 883/883/883 
f 831/831/831 833/833/833 883/883/883 
f 883/883/883 833/833/833 884/884/884 
f 833/833/833 835/835/835 884/884/884 
f 884/884/884 835/835/835 885/885/885 
f 835/835/835 837/837/837 885/885/885 
f 885/885/885 837/837/837 886/886/886 
f 837/837/837 839/839/839 886/886/886 
f 886/886/886 839/839/839 887/887/887 
f 839/839/839 841/841/841 887/887/887 
f 887/887/887 841/841/841 888/888/888 
f 841/841/841 843/843/843 888/888/888 
f 888/888/888 843/843/843 889/889/889 
f 843/843/843 845/845/845 889/889/889 
f 889/889/889 845/845/845 890/890/890 
f 845/845/845 847/847/847 890/890/890 
f 890/890/890 847/847/847 891/891/891 
f 847/847/847 849/849/849 891/891/891 
f 891/891/891 849/849/849 892/892/892 
f 849/849/849 851/851/851 892/892/892 
f 892/892/892 851/851/851 893/893/893 
f 851/851/851 853/853/853 893/893/893 
f 893/893/893 853/853/853 894/894/894 
f 853/853/853 855/855/855 894/894/894 
f 894/894/894 855/855/855 895/895/895 
f 855/855/855 857/857/857 895/895/895 
f 895/895/895 857/857/857 896/896/896 
f 857/857/857 859/859/859 896/896/896 
f 896/896/896 859/859/859 897/897/897 
f 859/859/859 861/861/861 897/897/897 
f 897/897/897 861/861/861 898/898/898 
f 861/861/861 863/863/863 898/898/898 
f 898/898/898 863/863/863 899/899/899 
f 863/863/863 865/865/865 899/899/899 
f 899/899/899 865/865/865 900/900/900 
f 865/865/865 867/867/867 900/900/900 
f 900/900/900 867/867/867 901/901/901 
f 867/867/867 869/869/869 901/901/901 
f 901/901/901 869/869/869 870/870/870 
f 869/869/869 870/870/870 870/870/870 
f 870/870/870 870/870/870 902/902/902 
f 870/870/870 902/902/902 902/902/902 
f 902/902/902 902/902/902 903/903/903 
f 902/902/902 904/904/904 903/903/903 
f 903/903/903 904/904/904 903/903/903 
f 904/904/904 905/905/905 903/903/903 
f 903/903/903 905/905/905 906/906/906 
f 905/905/905 907/907/907 906/906/906 
f 906/906/906 907/907/907 908/908/908 
f 907/907/907 909/909/909 908/908/908 
f 908/908/908 909/909/909 910/910/910 
f 909/909/909 911/911/911 910/910/910 
f 910/910/910 911/911/911 912/912/912 
f 911/911/911 911/911/911 912/912/912 
f 912/912/912 911/911/911 913/913/913 
f 911/911/911 914/914/914 913/913/913 
f 913/913/913 914/914/914 915/915/915 
f 914/914/914 916/916/916 915/915/915 
f 915/915/915 916/916/916 917/917/917 
f 916/916/916 918/918/918 917/917/917 
f 917/917/917 918/918/918 917/917/917 
f 918/918/918 919/919/919 917/917/917 
f 917/917/917 919/919/919 920/920/920 
f 919/919/919 921/921/921 920/920/920 
f 920/920/920 921/921/921 922/922/922 
f 921/921/921 923/923/923 922/922/922 
f 922/922/922 923/923/923 924/924/924 
f 923/923/923 923/923/923 924/924/924 
f 924/924/924 923/923/923 925/925/925 
f 923/923/923 926/926/926 925/925/925 
f 925/925/925 926/926/926 927/927/927 
f 926/926/926 928/928/928 927/927/927 
f 927/927/927 928/928/928 929/929/929 
f 928/928/928 930/930/930 929/929/929 
f 929/929/929 930/930/930 931/931/931 
f 930/930/930 932/932/932 931/931/931 
f 931/931/931 932/932/932 933/933/933 
f 932/932/932 934/934/934 933/933/933 
f 933/933/933 934/934/934 935/935/935 
f 934/934/934 936/936/936 935/935/935 
f 935/935/935 936/936/936 937/937/937 
f 936/936/936 938/938/938 937/937/937 
f 937/937/937 938/938/938 939/939/939 
f 938/938/938 940/940/940 939/939/939 
f 939/939/939 940/940/940 941/941/941 
f 940/940/940 942/942/942 941/941/941 
f 941/941/941 942/942/942 943/943/943 
f 942/942/942 944/944/944 943/943/943 
f 943/943/943 944/944/944 945/945/945 
f 944/944/944 946/946/946 945/945/945 
f 945/945/945 946/946/946 947/947/947 
f 946/946/946 948/948/948 947/947/947 
f 947/947/947 948/948/948 949/949/949 
f 948/948/948 950/950/950 949/949/949 
f 949/949/949 950/950/950 951/951/951 
f 950/950/950 952/952/952 951/951/951 
f 951/951/951 952/952/952 951/951/951 
f 952/952/952 953/953/953 951/951/951 
f 951/951/951 953/953/953 954/954/954 
f 953/953/953 955/955/955 954/954/954 
f 954/954/954 955/955/955 956/956/956 
f 955/955/955 957/957/957 956/956/956 
f 956/956/956 957/957/957 958/958/958 
f 957/957/957 959/959/959 958/958/958 
f 958/958/958 959/959/959 960/960/960 
f 959/959/959 961/961/961 960/960/960 
f 960/960/960 961/961/961 962/962/962 
f 961/961/961 963/963/963 962/962/962 
f 962/962/962 963/963/963 964/964/964 
f 963/963/963 965/965/965 964/964/964 
f 964/964/964 965/965/965 902/902/902 
f 965/965/965 904/904/904 902/902/902 
f 902/902/902 904/904/904 904/904/904 
f 904/904/904 966/966/966 904/904/904 
f 904/904/904 966/966/966 966/966/966 
f 966/966/966 967/967/967 966/966/966 
f 966/966/966 967/967/967 968/968/968 
f 967/967/967 969/969/969 968/968/968 
f 968/968/968 969/969/969 970/970/970 
f 969/969/969 971/971/971 970/970/970 
f 970/970/970 971/971/971 972/972/972 
f 971/971/971 973/973/973 972/972/972 
f 972/972/972 973/973/973 974/974/974 
f 973/973/973 975/975/975 974/974/974 
f 974/974/974 975/975/975 976/976/976 
f 975/975/975 977/977/977 976/976/976 
f 976/976/976 977/977/977 978/978/978 
f 977/977/977 979/979/979 978/978/978 
f 978/978/978 979/979/979 980/980/980 
f 979/979/979 980/980/980 980/980/980 
f 980/980/980 980/980/980 967/967/967 
f 980/980/980 967/967/967 967/967/967 
f 967/967/967 967/967/967 981/981/981 
f 967/967/967 966/966/966 981/981/981 
f 981/981/981 966/966/966 981/981/981 
f 966/966/966 982/982/982 981/981/981 
f 981/981/981 982/982/982 983/983/983 
f 982/982/982 983/983/983 983/983/983 
f 983/983/983 983/983/983 984/984/984 
f 983/983/983 984/984/984 984/984/984 
f 984/984/984 984/984/984 985/985/985 
f 984/984/984 986/986/986 985/985/985 
f 985/985/985 986/986/986 987/987/987 
f 986/986/986 988/988/988 987/987/987 
f 987/987/987 988/988/988 989/989/989 
f 988/988/988 990/990/990 989/989/989 
f 989/989/989 990/990/990 991/991/991 
f 990/990/990 992/992/992 991/991/991 
f 991/991/991 992/992/992 993/993/993 
f 992/992/992 994/994/994 993/993/993 
f 993/993/993 994/994/994 995/995/995 
f 994/994/994 996/996/996 995/995/995 
f 995/995/995 996/996/996 997/997/997 
f 996/996/996 998/998/998 997/997/997 
f 997/997/997 998/998/998 999/999/999 
f 998/998/998 1000/1000/1000 999/999/999 
f 999/999/999 1000/1000/1000 1001/1001/1001 
f 1000/1000/1000 1001/1001/1001 1001/1001/1001 
f 1001/1001/1001 1001/1001/1001 1002/1002/1002 
f 1001/1001/1001 1002/1002/1002 1002/1002/1002 
f 1002/1002/1002 1002/1002/1002 1003/1003/1003 
f 1002/1002/1002 1004/1004/1004 1003/1003/1003 
f 1003/1003/1003 1004/1004/1004 1003/1003/1003 
f 1004/1004/1004 1005/1005/1005 1003/1003/1003 
f 1003/1003/1003 1005/1005/1005 1006/1006/1006 
f 1005/1005/1005 1007/1007/1007 1006/1006/1006 
f 1006/1006/1006 1007/1007/1007 1008/1008/1008 
f 1007/1007/1007 1009/1009/1009 1008/1008/1008 
f 1008/1008/1008 1009/1009/1009 1010/1010/1010 
f 1009/1009/1009 1011/1011/1011 1010/1010/1010 
f 1010/1010/1010 1011/1011/1011 1012/1012/1012 
f 1011/1011/1011 1013/1013/1013 1012/1012/1012 
f 1012/1012/1012 1013/1013/1013 1014/1014/1014 
f 1013/1013/1013 1015/1015/1015 1014/1014/1014 
f 1014/1014/1014 1015/1015/1015 1016/1016/1016 
f 1015/1015/1015 1017/1017/1017 1016/1016/1016 
f 1016/1016/1016 1017/1017/1017 1018/1018/1018 
f 1017/1017/1017 1018/1018/1018 1018/1018/1018 
f 1018/1018/1018 1018/1018/1018 1002/1002/1002 
f 1018/1018/1018 1002/1002/1002 1002/1002/1002 
f 1002/1002/1002 1002/1002/1002 1004/1004/1004 
f 1002/1002/1002 1019/1019/1019 1004/1004/1004 
f 1004/1004/1004 1019/1019/1019 1019/1019/1019 
f 1019/1019/1019 1020/1020/1020 1019/1019/1019 
f 1019/1019/1019 1020/1020/1020 1020/1020/1020 
f 1020/1020/1020 1021/1021/1021 1020/1020/1020 
f 1020/1020/1020 1021/1021/1021 1022/1022/1022 
f 1021/1021/1021 1021/1021/1021 1022/1022/1022 
f 1022/1022/1022 1021/1021/1021 1023/1023/1023 
f 1021/1021/1021 1024/1024/1024 1023/1023/1023 
f 1023/1023/1023 1024/1024/1024 1025/1025/1025 
f 1024/1024/1024 1026/1026/1026 1025/1025/1025 
f 1025/1025/1025 1026/1026/1026 1027/1027/1027 
f 1026/1026/1026 1028/1028/1028 1027/1027/1027 
f 1027/1027/1027 1028/1028/1028 1029/1029/1029 
f 1028/1028/1028 1030/1030/1030 1029/1029/1029 
f 1029/1029/1029 1030/1030/1030 1031/1031/1031 
f 1030/1030/1030 1032/1032/1032 1031/1031/1031 
f 1031/1031/1031 1032/1032/1032 1033/1033/1033 
f 1032/1032/1032 1034/1034/1034 1033/1033/1033 
f 1033/1033/1033 1034/1034/1034 1035/1035/1035 
f 1034/1034/1034 1036/1036/1036 1035/1035/1035 
f 1035/1035/1035 1036/1036/1036 1037/1037/1037 
f 1036/1036/1036 1037/1037/1037 1037/1037/1037 
f 1037/1037/1037 1037/1037/1037 1038/1038/1038 
f 1037/1037/1037 1038/1038/1038 1038/1038/1038 
f 1038/1038/1038 1038/1038/1038 1039/1039/1039 
f 1038/1038/1038 1040/1040/1040 1039/1039/1039 
f 1039/1039/1039 1040/1040/1040 1041/1041/1041 
f 1040/1040/1040 1042/1042/1042 1041/1041/1041 
f 1041/1041/1041 1042/1042/1042 1043/1043/1043 
f 1042/1042/1042 1044/1044/1044 1043/1043/1043 
f 1043/1043/1043 1044/1044/1044 1045/1045/1045 
f 1044/1044/1044 1046/1046/1046 1045/1045/1045 
f 1045/1045/1045 1046/1046/1046 1047/1047/1047 
f 1046/1046/1046 1048/1048/1048 1047/1047/1047 
f 1047/1047/1047 1048/1048/1048 1049/1049/1049 
f 1048/1048/1048 1050/1050/1050 1049/1049/1049 
f 1049/1049/1049 1050/1050/1050 1051/1051/1051 
f 1050/1050/1050 1052/1052/1052 1051/1051/1051 
f 1051/1051/1051 1052/1052/1052 1053/1053/1053 
f 1052/1052/1052 1054/1054/1054 1053/1053/1053 
f 1053/1053/1053 1054/1054/1054 1055/1055/1055 
f 1054/1054/1054 1056/1056/1056 1055/1055/1055 
f 1055/1055/1055 1056/1056/1056 1057/1057/1057 
f 1056/1056/1056 1058/1058/1058 1057/1057/1057 
f 1057/1057/1057 1058/1058/1058 1059/1059/1059 
f 1058/1058/1058 1060/1060/1060 1059/1059/1059 
f 1059/1059/1059 1060/1060/1060 1061/1061/1061 
f 1060/1060/1060 1062/1062/1062 1061/1061/1061 
f 1061/1061/1061 1062/1062/1062 1063/1063/1063 
f 1062/1062/1062 1064/1064/1064 1063/1063/1063 
f 1063/1063/1063 1064/1064/1064 1065/1065/1065 
f 1064/1064/1064 1066/1066/1066 1065/1065/1065 
f 1065/1065/1065 1066/1066/1066 1067/1067/1067 
f 1066/1066/1066 1068/1068/1068 1067/1067/1067 
f 1067/1067/1067 1068/1068/1068 1069/1069/1069 
f 1068/1068/1068 1070/1070/1070 1069/1069/1069 
f 1069/1069/1069 1070/1070/1070 1071/1071/1071 
f 1070/1070/1070 1072/1072/1072 1071/1071/1071 
f 1071/1071/1071 1072/1072/1072 1073/1073/1073 
f 1072/1072/1072 1074/1074/1074 1073/1073/1073 
f 1073/1073/1073 1074/1074/1074 1075/1075/1075 
f 1074/1074/1074 1076/1076/1076 1075/1075/1075 
f 1075/1075/1075 1076/1076/1076 1077/1077/1077 
f 1076/1076/1076 1078/1078/1078 1077/1077/1077 
f 1077/1077/1077 1078/1078/1078 1079/1079/1079 
f 1078/1078/1078 1080/1080/1080 1079/1079/1079 
f 1079/1079/1079 1080/1080/1080 1081/1081/1081 
f 1080/1080/1080 1082/1082/1082 1081/1081/1081 
f 1081/1081/1081 1082/1082/1082 1083/1083/1083 
f 1082/1082/1082 1084/1084/1084 1083/1083/1083 
f 1083/1083/1083 1084/1084/1084 1085/1085/1085 
f 1084/1084/1084 1086/1086/1086 1085/1085/1085 
f 1085/1085/1085 1086/1086/1086 1087/1087/1087 
f 1086/1086/1086 1088/1088/1088 1087/1087/1087 
f 1087/1087/1087 1088/1088/1088 1089/1089/1089 
f 1088/1088/1088 1090/1090/1090 1089/1089/1089 
f 1089/1089/1089 1090/1090/1090 1091/1091/1091 
f 1090/1090/1090 1092/1092/1092 1091/1091/1091 
f 1091/1091/1091 1092/1092/1092 1093/1093/1093 
f 1092/1092/1092 1094/1094/1094 1093/1093/1093 
f 1093/1093/1093 1094/1094/1094 1095/1095/1095 
f 1094/1094/1094 1096/1096/1096 1095/1095/1095 
f 1095/1095/1095 1096/1096/1096 1097/1097/1097 
f 1096/1096/1096 1098/1098/1098 1097/1097/1097 
f 1097/1097/1097 1098/1098/1098 1099/1099/1099 
f 1098/1098/1098 1100/1100/1100 1099/1099/1099 
f 1099/1099/1099 1100/1100/1100 1101/1101/1101 
f 1100/1100/1100 1038/1038/1038 1101/1101/1101 
f 1101/1101/1101 1038/1038/1038 1039/1039/1039 
f 1038/1038/1038 1039/1039/1039 1039/1039/1039 
f 1039/1039/1039 1039/1039/1039 1102/1102/1102 
f 1039/1039/1039 1102/1102/1102 1102/1102/1102 
f 1102/1102/1102 1102/1102/1102 1103/1103/1103 
f 1102/1102/1102 1104/1104/1104 1103/1103/1103 
f 1103/1103/1103 1104/1104/1104 1103/1103/1103 
f 1104/1104/1104 1105/1105/1105 1103/1103/1103 
f 1103/1103/1103 1105/1105/1105 1106/1106/1106 
f 1105/1105/1105 1107/1107/1107 1106/1106/1106 
f 1106/1106/1106 1107/1107/1107 1108/1108/1108 
f 1107/1107/1107 1109/1109/1109 1108/1108/1108 
f 1108/1108/1108 1109/1109/1109 1110/1110/1110 
f 1109/1109/1109 1111/1111/1111 1110/1110/1110 
f 1110/1110/1110 1111/1111/1111 1112/1112/1112 
f 1111/1111/1111 1113/1113/1113 1112/1112/1112 
f 1112/1112/1112 1113/1113/1113 1114/1114/1114 
f 1113/1113/1113 1115/1115/1115 1114/1114/1114 
f 1114/1114/1114 1115/1115/1115 1116/1116/1116 
f 1115/1115/1115 1117/1117/1117 1116/1116/1116 
f 1116/1116/1116 1117/1117/1117 1118/1118/1118 
f 1117/1117/1117 1119/1119/1119 1118/1118/1118 
f 1118/1118/1118 1119/1119/1119 1119/1119/1119 
f 1119/1119/1119 1120/1120/1120 1119/1119/1119 
f 1119/1119/1119 1120/1120/1120 1120/1120/1120 
f 1120/1120/1120 1121/1121/1121 1120/1120/1120 
f 1120/1120/1120 1121/1121/1121 1122/1122/1122 
f 1121/1121/1121 1123/1123/1123 1122/1122/1122 
f 1122/1122/1122 1123/1123/1123 1124/1124/1124 
f 1123/1123/1123 1125/1125/1125 1124/1124/1124 
f 1124/1124/1124 1125/1125/1125 1126/1126/1126 
f 1125/1125/1125 1127/1127/1127 1126/1126/1126 
f 1126/1126/1126 1127/1127/1127 1128/1128/1128 
f 1127/1127/1127 1129/1129/1129 1128/1128/1128 
f 1128/1128/1128 1129/1129/1129 1130/1130/1130 
f 1129/1129/1129 1131/1131/1131 1130/1130/1130 
f 1130/1130/1130 1131/1131/1131 1132/1132/1132 
f 1131/1131/1131 1133/1133/1133 1132/1132/1132 
f 1132/1132/1132 1133/1133/1133 1134/1134/1134 
f 1133/1133/1133 1135/1135/1135 1134/1134/1134 
f 1134/1134/1134 1135/1135/1135 1136/1136/1136 
f 1135/1135/1135 1137/1137/1137 1136/1136/1136 
f 1136/1136/1136 1137/1137/1137 1137/1137/1137 
f 1137/1137/1137 1138/1138/1138 1137/1137/1137 
f 1137/1137/1137 1138/1138/1138 1138/1138/1138 
f 1138/1138/1138 1139/1139/1139 1138/1138/1138 
f 1138/1138/1138 1139/1139/1139 1140/1140/1140 
f 1139/1139/1139 1141/1141/1141 1140/1140/1140 
f 1140/1140/1140 1141/1141/1141 1142/1142/1142 
f 1141/1141/1141 1143/1143/1143 1142/1142/1142 
f 1142/1142/1142 1143/1143/1143 1144/1144/1144 
f 1143/1143/1143 1145/1145/1145 1144/1144/1144 
f 1144/1144/1144 1145/1145/1145 1146/1146/1146 
f 1145/1145/1145 1147/1147/1147 1146/1146/1146 
f 1146/1146/1146 1147/1147/1147 1148/1148/1148 
f 1147/1147/1147 1149/1149/1149 1148/1148/1148 
f 1148/1148/1148 1149/1149/1149 1150/1150/1150 
f 1149/1149/1149 1151/1151/1151 1150/1150/1150 
f 1150/1150/1150 1151/1151/1151 1152/1152/1152 
f 1151/1151/1151 1153/1153/1153 1152/1152/1152 
f 1152/1152/1152 1153/1153/1153 1154/1154/1154 
f 1153/1153/1153 1155/1155/1155 1154/1154/1154 
f 1154/1154/1154 1155/1155/1155 1155/1155/1155 
f 1155/1155/1155 1156/1156/1156 1155/1155/1155 
f 1155/1155/1155 1156/1156/1156 1156/1156/1156 
f 1156/1156/1156 1157/1157/1157 1156/1156/1156 
f 1156/1156/1156 1157/1157/1157 1158/1158/1158 
f 1157/1157/1157 1159/1159/1159 1158/1158/1158 
f 1158/1158/1158 1159/1159/1159 1160/1160/1160 
f 1159/1159/1159 1161/1161/1161 1160/1160/1160 
f 1160/1160/1160 1161/1161/1161 1162/1162/1162 
f 1161/1161/1161 1163/1163/1163 1162/1162/1162 
f 1162/1162/1162 1163/1163/1163 1164/1164/1164 
f 1163/1163/1163 1165/1165/1165 1164/1164/1164 
f 1164/1164/1164 1165/1165/1165 1166/1166/1166 
f 1165/1165/1165 1167/1167/1167 1166/1166/1166 
f 1166/1166/1166 1167/1167/1167 1168/1168/1168 
f 1167/1167/1167 1169/1169/1169 1168/1168/1168 
f 1168/1168/1168 1169/1169/1169 1170/1170/1170 
f 1169/1169/1169 1171/1171/1171 1170/1170/1170 
f 1170/1170/1170 1171/1171/1171 1172/1172/1172 
f 1171/1171/1171 1173/1173/1173 1172/1172/1172 
f 1172/1172/1172 1173/1173/1173 1173/1173/1173 
f 1173/1173/1173 1174/1174/1174 1173/1173/1173 
f 1173/1173/1173 1174/1174/1174 1174/1174/1174 
f 1174/1174/1174 1175/1175/1175 1174/1174/1174 
f 1174/1174/1174 1175/1175/1175 1176/1176/1176 
f 1175/1175/1175 1175/1175/1175 1176/1176/1176 
f 1176/1176/1176 1175/1175/1175 1177/1177/1177 
f 1175/1175/1175 1178/1178/1178 1177/1177/1177 
f 1177/1177/1177 1178/1178/1178 1179/1179/1179 
f 1178/1178/1178 1180/1180/1180 1179/1179/1179 
f 1179/1179/1179 1180/1180/1180 1181/1181/1181 
f 1180/1180/1180 1182/1182/1182 1181/1181/1181 
f 1181/1181/1181 1182/1182/1182 1183/1183/1183 
f 1182/1182/1182 1184/1184/1184 1183/1183/1183 
f 1183/1183/1183 1184/1184/1184 1185/1185/1185 
f 1184/1184/1184 1186/1186/1186 1185/1185/1185 
f 1185/1185/1185 1186/1186/1186 1187/1187/1187 
f 1186/1186/1186 1188/1188/1188 1187/1187/1187 
f 1187/1187/1187 1188/1188/1188 1189/1189/1189 
f 1188/1188/1188 1190/1190/1190 1189/1189/1189 
f 1189/1189/1189 1190/1190/1190 1191/1191/1191 
f 1190/1190/1190 1192/1192/1192 1191/1191/1191 
f 1191/1191/1191 1192/1192/1192 1193/1193/1193 
f 1192/1192/1192 1194/1194/1194 1193/1193/1193 
f 1193/1193/1193 1194/1194/1194 1195/1195/1195 
f 1194/1194/1194 1196/1196/1196 1195/1195/1195 
f 1195/1195/1195 1196/1196/1196 1197/1197/1197 
f 1196/1196/1196 1198/1198/1198 1197/1197/1197 
f 1197/1197/1197 1198/1198/1198 1199/1199/1199 
f 1198/1198/1198 1200/1200/1200 1199/1199/1199 
f 1199/1199/1199 1200/1200/1200 1201/1201/1201 
f 1200/1200/1200 1202/1202/1202 1201/1201/1201 
f 1201/1201/1201 1202/1202/1202 1203/1203/1203 
f 1202/1202/1202 1204/1204/1204 1203/1203/1203 
f 1203/1203/1203 1204/1204/1204 1205/1205/1205 
f 1204/1204/1204 1206/1206/1206 1205/1205/1205 
f 1205/1205/1205 1206/1206/1206 1207/1207/1207 
f 1206/1206/1206 1208/1208/1208 1207/1207/1207 
f 1207/1207/1207 1208/1208/1208 1209/1209/1209 
f 1208/1208/1208 1210/1210/1210 1209/1209/1209 
f 1209/1209/1209 1210/1210/1210 1211/1211/1211 
f 1210/1210/1210 1212/1212/1212 1211/1211/1211 
f 1211/1211/1211 1212/1212/1212 1213/1213/1213 
f 1212/1212/1212 1214/1214/1214 1213/1213/1213 
f 1213/1213/1213 1214/1214/1214 1215/1215/1215 
f 1214/1214/1214 1216/1216/1216 1215/1215/1215 
f 1215/1215/1215 1216/1216/1216 1217/1217/1217 
f 1216/1216/1216 1218/1218/1218 1217/1217/1217 
f 1217/1217/1217 1218/1218/1218 1219/1219/1219 
f 1218/1218/1218 1220/1220/1220 1219/1219/1219 
f 1219/1219/1219 1220/1220/1220 1221/1221/1221 
f 1220/1220/1220 1222/1222/1222 1221/1221/1221 
f 1221/1221/1221 1222/1222/1222 1223/1223/1223 
f 1222/1222/1222 1224/1224/1224 1223/1223/1223 
f 1223/1223/1223 1224/1224/1224 1225/1225/1225 
f 1224/1224/1224 1226/1226/1226 1225/1225/1225 
f 1225/1225/1225 1226/1226/1226 1227/1227/1227 
f 1226/1226/1226 1228/1228/1228 1227/1227/1227 
f 1227/1227/1227 1228/1228/1228 1229/1229/1229 
f 1228/1228/1228 1230/1230/1230 1229/1229/1229 
f 1229/1229/1229 1230/1230/1230 1231/1231/1231 
f 1230/1230/1230 1232/1232/1232 1231/1231/1231 
f 1231/1231/1231 1232/1232/1232 1233/1233/1233 
f 1232/1232/1232 1234/1234/1234 1233/1233/1233 
f 1233/1233/1233 1234/1234/1234 1235/1235/1235 
f 1234/1234/1234 1236/1236/1236 1235/1235/1235 
f 1235/1235/1235 1236/1236/1236 1237/1237/1237 
f 1236/1236/1236 1174/1174/1174 1237/1237/1237 
f 1237/1237/1237 1174/1174/1174 1176/1176/1176 
f 1174/1174/1174 1176/1176/1176 1176/1176/1176 
f 1176/1176/1176 1176/1176/1176 1238/1238/1238 
f 1176/1176/1176 1238/1238/1238 1238/1238/1238 
f 1238/1238/1238 1238/1238/1238 1239/1239/1239 
f 1238/1238/1238 1240/1240/1240 1239/1239/1239 
f 1239/1239/1239 1240/1240/1240 1241/1241/1241 
f 1240/1240/1240 1242/1242/1242 1241/1241/1241 
f 1241/1241/1241 1242/1242/1242 1243/1243/1243 
f 1242/1242/1242 1244/1244/1244 1243/1243/1243 
f 1243/1243/1243 1244/1244/1244 1245/1245/1245 
f 1244/1244/1244 1246/1246/1246 1245/1245/1245 
f 1245/1245/1245 1246/1246/1246 1245/1245/1245 
f 1246/1246/1246 1247/1247/1247 1245/1245/1245 
f 1245/1245/1245 1247/1247/1247 1245/1245/1245 
f 1247/1247/1247 1248/1248/1248 1245/1245/1245 
f 1245/1245/1245 1248/1248/1248 1245/1245/1245 
f 1248/1248/1248 1249/1249/1249 1245/1245/1245 
f 1245/1245/1245 1249/1249/1249 1243/1243/1243 
f 1249/1249/1249 1250/1250/1250 1243/1243/1243 
f 1243/1243/1243 1250/1250/1250 1241/1241/1241 
f 1250/1250/1250 1251/1251/1251 1241/1241/1241 
f 1241/1241/1241 1251/1251/1251 1239/1239/1239 
f 1251/1251/1251 1252/1252/1252 1239/1239/1239 
f 1239/1239/1239 1252/1252/1252 1252/1252/1252 
f 1252/1252/1252 1253/1253/1253 1252/1252/1252 
f 1252/1252/1252 1253/1253/1253 1253/1253/1253 
f 1253/1253/1253 1254/1254/1254 1253/1253/1253 
f 1253/1253/1253 1254/1254/1254 1255/1255/1255 
f 1254/1254/1254 1256/1256/1256 1255/1255/1255 
f 1255/1255/1255 1256/1256/1256 1255/1255/1255 
f 1256/1256/1256 1257/1257/1257 1255/1255/1255 
f 1255/1255/1255 1257/1257/1257 1258/1258/1258 
f 1257/1257/1257 1259/1259/1259 1258/1258/1258 
f 1258/1258/1258 1259/1259/1259 1260/1260/1260 
f 1259/1259/1259 1261/1261/1261 1260/1260/1260 
f 1260/1260/1260 1261/1261/1261 1262/1262/1262 
f 1261/1261/1261 1263/1263/1263 1262/1262/1262 
f 1262/1262/1262 1263/1263/1263 1264/1264/1264 
f 1263/1263/1263 1263/1263/1263 1264/1264/1264 
f 1264/1264/1264 1263/1263/1263 1265/1265/1265 
f 1263/1263/1263 1266/1266/1266 1265/1265/1265 
f 1265/1265/1265 1266/1266/1266 1266/1266/1266 
f 1266/1266/1266 1267/1267/1267 1266/1266/1266 
f 1266/1266/1266 1267/1267/1267 1267/1267/1267 
f 1267/1267/1267 1268/1268/1268 1267/1267/1267 
f 1267/1267/1267 1268/1268/1268 1269/1269/1269 
f 1268/1268/1268 1270/1270/1270 1269/1269/1269 
f 1269/1269/1269 1270/1270/1270 1269/1269/1269 
f 1270/1270/1270 1271/1271/1271 1269/1269/1269 
f 1269/1269/1269 1271/1271/1271 1272/1272/1272 
f 1271/1271/1271 1273/1273/1273 1272/1272/1272 
f 1272/1272/1272 1273/1273/1273 1274/1274/1274 
f 1273/1273/1273 1275/1275/1275 1274/1274/1274 
f 1274/1274/1274 1275/1275/1275 1276/1276/1276 
f 1275/1275/1275 1277/1277/1277 1276/1276/1276 
f 1276/1276/1276 1277/1277/1277 1278/1278/1278 
f 1277/1277/1277 1277/1277/1277 1278/1278/1278 
f 1278/1278/1278 1277/1277/1277 1279/1279/1279 
f 1277/1277/1277 1280/1280/1280 1279/1279/1279 
f 1279/1279/1279 1280/1280/1280 1280/1280/1280 
f 1280/1280/1280 1281/1281/1281 1280/1280/1280 
f 1280/1280/1280 1281/1281/1281 1281/1281/1281 
f 1281/1281/1281 1282/1282/1282 1281/1281/1281 
f 1281/1281/1281 1282/1282/1282 1283/1283/1283 
f 1282/1282/1282 1284/1284/1284 1283/1283/1283 
f 1283/1283/1283 1284/1284/1284 1283/1283/1283 
f 1284/1284/1284 1285/1285/1285 1283/1283/1283 
f 1283/1283/1283 1285/1285/1285 1286/1286/1286 
f 1285/1285/1285 1287/1287/1287 1286/1286/1286 
f 1286/1286/1286 1287/1287/1287 1288/1288/1288 
f 1287/1287/1287 1289/1289/1289 1288/1288/1288 
f 1288/1288/1288 1289/1289/1289 1290/1290/1290 
f 1289/1289/1289 1291/1291/1291 1290/1290/1290 
f 1290/1290/1290 1291/1291/1291 1292/1292/1292 
f 1291/1291/1291 1291/1291/1291 1292/1292/1292 
f 1292/1292/1292 1291/1291/1291 1293/1293/1293 
f 1291/1291/1291 1294/1294/1294 1293/1293/1293 
f 1293/1293/1293 1294/1294/1294 1294/1294/1294 
f 1294/1294/1294 1295/1295/1295 1294/1294/1294 
f 1294/1294/1294 1295/1295/1295 1295/1295/1295 
f 1295/1295/1295 1296/1296/1296 1295/1295/1295 
f 1295/1295/1295 1296/1296/1296 1297/1297/1297 
f 1296/1296/1296 1298/1298/1298 1297/1297/1297 
f 1297/1297/1297 1298/1298/1298 1297/1297/1297 
f 1298/1298/1298 1299/1299/1299 1297/1297/1297 
f 1297/1297/1297 1299/1299/1299 1300/1300/1300 
f 1299/1299/1299 1301/1301/1301 1300/1300/1300 
f 1300/1300/1300 1301/1301/1301 1302/1302/1302 
f 1301/1301/1301 1303/1303/1303 1302/1302/1302 
f 1302/1302/1302 1303/1303/1303 1304/1304/1304 
f 1303/1303/1303 1305/1305/1305 1304/1304/1304 
f 1304/1304/1304 1305/1305/1305 1306/1306/1306 
f 1305/1305/1305 1305/1305/1305 1306/1306/1306 
f 1306/1306/1306 1305/1305/1305 1307/1307/1307 
f 1305/1305/1305 1308/1308/1308 1307/1307/1307 
f 1307/1307/1307 1308/1308/1308 1308/1308/1308 
f 1308/1308/1308 1309/1309/1309 1308/1308/1308 
f 1308/1308/1308 1309/1309/1309 1309/1309/1309 
f 1309/1309/1309 1310/1310/1310 1309/1309/1309 
f 1309/1309/1309 1310/1310/1310 1311/1311/1311 
f 1310/1310/1310 1312/1312/1312 1311/1311/1311 
f 1311/1311/1311 1312/1312/1312 1313/1313/1313 
f 1312/1312/1312 1312/1312/1312 1313/1313/1313 
f 1313/1313/1313 1312/1312/1312 1314/1314/1314 
f 1312/1312/1312 1312/1312/1312 1314/1314/1314 
f 1314/1314/1314 1312/1312/1312 1315/1315/1315 
f 1312/1312/1312 1316/1316/1316 1315/1315/1315 
f 1315/1315/1315 1316/1316/1316 1315/1315/1315 
f 1316/1316/1316 1317/1317/1317 1315/1315/1315 
f 1315/1315/1315 1317/1317/1317 1318/1318/1318 
f 1317/1317/1317 1319/1319/1319 1318/1318/1318 
f 1318/1318/1318 1319/1319/1319 1318/1318/1318 
f 1319/1319/1319 1320/1320/1320 1318/1318/1318 
f 1318/1318/1318 1320/1320/1320 1318/1318/1318 
f 1320/1320/1320 1321/1321/1321 1318/1318/1318 
f 1318/1318/1318 1321/1321/1321 1318/1318/1318 
f 1321/1321/1321 1322/1322/1322 1318/1318/1318 
f 1318/1318/1318 1322/1322/1322 1315/1315/1315 
f 1322/1322/1322 1314/1314/1314 1315/1315/1315 
f 1315/1315/1315 1314/1314/1314 1314/1314/1314 
f 1314/1314/1314 1312/1312/1312 1314/1314/1314 
f 1314/1314/1314 1312/1312/1312 1312/1312/1312 
f 1312/1312/1312 1310/1310/1310 1312/1312/1312 
f 1312/1312/1312 1310/1310/1310 1316/1316/1316 
f 1310/1310/1310 1316/1316/1316 1316/1316/1316 
f 1316/1316/1316 1316/1316/1316 1313/1313/1313 
f 1316/1316/1316 1313/1313/1313 1313/1313/1313 
f 1313/1313/1313 1313/1313/1313 1311/1311/1311 
f 1313/1313/1313 1323/1323/1323 1311/1311/1311 
f 1311/1311/1311 1323/1323/1323 1323/1323/1323 
f 1323/1323/1323 1324/1324/1324 1323/1323/1323 
f 1323/1323/1323 1324/1324/1324 1324/1324/1324 
f 1324/1324/1324 1325/1325/1325 1324/1324/1324 
f 1324/1324/1324 1325/1325/1325 1326/1326/1326 
f 1325/1325/1325 1327/1327/1327 1326/1326/1326 
f 1326/1326/1326 1327/1327/1327 1326/1326/1326 
f 1327/1327/1327 1328/1328/1328 1326/1326/1326 
f 1326/1326/1326 1328/1328/1328 1329/1329/1329 
f 1328/1328/1328 1330/1330/1330 1329/1329/1329 
f 1329/1329/1329 1330/1330/1330 1331/1331/1331 
f 1330/1330/1330 1332/1332/1332 1331/1331/1331 
f 1331/1331/1331 1332/1332/1332 1333/1333/1333 
f 1332/1332/1332 1334/1334/1334 1333/1333/1333 
f 1333/1333/1333 1334/1334/1334 1335/1335/1335 
f 1334/1334/1334 1334/1334/1334 1335/1335/1335 
f 1335/1335/1335 1334/1334/1334 1336/1336/1336 
f 1334/1334/1334 1337/1337/1337 1336/1336/1336 
f 1336/1336/1336 1337/1337/1337 1337/1337/1337 
f 1337/1337/1337 1338/1338/1338 1337/1337/1337 
f 1337/1337/1337 1338/1338/1338 1338/1338/1338 
f 1338/1338/1338 1339/1339/1339 1338/1338/1338 
f 1338/1338/1338 1339/1339/1339 1340/1340/1340 
f 1339/1339/1339 1341/1341/1341 1340/1340/1340 
f 1340/1340/1340 1341/1341/1341 1340/1340/1340 
f 1341/1341/1341 1342/1342/1342 1340/1340/1340 
f 1340/1340/1340 1342/1342/1342 1343/1343/1343 
f 1342/1342/1342 1344/1344/1344 1343/1343/1343 
f 1343/1343/1343 1344/1344/1344 1345/1345/1345 
f 1344/1344/1344 1346/1346/1346 1345/1345/1345 
f 1345/1345/1345 1346/1346/1346 1347/1347/1347 
f 1346/1346/1346 1348/1348/1348 1347/1347/1347 
f 1347/1347/1347 1348/1348/1348 1349/1349/1349 
f 1348/1348/1348 1348/1348/1348 1349/1349/1349 
f 1349/1349/1349 1348/1348/1348 1350/1350/1350 
f 1348/1348/1348 1351/1351/1351 1350/1350/1350 
f 1350/1350/1350 1351/1351/1351 1351/1351/1351 
f 1351/1351/1351 1352/1352/1352 1351/1351/1351 
f 1351/1351/1351 1352/1352/1352 1352/1352/1352 
f 1352/1352/1352 1353/1353/1353 1352/1352/1352 
f 1352/1352/1352 1353/1353/1353 1354/1354/1354 
f 1353/1353/1353 1355/1355/1355 1354/1354/1354 
f 1354/1354/1354 1355/1355/1355 1354/1354/1354 
f 1355/1355/1355 1356/1356/1356 1354/1354/1354 
f 1354/1354/1354 1356/1356/1356 1357/1357/1357 
f 1356/1356/1356 1358/1358/1358 1357/1357/1357 
f 1357/1357/1357 1358/1358/1358 1359/1359/1359 
f 1358/1358/1358 1360/1360/1360 1359/1359/1359 
f 1359/1359/1359 1360/1360/1360 1361/1361/1361 
f 1360/1360/1360 1362/1362/1362 1361/1361/1361 
f 1361/1361/1361 1362/1362/1362 1363/1363/1363 
f 1362/1362/1362 1362/1362/1362 1363/1363/1363 
f 1363/1363/1363 1362/1362/1362 1364/1364/1364 
f 1362/1362/1362 1365/1365/1365 1364/1364/1364 
f 1364/1364/1364 1365/1365/1365 1365/1365/1365 
f 1365/1365/1365 1366/1366/1366 1365/1365/1365 
f 1365/1365/1365 1366/1366/1366 1366/1366/1366 
f 1366/1366/1366 1367/1367/1367 1366/1366/1366 
f 1366/1366/1366 1367/1367/1367 1368/1368/1368 
f 1367/1367/1367 1369/1369/1369 1368/1368/1368 
f 1368/1368/1368 1369/1369/1369 1368/1368/1368 
f 1369/1369/1369 1370/1370/1370 1368/1368/1368 
f 1368/1368/1368 1370/1370/1370 1371/1371/1371 
f 1370/1370/1370 1372/1372/1372 1371/1371/1371 
f 1371/1371/1371 1372/1372/1372 1373/1373/1373 
f 1372/1372/1372 1374/1374/1374 1373/1373/1373 
f 1373/1373/1373 1374/1374/1374 1373/1373/1373 
f 1374/1374/1374 1375/1375/1375 1373/1373/1373 
f 1373/1373/1373 1375/1375/1375 1376/1376/1376 
f 1375/1375/1375 1377/1377/1377 1376/1376/1376 
f 1376/1376/1376 1377/1377/1377 1377/1377/1377 
f 1377/1377/1377 1378/1378/1378 1377/1377/1377 
f 1377/1377/1377 1378/1378/1378 1378/1378/1378 
f 1378/1378/1378 1379/1379/1379 1378/1378/1378 
f 1378/1378/1378 1379/1379/1379 1380/1380/1380 
f 1379/1379/1379 1381/1381/1381 1380/1380/1380 
f 1380/1380/1380 1381/1381/1381 1380/1380/1380 
f 1381/1381/1381 1382/1382/1382 1380/1380/1380 
f 1380/1380/1380 1382/1382/1382 1383/1383/1383 
f 1382/1382/1382 1373/1373/1373 1383/1383/1383 
f 1383/1383/1383 1373/1373/1373 1383/1383/1383 
f 1373/1373/1373 1376/1376/1376 1383/1383/1383 
f 1383/1383/1383 1376/1376/1376 1384/1384/1384 
f 1376/1376/1376 1376/1376/1376 1384/1384/1384 
f 1384/1384/1384 1376/1376/1376 1385/1385/1385 
f 1376/1376/1376 1377/1377/1377 1385/1385/1385 
f 1385/1385/1385 1377/1377/1377 1385/1385/1385 
f 1377/1377/1377 1386/1386/1386 1385/1385/1385 
f 1385/1385/1385 1386/1386/1386 1387/1387/1387 
f 1386/1386/1386 1388/1388/1388 1387/1387/1387 
f 1387/1387/1387 1388/1388/1388 1388/1388/1388 
f 1388/1388/1388 1384/1384/1384 1388/1388/1388 
f 1388/1388/1388 1384/1384/1384 1384/1384/1384 
f 1384/1384/1384 1389/1389/1389 1384/1384/1384 
f 1384/1384/1384 1389/1389/1389 1383/1383/1383 
f 1389/1389/1389 1389/1389/1389 1383/1383/1383 
f 1383/1383/1383 1389/1389/1389 1390/1390/1390 
f 1389/1389/1389 1389/1389/1389 1390/1390/1390 
f 1390/1390/1390 1389/1389/1389 1391/1391/1391 
f 1389/1389/1389 1392/1392/1392 1391/1391/1391 
f 1391/1391/1391 1392/1392/1392 1392/1392/1392 
f 1392/1392/1392 1387/1387/1387 1392/1392/1392 
f 1392/1392/1392 1387/1387/1387 1387/1387/1387 
f 1387/1387/1387 1393/1393/1393 1387/1387/1387 
f 1387/1387/1387 1393/1393/1393 1385/1385/1385 
f 1393/1393/1393 1393/1393/1393 1385/1385/1385 
f 1385/1385/1385 1393/1393/1393 1394/1394/1394 
f 1393/1393/1393 1395/1395/1395 1394/1394/1394 
f 1394/1394/1394 1395/1395/1395 1396/1396/1396 
f 1395/1395/1395 1395/1395/1395 1396/1396/1396 
f 1396/1396/1396 1395/1395/1395 1397/1397/1397 
f 1395/1395/1395 1398/1398/1398 1397/1397/1397 
f 1397/1397/1397 1398/1398/1398 1398/1398/1398 
f 1398/1398/1398 1399/1399/1399 1398/1398/1398 
f 1398/1398/1398 1399/1399/1399 1399/1399/1399 
f 1399/1399/1399 1400/1400/1400 1399/1399/1399 
f 1399/1399/1399 1400/1400/1400 1401/1401/1401 
f 1400/1400/1400 1402/1402/1402 1401/1401/1401 
f 1401/1401/1401 1402/1402/1402 1401/1401/1401 
f 1402/1402/1402 1403/1403/1403 1401/1401/1401 
f 1401/1401/1401 1403/1403/1403 1404/1404/1404 
f 1403/1403/1403 1405/1405/1405 1404/1404/1404 
f 1404/1404/1404 1405/1405/1405 1406/1406/1406 
f 1405/1405/1405 1407/1407/1407 1406/1406/1406 
f 1406/1406/1406 1407/1407/1407 1406/1406/1406 
f 1407/1407/1407 1408/1408/1408 1406/1406/1406 
f 1406/1406/1406 1408/1408/1408 1409/1409/1409 
f 1408/1408/1408 1410/1410/1410 1409/1409/1409 
f 1409/1409/1409 1410/1410/1410 1410/1410/1410 
f 1410/1410/1410 1409/1409/1409 1410/1410/1410 
f 1410/1410/1410 1409/1409/1409 1409/1409/1409 
f 1409/1409/1409 1411/1411/1411 1409/1409/1409 
f 1409/1409/1409 1411/1411/1411 1406/1406/1406 
f 1411/1411/1411 1411/1411/1411 1406/1406/1406 
f 1406/1406/1406 1411/1411/1411 1404/1404/1404 
f 1411/1411/1411 1412/1412/1412 1404/1404/1404 
f 1404/1404/1404 1412/1412/1412 1413/1413/1413 
f 1412/1412/1412 1412/1412/1412 1413/1413/1413 
f 1413/1413/1413 1412/1412/1412 1414/1414/1414 
f 1412/1412/1412 1412/1412/1412 1414/1414/1414 
f 1414/1414/1414 1412/1412/1412 1415/1415/1415 
f 1412/1412/1412 1416/1416/1416 1415/1415/1415 
f 1415/1415/1415 1416/1416/1416 1417/1417/1417 
f 1416/1416/1416 1417/1417/1417 1417/1417/1417 
f 1417/1417/1417 1417/1417/1417 1412/1412/1412 
f 1417/1417/1417 1412/1412/1412 1412/1412/1412 
f 1412/1412/1412 1412/1412/1412 1416/1416/1416 
f 1412/1412/1412 1411/1411/1411 1416/1416/1416 
f 1416/1416/1416 1411/1411/1411 1418/1418/1418 
f 1411/1411/1411 1409/1409/1409 1418/1418/1418 
f 1418/1418/1418 1409/1409/1409 1419/1419/1419 
f 1409/1409/1409 1410/1410/1410 1419/1419/1419 
f 1419/1419/1419 1410/1410/1410 1419/1419/1419 
f 1410/1410/1410 1420/1420/1420 1419/1419/1419 
f 1419/1419/1419 1420/1420/1420 1421/1421/1421 
f 1420/1420/1420 1422/1422/1422 1421/1421/1421 
f 1421/1421/1421 1422/1422/1422 1422/1422/1422 
f 1422/1422/1422 1421/1421/1421 1422/1422/1422 
f 1422/1422/1422 1421/1421/1421 1421/1421/1421 
f 1421/1421/1421 1423/1423/1423 1421/1421/1421 
f 1421/1421/1421 1423/1423/1423 1419/1419/1419 
f 1423/1423/1423 1423/1423/1423 1419/1419/1419 
f 1419/1419/1419 1423/1423/1423 1418/1418/1418 
f 1423/1423/1423 1424/1424/1424 1418/1418/1418 
f 1418/1418/1418 1424/1424/1424 1425/1425/1425 
f 1424/1424/1424 1424/1424/1424 1425/1425/1425 
f 1425/1425/1425 1424/1424/1424 1426/1426/1426 
f 1424/1424/1424 1427/1427/1427 1426/1426/1426 
f 1426/1426/1426 1427/1427/1427 1427/1427/1427 
f 1427/1427/1427 1428/1428/1428 1427/1427/1427 
f 1427/1427/1427 1428/1428/1428 1428/1428/1428 
f 1428/1428/1428 1429/1429/1429 1428/1428/1428 
f 1428/1428/1428 1429/1429/1429 1430/1430/1430 
f 1429/1429/1429 1431/1431/1431 1430/1430/1430 
f 1430/1430/1430 1431/1431/1431 1430/1430/1430 
f 1431/1431/1431 1432/1432/1432 1430/1430/1430 
f 1430/1430/1430 1432/1432/1432 1433/1433/1433 
f 1432/1432/1432 1434/1434/1434 1433/1433/1433 
f 1433/1433/1433 1434/1434/1434 1435/1435/1435 
f 1434/1434/1434 1436/1436/1436 1435/1435/1435 
f 1435/1435/1435 1436/1436/1436 1437/1437/1437 
f 1436/1436/1436 1438/1438/1438 1437/1437/1437 
f 1437/1437/1437 1438/1438/1438 1439/1439/1439 
f 1438/1438/1438 1438/1438/1438 1439/1439/1439 
f 1439/1439/1439 1438/1438/1438 1440/1440/1440 
f 1438/1438/1438 1441/1441/1441 1440/1440/1440 
f 1440/1440/1440 1441/1441/1441 1441/1441/1441 
f 1441/1441/1441 1442/1442/1442 1441/1441/1441 
f 1441/1441/1441 1442/1442/1442 1442/1442/1442 
f 1442/1442/1442 1443/1443/1443 1442/1442/1442 
f 1442/1442/1442 1443/1443/1443 1444/1444/1444 
f 1443/1443/1443 1445/1445/1445 1444/1444/1444 
f 1444/1444/1444 1445/1445/1445 1446/1446/1446 
f 1445/1445/1445 1447/1447/1447 1446/1446/1446 
f 1446/1446/1446 1447/1447/1447 1448/1448/1448 
f 1447/1447/1447 1449/1449/1449 1448/1448/1448 
f 1448/1448/1448 1449/1449/1449 1450/1450/1450 
f 1449/1449/1449 1449/1449/1449 1450/1450/1450 
f 1450/1450/1450 1449/1449/1449 1451/1451/1451 
f 1449/1449/1449 1449/1449/1449 1451/1451/1451 
f 1451/1451/1451 1449/1449/1449 1452/1452/1452 
f 1449/1449/1449 1449/1449/1449 1452/1452/1452 
f 1452/1452/1452 1449/1449/1449 1453/1453/1453 
f 1449/1449/1449 1447/1447/1447 1453/1453/1453 
f 1453/1453/1453 1447/1447/1447 1454/1454/1454 
f 1447/1447/1447 1445/1445/1445 1454/1454/1454 
f 1454/1454/1454 1445/1445/1445 1455/1455/1455 
f 1445/1445/1445 1443/1443/1443 1455/1455/1455 
f 1455/1455/1455 1443/1443/1443 1456/1456/1456 
f 1443/1443/1443 1456/1456/1456 1456/1456/1456 
f 1456/1456/1456 1456/1456/1456 1457/1457/1457 
f 1456/1456/1456 1457/1457/1457 1457/1457/1457 
f 1457/1457/1457 1457/1457/1457 1458/1458/1458 
f 1457/1457/1457 1459/1459/1459 1458/1458/1458 
f 1458/1458/1458 1459/1459/1459 1460/1460/1460 
f 1459/1459/1459 1459/1459/1459 1460/1460/1460 
f 1460/1460/1460 1459/1459/1459 1461/1461/1461 
f 1459/1459/1459 1462/1462/1462 1461/1461/1461 
f 1461/1461/1461 1462/1462/1462 1463/1463/1463 
f 1462/1462/1462 1464/1464/1464 1463/1463/1463 
f 1463/1463/1463 1464/1464/1464 1465/1465/1465 
f 1464/1464/1464 1466/1466/1466 1465/1465/1465 
f 1465/1465/1465 1466/1466/1466 1467/1467/1467 
f 1466/1466/1466 1468/1468/1468 1467/1467/1467 
f 1467/1467/1467 1468/1468/1468 1467/1467/1467 
f 1468/1468/1468 1469/1469/1469 1467/1467/1467 
f 1467/1467/1467 1469/1469/1469 1470/1470/1470 
f 1469/1469/1469 1470/1470/1470 1470/1470/1470 
f 1470/1470/1470 1470/1470/1470 1471/1471/1471 
f 1470/1470/1470 1471/1471/1471 1471/1471/1471 
f 1471/1471/1471 1471/1471/1471 1472/1472/1472 
f 1471/1471/1471 1473/1473/1473 1472/1472/1472 
f 1472/1472/1472 1473/1473/1473 1474/1474/1474 
f 1473/1473/1473 1473/1473/1473 1474/1474/1474 
f 1474/1474/1474 1473/1473/1473 1475/1475/1475 
f 1473/1473/1473 1476/1476/1476 1475/1475/1475 
f 1475/1475/1475 1476/1476/1476 1477/1477/1477 
f 1476/1476/1476 1478/1478/1478 1477/1477/1477 
f 1477/1477/1477 1478/1478/1478 1479/1479/1479 
f 1478/1478/1478 1480/1480/1480 1479/1479/1479 
f 1479/1479/1479 1480/1480/1480 1481/1481/1481 
f 1480/1480/1480 1482/1482/1482 1481/1481/1481 
f 1481/1481/1481 1482/1482/1482 1481/1481/1481 
f 1482/1482/1482 1483/1483/1483 1481/1481/1481 
f 1481/1481/1481 1483/1483/1483 1484/1484/1484 
f 1483/1483/1483 1484/1484/1484 1484/1484/1484 
f 1484/1484/1484 1484/1484/1484 1485/1485/1485 
f 1484/1484/1484 1485/1485/1485 1485/1485/1485 
f 1485/1485/1485 1485/1485/1485 1486/1486/1486 
f 1485/1485/1485 1487/1487/1487 1486/1486/1486 
f 1486/1486/1486 1487/1487/1487 1488/1488/1488 
f 1487/1487/1487 1487/1487/1487 1488/1488/1488 
f 1488/1488/1488 1487/1487/1487 1489/1489/1489 
f 1487/1487/1487 1490/1490/1490 1489/1489/1489 
f 1489/1489/1489 1490/1490/1490 1491/1491/1491 
f 1490/1490/1490 1492/1492/1492 1491/1491/1491 
f 1491/1491/1491 1492/1492/1492 1493/1493/1493 
f 1492/1492/1492 1494/1494/1494 1493/1493/1493 
f 1493/1493/1493 1494/1494/1494 1495/1495/1495 
f 1494/1494/1494 1496/1496/1496 1495/1495/1495 
f 1495/1495/1495 1496/1496/1496 1495/1495/1495 
f 1496/1496/1496 1497/1497/1497 1495/1495/1495 
f 1495/1495/1495 1497/1497/1497 1498/1498/1498 
f 1497/1497/1497 1498/1498/1498 1498/1498/1498 
f 1498/1498/1498 1498/1498/1498 1499/1499/1499 
f 1498/1498/1498 1499/1499/1499 1499/1499/1499 
f 1499/1499/1499 1499/1499/1499 1500/1500/1500 
f 1499/1499/1499 1501/1501/1501 1500/1500/1500 
f 1500/1500/1500 1501/1501/1501 1502/1502/1502 
f 1501/1501/1501 1501/1501/1501 1502/1502/1502 
f 1502/1502/1502 1501/1501/1501 1503/1503/1503 
f 1501/1501/1501 1504/1504/1504 1503/1503/1503 
f 1503/1503/1503 1504/1504/1504 1505/1505/1505 
f 1504/1504/1504 1506/1506/1506 1505/1505/1505 
f 1505/1505/1505 1506/1506/1506 1507/1507/1507 
f 1506/1506/1506 1508/1508/1508 1507/1507/1507 
f 1507/1507/1507 1508/1508/1508 1509/1509/1509 
f 1508/1508/1508 1510/1510/1510 1509/1509/1509 
f 1509/1509/1509 1510/1510/1510 1509/1509/1509 
f 1510/1510/1510 1511/1511/1511 1509/1509/1509 
f 1509/1509/1509 1511/1511/1511 1512/1512/1512 
f 1511/1511/1511 1512/1512/1512 1512/1512/1512 
f 1512/1512/1512 1512/1512/1512 1513/1513/1513 
f 1512/1512/1512 1513/1513/1513 1513/1513/1513 
f 1513/1513/1513 1513/1513/1513 1514/1514/1514 
f 1513/1513/1513 1515/1515/1515 1514/1514/1514 
f 1514/1514/1514 1515/1515/1515 1516/1516/1516 
f 1515/1515/1515 1517/1517/1517 1516/1516/1516 
f 1516/1516/1516 1517/1517/1517 1516/1516/1516 
f 1517/1517/1517 1518/1518/1518 1516/1516/1516 
f 1516/1516/1516 1518/1518/1518 1519/1519/1519 
f 1518/1518/1518 1520/1520/1520 1519/1519/1519 
f 1519/1519/1519 1520/1520/1520 1519/1519/1519 
f 1520/1520/1520 1521/1521/1521 1519/1519/1519 
f 1519/1519/1519 1521/1521/1521 1522/1522/1522 
f 1521/1521/1521 1521/1521/1521 1522/1522/1522 
f 1522/1522/1522 1521/1521/1521 1523/1523/1523 
f 1521/1521/1521 1521/1521/1521 1523/1523/1523 
f 1523/1523/1523 1521/1521/1521 1524/1524/1524 
f 1521/1521/1521 1521/1521/1521 1524/1524/1524 
f 1524/1524/1524 1521/1521/1521 1525/1525/1525 
f 1521/1521/1521 1520/1520/1520 1525/1525/1525 
f 1525/1525/1525 1520/1520/1520 1520/1520/1520 
f 1520/1520/1520 1514/1514/1514 1520/1520/1520 
f 1520/1520/1520 1514/1514/1514 1514/1514/1514 
f 1514/1514/1514 1516/1516/1516 1514/1514/1514 
f 1514/1514/1514 1516/1516/1516 1526/1526/1526 
f 1516/1516/1516 1519/1519/1519 1526/1526/1526 
f 1526/1526/1526 1519/1519/1519 1522/1522/1522 
f 1519/1519/1519 1522/1522/1522 1522/1522/1522 
f 1522/1522/1522 1522/1522/1522 1517/1517/1517 
f 1522/1522/1522 1517/1517/1517 1517/1517/1517 
f 1517/1517/1517 1517/1517/1517 1527/1527/1527 
f 1517/1517/1517 1515/1515/1515 1527/1527/1527 
f 1527/1527/1527 1515/1515/1515 1515/1515/1515 
f 1515/1515/1515 1528/1528/1528 1515/1515/1515 
f 1515/1515/1515 1528/1528/1528 1528/1528/1528 
f 1528/1528/1528 1529/1529/1529 1528/1528/1528 
f 1528/1528/1528 1529/1529/1529 1530/1530/1530 
f 1529/1529/1529 1529/1529/1529 1530/1530/1530 
f 1530/1530/1530 1529/1529/1529 1531/1531/1531 
f 1529/1529/1529 1529/1529/1529 1531/1531/1531 
f 1531/1531/1531 1529/1529/1529 1532/1532/1532 
f 1529/1529/1529 1533/1533/1533 1532/1532/1532 
f 1532/1532/1532 1533/1533/1533 1534/1534/1534 
f 1533/1533/1533 1535/1535/1535 1534/1534/1534 
f 1534/1534/1534 1535/1535/1535 1536/1536/1536 
f 1535/1535/1535 1537/1537/1537 1536/1536/1536 
f 1536/1536/1536 1537/1537/1537 1538/1538/1538 
f 1537/1537/1537 1539/1539/1539 1538/1538/1538 
f 1538/1538/1538 1539/1539/1539 1538/1538/1538 
f 1539/1539/1539 1540/1540/1540 1538/1538/1538 
f 1538/1538/1538 1540/1540/1540 1541/1541/1541 
f 1540/1540/1540 1541/1541/1541 1541/1541/1541 
f 1541/1541/1541 1541/1541/1541 1542/1542/1542 
f 1541/1541/1541 1542/1542/1542 1542/1542/1542 
f 1542/1542/1542 1542/1542/1542 1543/1543/1543 
f 1542/1542/1542 1544/1544/1544 1543/1543/1543 
f 1543/1543/1543 1544/1544/1544 1545/1545/1545 
f 1544/1544/1544 1544/1544/1544 1545/1545/1545 
f 1545/1545/1545 1544/1544/1544 1546/1546/1546 
f 1544/1544/1544 1547/1547/1547 1546/1546/1546 
f 1546/1546/1546 1547/1547/1547 1548/1548/1548 
f 1547/1547/1547 1549/1549/1549 1548/1548/1548 
f 1548/1548/1548 1549/1549/1549 1550/1550/1550 
f 1549/1549/1549 1551/1551/1551 1550/1550/1550 
f 1550/1550/1550 1551/1551/1551 1552/1552/1552 
f 1551/1551/1551 1553/1553/1553 1552/1552/1552 
f 1552/1552/1552 1553/1553/1553 1552/1552/1552 
f 1553/1553/1553 1554/1554/1554 1552/1552/1552 
f 1552/1552/1552 1554/1554/1554 1555/1555/1555 
f 1554/1554/1554 1555/1555/1555 1555/1555/1555 
f 1555/1555/1555 1555/1555/1555 1556/1556/1556 
f 1555/1555/1555 1556/1556/1556 1556/1556/1556 
f 1556/1556/1556 1556/1556/1556 1557/1557/1557 
f 1556/1556/1556 1558/1558/1558 1557/1557/1557 
f 1557/1557/1557 1558/1558/1558 1559/1559/1559 
f 1558/1558/1558 1558/1558/1558 1559/1559/1559 
f 1559/1559/1559 1558/1558/1558 1560/1560/1560 
f 1558/1558/1558 1561/1561/1561 1560/1560/1560 
f 1560/1560/1560 1561/1561/1561 1562/1562/1562 
f 1561/1561/1561 1563/1563/1563 1562/1562/1562 
f 1562/1562/1562 1563/1563/1563 1564/1564/1564 
f 1563/1563/1563 1565/1565/1565 1564/1564/1564 
f 1564/1564/1564 1565/1565/1565 1566/1566/1566 
f 1565/1565/1565 1567/1567/1567 1566/1566/1566 
f 1566/1566/1566 1567/1567/1567 1566/1566/1566 
f 1567/1567/1567 1568/1568/1568 1566/1566/1566 
f 1566/1566/1566 1568/1568/1568 1569/1569/1569 
f 1568/1568/1568 1569/1569/1569 1569/1569/1569 
f 1569/1569/1569 1569/1569/1569 1570/1570/1570 
f 1569/1569/1569 1570/1570/1570 1570/1570/1570 
f 1570/1570/1570 1570/1570/1570 1571/1571/1571 
f 1570/1570/1570 1572/1572/1572 1571/1571/1571 
f 1571/1571/1571 1572/1572/1572 1573/1573/1573 
f 1572/1572/1572 1572/1572/1572 1573/1573/1573 
f 1573/1573/1573 1572/1572/1572 1574/1574/1574 
f 1572/1572/1572 1575/1575/1575 1574/1574/1574 
f 1574/1574/1574 1575/1575/1575 1576/1576/1576 
f 1575/1575/1575 1577/1577/1577 1576/1576/1576 
f 1576/1576/1576 1577/1577/1577 1578/1578/1578 
f 1577/1577/1577 1577/1577/1577 1578/1578/1578 
f 1578/1578/1578 1577/1577/1577 1579/1579/1579 
f 1577/1577/1577 1580/1580/1580 1579/1579/1579 
f 1579/1579/1579 1580/1580/1580 1581/1581/1581 
f 1580/1580/1580 1582/1582/1582 1581/1581/1581 
f 1581/1581/1581 1582/1582/1582 1583/1583/1583 
f 1582/1582/1582 1583/1583/1583 1583/1583/1583 
f 1583/1583/1583 1583/1583/1583 1584/1584/1584 
f 1583/1583/1583 1584/1584/1584 1584/1584/1584 
f 1584/1584/1584 1584/1584/1584 1585/1585/1585 
f 1584/1584/1584 1586/1586/1586 1585/1585/1585 
f 1585/1585/1585 1586/1586/1586 1587/1587/1587 
f 1586/1586/1586 1586/1586/1586 1587/1587/1587 
f 1587/1587/1587 1586/1586/1586 1588/1588/1588 
f 1586/1586/1586 1589/1589/1589 1588/1588/1588 
f 1588/1588/1588 1589/1589/1589 1577/1577/1577 
f 1589/1589/1589 1580/1580/1580 1577/1577/1577 
f 1577/1577/1577 1580/1580/1580 1580/1580/1580 
f 1580/1580/1580 1590/1590/1590 1580/1580/1580 
f 1580/1580/1580 1590/1590/1590 1590/1590/1590 
f 1590/1590/1590 1591/1591/1591 1590/1590/1590 
f 1590/1590/1590 1591/1591/1591 1592/1592/1592 
f 1591/1591/1591 1591/1591/1591 1592/1592/1592 
f 1592/1592/1592 1591/1591/1591 1593/1593/1593 
f 1591/1591/1591 1591/1591/1591 1593/1593/1593 
f 1593/1593/1593 1591/1591/1591 1594/1594/1594 
f 1591/1591/1591 1595/1595/1595 1594/1594/1594 
f 1594/1594/1594 1595/1595/1595 1580/1580/1580 
f 1595/1595/1595 1582/1582/1582 1580/1580/1580 
f 1580/1580/1580 1582/1582/1582 1582/1582/1582 
f 1582/1582/1582 1596/1596/1596 1582/1582/1582 
f 1582/1582/1582 1596/1596/1596 1596/1596/1596 
f 1596/1596/1596 1583/1583/1583 1596/1596/1596 
f 1596/1596/1596 1583/1583/1583 1597/1597/1597 
f 1583/1583/1583 1582/1582/1582 1597/1597/1597 
f 1597/1597/1597 1582/1582/1582 1598/1598/1598 
f 1582/1582/1582 1599/1599/1599 1598/1598/1598 
f 1598/1598/1598 1599/1599/1599 1600/1600/1600 
f 1599/1599/1599 1601/1601/1601 1600/1600/1600 
f 1600/1600/1600 1601/1601/1601 1600/1600/1600 
f 1601/1601/1601 1602/1602/1602 1600/1600/1600 
f 1600/1600/1600 1602/1602/1602 1603/1603/1603 
f 1602/1602/1602 1603/1603/1603 1603/1603/1603 
f 1603/1603/1603 1603/1603/1603 1604/1604/1604 
f 1603/1603/1603 1604/1604/1604 1604/1604/1604 
f 1604/1604/1604 1604/1604/1604 1605/1605/1605 
f 1604/1604/1604 1606/1606/1606 1605/1605/1605 
f 1605/1605/1605 1606/1606/1606 1607/1607/1607 
f 1606/1606/1606 1606/1606/1606 1607/1607/1607 
f 1607/1607/1607 1606/1606/1606 1608/1608/1608 
f 1606/1606/1606 1609/1609/1609 1608/1608/1608 
f 1608/1608/1608 1609/1609/1609 1610/1610/1610 
f 1609/1609/1609 1610/1610/1610 1610/1610/1610 
f 1610/1610/1610 1610/1610/1610 1611/1611/1611 
f 1610/1610/1610 1611/1611/1611 1611/1611/1611 
f 1611/1611/1611 1611/1611/1611 1612/1612/1612 
f 1611/1611/1611 1613/1613/1613 1612/1612/1612 
f 1612/1612/1612 1613/1613/1613 1614/1614/1614 
f 1613/1613/1613 1615/1615/1615 1614/1614/1614 
f 1614/1614/1614 1615/1615/1615 1609/1609/1609 
f 1615/1615/1615 1616/1616/1616 1609/1609/1609 
f 1609/1609/1609 1616/1616/1616 1610/1610/1610 
f 1616/1616/1616 1616/1616/1616 1610/1610/1610 
f 1610/1610/1610 1616/1616/1616 1617/1617/1617 
f 1616/1616/1616 1616/1616/1616 1617/1617/1617 
f 1617/1617/1617 1616/1616/1616 1618/1618/1618 
f 1616/1616/1616 1619/1619/1619 1618/1618/1618 
f 1618/1618/1618 1619/1619/1619 1620/1620/1620 
f 1619/1619/1619 1620/1620/1620 1620/1620/1620 
f 1620/1620/1620 1620/1620/1620 1609/1609/1609 
f 1620/1620/1620 1609/1609/1609 1609/1609/1609 
f 1609/1609/1609 1609/1609/1609 1614/1614/1614 
f 1609/1609/1609 1606/1606/1606 1614/1614/1614 
f 1614/1614/1614 1606/1606/1606 1614/1614/1614 
f 1606/1606/1606 1621/1621/1621 1614/1614/1614 
f 1614/1614/1614 1621/1621/1621 1612/1612/1612 
f 1621/1621/1621 1612/1612/1612 1612/1612/1612 
f 1612/1612/1612 1612/1612/1612 1616/1616/1616 
f 1612/1612/1612 1616/1616/1616 1616/1616/1616 
f 1616/1616/1616 1616/1616/1616 1619/1619/1619 
f 1616/1616/1616 1615/1615/1615 1619/1619/1619 
f 1619/1619/1619 1615/1615/1615 1622/1622/1622 
f 1615/1615/1615 1613/1613/1613 1622/1622/1622 
f 1622/1622/1622 1613/1613/1613 1623/1623/1623 
f 1613/1613/1613 1624/1624/1624 1623/1623/1623 
f 1623/1623/1623 1624/1624/1624 1625/1625/1625 
f 1624/1624/1624 1625/1625/1625 1625/1625/1625 
f 1625/1625/1625 1625/1625/1625 1623/1623/1623 
f 1625/1625/1625 1623/1623/1623 1623/1623/1623 
f 1623/1623/1623 1623/1623/1623 1622/1622/1622 
f 1623/1623/1623 1626/1626/1626 1622/1622/1622 
f 1622/1622/1622 1626/1626/1626 1627/1627/1627 
f 1626/1626/1626 1628/1628/1628 1627/1627/1627 
f 1627/1627/1627 1628/1628/1628 1629/1629/1629 
f 1628/1628/1628 1630/1630/1630 1629/1629/1629 
f 1629/1629/1629 1630/1630/1630 1630/1630/1630 
f 1630/1630/1630 1622/1622/1622 1630/1630/1630 
f 1630/1630/1630 1622/1622/1622 1622/1622/1622 
f 1622/1622/1622 1627/1627/1627 1622/1622/1622 
f 1622/1622/1622 1627/1627/1627 1619/1619/1619 
f 1627/1627/1627 1627/1627/1627 1619/1619/1619 
f 1619/1619/1619 1627/1627/1627 1620/1620/1620 
f 1627/1627/1627 1629/1629/1629 1620/1620/1620 
f 1620/1620/1620 1629/1629/1629 1629/1629/1629 
f 1629/1629/1629 1631/1631/1631 1629/1629/1629 
f 1629/1629/1629 1631/1631/1631 1631/1631/1631 
f 1631/1631/1631 1632/1632/1632 1631/1631/1631 
f 1631/1631/1631 1632/1632/1632 1633/1633/1633 
f 1632/1632/1632 1632/1632/1632 1633/1633/1633 
f 1633/1633/1633 1632/1632/1632 1634/1634/1634 
f 1632/1632/1632 1632/1632/1632 1634/1634/1634 
f 1634/1634/1634 1632/1632/1632 1635/1635/1635 
f 1632/1632/1632 1636/1636/1636 1635/1635/1635 
f 1635/1635/1635 1636/1636/1636 1637/1637/1637 
f 1636/1636/1636 1638/1638/1638 1637/1637/1637 
f 1637/1637/1637 1638/1638/1638 1639/1639/1639 
f 1638/1638/1638 1640/1640/1640 1639/1639/1639 
f 1639/1639/1639 1640/1640/1640 1641/1641/1641 
f 1640/1640/1640 1642/1642/1642 1641/1641/1641 
f 1641/1641/1641 1642/1642/1642 1641/1641/1641 
f 1642/1642/1642 1643/1643/1643 1641/1641/1641 
f 1641/1641/1641 1643/1643/1643 1644/1644/1644 
f 1643/1643/1643 1644/1644/1644 1644/1644/1644 
f 1644/1644/1644 1644/1644/1644 1645/1645/1645 
f 1644/1644/1644 1645/1645/1645 1645/1645/1645 
f 1645/1645/1645 1645/1645/1645 1646/1646/1646 
f 1645/1645/1645 1647/1647/1647 1646/1646/1646 
f 1646/1646/1646 1647/1647/1647 1648/1648/1648 
f 1647/1647/1647 1649/1649/1649 1648/1648/1648 
f 1648/1648/1648 1649/1649/1649 1650/1650/1650 
f 1649/1649/1649 1651/1651/1651 1650/1650/1650 
f 1650/1650/1650 1651/1651/1651 1652/1652/1652 
f 1651/1651/1651 1653/1653/1653 1652/1652/1652 
f 1652/1652/1652 1653/1653/1653 1654/1654/1654 
f 1653/1653/1653 1655/1655/1655 1654/1654/1654 
f 1654/1654/1654 1655/1655/1655 1656/1656/1656 
f 1655/1655/1655 1657/1657/1657 1656/1656/1656 
f 1656/1656/1656 1657/1657/1657 1658/1658/1658 
f 1657/1657/1657 1659/1659/1659 1658/1658/1658 
f 1658/1658/1658 1659/1659/1659 1660/1660/1660 
f 1659/1659/1659 1661/1661/1661 1660/1660/1660 
f 1660/1660/1660 1661/1661/1661 1662/1662/1662 
f 1661/1661/1661 1663/1663/1663 1662/1662/1662 
f 1662/1662/1662 1663/1663/1663 1664/1664/1664 
f 1663/1663/1663 1665/1665/1665 1664/1664/1664 
f 1664/1664/1664 1665/1665/1665 1666/1666/1666 
f 1665/1665/1665 1667/1667/1667 1666/1666/1666 
f 1666/1666/1666 1667/1667/1667 1668/1668/1668 
f 1667/1667/1667 1669/1669/1669 1668/1668/1668 
f 1668/1668/1668 1669/1669/1669 1670/1670/1670 
f 1669/1669/1669 1671/1671/1671 1670/1670/1670 
f 1670/1670/1670 1671/1671/1671 1672/1672/1672 
f 1671/1671/1671 1673/1673/1673 1672/1672/1672 
f 1672/1672/1672 1673/1673/1673 1674/1674/1674 
f 1673/1673/1673 1675/1675/1675 1674/1674/1674 
f 1674/1674/1674 1675/1675/1675 1676/1676/1676 
f 1675/1675/1675 1645/1645/1645 1676/1676/1676 
f 1676/1676/1676 1645/1645/1645 1646/1646/1646 
f 1645/1645/1645 1646/1646/1646 1646/1646/1646 
f 1646/1646/1646 1646/1646/1646 1677/1677/1677 
f 1646/1646/1646 1677/1677/1677 1677/1677/1677 
f 1677/1677/1677 1677/1677/1677 1678/1678/1678 
f 1677/1677/1677 1679/1679/1679 1678/1678/1678 
f 1678/1678/1678 1679/1679/1679 1680/1680/1680 
f 1679/1679/1679 1681/1681/1681 1680/1680/1680 
f 1680/1680/1680 1681/1681/1681 1682/1682/1682 
f 1681/1681/1681 1683/1683/1683 1682/1682/1682 
f 1682/1682/1682 1683/1683/1683 1684/1684/1684 
f 1683/1683/1683 1685/1685/1685 1684/1684/1684 
f 1684/1684/1684 1685/1685/1685 1686/1686/1686 
f 1685/1685/1685 1687/1687/1687 1686/1686/1686 
f 1686/1686/1686 1687/1687/1687 1688/1688/1688 
f 1687/1687/1687 1689/1689/1689 1688/1688/1688 
f 1688/1688/1688 1689/1689/1689 1690/1690/1690 
f 1689/1689/1689 1691/1691/1691 1690/1690/1690 
f 1690/1690/1690 1691/1691/1691 1692/1692/1692 
f 1691/1691/1691 1693/1693/1693 1692/1692/1692 
f 1692/1692/1692 1693/1693/1693 1694/1694/1694 
f 1693/1693/1693 1695/1695/1695 1694/1694/1694 
f 1694/1694/1694 1695/1695/1695 1696/1696/1696 
f 1695/1695/1695 1697/1697/1697 1696/1696/1696 
f 1696/1696/1696 1697/1697/1697 1698/1698/1698 
f 1697/1697/1697 1699/1699/1699 1698/1698/1698 
f 1698/1698/1698 1699/1699/1699 1700/1700/1700 
f 1699/1699/1699 1701/1701/1701 1700/1700/1700 
f 1700/1700/1700 1701/1701/1701 1702/1702/1702 
f 1701/1701/1701 1703/1703/1703 1702/1702/1702 
f 1702/1702/1702 1703/1703/1703 1704/1704/1704 
f 1703/1703/1703 1705/1705/1705 1704/1704/1704 
f 1704/1704/1704 1705/1705/1705 1706/1706/1706 
f 1705/1705/1705 1707/1707/1707 1706/1706/1706 
f 1706/1706/1706 1707/1707/1707 1708/1708/1708 
f 1707/1707/1707 1677/1677/1677 1708/1708/1708 
f 1708/1708/1708 1677/1677/1677 1678/1678/1678 
f 1677/1677/1677 1678/1678/1678 1678/1678/1678 
f 1678/1678/1678 1678/1678/1678 1709/1709/1709 
f 1678/1678/1678 1709/1709/1709 1709/1709/1709 
f 1709/1709/1709 1709/1709/1709 1710/1710/1710 
f 1709/1709/1709 1711/1711/1711 1710/1710/1710 
f 1710/1710/1710 1711/1711/1711 1710/1710/1710 
f 1711/1711/1711 1712/1712/1712 1710/1710/1710 
f 1710/1710/1710 1712/1712/1712 1713/1713/1713 
f 1712/1712/1712 1712/1712/1712 1713/1713/1713 
f 1713/1713/1713 1712/1712/1712 1714/1714/1714 
f 1712/1712/1712 1715/1715/1715 1714/1714/1714 
f 1714/1714/1714 1715/1715/1715 1714/1714/1714 
f 1715/1715/1715 1716/1716/1716 1714/1714/1714 
f 1714/1714/1714 1716/1716/1716 1717/1717/1717 
f 1716/1716/1716 1718/1718/1718 1717/1717/1717 
f 1717/1717/1717 1718/1718/1718 1719/1719/1719 
f 1718/1718/1718 1720/1720/1720 1719/1719/1719 
f 1719/1719/1719 1720/1720/1720 1721/1721/1721 
f 1720/1720/1720 1720/1720/1720 1721/1721/1721 
f 1721/1721/1721 1720/1720/1720 1722/1722/1722 
f 1720/1720/1720 1723/1723/1723 1722/1722/1722 
f 1722/1722/1722 1723/1723/1723 1724/1724/1724 
f 1723/1723/1723 1725/1725/1725 1724/1724/1724 
f 1724/1724/1724 1725/1725/1725 1726/1726/1726 
f 1725/1725/1725 1727/1727/1727 1726/1726/1726 
f 1726/1726/1726 1727/1727/1727 1726/1726/1726 
f 1727/1727/1727 1728/1728/1728 1726/1726/1726 
f 1726/1726/1726 1728/1728/1728 1729/1729/1729 
f 1728/1728/1728 1730/1730/1730 1729/1729/1729 
f 1729/1729/1729 1730/1730/1730 1731/1731/1731 
f 1730/1730/1730 1732/1732/1732 1731/1731/1731 
f 1731/1731/1731 1732/1732/1732 1733/1733/1733 
f 1732/1732/1732 1734/1734/1734 1733/1733/1733 
f 1733/1733/1733 1734/1734/1734 1735/1735/1735 
f 1734/1734/1734 1734/1734/1734 1735/1735/1735 
f 1735/1735/1735 1734/1734/1734 1736/1736/1736 
f 1734/1734/1734 1737/1737/1737 1736/1736/1736 
f 1736/1736/1736 1737/1737/1737 1736/1736/1736 
f 1737/1737/1737 1738/1738/1738 1736/1736/1736 
f 1736/1736/1736 1738/1738/1738 1739/1739/1739 
f 1738/1738/1738 1740/1740/1740 1739/1739/1739 
f 1739/1739/1739 1740/1740/1740 1740/1740/1740 
f 1740/1740/1740 1741/1741/1741 1740/1740/1740 
f 1740/1740/1740 1741/1741/1741 1741/1741/1741 
f 1741/1741/1741 1742/1742/1742 1741/1741/1741 
f 1741/1741/1741 1742/1742/1742 1743/1743/1743 
f 1742/1742/1742 1744/1744/1744 1743/1743/1743 
f 1743/1743/1743 1744/1744/1744 1745/1745/1745 
f 1744/1744/1744 1746/1746/1746 1745/1745/1745 
f 1745/1745/1745 1746/1746/1746 1747/1747/1747 
f 1746/1746/1746 1748/1748/1748 1747/1747/1747 
f 1747/1747/1747 1748/1748/1748 1749/1749/1749 
f 1748/1748/1748 1750/1750/1750 1749/1749/1749 
f 1749/1749/1749 1750/1750/1750 1751/1751/1751 
f 1750/1750/1750 1750/1750/1750 1751/1751/1751 
f 1751/1751/1751 1750/1750/1750 1752/1752/1752 
f 1750/1750/1750 1753/1753/1753 1752/1752/1752 
f 1752/1752/1752 1753/1753/1753 1752/1752/1752 
f 1753/1753/1753 1754/1754/1754 1752/1752/1752 
f 1752/1752/1752 1754/1754/1754 1755/1755/1755 
f 1754/1754/1754 1756/1756/1756 1755/1755/1755 
f 1755/1755/1755 1756/1756/1756 1757/1757/1757 
f 1756/1756/1756 1758/1758/1758 1757/1757/1757 
f 1757/1757/1757 1758/1758/1758 1759/1759/1759 
f 1758/1758/1758 1758/1758/1758 1759/1759/1759 
f 1759/1759/1759 1758/1758/1758 1760/1760/1760 
f 1758/1758/1758 1761/1761/1761 1760/1760/1760 
f 1760/1760/1760 1761/1761/1761 1762/1762/1762 
f 1761/1761/1761 1763/1763/1763 1762/1762/1762 
f 1762/1762/1762 1763/1763/1763 1764/1764/1764 
f 1763/1763/1763 1765/1765/1765 1764/1764/1764 
f 1764/1764/1764 1765/1765/1765 1766/1766/1766 
f 1765/1765/1765 1767/1767/1767 1766/1766/1766 
f 1766/1766/1766 1767/1767/1767 1766/1766/1766 
f 1767/1767/1767 1768/1768/1768 1766/1766/1766 
f 1766/1766/1766 1768/1768/1768 1769/1769/1769 
f 1768/1768/1768 1770/1770/1770 1769/1769/1769 
f 1769/1769/1769 1770/1770/1770 1771/1771/1771 
f 1770/1770/1770 1772/1772/1772 1771/1771/1771 

