# Blender 5.1.0
# www.blender.org
mtllib model_0.mtl
o model_0
v 0.090510 -2.743179 -19.762072
v 0.090510 0.220907 -19.986931
v 0.320910 -2.763621 -20.007374
v 0.320910 0.220907 -20.211794
v 0.977714 -2.763621 -20.007374
v 0.977714 0.220907 -20.211794
v 0.320909 3.184993 -20.007374
v 0.090512 -5.625496 -19.148811
v 0.320910 -5.686821 -19.373672
v 0.090512 -8.385160 -18.106270
v 0.320912 -8.487371 -18.331131
v 0.090512 -10.981292 -16.695772
v 0.320912 -11.103944 -16.900194
v 0.090512 -13.332117 -14.937763
v 0.320912 -13.495654 -15.101299
v 0.320912 -15.601177 -12.995777
v 0.090513 -15.417198 -12.832240
v 0.090513 -17.195648 -10.481413
v 0.320912 -17.400068 -10.604065
v 0.090513 -18.606146 -7.885284
v 0.320913 -18.831007 -7.987493
v 0.320914 -19.873545 -5.186944
v 0.090513 -19.648684 -5.125618
v 0.320914 -20.507246 -2.263741
v 0.090515 -20.261944 -2.243299
v 0.320914 -20.711664 0.700345
v 0.090515 -20.486805 0.700345
v 0.320913 -20.507246 3.684873
v 0.090514 -20.261944 3.664431
v 0.090512 -19.648684 6.546748
v 0.320913 -19.873545 6.608074
v 0.090512 -18.606142 9.306416
v 0.320912 -18.831003 9.408625
v 0.090510 -17.195644 11.902544
v 0.320910 -17.400064 12.025197
v 0.090510 -15.417194 14.253370
v 0.320910 -15.601173 14.416906
v 0.090510 -13.332112 16.338451
v 0.320910 -13.495649 16.522430
v 0.320909 -11.103938 18.321323
v 0.090510 -10.981286 18.116903
v 0.320909 -8.487366 19.752260
v 0.090510 -8.385155 19.527399
v 0.320909 -5.686816 20.794800
v 0.090508 -5.625491 20.569937
v 0.320909 -2.763615 21.428501
v 0.090508 -2.743173 21.183195
v 0.090508 0.220913 21.408058
v 0.320907 0.220913 21.632921
v 0.320907 3.184999 21.428501
v 0.090507 3.164557 21.183195
v 0.320907 6.108201 20.794800
v 0.090507 6.046875 20.569937
v 0.320905 8.908750 19.752256
v 0.090505 8.806540 19.527395
v 0.320905 11.525322 18.321320
v 0.090505 11.402670 18.116899
v 0.320904 13.917033 16.522427
v 0.090505 13.753496 16.338448
v 0.090505 15.838574 14.253366
v 0.320904 16.022554 14.416901
v 0.320904 17.821447 12.025191
v 0.090505 17.617027 11.902538
v 0.320904 19.252384 9.408619
v 0.090505 19.027523 9.306410
v 0.320903 20.294924 6.608068
v 0.090504 20.070063 6.546742
v 0.320903 20.928623 3.684867
v 0.090504 20.683321 3.664424
v 0.090504 20.908182 0.700338
v 0.320903 21.133045 0.700338
v 0.090505 20.683321 -2.243305
v 0.320904 20.928623 -2.263747
v 0.090505 20.070063 -5.125624
v 0.320904 20.294924 -5.186950
v 0.320905 19.252380 -7.987499
v 0.090506 19.027519 -7.885290
v 0.320905 17.821444 -10.604071
v 0.090507 17.617023 -10.481419
v 0.320906 16.022551 -12.995782
v 0.090507 15.838571 -12.832245
v 0.320907 13.917028 -15.101303
v 0.090507 13.753491 -14.937767
v 0.320907 11.525316 -16.900198
v 0.090508 11.402664 -16.695776
v 0.090508 8.806534 -18.106274
v 0.320909 8.908744 -18.331135
v 0.090510 6.046869 -19.148811
v 0.320909 6.108195 -19.373672
v 0.090510 3.164551 -19.762072
v 0.977712 3.184993 -20.007374
v 1.208114 0.220907 -19.986931
v 0.977712 6.108195 -19.373672
v 1.208112 3.164551 -19.762072
v 1.208112 6.046869 -19.148811
v 1.208111 0.220910 0.700342
v 1.208110 8.806534 -18.106274
v 0.977710 8.908744 -18.331135
v 0.977710 11.525316 -16.900198
v 0.977710 13.917028 -15.101303
v 0.977709 16.022551 -12.995782
v 0.977708 17.821444 -10.604071
v 0.977708 19.252380 -7.987499
v 0.977706 20.294924 -5.186950
v 0.977706 20.928623 -2.263747
v 0.977705 21.133045 0.700338
v 0.977705 20.928623 3.684867
v 0.977705 20.294924 6.608068
v 0.977707 19.252384 9.408619
v 0.977707 17.821447 12.025191
v 0.977707 16.022554 14.416902
v 0.977707 13.917033 16.522427
v 1.208106 15.838574 14.253366
v 1.208106 17.617027 11.902538
v 1.208106 19.027523 9.306410
v 1.208105 20.070063 6.546742
v 1.208106 13.753496 16.338448
v 1.208106 11.402670 18.116899
v 0.977708 11.525322 18.321320
v 1.208106 8.806540 19.527395
v 0.977706 8.908750 19.752256
v 1.208108 6.046875 20.569937
v 0.977710 6.108201 20.794800
v 0.977710 3.184999 21.428501
v 0.977710 0.220913 21.632921
v 0.977710 -2.763615 21.428501
v 1.208108 0.220913 21.408058
v 1.208108 3.164557 21.183195
v 1.208110 -2.743173 21.183195
v 1.208110 -5.625491 20.569937
v 0.977710 -5.686816 20.794800
v 1.208112 -8.385155 19.527399
v 0.977712 -8.487366 19.752260
v 1.208112 -10.981286 18.116903
v 0.977712 -11.103938 18.321323
v 0.977713 -13.495649 16.522430
v 0.977713 -15.601173 14.416906
v 0.977713 -17.400064 12.025197
v 0.977714 -18.831003 9.408625
v 0.977716 -19.873545 6.608074
v 0.977716 -20.507246 3.684873
v 0.977717 -20.711664 0.700345
v 0.977717 -20.507246 -2.263741
v 0.977717 -19.873545 -5.186944
v 0.977715 -18.831007 -7.987493
v 0.977715 -17.400068 -10.604065
v 0.977715 -15.601177 -12.995777
v 0.977715 -13.495654 -15.101299
v 0.977715 -11.103944 -16.900194
v 0.977715 -8.487371 -18.331131
v 0.977714 -5.686821 -19.373672
v 1.208114 -5.625496 -19.148811
v 1.208114 -8.385160 -18.106270
v 1.208114 -10.981292 -16.695772
v 1.208115 -13.332117 -14.937763
v 1.208115 -15.417198 -12.832240
v 1.208115 -17.195648 -10.481413
v 1.208115 -18.606146 -7.885284
v 1.208115 -19.648684 -5.125618
v 1.208116 -20.261944 -2.243299
v 1.208116 -20.486805 0.700345
v 1.208114 -2.743179 -19.762072
v 1.208115 -20.261944 3.664431
v 1.208114 -19.648684 6.546748
v 1.208114 -18.606142 9.306416
v 1.208113 -17.195644 11.902544
v 1.208113 -15.417194 14.253370
v 1.208113 -13.332112 16.338451
v 1.208110 11.402664 -16.695776
v 1.208108 13.753491 -14.937767
v 1.208108 15.838571 -12.832245
v 1.208107 17.617023 -10.481419
v 1.208107 19.027519 -7.885290
v 1.208106 20.070063 -5.125624
v 1.208106 20.683321 -2.243305
v 1.208105 20.908182 0.700338
v 1.208105 20.683321 3.664425
v 0.090510 -2.743179 -19.762072
v 0.090509 0.220910 0.700342
v 0.090510 0.220907 -19.986931
v 0.090510 3.164551 -19.762072
v 0.090510 6.046869 -19.148811
v 0.090508 8.806534 -18.106274
v 0.090508 11.402664 -16.695776
v 0.090507 13.753491 -14.937767
v 0.090507 15.838571 -12.832245
v 0.090507 17.617023 -10.481419
v 0.090506 19.027519 -7.885290
v 0.090505 20.070063 -5.125624
v 0.090505 20.683321 -2.243305
v 0.090504 20.908182 0.700338
v 0.090504 20.683321 3.664424
v 0.090504 20.070063 6.546742
v 0.090505 19.027523 9.306410
v 0.090505 17.617027 11.902538
v 0.090505 15.838574 14.253366
v 0.090505 13.753496 16.338448
v 0.090505 11.402670 18.116899
v 0.090505 8.806540 19.527395
v 0.090507 6.046875 20.569937
v 0.090507 3.164557 21.183195
v 0.090508 0.220913 21.408058
v 0.090508 -2.743173 21.183195
v 0.090508 -5.625491 20.569937
v 0.090510 -8.385155 19.527399
v 0.090510 -10.981286 18.116903
v 0.090510 -13.332112 16.338451
v 0.090510 -15.417194 14.253370
v 0.090510 -17.195644 11.902544
v 0.090512 -18.606142 9.306416
v 0.090512 -19.648684 6.546748
v 0.090514 -20.261944 3.664431
v 0.090515 -20.486805 0.700345
v 0.090515 -20.261944 -2.243299
v 0.090513 -19.648684 -5.125618
v 0.090513 -18.606146 -7.885284
v 0.090513 -17.195648 -10.481413
v 0.090513 -15.417198 -12.832240
v 0.090512 -13.332117 -14.937763
v 0.090512 -10.981292 -16.695772
v 0.090512 -8.385160 -18.106270
v 0.090512 -5.625496 -19.148811
v 1.827680 3.091250 -19.030365
v 1.897410 0.456389 -19.125813
v 1.490651 0.456389 -19.183081
v 1.881364 -1.933807 -18.915829
v 1.490653 -1.933807 -18.973097
v 1.881364 -3.797030 -18.476768
v 2.175778 -1.914986 -18.572216
v 2.165261 0.456389 -18.915829
v 1.207858 0.456389 -18.992186
v 1.207860 -1.914986 -18.782202
v 1.207860 -3.759389 -18.343142
v 1.490653 -3.797030 -18.534037
v 1.207860 -5.961380 -17.770454
v 1.490653 -6.017840 -17.942261
v 1.207860 -8.276292 -16.873241
v 1.827682 -6.017840 -17.942261
v 2.125419 -3.759389 -18.209513
v 2.222817 -1.858525 -17.999529
v 2.235545 0.456389 -18.285873
v 2.078376 3.034788 -18.553125
v 2.117669 5.368523 -18.133156
v 1.827680 5.481445 -18.572216
v 1.490651 5.481445 -18.572216
v 1.490651 3.091250 -19.030365
v 1.207858 5.424983 -18.400410
v 1.207858 3.053609 -18.839470
v 1.207856 7.476411 -17.636829
v 1.490651 7.551692 -17.808636
v 1.207856 9.151429 -16.720530
v 1.490651 9.245531 -16.892336
v 1.207855 11.221678 -15.250632
v 1.827680 7.551692 -17.808636
v 2.148660 7.382308 -17.465023
v 1.827680 9.245531 -16.892336
v 1.490650 11.353420 -15.403348
v 1.207856 13.179003 -13.437122
v 1.490649 13.310746 -13.570749
v 1.827678 11.353420 -15.403348
v 2.179648 9.057326 -16.567812
v 2.226136 7.118822 -16.758709
v 2.176885 5.180318 -17.579557
v 2.117669 2.884225 -17.999529
v 2.072289 2.752482 -17.331394
v 2.124310 4.954472 -16.586901
v 2.176329 6.836516 -15.689692
v 2.175776 8.756200 -15.937857
v 2.267088 11.221678 -14.983377
v 1.827678 13.310746 -13.570749
v 1.490649 15.230431 -11.642703
v 1.207855 15.079866 -11.528166
v 1.490649 16.547859 -9.714657
v 1.207855 16.397295 -9.619209
v 1.827678 15.230431 -11.642703
v 2.299185 13.179003 -13.303495
v 2.263214 10.864089 -14.506139
v 1.490648 18.015854 -6.984848
v 1.827677 16.547859 -9.714657
v 2.223921 15.042226 -11.260911
v 2.340691 12.783773 -12.845345
v 1.207854 17.846470 -6.927579
v 1.490648 18.580469 -5.133161
v 1.207854 18.411085 -5.075891
v 1.827676 18.015854 -6.984848
v 2.086675 16.246733 -9.504671
v 2.247164 14.515253 -10.840940
v 2.211746 14.025923 -10.535507
v 2.289777 12.313263 -12.463554
v 2.211746 10.374758 -14.028899
v 2.124308 8.379792 -15.040646
v 1.874166 7.833999 -14.181615
v 1.874166 6.403646 -14.964287
v 1.874166 6.460107 -13.952539
v 1.905156 8.850303 -12.215389
v 1.874165 9.471377 -13.112599
v 1.874165 11.296959 -11.547255
v 1.874164 12.953157 -9.771925
v 1.874164 14.251769 -8.092042
v 2.072286 15.192790 -8.721998
v 2.124860 15.776223 -9.180149
v 1.987059 17.206573 -6.679415
v 1.997021 17.658266 -6.851222
v 1.827676 18.580469 -5.133161
v 2.015837 18.204060 -5.018622
v 1.490648 18.900415 -3.205113
v 1.827676 18.900415 -3.205113
v 1.207854 18.731031 -3.166933
v 1.490648 19.182722 -0.876185
v 1.207854 18.994518 -0.857095
v 1.207853 19.069799 1.796356
v 1.490647 19.258003 1.815445
v 1.207853 18.655750 4.888866
v 1.490647 18.843954 4.927044
v 1.207853 17.639448 7.885930
v 1.490647 17.808832 7.962287
v 1.207853 16.378479 10.443933
v 1.490647 16.529043 10.539381
v 1.207853 15.042230 12.524697
v 1.490647 15.192793 12.639234
v 1.207854 13.668338 14.147310
v 1.490647 13.800080 14.280937
v 1.490647 12.125063 15.731745
v 1.207854 11.993320 15.598119
v 1.490647 10.261841 16.934389
v 1.207854 10.148917 16.781672
v 1.490647 7.946928 18.308838
v 1.207854 7.871645 18.137032
v 1.490649 5.857858 19.072422
v 1.207854 5.820219 18.900616
v 1.490649 3.806432 19.606932
v 1.207854 3.768791 19.435123
v 1.490649 1.905568 19.855095
v 1.207854 1.886748 19.664200
v 1.490649 -0.014116 19.836006
v 1.207856 -0.014116 19.664200
v 1.207856 -1.896160 19.702377
v 1.490651 -1.914980 19.893274
v 1.207856 -4.173432 19.282408
v 1.490651 -4.211072 19.473305
v 1.207858 -6.977677 18.442469
v 1.490651 -7.034138 18.614275
v 1.207858 -9.819562 17.182556
v 1.490651 -9.894843 17.354362
v 1.207859 -11.983913 15.521764
v 1.490653 -12.096835 15.655391
v 1.207860 -13.527188 13.994598
v 1.490653 -13.658932 14.128225
v 1.490654 -15.390412 11.913836
v 1.207860 -15.258669 11.799297
v 1.490655 -16.783123 9.794893
v 1.207861 -16.632559 9.718534
v 1.490655 -17.855888 7.236889
v 1.207861 -17.686504 7.160531
v 1.490655 -18.909834 3.819856
v 1.207861 -18.721628 3.781677
v 1.490655 -19.267422 0.612808
v 1.207861 -19.079218 0.593717
v 1.207862 -19.041576 -1.849748
v 1.490656 -19.229782 -1.868837
v 1.207862 -18.439323 -4.617736
v 1.490656 -18.608707 -4.655915
v 1.222251 -17.742970 -6.908485
v 1.532162 -17.893532 -6.965753
v 1.207862 -17.027792 -8.531098
v 1.490656 -17.121895 -8.683814
v 1.207862 -16.124413 -9.905547
v 1.490656 -16.124413 -10.287338
v 1.207862 -14.731700 -11.795415
v 1.490656 -15.051647 -11.814505
v 1.490655 -13.790678 -13.208043
v 1.207862 -13.658936 -13.074417
v 1.490655 -12.416786 -14.467956
v 1.207861 -12.303864 -14.334329
v 1.490655 -10.911153 -15.575151
v 1.207861 -10.798229 -15.422435
v 1.490655 -8.370394 -17.025959
v 1.809421 -8.332753 -16.930510
v 2.104388 -5.961380 -17.636827
v 2.117669 -3.665285 -17.579557
v 2.238866 -1.764423 -17.197767
v 2.179097 0.456389 -17.465021
v 1.876933 0.456389 -16.338736
v 1.874167 2.526636 -16.224199
v 1.934489 -1.632679 -16.014212
v 2.221158 -3.458261 -16.835064
v 1.874169 -3.251236 -15.727869
v 2.093320 -5.490868 -16.224199
v 2.025250 -5.810815 -16.968691
v 2.015290 -8.219831 -16.567808
v 1.796139 -10.873512 -15.517881
v 1.827683 -12.416786 -14.467956
v 1.827683 -13.790678 -13.208043
v 1.827683 -15.051647 -11.814505
v 1.774556 -16.124413 -10.287338
v 1.780643 -17.027792 -8.645635
v 1.767362 -17.780609 -6.889395
v 1.788945 -18.514605 -4.636826
v 1.980426 -16.670204 -8.512009
v 1.890773 -17.479483 -6.736679
v 2.072292 -15.766825 -10.249161
v 2.072292 -14.806982 -11.738147
v 2.093322 -13.564833 -12.978969
v 2.056243 -12.172121 -14.181612
v 2.025252 -10.760588 -15.212450
v 2.031893 -10.421820 -14.830658
v 1.998134 -8.031628 -16.128746
v 1.975445 -9.951310 -14.143434
v 2.004222 -7.523474 -15.460614
v 2.078933 -11.814533 -13.742552
v 2.127633 -13.131964 -12.558999
v 2.142576 -14.280010 -11.413624
v 2.142576 -15.126929 -10.000996
v 1.997581 -16.086769 -8.206574
v 1.864209 -16.952511 -6.526693
v 1.951095 -18.157017 -4.503199
v 2.042962 -18.721628 -1.830657
v 1.827684 -19.229782 -1.868838
v 1.827683 -19.267422 0.612808
v 1.827683 -18.909834 3.819856
v 1.827683 -17.855888 7.236889
v 1.827682 -16.783123 9.794892
v 1.827682 -15.390412 11.913836
v 1.827682 -13.658932 14.128225
v 1.827682 -12.096835 15.655391
v 1.860885 -9.876023 17.297094
v 1.827680 -7.034138 18.614275
v 1.827680 -4.211072 19.568750
v 1.918439 -1.914980 19.816916
v 1.827678 -0.014116 19.836006
v 1.827678 1.905568 19.855095
v 1.827678 3.806432 19.606932
v 1.827678 5.857858 19.072422
v 1.827676 7.946928 18.308838
v 1.827676 10.261841 16.934389
v 1.827676 12.125063 15.731745
v 1.827676 13.800080 14.280937
v 1.827676 15.192793 12.639235
v 1.827675 16.529043 10.539381
v 1.827675 17.808832 7.962287
v 1.827675 18.749853 4.927044
v 2.124858 17.488886 7.905018
v 2.064536 16.265556 10.367575
v 2.117663 14.929306 12.314712
v 2.172452 13.611876 13.841877
v 2.140907 11.842755 15.311774
v 2.113236 9.979534 16.648045
v 2.138694 7.815185 17.888868
v 2.167472 7.570518 17.430717
v 2.112130 5.763756 18.671541
v 2.125411 9.734867 16.151716
v 2.128732 11.447527 14.891804
v 2.169685 13.103724 13.593713
v 2.072284 12.576753 13.059205
v 2.101061 14.439976 12.028368
v 2.072284 10.995836 14.357298
v 2.072284 9.301997 15.502671
v 2.115451 7.288211 16.724403
v 2.146443 5.575552 18.137033
v 2.088887 3.712330 19.225140
v 2.074500 1.886748 19.511482
v 2.138698 -0.014116 19.568750
v 2.199019 -1.877339 19.416035
v 2.288672 -4.154612 19.186960
v 2.105493 -6.883574 18.251574
v 2.101066 -9.725460 17.010750
v 2.093320 -11.908630 15.388138
v 2.092213 -13.451906 13.918240
v 2.089999 -15.070464 11.646581
v 2.105495 -16.406713 9.603997
v 2.102176 -17.517120 7.084172
v 2.201790 -18.533424 3.762587
v 2.087787 -18.853373 0.612807
v 2.062884 -18.194658 -1.773388
v 1.938367 -17.667685 -4.350482
v 1.834325 -16.312616 -6.316709
v 2.122652 -18.288759 0.612807
v 2.072291 -17.423019 -1.697031
v 2.072291 -17.554762 0.612807
v 1.874170 -16.425537 0.612807
v 1.874170 -15.823283 -1.964285
v 1.953309 -16.877228 -4.140497
v 1.874170 -15.710361 -3.777795
v 1.874170 -15.108108 -6.545784
v 1.953309 -15.352774 -7.710248
v 2.072292 -14.298830 -9.046518
v 2.072292 -13.470732 -10.554593
v 2.072292 -12.567350 -11.986311
v 2.023592 -11.287561 -13.093506
v 1.895753 -9.330235 -13.208044
v 1.874170 -6.977682 -14.429777
v 1.874168 -5.152100 -15.117002
v 1.914013 -3.025391 -14.658854
v 1.954412 -1.538576 -14.926106
v 1.972675 0.418749 -15.212451
v 1.874166 3.204172 -14.525228
v 1.874166 4.615705 -15.632421
v 1.874166 5.519085 -14.391601
v 2.285355 -17.874710 3.648049
v 1.874166 4.371039 -14.410689
v 2.040191 4.333398 -14.277063
v 2.040191 5.500265 -14.257973
v 2.040190 6.347185 -13.818913
v 1.874166 6.422468 -12.616270
v 1.990384 6.328365 -12.654449
v 1.990384 5.556727 -12.902614
v 1.990384 3.994630 -13.494390
v 2.040191 3.241814 -14.372510
v 1.874166 2.677201 -13.838002
v 1.990384 2.733662 -13.799823
v 1.923421 3.844067 -12.902614
v 1.923421 2.394895 -13.284404
v 1.874166 2.112588 -12.845344
v 1.931722 0.399928 -14.086166
v 1.874166 0.362288 -12.978971
v 1.964374 -1.425654 -13.838002
v 1.874166 3.693504 -12.425374
v 1.874166 1.849102 -11.776328
v 1.923421 5.293241 -12.368105
v 1.923420 6.271904 -11.890865
v 1.874166 6.158981 -11.394537
v 1.972672 8.210408 -11.299089
v 1.874165 10.544142 -10.745493
v 1.982080 12.087418 -9.084700
v 1.874164 13.310747 -7.519356
v 1.874163 14.364691 -5.476772
v 1.874163 15.380995 -5.896742
v 1.927291 16.246733 -6.335803
v 1.995914 17.601807 -4.846817
v 2.019711 18.505186 -3.128755
v 1.827676 19.182722 -0.876185
v 1.827675 19.201544 1.815445
v 2.265425 18.448725 4.850688
v 1.874166 5.123857 -11.890866
v 2.265425 18.806314 1.758176
v 2.124306 18.825134 -0.838005
v 2.314678 18.316982 1.681818
v 2.310805 17.865292 4.717060
v 2.093314 16.980734 7.637765
v 2.258230 17.244219 4.583433
v 2.258231 17.526524 1.643639
v 2.164151 18.204060 -0.780737
v 2.003662 17.865292 -3.014217
v 1.915116 16.623142 -4.617741
v 1.874163 15.757403 -4.274129
v 1.903494 16.943090 -2.861500
v 2.084460 17.263039 -0.704379
v 1.880804 16.359657 1.529102
v 1.874162 16.133812 4.373448
v 2.022477 16.209095 7.294152
v 1.973776 15.098690 9.584903
v 2.032438 15.813868 10.062141
v 2.023030 13.818902 11.512950
v 1.903493 11.767474 12.257442
v 1.910134 10.243019 13.460086
v 1.874163 8.662103 14.567283
v 1.974330 9.565483 12.601055
v 1.916775 10.901733 11.016621
v 1.928397 12.915521 10.768456
v 1.874162 14.157668 8.954947
v 1.874162 15.173972 6.874182
v 1.923417 15.061049 4.106194
v 2.032438 13.216646 8.382259
v 1.897959 14.157668 6.435122
v 1.874163 11.334603 10.157590
v 2.090547 10.657068 10.004873
v 1.904600 10.205378 10.692098
v 2.170238 10.318300 10.023963
v 2.065090 10.939373 9.775799
v 1.977098 11.127578 9.164932
v 1.874164 11.409885 9.317649
v 1.978205 11.184040 8.439528
v 1.874162 11.692191 8.019558
v 1.972671 13.141365 6.015152
v 1.887445 13.969463 3.838941
v 1.942233 15.268073 1.452743
v 1.937252 16.246735 -0.589841
v 1.916223 16.096172 -2.651515
v 1.874163 14.703459 -3.949605
v 2.072839 13.329567 -5.056801
v 1.897408 12.350904 -6.946669
v 1.891874 11.221679 -8.397475
v 1.950536 9.791325 -9.943731
v 1.948322 7.570514 -10.401879
v 1.874166 5.744932 -10.268252
v 1.886342 4.164015 -11.070014
v 1.874166 3.373557 -11.337268
v 1.880255 3.072430 -10.268251
v 2.011966 4.276938 -9.829192
v 1.874719 5.217959 -9.294684
v 1.947769 6.949440 -9.485579
v 1.954963 9.038507 -9.141968
v 1.922865 10.355938 -7.710251
v 1.930613 11.409883 -6.393072
v 2.099402 12.313264 -4.636831
v 1.874163 13.649515 -3.644172
v 1.966030 15.023407 -2.441528
v 1.904601 15.155150 -0.513483
v 2.105490 14.176487 1.376386
v 1.874163 12.896699 3.590777
v 1.915116 12.143882 5.595181
v 1.874164 11.315783 7.255973
v 1.928951 10.882913 7.847751
v 2.061770 10.393580 8.821320
v 2.160830 9.847789 9.546723
v 1.874164 9.414919 9.909427
v 2.071179 9.678405 9.088573
v 2.004769 9.866609 8.401349
v 1.999235 10.299479 7.561408
v 1.952195 8.887947 11.722936
v 1.874163 7.758721 13.765520
v 1.874163 6.855342 15.674478
v 2.093314 5.349707 17.373451
v 2.072286 3.467663 17.927048
v 2.125413 3.599407 18.709721
v 2.088889 1.811466 18.881527
v 1.874164 9.471380 8.019558
v 1.913456 8.963228 9.145844
v 1.874164 8.191591 10.863905
v 2.062879 -0.014116 19.053333
v 2.177989 -1.839698 18.938793
v 2.303061 -4.041688 18.557005
v 2.117667 -1.745596 18.022497
v 1.992042 -0.014116 18.022497
v 2.032994 1.736184 18.022497
v 1.874166 3.241818 16.819853
v 1.874164 5.010939 16.247164
v 1.874165 5.123860 14.624551
v 1.874164 6.347189 14.510014
v 2.041296 6.610675 13.860968
v 1.874164 6.949443 13.059206
v 1.874164 6.742418 11.932921
v 1.874165 3.034793 15.731747
v 2.041296 6.196627 12.887400
v 2.041296 6.460112 13.307370
v 2.122647 5.933139 13.612803
v 2.041296 6.158985 14.070953
v 2.041296 5.500269 14.090043
v 1.874165 4.653350 14.051865
v 1.874165 2.959512 14.452745
v 1.874165 1.397415 14.777269
v 2.055131 2.470180 14.128223
v 1.939467 2.978332 13.440999
v 1.887447 4.785092 13.326461
v 2.041296 5.293244 13.803700
v 2.041296 5.349707 13.402819
v 2.041296 5.650834 12.982848
v 1.874165 5.481450 12.639235
v 1.935040 5.029758 11.627488
v 1.915671 3.674687 12.047459
v 1.915670 6.366009 10.806636
v 1.951643 4.559248 10.615740
v 2.068413 5.782576 9.871247
v 1.874165 4.107557 9.603993
v 1.886340 3.335919 10.997532
v 1.875825 2.677205 12.601057
v 2.055131 2.338437 13.135567
v 2.056238 2.545462 13.555535
v 2.055131 1.453877 14.414567
v 2.055131 0.983366 14.223670
v 2.055131 1.058648 13.440999
v 2.055131 1.340954 13.078297
v 1.874165 1.397415 12.658326
v 1.875824 7.514055 10.004873
v 1.874165 0.983366 13.383730
v 2.055131 0.851623 13.822790
v 1.874165 0.569316 14.529103
v 1.930613 1.510338 15.884464
v 1.953856 1.623261 16.972570
v 1.912904 -0.014116 17.144375
v 1.921205 -0.014117 16.037180
v 1.874165 -1.971442 14.853627
v 1.874165 -1.783238 15.846285
v 1.874166 -2.291389 16.590778
v 2.243293 -3.872305 17.697973
v 2.072288 -6.375423 17.029840
v 2.119882 -6.657729 17.678885
v 2.127078 -9.461974 16.514421
v 2.127078 -11.494581 14.929987
v 2.126524 -13.000216 13.479179
v 2.125418 -14.637594 11.302968
v 2.119331 -15.842103 9.298564
v 2.124866 -16.990147 6.874187
v 2.246616 -17.178354 3.533513
v 1.874170 -16.105589 3.266258
v 1.932278 -15.315131 0.593717
v 1.874169 -14.901082 -1.792479
v 2.040193 -15.710360 -2.212450
v 2.040193 -15.635080 -3.777795
v 2.040194 -15.014006 -6.221261
v 1.973231 -13.960061 -5.782201
v 1.973230 -14.731699 -3.529629
v 1.956628 -13.470731 -4.694095
v 1.956628 -13.640114 -3.090570
v 1.973230 -14.788160 -2.059733
v 1.956628 -13.884779 -1.926106
v 1.890218 -13.037860 -3.071481
v 1.874169 -13.414267 -1.658852
v 1.989279 -14.223547 0.593717
v 1.874169 -15.032825 3.075362
v 1.874169 -15.221029 6.148784
v 2.072291 -16.274973 6.568753
v 2.072289 -15.202209 8.954951
v 1.874169 -12.812015 -4.751364
v 1.874168 -14.185905 8.401353
v 1.874168 -13.226062 7.885934
v 1.874169 -14.204724 5.766991
v 1.874169 -13.960060 2.903556
v 1.984852 -13.131962 0.574628
v 1.874169 -13.037859 -1.181613
v 1.919549 -12.623811 -2.956943
v 1.874169 -12.209761 -4.598646
v 1.882471 -12.397965 -6.068545
v 1.874724 -13.884780 -5.973097
v 1.903501 -14.317650 -7.061201
v 1.910696 -13.357807 -8.263844
v 1.926191 -13.357807 -6.564873
v 1.926745 -12.473247 -7.691156
v 1.874170 -12.567350 -9.714652
v 1.874170 -11.720430 -9.046518
v 1.874170 -11.758072 -11.184548
v 1.892986 -10.553563 -12.196297
v 1.946667 -8.709161 -12.291745
v 1.875276 -6.507170 -13.437119
v 1.904052 -4.813332 -14.067075
v 1.990938 -2.818366 -13.570747
v 1.931722 -1.312731 -12.730806
v 2.016948 0.324647 -11.852686
v 1.890770 1.679718 -10.669133
v 1.964374 1.510334 -9.542848
v 1.874166 0.305826 -10.726400
v 1.874166 -1.199809 -11.623610
v 1.895197 -2.592521 -12.501732
v 1.874167 -2.385496 -11.413626
v 1.874166 -1.105705 -10.535505
v 1.874166 -0.296427 -9.103787
v 1.874166 -1.275089 -9.600117
v 1.874167 -2.159650 -10.325521
v 1.874166 -1.670318 -9.065608
v 2.019715 -1.124526 -9.046520
v 1.994258 -0.616374 -8.798354
v 1.874166 0.117623 -8.454741
v 2.003113 -0.409349 -8.321115
v 2.052366 -0.823399 -8.263846
v 2.023036 -1.369191 -8.760175
v 1.874166 -1.933805 -8.263846
v 1.874167 -3.100671 -8.874713
v 1.874168 -2.159650 -7.576621
v 1.935596 -1.670318 -7.729338
v 1.969354 -1.538575 -8.263846
v 1.890770 -1.124526 -7.404816
v 1.890770 -0.654015 -7.519353
v 1.890770 -0.239965 -7.614802
v 1.874167 -0.710476 -7.252100
v 1.874167 0.079982 -7.347548
v 1.874167 1.171567 -7.328458
v 1.889109 1.340951 -8.435653
v 1.943343 2.771303 -9.199236
v 1.895196 3.844068 -8.798355
v 1.891322 2.451357 -8.111130
v 2.028015 2.150229 -7.042115
v 1.890768 3.411199 -7.767519
v 1.957731 4.690987 -8.321116
v 1.874166 6.309545 -8.588370
v 1.899622 8.285691 -8.340206
v 1.930059 9.490198 -7.042116
v 1.874165 10.450041 -5.820383
v 1.896853 11.278140 -4.197770
v 1.874717 12.595571 -3.319649
v 1.884125 13.950643 -2.231543
v 1.878037 14.082386 -0.456213
v 2.034100 13.084903 1.319117
v 1.914009 11.823934 3.323522
v 1.874164 11.127578 5.156120
v 1.874164 10.111275 6.473302
v 1.917330 8.605640 7.332333
v 1.927845 7.852822 8.324990
v 1.947214 6.836520 9.126755
v 1.931720 5.199142 8.916769
v 1.874165 3.637046 8.725873
v 1.874165 4.615708 7.981379
v 1.901282 6.140163 8.267722
v 1.885785 7.062366 7.542318
v 1.964370 7.739901 6.645108
v 1.882465 9.433740 6.129689
v 1.941680 8.492718 5.557003
v 1.874164 10.111275 4.736151
v 1.874165 6.271906 6.759646
v 1.886892 6.874160 5.957884
v 1.874165 6.027240 5.270659
v 1.884679 7.551696 5.003405
v 1.880805 9.094971 4.316180
v 1.969904 9.678404 2.808104
v 2.021371 10.751168 3.075358
v 1.890766 11.993318 1.242759
v 1.876377 12.990800 -0.379855
v 1.980972 12.877878 -2.021558
v 1.874717 11.541626 -3.014216
v 1.874165 10.261837 -3.777799
v 1.874165 9.509019 -5.247696
v 2.001450 8.624458 -6.354891
v 1.662761 7.532874 -7.538444
v 1.934488 5.688470 -7.672071
v 1.990936 4.182837 -7.347548
v 1.874166 2.997149 -6.736682
v 1.874166 1.830282 -5.973099
v 1.874166 1.002183 -6.202174
v 1.885789 0.174084 -6.240353
v 1.883022 -0.654015 -6.125815
v 1.874167 -1.312730 -6.984845
v 1.890770 -1.707959 -7.309368
v 1.874168 -2.178470 -6.908487
v 1.888556 -1.293910 -6.011278
v 1.985402 -0.559913 -5.018620
v 1.995364 0.155264 -5.133158
v 1.900177 0.832799 -5.094979
v 1.906818 1.529155 -4.904082
v 1.909031 0.663416 -3.987782
v 1.925080 0.155264 -3.949603
v 1.926741 -0.239965 -3.930513
v 1.874165 5.462627 7.389601
v 1.874165 5.217961 6.167870
v 1.884128 2.564279 -5.705845
v 1.924527 2.131409 -4.675008
v 1.919546 1.228028 -3.815976
v 1.906264 0.512852 -2.842408
v 1.905157 0.079982 -2.880587
v 1.765144 3.655864 -6.354890
v 2.065093 5.048576 -6.774862
v 1.958284 6.761237 -6.736683
v 2.060111 7.758718 -5.667666
v 1.874165 8.549176 -4.675009
v 1.876932 9.226712 -3.357828
v 1.922864 10.506502 -2.689693
v 2.030226 11.805113 -1.811573
v 1.905708 11.918036 -0.303496
v 1.876377 10.901731 1.166401
v 1.874164 9.810147 1.109132
v 1.887445 10.826450 -0.227138
v 1.974885 10.732347 -1.601587
v 1.962711 9.452559 -2.365170
v 1.874165 8.210409 -2.918767
v 1.874165 7.608156 -4.102321
v 1.936700 6.892980 -4.980442
v 1.981528 6.008419 -5.934920
v 2.080589 4.408681 -5.858561
v 2.024694 3.128892 -5.381322
v 2.002558 2.601920 -4.407754
v 1.880807 1.698539 -3.644171
v 1.901284 0.908081 -2.746960
v 1.905157 0.324649 -1.754302
v 2.111580 3.787608 -4.961351
v 2.131503 3.147713 -4.045052
v 1.899070 2.074948 -3.434186
v 1.888555 1.284490 -2.613333
v 1.902390 0.606955 -1.677944
v 1.851476 5.255601 -5.133159
v 1.874166 6.046060 -4.312307
v 1.874166 6.648313 -3.529633
v 1.874718 7.175286 -2.498796
v 1.893534 8.398614 -2.059736
v 1.944447 9.659583 -1.391602
v 1.874164 9.734865 -0.169869
v 1.901834 8.586819 -1.181617
v 1.927846 7.344670 -1.735214
v 1.936148 6.158982 -2.078826
v 1.874719 5.707292 -2.956946
v 1.876380 5.180320 -3.625082
v 2.055685 4.502784 -4.331395
v 2.064540 3.749967 -3.529632
v 1.916779 4.314580 -2.937856
v 1.950537 4.747450 -2.384259
v 2.010306 5.123858 -1.658855
v 1.998130 6.290726 -1.429780
v 1.972672 7.514053 -0.990721
v 1.874717 8.662101 -0.093511
v 1.874164 8.718561 1.032774
v 1.922864 8.605639 2.559941
v 1.875824 8.097488 3.877120
v 1.886893 6.610674 4.430719
v 1.874165 5.161500 4.583434
v 1.874165 4.709810 5.194301
v 1.874165 4.051095 4.316181
v 2.037422 3.938172 4.564346
v 2.037422 4.371042 5.117943
v 2.037422 4.145197 5.308839
v 1.874165 5.048578 6.206048
v 1.874165 4.220479 7.408692
v 2.009198 3.637046 8.248634
v 2.149765 3.128894 8.630426
v 1.874165 2.884229 9.260382
v 1.874165 2.601922 9.871248
v 2.040742 3.392381 7.866842
v 2.057344 2.281975 9.623084
v 2.057345 2.432538 9.107665
v 2.215621 1.660901 9.164934
v 2.057344 2.112591 10.100322
v 1.874165 2.319616 10.558473
v 1.874165 1.943207 11.035712
v 1.874165 1.623260 11.589310
v 2.057344 1.284492 11.455684
v 2.057344 1.491517 10.959354
v 2.057345 1.924387 10.482115
v 2.146444 1.190390 9.890338
v 2.215621 1.096288 9.222204
v 2.171348 1.491517 8.496799
v 2.057344 2.150232 8.095917
v 2.083355 2.846588 8.019559
v 1.874165 3.128894 7.370513
v 1.874165 2.489000 7.561409
v 2.057345 1.867925 7.905021
v 1.874165 3.467662 6.110601
v 1.874165 2.733665 6.549661
v 1.876379 1.999668 6.778736
v 1.874165 4.107556 5.652451
v 2.037422 3.637045 4.774331
v 2.037422 3.674686 4.144375
v 1.874165 3.881711 3.934390
v 1.876932 4.709810 3.304434
v 1.911244 5.650832 3.858032
v 1.972672 6.064881 3.037180
v 1.957729 7.081185 3.457150
v 1.898515 5.048578 2.598120
v 1.874166 3.768788 2.731747
v 1.874166 3.373559 3.266255
v 2.037423 3.524123 3.781673
v 1.989829 2.978330 3.266255
v 1.989829 2.790126 3.552598
v 2.037422 3.147714 4.316181
v 1.874165 3.317098 4.850690
v 1.891874 2.884228 5.175212
v 1.880254 2.714844 4.354360
v 1.892982 2.319615 4.144375
v 1.990936 2.620742 3.972569
v 1.992043 2.338435 3.762583
v 1.989829 2.451358 3.457150
v 1.989829 2.639562 3.304434
v 1.989829 2.771305 3.113538
v 1.874166 2.583101 2.540851
v 2.037423 2.225513 2.598120
v 2.037423 2.018488 2.617209
v 1.883021 1.905565 2.006343
v 1.874166 2.827766 2.178149
v 1.874166 4.032274 2.178149
v 1.874166 3.034791 1.758178
v 1.884128 1.886745 1.605462
v 1.895196 0.851621 1.166403
v 1.885788 1.585618 2.063612
v 1.895196 0.776339 1.261851
v 1.888002 1.359773 2.197239
v 1.896303 0.682237 1.338209
v 1.904051 -0.014119 0.479178
v 1.896856 0.569314 1.414567
v 1.889108 1.190389 2.388134
v 1.897963 0.456392 1.490924
v 1.889662 1.058646 2.693568
v 2.037423 1.773822 2.827195
v 2.037423 1.886745 2.674479
v 1.991490 2.225513 3.667137
v 2.037423 1.792643 3.247165
v 1.890215 1.849104 3.819853
v 2.037423 1.717361 2.999002
v 1.876933 1.359773 3.514420
v 1.948877 1.830284 4.526167
v 1.948322 2.281975 5.537914
v 1.966032 1.660901 5.728810
v 1.963266 1.322132 4.678883
v 1.877487 1.002184 3.628958
v 1.894089 0.663417 2.579031
v 1.899070 0.324649 1.529104
v 1.900177 0.211726 1.567284
v 1.896303 0.418751 2.655389
v 1.875273 0.644596 3.743495
v 1.935042 0.851622 4.831600
v 1.920653 1.077467 5.919706
v 1.879699 1.265671 6.645109
v 2.057345 1.359774 7.847752
v 2.171348 1.039826 8.554068
v 1.874165 0.682238 6.797826
v 2.057345 0.964544 7.885932
v 1.880254 0.531674 5.976974
v 1.895749 0.418752 4.869779
v 1.874166 0.324650 3.781674
v 1.897963 0.211726 2.674479
v 1.901284 0.098803 1.567284
v 1.902390 -0.014119 1.586372
v 1.900177 -0.014119 2.693568
v 1.874166 -0.014119 3.800764
v 1.874720 -0.014118 4.927047
v 1.874166 -0.014118 6.034243
v 1.874719 0.155266 7.427782
v 2.057345 0.569315 8.153186
v 2.057345 0.588136 8.592247
v 2.057345 0.588136 9.279471
v 2.057344 0.606956 9.928517
v 2.057344 0.606956 10.749369
v 2.057344 0.738700 11.188430
v 1.874165 0.362292 12.123818
v 1.874165 0.268189 13.803701
v 1.952197 -1.312727 13.689163
v 1.954964 -1.199805 12.581967
v 1.874165 0.042344 11.570221
v 1.874165 0.042343 10.463025
v 1.874165 -0.014118 9.355830
v 1.874165 -0.014118 8.248634
v 1.907370 -0.766936 8.172276
v 1.874165 -0.879858 9.279471
v 1.874165 -0.973959 10.386667
v 1.874165 -1.086882 11.474772
v 1.942235 -2.686619 12.295624
v 1.874166 -2.441953 11.226607
v 1.874166 -2.197287 10.138502
v 1.874165 -1.952623 9.069487
v 1.974334 -1.707957 8.000469
v 1.922867 -0.654013 7.084169
v 1.874166 -0.541090 5.976974
v 1.874166 -0.446988 4.869779
v 1.874166 -0.334066 3.781674
v 1.902390 -0.221144 2.674479
v 1.903497 -0.108221 1.567284
v 1.904604 -0.258785 1.548194
v 1.906264 -0.409348 1.490925
v 1.907925 -0.804577 2.502673
v 1.907925 -0.559912 1.414567
v 1.911798 -1.124525 2.349956
v 1.890769 -1.199806 3.514420
v 1.905157 -0.484630 2.617210
v 1.874166 -0.729295 3.705316
v 1.874166 -0.973960 4.774331
v 1.874166 -1.218626 5.843347
v 1.963819 -1.463292 6.912363
v 1.961052 -2.799543 7.580499
v 1.906818 -3.194771 8.592248
v 1.980975 -3.590000 9.603995
v 1.896857 -4.004049 10.615742
v 1.874719 -4.399279 11.646580
v 2.015840 -5.622607 9.890339
v 2.061774 -5.057994 8.954950
v 1.925081 -4.493382 8.019560
v 1.874167 -3.947589 7.065081
v 1.875274 -5.453224 7.351424
v 1.926741 -6.130760 8.210456
v 1.974889 -6.827114 9.069488
v 1.916781 -6.996499 7.465962
v 1.878594 -6.206040 6.683289
v 1.874167 -5.434402 5.900616
v 1.874167 -4.775688 6.492394
v 1.874167 -3.382976 6.129692
v 1.915673 -2.404313 6.568752
v 1.874167 -2.009084 5.557005
v 1.878594 -1.595035 4.526168
v 1.963819 -1.689137 3.304435
v 1.954965 -2.253750 4.239824
v 1.874167 -2.818363 5.194302
v 1.874167 -4.098153 5.633363
v 1.905158 -4.662765 5.137034
v 1.874167 -6.130760 4.946138
v 1.949432 -6.996499 5.576094
v 1.961607 -7.862238 6.206050
v 1.897411 -8.746799 6.855097
v 1.879149 -7.768137 8.229546
v 1.893537 -7.504650 9.928518
v 1.878595 -6.714192 11.112071
v 1.874167 -6.751832 11.780206
v 1.880253 -4.794507 12.658327
v 2.004771 -2.931285 13.364640
v 1.895195 -3.175950 14.433658
v 1.879700 -4.888609 13.994597
v 1.874167 -7.316446 12.734685
v 1.987064 -7.542292 11.722938
v 1.987064 -7.579932 11.112071
v 2.063989 -8.012802 10.615742
v 2.131505 -8.690337 10.138503
v 2.119883 -8.426850 11.131161
v 1.874167 -8.558595 9.603995
v 1.901839 -9.612538 7.485052
v 1.904606 -9.461976 5.766991
v 1.884683 -8.502133 5.232483
v 1.892984 -7.561113 4.697974
v 1.874167 -6.620091 4.182556
v 1.962714 -8.125727 3.495332
v 2.049046 -9.142028 3.877123
v 1.934490 -10.158332 4.258915
v 1.932278 -11.174635 4.640706
v 1.915674 -10.402997 6.301499
v 1.953306 -10.497100 8.134098
v 1.874167 -9.217309 9.985787
v 2.131505 -9.104386 10.520294
v 2.135379 -8.822081 11.646580
v 1.987063 -7.881059 12.295625
v 1.966034 -8.238647 12.868312
v 2.119883 -9.236129 12.181087
v 2.131505 -9.574897 10.997535
v 1.874167 -10.101870 10.558475
v 1.972122 -11.362839 8.764055
v 1.874168 -11.344019 6.816918
v 2.055135 -12.190939 5.003408
v 1.889665 -11.814531 2.521763
v 1.938365 -10.741766 2.330868
v 1.904607 -9.669002 2.159061
v 1.876383 -8.596236 1.968166
v 1.937810 -7.523471 1.777270
v 1.874168 -7.109422 3.113540
v 1.901837 -5.679069 3.648048
v 1.953858 -5.246199 4.297093
v 1.933382 -3.891128 4.354361
v 1.882468 -3.420617 4.774332
v 2.033549 -2.724261 3.915301
v 2.008646 -2.046725 3.056270
v 1.914012 -1.369190 2.197240
v 1.909585 -0.691655 1.338209
v 1.910692 -0.785757 1.242761
v 1.911798 -0.879859 1.109134
v 1.918993 -1.745599 1.758179
v 1.912352 -0.955141 0.994597
v 1.922867 -2.103187 1.471836
v 1.976548 -2.630160 2.388135
v 1.916779 -1.557395 2.025433
v 2.009199 -2.329032 2.808106
v 2.050705 -3.119490 3.571689
v 1.947771 -4.380459 3.667137
v 2.018607 -3.495899 3.018091
v 1.935042 -3.778206 2.598121
v 1.888555 -2.761903 1.815448
v 1.998131 -2.479596 1.223671
v 1.922867 -2.009085 1.128224
v 1.913459 -1.030423 0.860970
v 1.914566 -1.086884 0.670074
v 1.915119 -1.105704 0.479178
v 1.924527 -2.140828 0.803701
v 1.926187 -2.272571 0.498268
v 1.915119 -1.086884 0.345551
v 1.927848 -2.404314 0.231014
v 1.915119 -1.068063 0.192834
v 1.928954 -2.460776 -0.112599
v 1.915119 -1.030423 0.059207
v 1.914566 -0.955141 -0.036240
v 1.927294 -2.159649 -0.666196
v 1.928954 -2.366674 -0.437122
v 1.998131 -2.761903 -0.208047
v 1.998131 -2.667800 0.021028
v 1.998131 -2.592519 0.250103
v 1.998131 -2.554878 0.421909
v 1.998131 -2.554878 0.689163
v 1.998131 -2.460776 0.918238
v 1.998131 -2.761903 1.280940
v 1.998131 -2.912466 1.032776
v 1.998131 -2.987748 0.689163
v 1.998131 -3.138311 0.421909
v 1.998131 -3.119491 0.154655
v 1.998131 -3.063030 -0.112599
v 1.998131 -2.987748 -0.360763
v 1.874167 -3.025389 -0.838002
v 1.874167 -2.874825 -1.028898
v 1.876380 -3.420618 -0.742555
v 1.998131 -3.232414 -0.551659
v 1.998131 -3.458259 -0.360763
v 1.998131 -3.401798 -0.150778
v 1.874167 -3.326516 0.173745
v 1.874167 -3.288875 0.498268
v 1.874167 -3.119491 0.975507
v 1.874167 -2.950107 1.490925
v 1.874167 -4.060513 1.987254
v 1.874167 -4.305179 1.223671
v 1.874167 -3.966411 0.536447
v 1.874167 -3.627643 -0.208047
v 1.877487 -3.665283 -0.494390
v 1.914012 -5.434403 -0.208046
v 1.962159 -5.472044 0.517357
v 1.912906 -5.377944 1.414567
v 1.874167 -5.076815 2.369046
v 1.904604 -4.738048 3.113539
v 1.944450 -6.093119 2.750838
v 1.899070 -6.450707 1.586373
v 1.952751 -6.563631 0.517358
v 1.904052 -6.525990 -0.341673
v 1.874168 -6.318965 -1.238883
v 1.923975 -5.265020 -0.952540
v 1.953859 -5.095637 -1.639765
v 1.920101 -3.815847 -1.544317
v 1.874167 -2.780723 -1.257973
v 1.926187 -1.990265 -0.818913
v 1.914012 -0.898680 -0.112599
v 1.913459 -0.842218 -0.208047
v 1.925080 -1.858522 -0.971630
v 1.874167 -2.780723 -1.467958
v 1.892429 -3.571181 -1.849750
v 1.905712 -4.455742 -2.441525
v 1.942791 -4.775689 -2.040646
v 2.055687 -5.735531 -2.556063
v 1.987617 -6.111940 -2.059734
v 1.874169 -7.316448 -1.525226
v 1.874169 -7.561113 -0.494389
v 1.946666 -7.674036 0.536448
v 1.885237 -8.765620 0.536448
v 1.874169 -8.633878 -0.628016
v 2.061776 -8.351571 -0.876181
v 2.061776 -8.219828 -1.487047
v 2.061776 -8.840902 -1.677943
v 2.061776 -9.010286 -0.952539
v 1.874169 -9.725463 -0.780733
v 1.932277 -9.857205 0.555537
v 1.967696 -10.948792 0.555537
v 1.912355 -12.040376 0.574627
v 1.874169 -12.887297 2.712660
v 1.977658 -13.207242 5.385199
v 1.874168 -12.285040 7.351425
v 1.911247 -12.247399 9.394011
v 1.874167 -10.873507 11.341147
v 2.131505 -10.045408 11.455686
v 2.131505 -10.497099 12.066551
v 2.041852 -10.007768 13.173746
v 1.969355 -8.991465 13.708254
v 1.874167 -7.881059 13.670074
v 1.874166 -5.509684 14.662732
v 2.006431 -5.057993 14.853628
v 1.968246 -4.531022 14.357300
v 1.959945 -3.288873 14.815449
v 1.985401 -2.611337 14.968164
v 2.006431 -2.291389 15.693568
v 1.990936 -2.780720 16.151718
v 1.874166 -3.665280 16.590778
v 1.874166 -5.396761 15.521763
v 1.990936 -4.756866 15.464496
v 2.071181 -3.589999 16.113539
v 2.006431 -3.439436 15.464496
v 1.874167 -8.953822 14.739091
v 1.874167 -10.327715 13.631896
v 1.874167 -11.344018 12.314715
v 1.874167 -13.113139 10.043056
v 1.874169 -12.096837 -1.372510
v 1.913462 -12.078016 -2.403345
v 1.874169 -11.193458 -4.178677
v 1.938365 -11.456944 -5.553126
v 1.893539 -11.588687 -7.099382
v 1.874168 -10.892330 -8.359292
v 1.938919 -10.195975 -9.638293
v 1.882471 -10.986433 -10.401876
v 1.915676 -9.838387 -11.356356
v 1.874169 -10.817048 -0.914360
v 1.874169 -9.330235 -10.153713
v 1.969909 -8.088087 -11.375445
v 1.893538 -6.036660 -12.444462
v 1.889110 -4.474564 -13.036238
v 1.874721 -3.684106 -12.272655
v 1.874167 -3.627645 -11.299088
v 1.874167 -3.872309 -10.401877
v 1.874167 -5.302662 -11.337266
v 1.914567 -4.060514 -11.661790
v 1.950539 -4.041693 -11.108192
v 1.874167 -6.337786 -10.516415
v 1.874169 -8.746801 -9.237413
v 1.889111 -8.935005 -8.664726
v 1.972677 -9.142030 -8.473830
v 1.892985 -8.502135 -8.149307
v 1.874168 -8.069266 -8.321115
v 1.874167 -6.488349 -9.619205
v 1.950539 -5.754353 -10.000997
v 1.914567 -5.848455 -10.401877
v 1.950539 -4.926254 -10.535504
v 1.914567 -5.152100 -10.898206
v 1.994812 -5.076817 -9.886459
v 1.874167 -5.434405 -9.523757
v 1.874169 -7.391731 -7.633889
v 1.892985 -8.069266 -7.652979
v 1.972676 -8.746800 -7.920233
v 1.874169 -9.781925 -8.473829
v 1.899626 -10.045411 -7.691157
v 1.972677 -10.685306 -6.526694
v 1.899073 -10.497102 -5.056798
v 1.884131 -10.177154 -3.758706
v 1.874169 -10.478280 -2.384257
v 2.061776 -10.760586 -2.193361
v 2.061776 -10.986431 -1.200703
v 2.061776 -10.327717 -1.124345
v 2.061776 -9.669002 -1.028897
v 2.061776 -9.480797 -1.849749
v 2.061776 -10.120692 -2.021555
v 1.874169 -9.424335 -2.097913
v 1.874169 -8.370391 -1.811570
v 1.874169 -7.128243 -2.498794
v 1.874721 -6.676553 -3.052392
v 1.912907 -5.340302 -3.033303
v 1.874721 -4.192255 -2.918766
v 1.874720 -3.364157 -2.250631
v 1.874167 -2.648980 -1.639765
v 1.953860 -9.800745 -5.934917
v 1.902393 -9.537259 -4.560468
v 1.874167 -3.251234 -2.441526
v 1.874168 -3.702924 -3.396005
v 1.874168 -5.020355 -3.605991
v 1.874168 -6.582451 -3.586901
v 2.068417 -7.203525 -4.255036
v 1.880810 -7.636395 -3.548722
v 1.890771 -8.144548 -2.918765
v 1.950540 -9.160851 -3.338736
v 1.952754 -8.596237 -4.045050
v 1.880257 -7.749319 -4.350484
v 2.045173 -7.335268 -4.522290
v 1.961055 -6.958859 -4.541380
v 1.874721 -6.563632 -4.407753
v 2.011415 -7.354089 -5.094978
v 1.947773 -6.864758 -4.751365
v 1.874722 -7.862240 -4.789544
v 1.874169 -8.219829 -5.591305
v 1.876383 -8.445674 -6.297619
v 1.886344 -8.671519 -7.023023
v 1.879150 -8.991467 -7.691157
v 2.040193 -8.276290 -7.462084
v 2.068417 -7.786960 -6.984845
v 1.892985 -7.504653 -7.175740
v 1.918442 -7.241167 -6.870308
v 1.874169 -7.109424 -7.003935
v 1.991491 -5.603789 -7.729337
v 1.874167 -4.192256 -8.473830
v 1.874167 -4.173436 -9.561936
v 1.994812 -4.455743 -9.962817
v 1.994812 -4.211077 -10.554594
v 1.683240 -3.721746 -7.481174
v 1.874168 -3.251235 -6.488517
v 2.031890 -2.065548 -5.763112
v 1.905157 -1.086885 -4.923172
v 1.936149 -0.861040 -3.854155
v 1.918439 -0.334067 -2.823318
v 1.907925 0.061163 -1.773391
v 1.904604 0.155265 -0.647107
v 1.903497 0.305828 -0.608929
v 1.900177 0.851621 -1.582497
v 1.882467 1.566796 -2.460617
v 1.926187 2.526638 -3.147842
v 1.905711 2.997149 -2.727871
v 1.893536 3.448840 -2.250632
v 1.931168 3.787609 -1.811572
v 1.931168 4.107555 -1.219795
v 1.983188 5.236781 -1.105257
v 1.979868 6.441289 -0.780735
v 1.902941 7.570516 -0.017153
v 1.874164 7.626976 0.956415
v 1.894640 7.514054 2.292686
v 1.907923 6.441289 2.025432
v 2.082806 -8.144548 -6.870307
v 1.874165 6.535391 0.899148
v 1.890768 6.497751 0.040117
v 1.910691 5.368526 -0.570749
v 1.902944 4.201657 -0.799824
v 1.932274 3.072432 -0.799824
v 1.909031 2.846586 -1.238885
v 1.886341 2.583101 -1.582497
v 1.874720 2.244332 -1.926108
v 1.879700 1.886744 -2.250632
v 1.897963 1.039825 -1.487049
v 1.902390 0.418751 -0.551660
v 1.901284 0.512853 -0.494390
v 1.895749 1.265670 -1.334332
v 1.892982 1.491516 -1.124347
v 1.900177 0.625776 -0.437122
v 1.898516 0.738698 -0.322584
v 1.897410 0.851621 -0.208047
v 1.890215 1.717361 -0.895272
v 1.888555 1.886744 -0.666197
v 1.896303 0.945723 -0.093509
v 1.895196 1.021005 0.040117
v 1.886341 2.037308 -0.379854
v 1.938915 3.147713 -0.475302
v 1.888555 4.295760 -0.360764
v 1.874166 5.406166 0.116475
v 1.874166 5.443807 0.822789
v 1.879699 5.368526 1.777268
v 1.874719 4.295760 1.510014
v 1.953304 4.352221 0.746431
v 1.949984 4.333401 0.192833
v 1.930614 3.222996 -0.150779
v 1.885788 2.093770 -0.150779
v 1.895196 1.039825 0.154654
v 1.894643 1.058646 0.269192
v 1.894089 1.077466 0.402819
v 1.883574 2.150231 0.326460
v 1.894089 1.077466 0.536446
v 1.883021 2.169051 0.612804
v 1.915672 3.241816 0.269192
v 1.884681 2.150231 0.059206
v 1.890768 3.260636 0.689162
v 1.874166 3.222996 1.261850
v 1.882467 2.150231 0.994596
v 1.893536 1.077466 0.727342
v 1.894089 1.002184 0.899148
v 1.883021 2.018488 1.319118
v 1.894089 0.945723 1.032776
v 1.906264 0.023522 -0.647107
v 1.910692 -0.221144 -1.735213
v 1.907371 -0.108221 -0.628017
v 1.908478 -0.221144 -0.608929
v 1.909585 -0.352887 -0.570748
v 1.915119 -0.691655 -1.601585
v 1.910692 -0.465810 -0.513480
v 1.916779 -0.936320 -1.506138
v 1.912352 -0.635194 -0.437122
v 1.912905 -0.446989 -1.677944
v 1.935042 -1.030423 -2.651512
v 1.928401 -0.654014 -2.766049
v 1.907925 -1.388011 -3.682349
v 1.930615 -1.406831 -2.517885
v 1.919546 -1.256268 -1.353421
v 1.912905 -0.710475 -0.379853
v 1.913459 -0.785757 -0.303494
v 1.921207 -1.444472 -1.257973
v 1.934488 -1.877342 -2.269721
v 1.879701 -1.858523 -3.491453
v 1.878595 -1.726780 -4.713186
v 1.874168 -2.329033 -4.503201
v 1.943344 -2.799545 -5.495858
v 1.874168 -3.571182 -5.075887
v 1.875828 -4.192255 -6.163994
v 1.897411 -4.982715 -6.813039
v 1.897965 -5.622610 -6.278530
v 1.874169 -6.883578 -6.488517
v 1.942792 -7.147065 -6.469426
v 2.082806 -8.031626 -6.431246
v 2.082806 -7.937522 -5.896738
v 2.092214 -7.467011 -5.992187
v 1.918442 -7.165884 -5.992187
v 1.879149 -6.601273 -5.686753
v 1.918442 -7.090603 -5.572217
v 2.082806 -7.749319 -5.476769
v 1.882469 -6.582451 -5.094978
v 1.962714 -5.490867 -4.961350
v 1.904052 -4.493383 -5.839471
v 1.993151 -3.834668 -5.324052
v 2.037978 -3.420619 -4.579559
v 1.874168 -3.063030 -4.140499
v 1.874167 -2.498417 -3.338737
v 1.885788 -2.366674 -2.880587
v 1.923974 -2.103187 -2.059735
v 1.923420 -1.651497 -1.124346
v 1.980975 -2.761903 -2.594243
v 2.037977 -3.232414 -3.071483
v 2.037978 -3.533540 -3.529632
v 2.037977 -2.743082 -3.128752
v 1.982082 -2.611339 -2.708781
v 2.037978 -2.837184 -3.396005
v 2.065648 -3.157132 -3.987782
v 2.001453 -4.022872 -5.152246
v 2.065648 -3.571182 -3.815976
v 1.874168 -3.815847 -3.815976
v 1.896304 -4.719228 -4.197767
v 1.883022 -4.060513 -4.675007
v 2.037978 -3.721745 -4.331394
v 2.072289 -9.066746 15.769928
v 2.072289 -10.967609 14.280941
v 2.072289 -12.435603 12.906492
v 2.072289 -14.016520 10.787550
v 1.207858 5.424983 -18.400410
v 1.207858 3.053609 -18.839470
v 1.207858 0.004701 0.479178
v 1.207858 0.456389 -18.992186
v 1.207860 -1.914986 -18.782202
v 1.207860 -3.759389 -18.343142
v 1.207860 -5.961380 -17.770454
v 1.207860 -8.276292 -16.873241
v 1.207861 -10.798229 -15.422435
v 1.207861 -12.303864 -14.334329
v 1.207862 -13.658936 -13.074417
v 1.207862 -14.731700 -11.795415
v 1.207862 -16.124413 -9.905547
v 1.207862 -17.027792 -8.531098
v 1.222251 -17.742970 -6.908485
v 1.207862 -18.439323 -4.617736
v 1.207862 -19.041576 -1.849748
v 1.207861 -19.079218 0.593717
v 1.207861 -18.721628 3.781677
v 1.207861 -17.686504 7.160531
v 1.207861 -16.632559 9.718534
v 1.207860 -15.258669 11.799297
v 1.207860 -13.527188 13.994598
v 1.207859 -11.983913 15.521764
v 1.207858 -9.819562 17.182556
v 1.207858 -6.977677 18.442469
v 1.207856 -4.173432 19.282408
v 1.207856 -1.896160 19.702377
v 1.207856 -0.014116 19.664200
v 1.207854 1.886748 19.664200
v 1.207854 3.768791 19.435123
v 1.207854 5.820219 18.900616
v 1.207854 7.871645 18.137032
v 1.207854 10.148917 16.781672
v 1.207854 11.993320 15.598119
v 1.207854 13.668338 14.147310
v 1.207853 15.042230 12.524697
v 1.207853 16.378479 10.443933
v 1.207853 17.639448 7.885930
v 1.207853 18.655750 4.888866
v 1.207853 19.069799 1.796356
v 1.207854 18.994518 -0.857095
v 1.207854 18.731031 -3.166933
v 1.207854 18.411085 -5.075891
v 1.207854 17.846470 -6.927579
v 1.207855 16.397295 -9.619209
v 1.207855 15.079866 -11.528166
v 1.207856 13.179003 -13.437122
v 1.207855 11.221678 -15.250632
v 1.207856 9.151429 -16.720530
v 1.207856 7.476411 -17.636829
vn -0.7063 -0.0979 -0.7011
vn -0.7063 -0.0000 -0.7079
vn -0.2444 -0.1355 -0.9602
vn -0.2444 -0.0000 -0.9697
vn 0.2444 -0.1361 -0.9601
vn -1.0000 -0.0000 -0.0000
vn 0.2444 -0.0000 -0.9697
vn -0.2444 0.1355 -0.9602
vn -0.7063 -0.2011 -0.6787
vn -0.2444 -0.2755 -0.9297
vn -0.7063 -0.2930 -0.6444
vn -0.2444 -0.4026 -0.8821
vn -0.7064 -0.3856 -0.5936
vn -0.2445 -0.5219 -0.8172
vn -0.7063 -0.4640 -0.5346
vn -0.2444 -0.6367 -0.7314
vn -0.2444 -0.7326 -0.6353
vn -0.7063 -0.5334 -0.4654
vn -0.7064 -0.5967 -0.3808
vn -0.2444 -0.8142 -0.5267
vn -0.7063 -0.6436 -0.2947
vn -0.2444 -0.8829 -0.4009
vn -0.2444 -0.9302 -0.2737
vn -0.7063 -0.6782 -0.2029
vn -0.2444 -0.9594 -0.1411
vn -0.7064 -0.7008 -0.0997
vn -0.2444 -0.9697 0.0019
vn -0.7063 -0.7079 -0.0019
vn -0.2444 -0.9599 0.1373
vn -0.7063 -0.7003 0.1035
vn -0.7064 -0.6792 0.1993
vn -0.2444 -0.9313 0.2701
vn -0.7063 -0.6452 0.2913
vn -0.2444 -0.8813 0.4044
vn -0.7063 -0.5947 0.3840
vn -0.2444 -0.8162 0.5235
vn -0.7063 -0.5359 0.4625
vn -0.2444 -0.7351 0.6324
vn -0.7063 -0.4611 0.5371
vn -0.2444 -0.6338 0.7338
vn -0.2444 -0.5251 0.8152
vn -0.7063 -0.3824 0.5957
vn -0.2444 -0.4061 0.8805
vn -0.7063 -0.2964 0.6428
vn -0.2444 -0.2719 0.9308
vn -0.7063 -0.1975 0.6798
vn -0.2444 -0.1392 0.9596
vn -0.7063 -0.1016 0.7005
vn -0.7063 -0.0038 0.7079
vn -0.2444 -0.0038 0.9697
vn -0.2444 0.1392 0.9596
vn -0.7063 0.1016 0.7006
vn -0.2444 0.2719 0.9308
vn -0.7063 0.1975 0.6798
vn -0.2444 0.4061 0.8805
vn -0.7063 0.2964 0.6428
vn -0.2444 0.5251 0.8152
vn -0.7063 0.3824 0.5957
vn -0.2445 0.6338 0.7338
vn -0.7063 0.4611 0.5371
vn -0.7063 0.5359 0.4625
vn -0.2444 0.7351 0.6324
vn -0.2444 0.8162 0.5235
vn -0.7063 0.5947 0.3840
vn -0.2446 0.8813 0.4044
vn -0.7063 0.6452 0.2913
vn -0.2444 0.9313 0.2701
vn -0.7063 0.6793 0.1993
vn -0.2444 0.9599 0.1373
vn -0.7063 0.7003 0.1035
vn -0.7063 0.7079 -0.0019
vn -0.2444 0.9697 0.0019
vn -0.7064 0.7008 -0.0997
vn -0.2444 0.9594 -0.1410
vn -0.7063 0.6803 -0.1956
vn -0.2445 0.9302 -0.2737
vn -0.2444 0.8829 -0.4009
vn -0.7063 0.6436 -0.2947
vn -0.2446 0.8141 -0.5267
vn -0.7064 0.5967 -0.3808
vn -0.2444 0.7326 -0.6353
vn -0.7064 0.5334 -0.4654
vn -0.2444 0.6367 -0.7314
vn -0.7064 0.4639 -0.5346
vn -0.2444 0.5219 -0.8172
vn -0.7063 0.3856 -0.5936
vn -0.7063 0.2930 -0.6444
vn -0.2444 0.4027 -0.8821
vn -0.7063 0.2011 -0.6787
vn -0.2444 0.2755 -0.9297
vn -0.7064 0.0979 -0.7011
vn 0.2444 0.1370 -0.9599
vn 0.9999 -0.0000 -0.0132
vn 0.2445 0.2755 -0.9297
vn 0.9999 0.0067 -0.0114
vn 1.0000 -0.0000 -0.0000
vn 0.9999 0.0064 -0.0114
vn 0.2445 0.4027 -0.8821
vn 0.2444 0.5219 -0.8172
vn 0.2444 0.6367 -0.7314
vn 0.2444 0.7326 -0.6353
vn 0.2444 0.8142 -0.5267
vn 0.2444 0.8829 -0.4010
vn 0.2444 0.9302 -0.2737
vn 0.2444 0.9594 -0.1410
vn 0.2444 0.9697 0.0019
vn 0.2444 0.9599 0.1373
vn 0.2444 0.9313 0.2700
vn 0.2444 0.8813 0.4044
vn 0.2444 0.8162 0.5235
vn 0.2444 0.7351 0.6324
vn 0.2446 0.6338 0.7338
vn 0.9999 0.0114 0.0065
vn 0.9999 0.0132 -0.0000
vn 0.9999 0.0114 0.0066
vn 0.9999 0.0065 -0.0115
vn 0.9999 0.0090 -0.0092
vn 0.9999 0.0092 -0.0091
vn 0.9999 0.0093 0.0090
vn 0.9999 0.0065 0.0115
vn 0.2445 0.5251 0.8152
vn 0.9999 0.0066 0.0114
vn 0.9999 0.0109 -0.0076
vn 0.2446 0.4061 0.8805
vn 0.9999 0.0114 -0.0064
vn 0.9999 0.0125 -0.0037
vn 0.9999 0.0130 -0.0013
vn 0.9999 0.0030 0.0124
vn 0.2444 0.2719 0.9308
vn 0.2445 0.1392 0.9596
vn 0.2444 0.0038 0.9697
vn 0.2444 -0.1392 0.9596
vn 0.9999 0.0001 0.0132
vn 0.9999 -0.0000 0.0132
vn 0.9999 -0.0022 0.0128
vn 0.9999 -0.0066 0.0114
vn 0.2445 -0.2719 0.9308
vn 0.9999 -0.0065 0.0115
vn 0.2444 -0.4061 0.8805
vn 0.9999 -0.0114 0.0066
vn 0.9999 -0.0128 0.0022
vn 0.9999 -0.0115 0.0065
vn 0.9999 -0.0114 0.0067
vn 0.9999 -0.0084 0.0102
vn 0.2444 -0.5251 0.8152
vn 0.2445 -0.6338 0.7338
vn 0.2444 -0.7351 0.6324
vn 0.2444 -0.8162 0.5235
vn 0.2446 -0.8813 0.4044
vn 0.2444 -0.9313 0.2701
vn 0.2444 -0.9599 0.1373
vn 0.2444 -0.9697 0.0019
vn 0.2444 -0.9594 -0.1411
vn 0.2444 -0.9303 -0.2737
vn 0.2444 -0.8829 -0.4009
vn 0.2445 -0.8142 -0.5267
vn 0.2444 -0.7326 -0.6353
vn 0.2444 -0.6367 -0.7314
vn 0.2444 -0.5219 -0.8172
vn 0.2444 -0.4027 -0.8821
vn 0.2446 -0.2755 -0.9297
vn 0.9999 -0.0065 0.0114
vn 0.9999 -0.0066 -0.0114
vn 0.9999 -0.0065 -0.0115
vn 0.9999 -0.0114 -0.0066
vn 0.9999 -0.0132 -0.0000
vn 0.6112 0.1128 -0.7834
vn 0.3527 -0.0151 -0.9356
vn -0.1846 -0.0151 -0.9827
vn 0.4797 -0.1427 -0.8658
vn -0.1761 -0.1504 -0.9728
vn 0.4527 -0.2092 -0.8668
vn 0.9349 -0.0674 -0.3483
vn 0.9186 0.0150 -0.3950
vn -0.5471 -0.0076 -0.8370
vn -0.5435 -0.1280 -0.8296
vn -0.5398 -0.2093 -0.8153
vn -0.1847 -0.2318 -0.9551
vn -0.5434 -0.2601 -0.7982
vn -0.2739 -0.3115 -0.9099
vn -0.5435 -0.3652 -0.7558
vn 0.4370 -0.2962 -0.8493
vn 0.9611 -0.0885 -0.2616
vn 0.9992 -0.0207 -0.0334
vn 0.9995 0.0245 -0.0183
vn 0.9611 0.0522 -0.2711
vn 0.9439 0.0672 -0.3232
vn 0.5760 0.2015 -0.7922
vn -0.2823 0.2538 -0.9252
vn -0.2781 0.1130 -0.9539
vn -0.5508 0.2166 -0.8060
vn -0.5508 0.0980 -0.8289
vn -0.5508 0.3445 -0.7602
vn -0.2823 0.3888 -0.8770
vn -0.5472 0.4508 -0.7053
vn -0.2781 0.5153 -0.8107
vn -0.5435 0.5305 -0.6505
vn 0.4911 0.3589 -0.7937
vn 0.9365 0.1320 -0.3249
vn 0.4758 0.4720 -0.7422
vn -0.2823 0.6069 -0.7429
vn -0.5435 0.5814 -0.6055
vn -0.2823 0.6689 -0.6876
vn 0.4604 0.5524 -0.6949
vn 0.9410 0.1719 -0.2915
vn 0.9999 -0.0000 -0.0131
vn -1.0000 -0.0000 -0.0042
vn 0.9997 -0.0192 -0.0179
vn 1.0000 0.0076 0.0044
vn -1.0000 -0.0038 0.0022
vn 0.9920 -0.0111 0.1259
vn 0.9896 -0.0614 0.1299
vn 0.9848 -0.0793 0.1548
vn 0.9995 -0.0168 0.0256
vn 0.9079 0.2584 -0.3301
vn 0.3404 0.6439 -0.6852
vn -0.2781 0.7360 -0.6173
vn -0.5435 0.6433 -0.5392
vn -0.2781 0.8235 -0.4945
vn -0.5435 0.7180 -0.4349
vn 1.0000 0.0056 -0.0067
vn 0.9999 0.0113 -0.0065
vn 0.9925 0.0920 -0.0802
vn 0.9914 0.0885 -0.0963
vn 0.4487 0.6878 -0.5706
vn 0.9999 0.0065 -0.0113
vn 0.8657 0.3418 -0.3658
vn 0.9988 -0.0463 0.0127
vn 0.9908 0.0643 -0.1187
vn 0.9998 0.0067 -0.0161
vn 0.9920 0.1100 -0.0621
vn 0.9958 0.0793 -0.0457
vn 0.9966 0.0692 -0.0457
vn 0.9920 0.1020 -0.0746
vn -0.2781 0.8791 -0.3871
vn 0.9998 0.0177 -0.0128
vn 0.5138 0.7461 -0.4235
vn 0.9220 0.3242 -0.2118
vn 1.0000 -0.0026 0.0036
vn 0.9972 0.0418 -0.0613
vn -0.5435 0.7669 -0.3412
vn -0.2781 0.9361 -0.2153
vn -0.5398 0.8207 -0.1873
vn 0.9979 0.0512 -0.0408
vn 0.9950 0.0559 -0.0833
vn 0.6007 0.7301 -0.3258
vn 0.9936 0.0074 -0.1131
vn 0.9482 0.2910 -0.1276
vn 0.9988 0.0245 0.0413
vn 0.9824 -0.1204 0.1428
vn 0.9753 -0.1582 0.1542
vn 0.9824 -0.1260 0.1379
vn 0.9883 -0.0718 0.1343
vn 0.9945 -0.0502 0.0919
vn 0.9816 -0.0867 0.1703
vn 0.9992 0.0314 -0.0237
vn 0.9972 -0.0643 0.0371
vn 0.9998 -0.0122 0.0124
vn 0.9994 0.0142 -0.0319
vn 0.9914 -0.0828 0.1012
vn 0.9862 -0.1227 0.1108
vn 0.9647 -0.2566 0.0597
vn 0.9930 -0.0785 0.0877
vn 0.9950 -0.0703 0.0715
vn 0.9587 -0.2789 0.0560
vn 0.9908 -0.0770 0.1110
vn 0.9988 0.0179 0.0446
vn 0.9986 -0.0308 0.0424
vn 0.9202 0.3291 -0.2117
vn 0.9781 0.1956 -0.0714
vn 0.5796 0.7936 -0.1850
vn 0.9509 0.2780 -0.1360
vn 0.9807 -0.1903 0.0445
vn 0.9890 -0.1419 0.0422
vn 0.9990 0.0267 0.0346
vn 1.0000 -0.0030 0.0082
vn 0.9994 0.0142 0.0319
vn 0.9935 -0.1017 0.0502
vn 0.8657 -0.4553 0.2080
vn 0.9876 0.1565 0.0075
vn 0.9410 0.2924 -0.1703
vn 0.9318 0.2824 -0.2280
vn 0.9840 0.1716 -0.0479
vn 0.9998 -0.0123 -0.0124
vn 0.9832 0.1822 -0.0094
vn 0.9997 -0.0191 -0.0179
vn 0.9890 0.1324 -0.0663
vn -0.2781 0.9512 -0.1336
vn 0.6008 0.7919 -0.1090
vn 0.9958 0.0710 -0.0580
vn 0.9877 0.1454 -0.0582
vn 0.9790 0.2029 -0.0206
vn 0.9988 -0.0245 0.0413
vn -0.5398 0.8331 -0.1205
vn -0.2781 0.9583 -0.0660
vn -0.5398 0.8396 -0.0604
vn 0.9877 -0.0783 0.1357
vn -0.5435 0.8380 0.0491
vn -0.2103 0.9759 0.0585
vn -0.5435 0.8174 0.1910
vn -0.1415 0.9624 0.2318
vn -0.5398 0.7770 0.3239
vn -0.2739 0.8914 0.3611
vn -0.5435 0.7332 0.4088
vn -0.2781 0.8368 0.4716
vn -0.5435 0.6804 0.4916
vn -0.2781 0.7755 0.5667
vn -0.5435 0.5976 0.5895
vn -0.2781 0.6825 0.6759
vn -0.2825 0.5772 0.7662
vn -0.5435 0.5007 0.6737
vn -0.2823 0.5024 0.8173
vn -0.5435 0.4381 0.7160
vn -0.2781 0.4197 0.8640
vn -0.5435 0.3720 0.7525
vn -0.2823 0.2900 0.9144
vn -0.5435 0.2529 0.8004
vn -0.2781 0.1839 0.9428
vn -0.5435 0.1577 0.8245
vn -0.2781 0.0566 0.9589
vn -0.5435 0.0529 0.8377
vn -0.2780 0.0113 0.9605
vn -0.5398 0.0076 0.8418
vn 0.9681 -0.2006 0.1504
vn -0.5435 -0.0755 0.8360
vn -0.1631 -0.0717 0.9840
vn -0.5472 -0.2020 0.8123
vn -0.4053 -0.2278 0.8854
vn -0.5471 -0.2957 0.7831
vn -0.2823 -0.3329 0.8997
vn -0.5471 -0.4250 0.7211
vn -0.2061 -0.4969 0.8430
vn -0.5435 -0.5479 0.6360
vn -0.2781 -0.6216 0.7323
vn -0.5398 -0.6339 0.5538
vn -0.2781 -0.7187 0.6373
vn -0.2781 -0.7800 0.5606
vn -0.5398 -0.6810 0.4948
vn -0.2781 -0.8513 0.4450
vn -0.5398 -0.7448 0.3922
vn -0.2781 -0.9055 0.3204
vn -0.5398 -0.7933 0.2816
vn -0.2739 -0.9402 0.2024
vn -0.5398 -0.8239 0.1726
vn -0.2781 -0.9590 0.0547
vn -0.5435 -0.8380 0.0491
vn -0.5435 -0.8332 -0.1018
vn -0.2739 -0.9532 -0.1280
vn -0.5435 -0.8120 -0.2130
vn -0.1415 -0.9569 -0.2538
vn -0.4987 -0.8140 -0.2978
vn -0.0807 -0.9361 -0.3423
vn -0.4873 -0.7779 -0.3968
vn -0.0895 -0.8767 -0.4727
vn -0.5973 -0.6742 -0.4343
vn -0.3486 -0.7840 -0.5136
vn -0.6779 -0.5638 -0.4717
vn -0.4132 -0.7106 -0.5695
vn 0.9890 -0.1091 0.0999
vn -0.2823 -0.6850 -0.6716
vn -0.5435 -0.6081 -0.5787
vn -0.2739 -0.6073 -0.7458
vn -0.5435 -0.5364 -0.6457
vn -0.1846 -0.5227 -0.8323
vn -0.5435 -0.4445 -0.7120
vn -0.1068 -0.4309 -0.8960
vn 0.6649 -0.3414 -0.6643
vn 0.9733 -0.1015 -0.2058
vn 0.9981 -0.0458 -0.0405
vn 0.9908 0.0222 0.1332
vn 0.9862 0.0260 0.1632
vn 0.9945 0.0222 0.1023
vn 0.9979 -0.0463 0.0463
vn 0.9972 0.0037 0.0741
vn 0.9999 -0.0131 -0.0000
vn 0.9998 -0.0128 -0.0177
vn 1.0000 0.0086 -0.0015
vn 1.0000 0.0076 0.0043
vn 0.9998 -0.0177 -0.0128
vn 0.9920 0.0185 0.1250
vn 0.9925 -0.0112 0.1215
vn 0.9902 0.0037 0.1393
vn 0.9969 -0.0037 0.0785
vn 0.9992 -0.0265 0.0291
vn 0.9743 -0.1142 -0.1941
vn 0.5832 -0.4165 -0.6975
vn 0.5324 -0.5187 -0.6690
vn 0.4487 -0.6319 -0.6319
vn 0.3771 -0.7281 -0.5724
vn 0.4949 -0.7538 -0.4323
vn 0.9992 -0.0352 -0.0175
vn 0.7001 -0.6392 -0.3183
vn 0.7793 -0.5901 -0.2108
vn 0.7094 -0.6782 -0.1918
vn 0.9990 -0.0142 0.0413
vn 0.9972 0.0624 -0.0403
vn 0.9966 0.0360 -0.0747
vn 0.9958 0.0909 0.0110
vn 0.9762 -0.2095 -0.0555
vn 0.9925 -0.1146 -0.0419
vn 0.9998 -0.0161 0.0067
vn 0.9425 -0.3018 -0.1438
vn 0.9286 -0.2934 -0.2271
vn 0.9454 -0.2190 -0.2415
vn 0.9635 -0.1487 -0.2225
vn 0.9562 -0.1371 -0.2587
vn 0.9832 0.1797 -0.0317
vn 0.9992 0.0314 0.0237
vn 0.9998 -0.0000 0.0175
vn 0.9979 0.0409 0.0512
vn 0.9984 0.0108 0.0557
vn 0.9984 0.0533 0.0192
vn 0.9799 -0.1280 0.1532
vn 0.9990 -0.0321 0.0296
vn 0.9986 -0.0486 0.0196
vn 0.9612 -0.2632 0.0832
vn 0.9799 0.1965 -0.0355
vn 0.9658 0.2586 -0.0169
vn 0.9994 0.0348 0.0036
vn 0.9998 0.0175 -0.0000
vn 0.9998 0.0219 -0.0000
vn 1.0000 -0.0000 -0.0044
vn 0.9995 -0.0222 0.0210
vn 0.9976 -0.0254 0.0651
vn 0.9990 0.0366 0.0239
vn 0.9840 -0.1612 -0.0759
vn 0.9723 -0.2279 -0.0520
vn 0.6649 -0.7389 -0.1090
vn 0.5653 -0.8239 0.0396
vn 0.4643 -0.8680 0.1760
vn 0.5175 -0.8037 0.2936
vn 0.5544 -0.7354 0.3897
vn 0.5725 -0.6680 0.4755
vn 0.4448 -0.6733 0.5906
vn 0.4719 -0.5693 0.6732
vn 0.9723 0.2241 -0.0665
vn 0.5250 -0.4283 0.7355
vn 0.5324 -0.3200 0.7837
vn 0.3363 -0.2169 0.9164
vn 0.5544 -0.0641 0.8298
vn 0.3852 0.0227 0.9226
vn 0.4873 0.0566 0.8714
vn 0.5471 0.1612 0.8214
vn 0.5507 0.2489 0.7967
vn 0.5508 0.3612 0.7525
vn 0.5324 0.4475 0.7185
vn 0.6111 0.4749 0.6332
vn 0.5470 0.5832 0.6005
vn 0.5324 0.6837 0.4991
vn 0.4526 0.7747 0.4415
vn 0.4409 0.8333 0.3334
vn 0.4604 0.8640 0.2038
vn 0.9954 -0.0951 0.0130
vn 0.9930 -0.0698 -0.0948
vn 0.9992 0.0207 -0.0334
vn 0.9954 -0.0866 0.0413
vn 0.9976 -0.0037 0.0698
vn 0.9723 -0.2308 0.0373
vn 0.9733 0.1908 -0.1275
vn 0.9509 0.2763 0.1393
vn 0.9680 0.2172 0.1254
vn 0.9587 0.2438 0.1465
vn 0.9380 0.2490 0.2410
vn 0.9587 0.1623 0.2336
vn 0.9536 0.2529 -0.1634
vn 0.9482 0.1706 0.2680
vn 0.9365 0.1560 0.3141
vn 0.9999 -0.0065 -0.0113
vn 0.9468 0.0926 0.3082
vn 0.9988 -0.0359 0.0320
vn 0.9998 -0.0068 -0.0208
vn 0.9972 0.0676 0.0306
vn 0.9998 0.0161 0.0067
vn 0.9995 -0.0071 -0.0298
vn 0.9986 -0.0389 -0.0351
vn 0.9972 -0.0477 -0.0568
vn 0.9908 -0.0886 -0.1018
vn 0.9972 -0.0355 -0.0652
vn 0.9984 -0.0533 0.0196
vn 0.9995 -0.0265 0.0153
vn 0.9984 -0.0560 -0.0090
vn 0.9998 -0.0123 -0.0123
vn 0.9936 -0.0690 -0.0899
vn 0.9920 -0.0637 -0.1091
vn 0.9999 0.0113 0.0065
vn 0.9890 -0.0579 -0.1362
vn 0.9998 -0.0161 -0.0067
vn 0.9496 0.0598 0.3078
vn 0.9599 0.0150 0.2798
vn 0.9536 0.0374 0.2988
vn 0.9549 -0.0075 0.2969
vn 0.8985 -0.0972 0.4280
vn 0.9574 -0.1339 0.2557
vn 0.9523 -0.1543 0.2634
vn 0.9482 -0.2068 0.2413
vn 0.9454 -0.2477 0.2119
vn 0.9549 -0.2437 0.1697
vn 0.9587 -0.2512 0.1335
vn 0.9496 -0.2864 0.1278
vn 0.9097 -0.4081 0.0766
vn 0.9509 -0.3094 -0.0056
vn 0.9992 -0.0209 -0.0342
vn 0.9990 0.0142 -0.0413
vn 0.9999 0.0131 -0.0000
vn 0.9995 -0.0000 -0.0306
vn 0.9966 0.0822 -0.0111
vn 0.9908 0.1289 -0.0403
vn 0.9966 0.0808 -0.0184
vn 0.9995 0.0305 0.0018
vn 0.9979 0.0650 0.0074
vn 0.9981 0.0503 -0.0347
vn 0.9969 -0.0709 -0.0339
vn 0.9990 -0.0435 -0.0036
vn 0.9999 0.0113 0.0066
vn 0.9966 -0.0000 0.0829
vn 0.9962 0.0604 0.0633
vn 0.9936 0.0975 0.0563
vn 0.9925 0.0989 0.0714
vn 0.9954 0.0747 0.0603
vn 0.9997 0.0165 0.0203
vn 0.9981 0.0283 0.0541
vn 0.9962 0.0291 0.0823
vn 0.9989 -0.0212 -0.0430
vn 0.9998 0.0128 -0.0177
vn 0.9995 0.0137 -0.0274
vn 0.9920 -0.0401 0.1198
vn 0.9958 0.0219 -0.0890
vn 0.9994 -0.0349 0.0037
vn 0.9925 0.0074 -0.1218
vn 0.9930 0.0075 -0.1178
vn 0.9958 0.0147 -0.0906
vn 0.9790 0.1936 -0.0645
vn 0.9998 0.0124 -0.0123
vn 1.0000 0.0026 0.0035
vn 1.0000 0.0074 0.0044
vn 0.9914 0.1120 0.0675
vn 0.9979 -0.0216 0.0618
vn 0.9972 -0.0183 0.0719
vn 0.9855 -0.0794 -0.1499
vn 1.0000 -0.0026 0.0035
vn 0.9945 -0.0981 0.0365
vn 0.9945 -0.0296 0.1004
vn 1.0000 0.0076 0.0042
vn 0.9945 -0.0838 0.0627
vn 0.9998 0.0067 0.0162
vn 0.9992 0.0139 0.0366
vn 0.9990 -0.0268 0.0346
vn 0.9986 -0.0247 0.0463
vn 0.9998 0.0161 0.0066
vn 0.9997 -0.0105 0.0240
vn 0.9999 -0.0113 -0.0065
vn 0.9994 -0.0000 0.0350
vn 0.9986 0.0179 0.0492
vn 0.9984 0.0213 -0.0526
vn 0.9995 -0.0105 0.0287
vn 0.9994 0.0303 -0.0175
vn 0.9998 -0.0128 0.0177
vn 1.0000 -0.0076 0.0043
vn 0.9950 -0.0397 0.0921
vn 0.9925 0.0603 0.1060
vn 0.9994 -0.0348 -0.0037
vn 0.9998 -0.0177 0.0128
vn 0.9997 -0.0000 -0.0259
vn 0.9999 0.0114 -0.0066
vn 0.9995 0.0279 -0.0123
vn 0.9969 0.0740 -0.0271
vn 0.9997 -0.0247 0.0088
vn 0.9972 -0.0556 0.0491
vn 0.9984 -0.0565 0.0055
vn 0.9848 0.1691 -0.0408
vn 0.4873 0.8695 -0.0810
vn 0.4911 0.8691 0.0585
vn 0.8764 0.4657 0.1228
vn 0.9998 -0.0068 0.0208
vn 0.9998 -0.0175 -0.0000
vn 0.9994 0.0205 -0.0281
vn 0.9998 0.0128 0.0177
vn 0.8764 0.4812 0.0188
vn 0.9395 0.3334 -0.0783
vn 0.9998 0.0162 0.0067
vn 0.9995 -0.0137 -0.0273
vn 0.9992 -0.0378 -0.0108
vn 0.9997 -0.0000 -0.0262
vn 0.9994 -0.0068 0.0345
vn 0.9966 -0.0808 0.0184
vn 0.9992 0.0072 -0.0387
vn 1.0000 -0.0041 -0.0015
vn 0.9743 -0.2251 -0.0094
vn 0.9781 -0.2063 -0.0279
vn 0.9981 -0.0146 0.0593
vn 0.9976 -0.0288 -0.0636
vn 0.9972 -0.0690 -0.0271
vn 0.9978 -0.0639 0.0148
vn 0.9954 -0.0257 0.0925
vn 0.9984 -0.0036 0.0566
vn 0.9995 -0.0245 -0.0183
vn 0.9972 -0.0660 -0.0339
vn 0.9914 -0.1264 -0.0332
vn 0.9986 -0.0434 -0.0293
vn 0.9902 -0.1390 -0.0093
vn 1.0000 -0.0023 0.0035
vn 0.9876 -0.1560 -0.0149
vn 0.9920 -0.1247 -0.0203
vn 0.9969 -0.0673 -0.0401
vn 0.9979 -0.0590 -0.0284
vn 0.9958 -0.0608 -0.0686
vn 0.9984 -0.0340 -0.0455
vn 0.9988 -0.0333 -0.0346
vn 0.9966 -0.0599 -0.0573
vn 0.9994 -0.0332 -0.0108
vn 1.0000 0.0089 -0.0013
vn 0.9986 -0.0435 -0.0293
vn 0.9995 -0.0246 -0.0183
vn 0.9998 0.0067 0.0161
vn 0.9988 0.0452 -0.0162
vn 0.9681 0.1650 0.1888
vn 0.9990 -0.0366 0.0239
vn 0.9999 0.0114 -0.0065
vn 0.9862 -0.0619 0.1533
vn 0.9658 0.2588 0.0131
vn 0.9998 -0.0206 -0.0068
vn 0.9890 0.1446 -0.0314
vn 0.9981 -0.0593 -0.0146
vn 0.9998 0.0067 -0.0209
vn 0.9998 -0.0069 0.0168
vn 0.9966 0.0808 0.0184
vn 0.9972 -0.0736 0.0092
vn 0.9992 0.0072 -0.0386
vn 0.9997 0.0233 -0.0119
vn 0.9969 0.0738 -0.0271
vn 0.9992 -0.0000 -0.0393
vn 0.9990 0.0400 -0.0176
vn 0.9998 -0.0219 -0.0000
vn 0.9998 -0.0000 -0.0218
vn 1.0000 0.0030 0.0082
vn 0.9940 -0.0629 0.0890
vn 0.9958 -0.0426 0.0811
vn 0.9994 -0.0205 0.0283
vn 0.9986 -0.0213 -0.0479
vn 0.9995 0.0293 0.0088
vn 0.9995 -0.0223 0.0210
vn 0.9998 0.0162 0.0066
vn 0.9992 -0.0314 -0.0237
vn 0.9984 0.0109 0.0557
vn 0.9998 -0.0124 -0.0124
vn 0.9994 -0.0303 -0.0175
vn 0.9998 -0.0177 -0.0129
vn 0.9992 0.0378 0.0108
vn 0.9997 -0.0035 0.0260
vn 0.9992 -0.0379 -0.0107
vn 0.9999 -0.0065 -0.0114
vn 0.9958 0.0793 -0.0458
vn 0.9936 0.0630 -0.0943
vn 0.9994 -0.0260 0.0234
vn 0.9816 -0.1887 0.0299
vn 0.9969 -0.0655 0.0435
vn 0.9807 -0.1863 -0.0589
vn 0.9914 -0.0769 -0.1058
vn 0.9969 -0.0288 -0.0731
vn 0.9958 -0.0290 0.0869
vn 0.9972 -0.0110 0.0734
vn 0.9994 -0.0259 -0.0234
vn 0.9998 -0.0067 0.0161
vn 0.9936 -0.0434 -0.1047
vn 0.9908 -0.0438 -0.1277
vn 0.9920 -0.0366 -0.1209
vn 1.0000 0.0042 -0.0012
vn 0.9995 -0.0197 -0.0234
vn 0.9998 0.0068 -0.0208
vn 0.9807 0.1243 -0.1507
vn 0.9670 0.1714 -0.1887
vn 0.9914 -0.0439 -0.1231
vn 0.9990 -0.0435 0.0036
vn 0.9990 -0.0321 -0.0296
vn 0.9995 -0.0293 0.0088
vn 0.9966 -0.0692 0.0457
vn 0.9990 0.0400 0.0175
vn 0.9998 0.0068 0.0161
vn 0.9958 0.0290 -0.0869
vn 0.9995 -0.0301 -0.0053
vn 0.9969 0.0633 -0.0465
vn 0.9998 -0.0000 -0.0175
vn 0.9997 0.0168 0.0204
vn 0.9902 0.0581 -0.1267
vn 0.9992 0.0392 0.0036
vn 0.9969 0.0218 -0.0755
vn 0.9966 -0.0148 -0.0816
vn 0.9962 -0.0074 -0.0869
vn 0.9969 -0.0218 -0.0755
vn 0.9997 -0.0104 0.0240
vn 0.9981 0.0146 0.0594
vn 0.9816 0.1546 0.1123
vn 0.9990 0.0208 -0.0384
vn 0.9992 0.0352 -0.0175
vn 1.0000 0.0042 -0.0014
vn 0.9986 -0.0144 -0.0504
vn 0.9969 0.0563 0.0548
vn 0.9914 0.0509 0.1204
vn 0.9862 0.0297 -0.1626
vn 0.9753 0.2021 -0.0893
vn 0.9658 0.0558 0.2531
vn 0.9702 -0.0411 0.2387
vn 0.9990 -0.0322 0.0296
vn 0.9988 0.0246 0.0413
vn 0.9969 -0.0692 0.0371
vn 0.9988 0.0180 0.0446
vn 0.9954 -0.0919 0.0275
vn 0.9743 0.1175 0.1922
vn 0.9986 0.0521 0.0055
vn 0.9790 -0.1967 0.0537
vn 0.9702 -0.2026 -0.1328
vn 0.9658 -0.1355 -0.2209
vn 0.9998 0.0207 0.0067
vn 0.9997 0.0104 0.0240
vn 1.0000 0.0086 -0.0014
vn 0.9999 0.0159 0.0067
vn 0.9986 -0.0516 -0.0091
vn 0.9958 0.0661 -0.0635
vn 0.9979 -0.0000 -0.0655
vn 0.9962 -0.0872 0.0037
vn 0.9992 -0.0207 0.0334
vn 0.9981 0.0405 0.0458
vn 0.9990 -0.0436 0.0036
vn 0.9995 0.0168 0.0256
vn 0.9984 -0.0544 -0.0162
vn 0.9995 -0.0281 -0.0121
vn 0.9984 -0.0144 -0.0549
vn 0.9790 0.0662 -0.1929
vn 0.9920 0.0847 0.0938
vn 0.9969 0.0784 -0.0055
vn 0.9883 0.0075 0.1522
vn 0.9966 0.0809 -0.0184
vn 0.9772 -0.1200 0.1754
vn 0.9945 -0.0880 -0.0566
vn 0.9702 -0.1281 -0.2056
vn 0.9994 -0.0206 -0.0283
vn 0.9966 -0.0487 -0.0671
vn 0.9925 -0.0259 0.1193
vn 1.0000 -0.0086 -0.0015
vn 0.9997 0.0214 0.0151
vn 0.9935 -0.0852 -0.0748
vn 0.9635 -0.2472 -0.1024
vn 0.9988 0.0073 -0.0475
vn 0.9981 -0.0458 0.0406
vn 0.9992 0.0072 -0.0383
vn 0.9981 -0.0000 -0.0611
vn 0.9997 0.0247 0.0088
vn 0.9995 0.0168 0.0255
vn 0.9966 -0.0828 0.0037
vn 0.9908 0.0438 -0.1277
vn 0.9883 0.0297 -0.1494
vn 0.9831 -0.1812 -0.0251
vn 0.9994 0.0302 0.0175
vn 0.9691 0.2442 -0.0337
vn 0.9816 0.1874 -0.0373
vn 0.9848 0.1706 -0.0335
vn 0.9988 -0.0480 -0.0018
vn 1.0000 -0.0042 -0.0012
vn 0.9799 -0.1877 0.0681
vn 0.9936 -0.1124 -0.0148
vn 0.9883 -0.1129 -0.1024
vn 0.9954 0.0930 -0.0240
vn 0.9988 0.0463 0.0127
vn 0.9981 0.0594 -0.0146
vn 0.9981 0.0612 -0.0000
vn 0.9988 0.0478 0.0055
vn 0.9976 0.0322 0.0620
vn 0.9972 0.0183 0.0719
vn 0.9978 -0.0146 0.0639
vn 0.9994 0.0205 0.0283
vn 0.9995 -0.0305 0.0018
vn 0.9976 0.0075 -0.0695
vn 0.9984 0.0279 -0.0496
vn 0.9940 0.0502 0.0968
vn 0.9992 0.0391 -0.0036
vn 0.9945 0.0295 -0.1005
vn 0.9997 0.0192 -0.0179
vn 0.9999 -0.0000 0.0131
vn 0.9945 0.1022 -0.0223
vn 0.9914 0.1294 -0.0186
vn 0.9992 -0.0391 -0.0036
vn 0.9992 0.0378 -0.0108
vn 0.9940 0.0365 -0.1027
vn 0.9997 0.0136 -0.0224
vn 0.9992 -0.0072 0.0386
vn 0.9992 -0.0391 0.0036
vn 0.9999 -0.0066 0.0113
vn 0.9994 0.0348 -0.0036
vn 0.9997 -0.0136 -0.0224
vn 0.9995 0.0197 -0.0234
vn 0.9998 -0.0128 0.0124
vn 0.9990 0.0322 -0.0296
vn 0.9790 0.0519 -0.1972
vn 0.9862 -0.0186 0.1643
vn 0.9807 -0.0224 0.1941
vn 0.9847 0.0444 -0.1683
vn 0.9988 0.0037 0.0479
vn 0.9979 0.0590 0.0284
vn 0.9997 -0.0036 0.0260
vn 0.9999 0.0113 -0.0066
vn 0.9984 0.0440 -0.0356
vn 0.9979 0.0408 -0.0511
vn 0.9972 0.0691 -0.0271
vn 0.9958 -0.0000 -0.0916
vn 0.9962 0.0779 0.0393
vn 1.0000 -0.0000 -0.0087
vn 0.9954 -0.0698 0.0658
vn 0.9998 0.0218 -0.0000
vn 0.9958 0.0710 0.0580
vn 0.9781 0.1479 -0.1466
vn 0.9995 -0.0071 -0.0297
vn 0.9998 0.0065 -0.0161
vn 0.9997 -0.0233 -0.0121
vn 0.9997 0.0189 -0.0181
vn 0.9712 0.0595 -0.2305
vn 0.9990 -0.0268 0.0345
vn 0.9981 -0.0074 0.0607
vn 0.9790 -0.0591 -0.1952
vn 0.9998 -0.0067 -0.0162
vn 0.9798 -0.1337 0.1485
vn 0.9743 -0.0262 0.2238
vn 0.9981 -0.0000 0.0614
vn 0.9992 -0.0142 0.0369
vn 0.9986 -0.0471 -0.0230
vn 0.9790 0.0075 -0.2038
vn 0.9807 0.1507 -0.1243
vn 0.9992 0.0392 -0.0036
vn 0.9816 0.1887 0.0299
vn 0.9954 0.0037 0.0959
vn 0.9799 -0.1912 -0.0574
vn 0.9988 -0.0472 -0.0092
vn 0.9976 -0.0501 0.0487
vn 0.9877 -0.1357 0.0783
vn 0.9936 -0.0074 0.1131
vn 0.9870 0.0479 0.1536
vn 0.9958 0.0661 0.0635
vn 0.9994 -0.0303 0.0175
vn 0.9998 -0.0067 -0.0161
vn 0.9936 0.0900 -0.0690
vn 1.0000 -0.0076 0.0044
vn 1.0000 0.0026 0.0036
vn 1.0000 0.0041 -0.0014
vn 1.0000 -0.0056 -0.0067
vn 0.9954 -0.0558 -0.0781
vn 0.9992 -0.0142 0.0367
vn 0.9962 -0.0489 -0.0723
vn 0.9990 -0.0000 0.0437
vn 0.9976 -0.0074 -0.0695
vn 1.0000 -0.0042 -0.0014
vn 0.9998 0.0068 0.0207
vn 0.9986 -0.0001 -0.0524
vn 0.9981 0.0284 0.0541
vn 0.9962 -0.0657 0.0578
vn 0.9995 0.0306 0.0020
vn 0.9997 -0.0165 0.0204
vn 0.9969 -0.0724 0.0305
vn 0.9994 -0.0000 0.0349
vn 1.0000 -0.0042 -0.0015
vn 0.9988 -0.0145 -0.0458
vn 0.9969 -0.0760 -0.0201
vn 0.9988 0.0403 0.0261
vn 0.9997 -0.0165 0.0203
vn 0.9998 0.0067 -0.0162
vn 0.9995 0.0264 0.0153
vn 1.0000 0.0042 -0.0013
vn 0.9973 -0.0353 -0.0649
vn 0.9945 0.0628 0.0838
vn 0.9995 0.0071 -0.0297
vn 0.9992 -0.0073 -0.0386
vn 0.9998 -0.0218 0.0001
vn 0.9998 -0.0124 0.0124
vn 0.9994 0.0347 0.0036
vn 0.9994 -0.0073 0.0342
vn 0.9995 -0.0163 0.0256
vn 0.9992 -0.0378 -0.0107
vn 0.9981 -0.0503 -0.0347
vn 0.9984 0.0519 -0.0230
vn 0.9984 -0.0000 -0.0568
vn 0.9999 -0.0064 -0.0115
vn 0.9994 0.0260 0.0236
vn 0.9990 0.0268 -0.0345
vn 0.9950 0.0778 -0.0634
vn 0.9973 -0.0735 0.0092
vn 0.9925 0.0787 0.0932
vn 0.9990 0.0072 0.0431
vn 0.9998 -0.0207 0.0067
vn 0.9994 0.0073 -0.0342
vn 0.9986 -0.0074 -0.0518
vn 0.9984 -0.0179 0.0539
vn 0.9979 0.0555 -0.0347
vn 0.9984 0.0520 -0.0230
vn 0.9997 -0.0071 -0.0252
vn 0.9998 0.0208 0.0068
vn 0.9990 0.0208 0.0384
vn 0.9992 0.0351 -0.0174
vn 0.9962 -0.0360 -0.0795
vn 0.9962 -0.0779 -0.0393
vn 0.9998 0.0177 0.0129
vn 1.0000 0.0032 0.0083
vn 0.9990 -0.0072 -0.0431
vn 0.9902 0.0512 -0.1296
vn 0.9997 0.0036 0.0260
vn 0.9981 0.0348 0.0503
vn 0.9979 0.0073 -0.0651
vn 0.9990 0.0071 0.0430
vn 0.9994 -0.0073 -0.0342
vn 0.9994 -0.0142 0.0319
vn 0.9992 -0.0265 0.0290
vn 0.9999 -0.0066 -0.0113
vn 0.9990 0.0142 0.0413
vn 0.9976 -0.0386 0.0582
vn 0.9981 0.0284 0.0542
vn 0.9988 -0.0213 -0.0431
vn 0.9799 -0.1191 -0.1602
vn 0.9870 -0.1552 -0.0423
vn 0.9973 -0.0733 0.0092
vn 0.9995 -0.0035 0.0304
vn 0.9998 -0.0067 0.0162
vn 0.9994 -0.0307 0.0175
vn 0.9992 0.0265 -0.0291
vn 0.9984 -0.0486 -0.0294
vn 0.9855 -0.1676 0.0261
vn 0.9954 0.0588 0.0759
vn 0.9992 -0.0313 0.0237
vn 0.9994 0.0205 -0.0283
vn 0.9997 -0.0223 -0.0125
vn 0.9986 -0.0246 0.0463
vn 0.9950 0.0184 0.0986
vn 0.9862 -0.1008 0.1310
vn 0.9981 0.0147 -0.0593
vn 0.9883 -0.0513 0.1435
vn 0.9863 -0.1201 -0.1135
vn 0.9998 0.0124 0.0123
vn 0.9995 0.0245 -0.0182
vn 0.9972 0.0355 -0.0652
vn 0.9969 0.0288 -0.0731
vn 0.9988 0.0145 -0.0458
vn 0.9966 0.0808 0.0185
vn 0.9870 0.1607 0.0094
vn 0.9954 -0.0000 -0.0960
vn 0.9997 -0.0257 -0.0053
vn 0.9949 -0.0929 -0.0380
vn 0.9994 -0.0001 0.0355
vn 0.9920 0.1101 -0.0621
vn 0.9824 0.1531 -0.1071
vn 0.9509 0.2465 -0.1870
vn 0.9635 0.2443 -0.1093
vn 0.9681 -0.1286 0.2152
vn 0.9998 -0.0000 0.0219
vn 0.9890 0.0222 -0.1463
vn 0.9733 0.2121 0.0878
vn 0.9790 0.1162 0.1676
vn 0.9949 0.0221 -0.0979
vn 0.9855 0.1045 0.1336
vn 0.9972 0.0704 0.0236
vn 0.9896 0.0647 -0.1283
vn 0.9925 0.1209 0.0167
vn 0.9890 0.0332 0.1442
vn 0.9790 0.0732 -0.1903
vn 0.9772 0.0804 -0.1966
vn 0.9575 0.2728 0.0942
vn 0.9914 0.1119 0.0675
vn 0.9990 -0.0072 0.0430
vn 0.9945 0.1044 0.0074
vn 0.9702 0.2085 0.1233
vn 0.9958 0.0794 0.0458
vn 0.9972 0.0558 0.0491
vn 0.9920 0.1204 0.0384
vn 0.9896 0.0614 0.1299
vn 0.9890 0.1040 0.1053
vn 0.9762 0.1740 0.1292
vn 0.9962 -0.0291 0.0823
vn 0.9896 -0.1373 0.0423
vn 0.9920 0.0819 -0.0963
vn 0.9772 -0.0373 -0.2092
vn 0.9958 -0.0074 -0.0913
vn 0.9920 0.0952 0.0833
vn 0.9969 0.0387 0.0683
vn 0.9876 0.0512 -0.1481
vn 0.9832 0.0929 -0.1571
vn 0.9890 -0.1066 -0.1027
vn 0.9990 -0.0366 -0.0239
vn 0.9990 0.0366 -0.0239
vn 0.9914 -0.0768 0.1058
vn 0.9612 -0.1932 0.1971
vn 0.9896 0.1199 -0.0793
vn 0.9979 0.0590 -0.0284
vn 0.9984 -0.0310 0.0476
vn 0.9997 -0.0231 -0.0119
vn 1.0000 -0.0042 -0.0013
vn 0.9930 0.0757 -0.0902
vn 0.9611 0.2111 -0.1779
vn 0.9824 0.0863 -0.1657
vn 0.9870 -0.1221 0.1049
vn 0.9870 -0.1063 0.1209
vn 0.9958 -0.0219 0.0891
vn 0.9979 0.0618 -0.0216
vn 0.9870 -0.0884 0.1345
vn 0.9876 -0.1134 0.1081
vn 0.9908 -0.0830 0.1066
vn 0.9753 0.0557 0.2139
vn 0.9994 0.0260 0.0234
vn 0.9992 0.0265 0.0290
vn 0.9624 0.1955 -0.1888
vn 0.9862 0.1201 -0.1135
vn 0.9997 0.0256 -0.0054
vn 0.9984 -0.0339 -0.0455
vn 0.9994 -0.0142 -0.0319
vn 0.9523 0.2000 -0.2306
vn 0.9954 -0.0148 -0.0948
vn 0.9992 -0.0072 -0.0386
vn 0.9972 0.0219 -0.0709
vn 1.0000 0.0025 0.0036
vn 0.9990 -0.0208 0.0386
vn 0.9976 -0.0148 -0.0683
vn 0.9976 -0.0417 -0.0561
vn 0.9994 0.0332 0.0108
vn 0.9979 -0.0554 -0.0348
vn 1.0000 0.0086 -0.0016
vn 0.9998 -0.0208 -0.0068
vn 0.9972 -0.0623 -0.0403
vn 0.9962 -0.0548 -0.0679
vn 0.9870 -0.0689 0.1455
vn 0.9863 -0.1007 0.1310
vn 0.9969 -0.0508 0.0599
vn 0.9998 -0.0129 -0.0177
vn 0.9681 -0.2407 0.0703
vn 0.9995 0.0265 0.0153
vn 0.9958 -0.0857 0.0325
vn 0.9981 0.0405 -0.0459
vn 0.9986 0.0508 0.0126
vn 0.9992 -0.0352 0.0175
vn 0.9992 -0.0000 0.0393
vn 0.9994 -0.0205 -0.0283
vn 0.9935 -0.0630 -0.0943
vn 0.9999 0.0066 0.0113
vn 0.9972 -0.0740 -0.0055
vn 0.9976 -0.0592 0.0370
vn 0.9876 -0.0000 -0.1567
vn 0.9902 -0.1056 -0.0910
vn 0.9997 0.0262 0.0018
vn 0.9979 -0.0408 -0.0512
vn 0.9848 -0.0793 -0.1548
vn 0.9997 -0.0166 0.0204
vn 0.9611 -0.2643 -0.0795
vn 0.9988 -0.0463 0.0128
vn 0.9979 -0.0655 -0.0000
vn 1.0000 0.0003 -0.0000
vn 0.9999 0.0120 0.0123
vn 0.9318 -0.2938 0.2130
vn 0.9998 -0.0208 0.0067
vn 0.9723 -0.2138 -0.0946
vn 0.9587 -0.2844 -0.0038
vn 0.9612 -0.2749 0.0244
vn 0.9723 -0.2336 0.0075
vn 0.9876 -0.1393 0.0718
vn 0.9855 -0.1662 0.0335
vn 0.9908 -0.1042 0.0858
vn 0.9995 -0.0036 0.0304
vn 0.9935 -0.1074 0.0365
vn 0.9966 -0.0789 0.0256
vn 0.9981 -0.0594 0.0146
vn 0.9832 0.0728 -0.1673
vn 0.9658 -0.0225 -0.2582
vn 0.9863 0.0149 -0.1646
vn 0.9972 -0.0704 0.0236
vn 0.9992 0.0142 -0.0367
vn 0.9945 -0.1047 -0.0000
vn 0.9969 -0.0355 -0.0701
vn 0.9954 -0.0960 -0.0019
vn 0.9840 -0.1048 0.1442
vn 0.9984 0.0420 0.0382
vn 0.9647 -0.2505 0.0814
vn 1.0000 0.0030 0.0083
vn 0.9807 -0.1839 0.0660
vn 0.9981 -0.0146 -0.0594
vn 0.9997 0.0071 -0.0252
vn 0.9992 0.0202 0.0333
vn 0.9733 -0.2217 0.0594
vn 0.9984 0.0560 -0.0090
vn 0.9995 0.0138 -0.0273
vn 0.9999 0.0064 0.0109
vn 0.9890 -0.1396 0.0493
vn 0.9966 0.0730 0.0393
vn 0.9990 0.0142 -0.0414
vn 0.9991 -0.0431 -0.0029
vn 0.9998 0.0124 -0.0124
vn 0.9986 0.0454 0.0262
vn 0.9984 0.0310 0.0476
vn 0.9940 0.0931 -0.0566
vn 0.9925 0.1170 -0.0349
vn 0.9945 0.1005 -0.0295
vn 0.9940 0.1068 -0.0222
vn 0.9972 0.0288 -0.0684
vn 0.9945 0.1023 -0.0222
vn 0.9994 -0.0000 -0.0349
vn 0.9984 -0.0073 -0.0563
vn 0.9990 0.0435 0.0036
vn 0.9984 0.0544 -0.0162
vn 1.0000 0.0075 0.0044
vn 0.9999 0.0065 0.0113
vn 0.9949 -0.0729 -0.0690
vn 0.9997 -0.0192 -0.0178
vn 0.9986 -0.0145 -0.0504
vn 0.9896 0.0808 0.1188
vn 0.9981 0.0540 0.0284
vn 0.9930 0.1112 0.0385
vn 0.9954 0.0527 0.0802
vn 0.9986 0.0516 -0.0091
vn 0.9997 0.0233 -0.0120
vn 0.9998 -0.0176 -0.0129
vn 0.9984 0.0568 -0.0018
vn 0.9908 0.1265 0.0473
vn 0.9883 0.1478 -0.0370
vn 0.9832 0.1521 -0.1008
vn 0.9647 0.0449 -0.2595
vn 0.9958 0.0898 0.0183
vn 0.9992 0.0142 -0.0368
vn 0.9995 0.0301 -0.0053
vn 0.9994 0.0206 0.0283
vn 0.9999 0.0066 -0.0113
vn 1.0000 -0.0041 -0.0014
vn 0.9981 0.0611 -0.0000
vn 0.9994 -0.0332 0.0108
vn 0.9988 0.0480 -0.0019
vn 1.0000 -0.0075 0.0044
vn 0.9998 0.0176 -0.0128
vn 0.9986 -0.0278 -0.0445
vn 0.9807 -0.1185 -0.1554
vn 0.9976 0.0549 0.0431
vn 0.9902 0.1125 0.0822
vn 0.9984 0.0246 0.0511
vn 0.9976 -0.0111 0.0690
vn 0.9972 0.0040 0.0741
vn 0.9931 -0.0223 -0.1155
vn 0.9940 0.0365 0.1027
vn 0.9969 0.0785 0.0018
vn 0.9990 0.0400 -0.0175
vn 0.9998 0.0067 -0.0208
vn 0.9990 0.0321 -0.0296
vn 0.9979 0.0216 -0.0618
vt 0.763830 0.336006
vt 0.764681 0.347897
vt 0.762638 0.336177
vt 0.763456 0.347897
vt 0.760222 0.336518
vt 0.341995 0.688562
vt 0.425600 0.700594
vt 0.423050 0.712372
vt 0.761039 0.347897
vt 0.418824 0.723638
vt 0.762638 0.359652
vt 0.413068 0.734249
vt 0.405855 0.743875
vt 0.397331 0.752407
vt 0.387677 0.759626
vt 0.761277 0.324320
vt 0.760120 0.324661
vt 0.757124 0.313145
vt 0.756001 0.313656
vt 0.751405 0.302651
vt 0.750384 0.303299
vt 0.744223 0.293112
vt 0.743338 0.293895
vt 0.377076 0.765424
vt 0.734998 0.285582
vt 0.735781 0.284662
vt 0.365783 0.769617
vt 0.726250 0.277507
vt 0.725569 0.278529
vt 0.715766 0.271783
vt 0.715255 0.272874
vt 0.354017 0.772169
vt 0.704226 0.268751
vt 0.704567 0.267627
vt 0.692721 0.266264
vt 0.692891 0.265072
vt 0.680977 0.265412
vt 0.680977 0.264220
vt 0.669267 0.266264
vt 0.669097 0.265072
vt 0.341995 0.773044
vt 0.657421 0.267593
vt 0.657762 0.268751
vt 0.646222 0.271783
vt 0.646733 0.272874
vt 0.635738 0.277507
vt 0.636385 0.278529
vt 0.626207 0.284662
vt 0.626990 0.285582
vt 0.617765 0.293112
vt 0.618650 0.293895
vt 0.329973 0.772169
vt 0.611604 0.303299
vt 0.610583 0.302651
vt 0.605953 0.313622
vt 0.604864 0.313145
vt 0.601868 0.324661
vt 0.600711 0.324320
vt 0.599349 0.336177
vt 0.598158 0.336006
vt 0.318170 0.769617
vt 0.597307 0.347897
vt 0.598498 0.347897
vt 0.306877 0.765424
vt 0.599349 0.359652
vt 0.598158 0.359822
vt 0.601834 0.371134
vt 0.600711 0.371474
vt 0.605953 0.382172
vt 0.604864 0.382649
vt 0.611604 0.392496
vt 0.610583 0.393143
vt 0.618650 0.401899
vt 0.617731 0.402683
vt 0.296313 0.759626
vt 0.626173 0.411132
vt 0.626990 0.410246
vt 0.286659 0.752407
vt 0.636385 0.417299
vt 0.635738 0.418287
vt 0.646733 0.422921
vt 0.646222 0.424011
vt 0.657762 0.427043
vt 0.657421 0.428202
vt 0.669233 0.429530
vt 0.669063 0.430723
vt 0.278135 0.743875
vt 0.680977 0.431575
vt 0.680977 0.430382
vt 0.692891 0.430723
vt 0.692721 0.429530
vt 0.704567 0.428202
vt 0.704226 0.427043
vt 0.270922 0.734249
vt 0.715255 0.422921
vt 0.715766 0.424011
vt 0.725569 0.417299
vt 0.726216 0.418287
vt 0.734998 0.410246
vt 0.735781 0.411132
vt 0.743304 0.401899
vt 0.744223 0.402717
vt 0.750384 0.392496
vt 0.751371 0.393143
vt 0.265129 0.723638
vt 0.757090 0.382649
vt 0.756001 0.382172
vt 0.761277 0.371474
vt 0.760120 0.371134
vt 0.763830 0.359822
vt 0.260904 0.712372
vt 0.258354 0.700594
vt 0.257480 0.688562
vt 0.258354 0.676529
vt 0.760222 0.359277
vt 0.759847 0.347897
vt 0.260904 0.664752
vt 0.265129 0.653449
vt 0.270922 0.642875
vt 0.278135 0.633213
vt 0.757805 0.370452
vt 0.759064 0.359140
vt 0.756648 0.370111
vt 0.680977 0.347897
vt 0.286659 0.624717
vt 0.752733 0.380673
vt 0.753788 0.381150
vt 0.748308 0.391167
vt 0.296313 0.617461
vt 0.741466 0.400332
vt 0.733398 0.408407
vt 0.724276 0.415255
vt 0.714234 0.420706
vt 0.703546 0.424692
vt 0.692380 0.427145
vt 0.680977 0.427929
vt 0.669608 0.427111
vt 0.658442 0.424692
vt 0.647720 0.420706
vt 0.637712 0.415221
vt 0.628555 0.408407
vt 0.620488 0.400332
vt 0.306877 0.611700
vt 0.318170 0.607470
vt 0.329973 0.604918
vt 0.341995 0.604079
vt 0.354017 0.604918
vt 0.365783 0.607470
vt 0.377076 0.611700
vt 0.387677 0.617461
vt 0.397331 0.624717
vt 0.405855 0.633213
vt 0.413068 0.642875
vt 0.418824 0.653449
vt 0.423050 0.664752
vt 0.425600 0.676529
vt 0.426474 0.688562
vt 0.629338 0.407487
vt 0.669778 0.425953
vt 0.658783 0.423568
vt 0.638359 0.414233
vt 0.648231 0.419650
vt 0.680977 0.426771
vt 0.747321 0.390554
vt 0.740581 0.399548
vt 0.732650 0.407521
vt 0.621373 0.399548
vt 0.614633 0.390554
vt 0.613646 0.391167
vt 0.609255 0.380673
vt 0.723629 0.414233
vt 0.608166 0.381150
vt 0.713757 0.419650
vt 0.703205 0.423568
vt 0.692210 0.425953
vt 0.605307 0.370111
vt 0.604183 0.370452
vt 0.601766 0.359277
vt 0.600949 0.347897
vt 0.601766 0.336518
vt 0.602107 0.347897
vt 0.602924 0.359140
vt 0.602924 0.336688
vt 0.605307 0.325683
vt 0.604183 0.325342
vt 0.609255 0.315121
vt 0.608166 0.314644
vt 0.658783 0.272226
vt 0.669778 0.269842
vt 0.648231 0.276145
vt 0.638359 0.281562
vt 0.614633 0.305275
vt 0.613646 0.304628
vt 0.629338 0.288308
vt 0.620488 0.295497
vt 0.628590 0.287422
vt 0.637712 0.280574
vt 0.647754 0.275088
vt 0.658442 0.271102
vt 0.669608 0.268683
vt 0.680977 0.267865
vt 0.692380 0.268683
vt 0.703546 0.271102
vt 0.714234 0.275088
vt 0.724276 0.280574
vt 0.733398 0.287422
vt 0.741500 0.295497
vt 0.748342 0.304628
vt 0.753788 0.314644
vt 0.757805 0.325342
vt 0.621373 0.296246
vt 0.756648 0.325683
vt 0.752733 0.315155
vt 0.747321 0.305275
vt 0.740581 0.296246
vt 0.732650 0.288308
vt 0.723629 0.281562
vt 0.713757 0.276179
vt 0.703205 0.272226
vt 0.692210 0.269842
vt 0.680977 0.269024
vt 0.759064 0.336688
vt 0.320427 0.016101
vt 0.281953 0.016944
vt 0.281471 0.011282
vt 0.247339 0.022486
vt 0.246374 0.017064
vt 0.711077 0.715911
vt 0.974364 0.607367
vt 0.985339 0.637003
vt 0.220443 0.030557
vt 0.961097 0.582912
vt 0.248304 0.028629
vt 0.282195 0.021522
vt 0.939508 0.552794
vt 0.913216 0.524484
vt 0.885355 0.496776
vt 0.857736 0.477742
vt 0.281109 0.006583
vt 0.245168 0.012366
vt 0.217066 0.020558
vt 0.218755 0.025136
vt 0.184743 0.032846
vt 0.186794 0.037183
vt 0.151697 0.050796
vt 0.818418 0.456539
vt 0.791643 0.448588
vt 0.763903 0.444010
vt 0.730374 0.439914
vt 0.188724 0.041520
vt 0.691779 0.438830
vt 0.221649 0.035737
vt 0.249510 0.037062
vt 0.646913 0.444853
vt 0.282918 0.030557
vt 0.320066 0.023811
vt 0.354560 0.027425
vt 0.603253 0.459792
vt 0.356007 0.019835
vt 0.566227 0.478224
vt 0.356851 0.015257
vt 0.320669 0.011282
vt 0.357695 0.010559
vt 0.535954 0.497499
vt 0.320789 0.006463
vt 0.512435 0.517617
vt 0.491329 0.541711
vt 0.474203 0.568576
vt 0.454423 0.601705
vt 0.443448 0.631582
vt 0.435729 0.661338
vt 0.432352 0.688564
vt 0.432352 0.716031
vt 0.431628 0.743619
vt 0.437779 0.776628
vt 0.449960 0.817226
vt 0.468293 0.858547
vt 0.390139 0.019233
vt 0.388450 0.023811
vt 0.417517 0.030918
vt 0.415225 0.035255
vt 0.451046 0.050435
vt 0.492535 0.889990
vt 0.514606 0.912518
vt 0.546567 0.937576
vt 0.576719 0.957453
vt 0.387003 0.028148
vt 0.384591 0.034773
vt 0.613746 0.972994
vt 0.413054 0.039472
vt 0.448393 0.054531
vt 0.662834 0.987932
vt 0.483369 0.074769
vt 0.709147 0.993233
vt 0.480233 0.078504
vt 0.744847 0.992630
vt 0.445739 0.058386
vt 0.409919 0.046098
vt 0.381696 0.045134
vt 0.784889 0.983957
vt 0.352389 0.035496
vt 0.818056 0.973717
vt 0.318498 0.032003
vt 0.841816 0.963356
vt 0.317292 0.041640
vt 0.350218 0.049953
vt 0.378802 0.060795
vt 0.861957 0.950225
vt 0.406180 0.055374
vt 0.442965 0.066818
vt 0.477097 0.082118
vt 0.509541 0.106333
vt 0.889215 0.930106
vt 0.513159 0.103200
vt 0.530768 0.133800
vt 0.534868 0.131149
vt 0.907909 0.914325
vt 0.926241 0.894809
vt 0.942041 0.873004
vt 0.963147 0.836260
vt 0.976053 0.802649
vt 0.984616 0.770725
vt 0.990887 0.743739
vt 0.994023 0.709405
vt 0.991732 0.671698
vt 0.123354 0.507739
vt 0.097061 0.477983
vt 0.130711 0.498944
vt 0.153747 0.517256
vt 0.506164 0.109465
vt 0.146873 0.527134
vt 0.473117 0.088864
vt 0.438503 0.073806
vt 0.183176 0.536772
vt 0.178472 0.547735
vt 0.086207 0.444612
vt 0.100559 0.435336
vt 0.117806 0.457864
vt 0.105383 0.469791
vt 0.554528 0.173073
vt 0.077523 0.450154
vt 0.526908 0.136571
vt 0.502184 0.116452
vt 0.468052 0.095852
vt 0.145908 0.488945
vt 0.558749 0.170905
vt 0.565503 0.199938
vt 0.570086 0.198492
vt 0.162431 0.507136
vt 0.183779 0.521713
vt 0.550306 0.175241
vt 0.223459 0.552192
vt 0.521722 0.140546
vt 0.495188 0.123198
vt 0.488555 0.128138
vt 0.220323 0.561830
vt 0.461901 0.101755
vt 0.432110 0.081154
vt 0.401838 0.068746
vt 0.394722 0.082118
vt 0.373133 0.072119
vt 0.375183 0.086937
vt 0.231901 0.233549
vt 0.210915 0.230537
vt 0.224544 0.216924
vt 0.411607 0.109706
vt 0.419688 0.095972
vt 0.447669 0.116693
vt 0.232384 0.226321
vt 0.473720 0.140787
vt 0.494585 0.163435
vt 0.237449 0.237886
vt 0.507611 0.153195
vt 0.515571 0.145847
vt 0.538969 0.180904
vt 0.241429 0.234151
vt 0.545000 0.178012
vt 0.561040 0.201504
vt 0.245892 0.242464
vt 0.240464 0.245355
vt 0.236122 0.245957
vt 0.222976 0.241259
vt 0.218996 0.250053
vt 0.195839 0.239934
vt 0.238293 0.251740
vt 0.241309 0.249331
vt 0.253008 0.254390
vt 0.251440 0.250656
vt 0.234796 0.223911
vt 0.555372 0.203793
vt 0.194995 0.229573
vt 0.187035 0.223550
vt 0.194271 0.221020
vt 0.248183 0.239693
vt 0.573222 0.228128
vt 0.568518 0.229212
vt 0.257108 0.250776
vt 0.259400 0.257402
vt 0.255661 0.260173
vt 0.263621 0.269208
vt 0.578046 0.227164
vt 0.580458 0.262221
vt 0.585283 0.261618
vt 0.253490 0.262221
vt 0.589383 0.301855
vt 0.584680 0.301976
vt 0.586368 0.349200
vt 0.581785 0.348357
vt 0.574669 0.395822
vt 0.570086 0.394376
vt 0.558628 0.435939
vt 0.554166 0.434132
vt 0.540899 0.469188
vt 0.536798 0.466779
vt 0.521843 0.495933
vt 0.518104 0.492921
vt 0.495068 0.516653
vt 0.498204 0.520268
vt 0.469258 0.537254
vt 0.472032 0.541229
vt 0.436091 0.559782
vt 0.438623 0.563878
vt 0.406300 0.573877
vt 0.408230 0.578334
vt 0.376148 0.584117
vt 0.377475 0.588815
vt 0.348288 0.590020
vt 0.349012 0.594839
vt 0.319704 0.593393
vt 0.320186 0.598332
vt 0.246133 0.255836
vt 0.290999 0.599778
vt 0.290999 0.595079
vt 0.255420 0.597730
vt 0.256264 0.593031
vt 0.212604 0.586165
vt 0.213931 0.581466
vt 0.168582 0.568937
vt 0.170753 0.564721
vt 0.133003 0.546891
vt 0.135777 0.543036
vt 0.107313 0.525568
vt 0.110690 0.522195
vt 0.082347 0.491355
vt 0.078608 0.494366
vt 0.059914 0.461358
vt 0.055813 0.463888
vt 0.040496 0.424855
vt 0.036034 0.426783
vt 0.021078 0.375824
vt 0.016616 0.377149
vt 0.012515 0.328600
vt 0.007691 0.329323
vt 0.006123 0.291615
vt 0.010827 0.291856
vt 0.012274 0.249331
vt 0.016978 0.250053
vt 0.020958 0.214153
vt 0.025903 0.215478
vt 0.029400 0.188252
vt 0.034345 0.188614
vt 0.039170 0.164640
vt 0.045803 0.162954
vt 0.056658 0.133679
vt 0.059794 0.138739
vt 0.246254 0.264992
vt 0.076799 0.116452
vt 0.073060 0.113320
vt 0.096217 0.096454
vt 0.092961 0.092840
vt 0.117927 0.078986
vt 0.115032 0.075010
vt 0.153988 0.055012
vt 0.156280 0.059349
vt 0.190291 0.047182
vt 0.223579 0.044772
vt 0.251801 0.048387
vt 0.283642 0.042243
vt 0.284969 0.058988
vt 0.256264 0.276075
vt 0.315241 0.058024
vt 0.271340 0.282460
vt 0.268445 0.284749
vt 0.284124 0.294868
vt 0.284848 0.293423
vt 0.274114 0.280291
vt 0.266998 0.265955
vt 0.254937 0.065734
vt 0.227439 0.055253
vt 0.231901 0.071637
vt 0.198493 0.066698
vt 0.193186 0.056338
vt 0.158692 0.065011
vt 0.120459 0.082721
vt 0.099353 0.099827
vt 0.080418 0.119584
vt 0.063653 0.141389
vt 0.049301 0.164761
vt 0.265913 0.247885
vt 0.038446 0.190180
vt 0.029521 0.216804
vt 0.021440 0.250897
vt 0.258194 0.233790
vt 0.239620 0.226562
vt 0.228886 0.211744
vt 0.216705 0.203070
vt 0.044356 0.191987
vt 0.034345 0.218852
vt 0.207659 0.211503
vt 0.055693 0.165604
vt 0.068236 0.142956
vt 0.084880 0.123439
vt 0.103695 0.104405
vt 0.123233 0.087660
vt 0.191256 0.234995
vt 0.128540 0.092720
vt 0.161828 0.071155
vt 0.136018 0.102237
vt 0.169788 0.080191
vt 0.183537 0.230658
vt 0.177507 0.225477
vt 0.176060 0.235717
vt 0.169909 0.224634
vt 0.174371 0.219574
vt 0.181005 0.217526
vt 0.185829 0.217406
vt 0.109363 0.110188
vt 0.189206 0.209696
vt 0.091393 0.128981
vt 0.076196 0.146931
vt 0.065462 0.168495
vt 0.053160 0.195842
vt 0.042305 0.221261
vt 0.027109 0.252222
vt 0.023129 0.291977
vt 0.015410 0.291977
vt 0.017098 0.327997
vt 0.025541 0.374619
vt 0.044838 0.422928
vt 0.063774 0.458828
vt 0.086086 0.488343
vt 0.113947 0.518701
vt 0.138551 0.539181
vt 0.185346 0.210178
vt 0.172924 0.560143
vt 0.215378 0.577009
vt 0.257349 0.588574
vt 0.291361 0.588935
vt 0.319463 0.588574
vt 0.347444 0.585321
vt 0.374822 0.579539
vt 0.404491 0.569540
vt 0.433920 0.555686
vt 0.466363 0.533278
vt 0.491811 0.513280
vt 0.514486 0.489909
vt 0.532818 0.464249
vt 0.549824 0.432084
vt 0.565624 0.393051
vt 0.576961 0.347995
vt 0.172441 0.211985
vt 0.242153 0.205961
vt 0.260365 0.215117
vt 0.250234 0.219815
vt 0.266636 0.229935
vt 0.165929 0.214635
vt 0.170150 0.205841
vt 0.175095 0.203793
vt 0.559473 0.392087
vt 0.545000 0.429554
vt 0.527511 0.459189
vt 0.510144 0.482922
vt 0.486505 0.506534
vt 0.183417 0.204516
vt 0.461298 0.528339
vt 0.430904 0.548698
vt 0.427045 0.542554
vt 0.402079 0.562673
vt 0.185467 0.202468
vt 0.206574 0.190300
vt 0.226233 0.178012
vt 0.234193 0.191987
vt 0.457076 0.521593
vt 0.480354 0.501233
vt 0.502787 0.480031
vt 0.494585 0.472923
vt 0.520396 0.455816
vt 0.275561 0.226200
vt 0.279903 0.241741
vt 0.272787 0.244753
vt 0.273632 0.261859
vt 0.473117 0.494005
vt 0.449960 0.512678
vt 0.277009 0.278725
vt 0.422100 0.532796
vt 0.398823 0.555204
vt 0.372892 0.573033
vt 0.285934 0.292338
vt 0.346479 0.579539
vt 0.318980 0.582551
vt 0.291482 0.582069
vt 0.258314 0.580503
vt 0.297271 0.304024
vt 0.217549 0.570263
vt 0.175336 0.554963
vt 0.287140 0.291254
vt 0.141445 0.534001
vt 0.117685 0.514365
vt 0.091393 0.483404
vt 0.069804 0.455093
vt 0.050869 0.419916
vt 0.032536 0.372692
vt 0.023973 0.327395
vt 0.281471 0.275954
vt 0.030486 0.292097
vt 0.034466 0.253788
vt 0.051954 0.223670
vt 0.278818 0.259570
vt 0.284245 0.257282
vt 0.032054 0.326672
vt 0.041582 0.292218
vt 0.042667 0.325829
vt 0.059070 0.324504
vt 0.288828 0.256077
vt 0.064256 0.286556
vt 0.046044 0.255836
vt 0.063291 0.259691
vt 0.069080 0.218972
vt 0.291602 0.272099
vt 0.064497 0.202227
vt 0.078247 0.181265
vt 0.088739 0.158617
vt 0.100318 0.136571
vt 0.288466 0.272943
vt 0.117685 0.118982
vt 0.146270 0.115127
vt 0.178954 0.094527
vt 0.204764 0.082721
vt 0.236122 0.087057
vt 0.257591 0.081395
vt 0.285692 0.075131
vt 0.284848 0.274388
vt 0.326940 0.081877
vt 0.346117 0.064289
vt 0.292808 0.288363
vt 0.360952 0.081275
vt 0.294376 0.288001
vt 0.289311 0.289929
vt 0.290999 0.289206
vt 0.041702 0.370282
vt 0.296426 0.287520
vt 0.344067 0.082118
vt 0.295582 0.271136
vt 0.343825 0.084889
vt 0.298477 0.287520
vt 0.360349 0.083925
vt 0.372892 0.089346
vt 0.376148 0.106453
vt 0.327664 0.314264
vt 0.342981 0.319324
vt 0.326096 0.318360
vt 0.329232 0.309204
vt 0.313191 0.306674
vt 0.374219 0.105971
vt 0.362881 0.103321
vt 0.339725 0.096695
vt 0.328026 0.084768
vt 0.319704 0.092599
vt 0.311623 0.311252
vt 0.312467 0.309084
vt 0.310538 0.313059
vt 0.321272 0.093442
vt 0.338157 0.105369
vt 0.313191 0.303903
vt 0.329232 0.303662
vt 0.316809 0.100911
vt 0.312829 0.107537
vt 0.286537 0.091394
vt 0.287381 0.107658
vt 0.345152 0.303542
vt 0.344308 0.297398
vt 0.260365 0.097177
vt 0.345152 0.311854
vt 0.358178 0.324383
vt 0.361072 0.314384
vt 0.361193 0.303301
vt 0.360107 0.295109
vt 0.336348 0.112356
vt 0.310417 0.123439
vt 0.343464 0.291375
vt 0.312950 0.301855
vt 0.328026 0.295591
vt 0.328629 0.299567
vt 0.312709 0.299807
vt 0.359625 0.111513
vt 0.312226 0.298241
vt 0.374339 0.116934
vt 0.373616 0.124524
vt 0.327181 0.292459
vt 0.403526 0.123560
vt 0.437779 0.129101
vt 0.462021 0.151629
vt 0.481560 0.172832
vt 0.499289 0.201383
vt 0.513641 0.194035
vt 0.525340 0.186807
vt 0.546809 0.206925
vt 0.562126 0.231019
vt 0.575755 0.262823
vt 0.579976 0.301976
vt 0.569604 0.346911
vt 0.311744 0.296675
vt 0.357937 0.118621
vt 0.326217 0.289327
vt 0.342137 0.286676
vt 0.358901 0.287158
vt 0.375787 0.292941
vt 0.571654 0.301855
vt 0.569242 0.263907
vt 0.377113 0.303060
vt 0.377113 0.316914
vt 0.373495 0.329443
vt 0.564779 0.301133
vt 0.561523 0.345586
vt 0.551995 0.388955
vt 0.388692 0.334503
vt 0.393033 0.319565
vt 0.393033 0.302940
vt 0.552477 0.344381
vt 0.553442 0.301374
vt 0.391466 0.290652
vt 0.560437 0.265353
vt 0.552960 0.233428
vt 0.533059 0.211503
vt 0.374339 0.282942
vt 0.520757 0.217285
vt 0.356972 0.280894
vt 0.340690 0.281978
vt 0.539813 0.236440
vt 0.546929 0.267522
vt 0.336830 0.275834
vt 0.535833 0.301012
vt 0.323684 0.285231
vt 0.535592 0.342454
vt 0.540537 0.384980
vt 0.527150 0.419555
vt 0.538004 0.425578
vt 0.510747 0.448949
vt 0.482042 0.462321
vt 0.461298 0.481717
vt 0.310417 0.294627
vt 0.439709 0.499667
vt 0.450443 0.469911
vt 0.468052 0.445335
vt 0.309090 0.293061
vt 0.496877 0.439312
vt 0.320789 0.282219
vt 0.512797 0.411483
vt 0.524979 0.380040
vt 0.519913 0.339924
vt 0.305351 0.290049
vt 0.303784 0.289086
vt 0.313553 0.276195
vt 0.332609 0.271256
vt 0.327423 0.266437
vt 0.317292 0.278966
vt 0.307281 0.291495
vt 0.498565 0.404375
vt 0.509903 0.374981
vt 0.321754 0.262341
vt 0.473358 0.432204
vt 0.463107 0.430879
vt 0.457318 0.441721
vt 0.310176 0.274388
vt 0.458524 0.431361
vt 0.466966 0.427024
vt 0.469499 0.418109
vt 0.473720 0.420157
vt 0.469137 0.407508
vt 0.476012 0.400761
vt 0.494827 0.370041
vt 0.504113 0.337515
vt 0.520154 0.301133
vt 0.531974 0.270413
vt 0.527753 0.240657
vt 0.302336 0.288483
vt 0.505923 0.223068
vt 0.484816 0.208732
vt 0.468413 0.182108
vt 0.450322 0.162351
vt 0.427769 0.141510
vt 0.395325 0.137414
vt 0.368791 0.141148
vt 0.345031 0.131270
vt 0.333091 0.128138
vt 0.300527 0.287881
vt 0.307402 0.272943
vt 0.316689 0.259570
vt 0.329955 0.248367
vt 0.337433 0.254029
vt 0.344428 0.260414
vt 0.329835 0.144040
vt 0.347805 0.149340
vt 0.362278 0.155966
vt 0.387124 0.151147
vt 0.417879 0.153918
vt 0.438623 0.173193
vt 0.455388 0.191505
vt 0.470584 0.215960
vt 0.491088 0.228971
vt 0.512556 0.244873
vt 0.350097 0.266558
vt 0.516415 0.272581
vt 0.504355 0.301374
vt 0.488314 0.334985
vt 0.479630 0.364982
vt 0.469861 0.390160
vt 0.464192 0.399075
vt 0.458282 0.414013
vt 0.355163 0.274750
vt 0.451287 0.425096
vt 0.445016 0.431240
vt 0.448151 0.418832
vt 0.450202 0.408592
vt 0.455267 0.395943
vt 0.371927 0.275111
vt 0.389656 0.278725
vt 0.439468 0.458225
vt 0.425598 0.489427
vt 0.414622 0.518099
vt 0.407145 0.288363
vt 0.394722 0.544482
vt 0.367826 0.554722
vt 0.370600 0.565685
vt 0.409074 0.302699
vt 0.344911 0.570263
vt 0.408954 0.322094
vt 0.170632 0.194035
vt 0.180643 0.193673
vt 0.179316 0.200420
vt 0.167617 0.197528
vt 0.161828 0.204275
vt 0.443689 0.403412
vt 0.437779 0.420398
vt 0.428492 0.446419
vt 0.156521 0.194878
vt 0.403768 0.339683
vt 0.418964 0.344743
vt 0.318498 0.574961
vt 0.424874 0.324745
vt 0.291723 0.575081
vt 0.259159 0.571708
vt 0.424995 0.302458
vt 0.422703 0.286194
vt 0.291964 0.561830
vt 0.405094 0.274509
vt 0.317412 0.559902
vt 0.342740 0.557975
vt 0.363364 0.538820
vt 0.388450 0.528580
vt 0.388209 0.505088
vt 0.405939 0.501956
vt 0.408954 0.491957
vt 0.386882 0.269449
vt 0.413175 0.479910
vt 0.408713 0.463888
vt 0.369636 0.267401
vt 0.363243 0.257161
vt 0.359022 0.523279
vt 0.356248 0.249571
vt 0.347564 0.241379
vt 0.401838 0.478464
vt 0.406300 0.484006
vt 0.399064 0.489066
vt 0.402682 0.495571
vt 0.393395 0.496655
vt 0.380852 0.497017
vt 0.356730 0.504847
vt 0.338277 0.234392
vt 0.334297 0.511594
vt 0.323201 0.244753
vt 0.348891 0.500631
vt 0.355886 0.490271
vt 0.381817 0.486295
vt 0.389898 0.492680
vt 0.390259 0.486897
vt 0.394360 0.480633
vt 0.391104 0.475453
vt 0.312467 0.257522
vt 0.383505 0.461237
vt 0.364329 0.468947
vt 0.303784 0.271979
vt 0.299562 0.271136
vt 0.294859 0.254872
vt 0.288828 0.239813
vt 0.283160 0.224273
vt 0.271219 0.210660
vt 0.257349 0.198613
vt 0.256746 0.188734
vt 0.241550 0.170784
vt 0.401838 0.447745
vt 0.375666 0.447142
vt 0.392430 0.434734
vt 0.225027 0.162110
vt 0.367947 0.432927
vt 0.228645 0.149461
vt 0.358298 0.454130
vt 0.350459 0.478103
vt 0.346117 0.486536
vt 0.220443 0.156569
vt 0.349494 0.492439
vt 0.334659 0.505811
vt 0.223459 0.147654
vt 0.327785 0.503402
vt 0.225147 0.139462
vt 0.328146 0.492319
vt 0.331765 0.486777
vt 0.331523 0.480272
vt 0.213086 0.148738
vt 0.211518 0.158135
vt 0.206815 0.164158
vt 0.417637 0.434613
vt 0.160260 0.191144
vt 0.325855 0.490873
vt 0.325493 0.497981
vt 0.321875 0.508582
vt 0.337071 0.527375
vt 0.339845 0.543036
vt 0.144460 0.184397
vt 0.141325 0.196324
vt 0.316327 0.547012
vt 0.146752 0.221381
vt 0.315121 0.530989
vt 0.152179 0.241139
vt 0.166652 0.247283
vt 0.285331 0.515690
vt 0.178351 0.241982
vt 0.289190 0.530026
vt 0.282557 0.541350
vt 0.260606 0.559420
vt 0.184623 0.238970
vt 0.058105 0.416181
vt 0.190050 0.238127
vt 0.051110 0.367993
vt 0.067030 0.362813
vt 0.074870 0.323058
vt 0.078005 0.287881
vt 0.066065 0.282460
vt 0.065462 0.259811
vt 0.071131 0.223670
vt 0.086810 0.228610
vt 0.078608 0.262462
vt 0.095252 0.243909
vt 0.196563 0.251860
vt 0.094890 0.267522
vt 0.079573 0.283664
vt 0.186553 0.242705
vt 0.181125 0.253547
vt 0.174492 0.263305
vt 0.159175 0.258245
vt 0.143857 0.253306
vt 0.141325 0.273425
vt 0.156883 0.276316
vt 0.092478 0.284628
vt 0.103454 0.267040
vt 0.172441 0.279328
vt 0.099835 0.288122
vt 0.090669 0.321733
vt 0.082106 0.358838
vt 0.082830 0.403653
vt 0.068116 0.411122
vt 0.189688 0.268485
vt 0.195598 0.259811
vt 0.104539 0.242223
vt 0.215016 0.258848
vt 0.231901 0.259209
vt 0.245047 0.268003
vt 0.137706 0.234995
vt 0.113464 0.426662
vt 0.096941 0.397027
vt 0.097303 0.354983
vt 0.106348 0.320408
vt 0.133244 0.213912
vt 0.105866 0.294748
vt 0.109484 0.268365
vt 0.113344 0.243668
vt 0.109002 0.222586
vt 0.087775 0.225718
vt 0.146873 0.279087
vt 0.154471 0.292700
vt 0.144943 0.292338
vt 0.156159 0.280894
vt 0.080176 0.210298
vt 0.254575 0.278605
vt 0.092720 0.191625
vt 0.094529 0.216322
vt 0.106228 0.198974
vt 0.242394 0.273906
vt 0.228645 0.266437
vt 0.224544 0.272702
vt 0.209951 0.266317
vt 0.102971 0.169579
vt 0.115756 0.178494
vt 0.205006 0.273665
vt 0.188000 0.282701
vt 0.112982 0.147292
vt 0.174974 0.284508
vt 0.129505 0.131270
vt 0.156159 0.127656
vt 0.186794 0.108501
vt 0.210795 0.097418
vt 0.240464 0.102357
vt 0.263259 0.112958
vt 0.288225 0.123921
vt 0.309211 0.139823
vt 0.165567 0.282701
vt 0.308125 0.156207
vt 0.288949 0.140305
vt 0.266033 0.128861
vt 0.244806 0.117777
vt 0.137465 0.277400
vt 0.249148 0.133197
vt 0.268928 0.144642
vt 0.282195 0.164399
vt 0.135535 0.291736
vt 0.164119 0.293182
vt 0.153988 0.297398
vt 0.267481 0.158376
vt 0.253611 0.148618
vt 0.138068 0.296555
vt 0.119012 0.291013
vt 0.262174 0.166447
vt 0.270134 0.166206
vt 0.277853 0.169338
vt 0.288949 0.173555
vt 0.281471 0.175964
vt 0.118288 0.275713
vt 0.275320 0.177289
vt 0.266998 0.170664
vt 0.259159 0.178374
vt 0.128540 0.248487
vt 0.263621 0.186084
vt 0.265189 0.178133
vt 0.272064 0.190059
vt 0.278818 0.188132
vt 0.284727 0.186204
vt 0.123354 0.228851
vt 0.119736 0.206443
vt 0.128540 0.187288
vt 0.137345 0.168013
vt 0.153988 0.183554
vt 0.163637 0.187409
vt 0.169788 0.184277
vt 0.191497 0.163797
vt 0.278456 0.191987
vt 0.201629 0.157412
vt 0.289552 0.189577
vt 0.305593 0.188975
vt 0.206694 0.137534
vt 0.199819 0.151509
vt 0.192342 0.150425
vt 0.306799 0.172591
vt 0.326578 0.159942
vt 0.209227 0.143558
vt 0.342740 0.164640
vt 0.224303 0.131631
vt 0.323322 0.175964
vt 0.320066 0.191866
vt 0.158813 0.171989
vt 0.337674 0.180060
vt 0.355766 0.170664
vt 0.378922 0.165002
vt 0.407868 0.166327
vt 0.426924 0.184156
vt 0.442242 0.200902
vt 0.456111 0.223309
vt 0.476253 0.234754
vt 0.497118 0.249090
vt 0.500857 0.274870
vt 0.488555 0.301614
vt 0.472514 0.332455
vt 0.464433 0.359922
vt 0.451408 0.380281
vt 0.430422 0.394497
vt 0.156883 0.180542
vt 0.420532 0.409917
vt 0.406662 0.422687
vt 0.382902 0.421723
vt 0.360107 0.420880
vt 0.149526 0.159339
vt 0.373254 0.408712
vt 0.395687 0.410881
vt 0.408230 0.399316
vt 0.166170 0.140064
vt 0.417034 0.385462
vt 0.441156 0.375944
vt 0.426683 0.368837
vt 0.449357 0.354983
vt 0.194633 0.122355
vt 0.216946 0.111995
vt 0.231178 0.136209
vt 0.229248 0.122114
vt 0.395807 0.388714
vt 0.403768 0.376426
vt 0.390501 0.367391
vt 0.412331 0.361609
vt 0.434161 0.349923
vt 0.440794 0.327275
vt 0.456594 0.329925
vt 0.472635 0.301855
vt 0.485299 0.277159
vt 0.481801 0.253306
vt 0.461298 0.240416
vt 0.441759 0.230658
vt 0.429095 0.210298
vt 0.415105 0.194999
vt 0.397737 0.178735
vt 0.370842 0.178856
vt 0.349373 0.185361
vt 0.332609 0.195480
vt 0.316809 0.207889
vt 0.304387 0.205359
vt 0.292326 0.205600
vt 0.280386 0.208250
vt 0.270013 0.196444
vt 0.263742 0.192107
vt 0.293170 0.222104
vt 0.303301 0.221863
vt 0.313553 0.223911
vt 0.140601 0.142594
vt 0.302095 0.238247
vt 0.294497 0.239211
vt 0.125163 0.157653
vt 0.122148 0.319083
vt 0.137948 0.317998
vt 0.153747 0.316673
vt 0.384712 0.399075
vt 0.379646 0.381125
vt 0.327543 0.211021
vt 0.322478 0.226562
vt 0.310296 0.239934
vt 0.301130 0.254993
vt 0.342499 0.200058
vt 0.362640 0.192830
vt 0.387606 0.191505
vt 0.403406 0.205841
vt 0.415949 0.219695
vt 0.427286 0.238006
vt 0.446463 0.246198
vt 0.466484 0.257522
vt 0.469620 0.279448
vt 0.456714 0.302096
vt 0.440794 0.302337
vt 0.454061 0.281737
vt 0.451167 0.261859
vt 0.112499 0.351128
vt 0.431628 0.252101
vt 0.412934 0.245355
vt 0.402803 0.228971
vt 0.391707 0.216804
vt 0.377716 0.203913
vt 0.354560 0.206805
vt 0.336227 0.215117
vt 0.329714 0.229935
vt 0.111173 0.390401
vt 0.317412 0.241982
vt 0.307040 0.255956
vt 0.126490 0.417868
vt 0.129626 0.447624
vt 0.346358 0.220659
vt 0.151576 0.474248
vt 0.158330 0.484367
vt 0.166532 0.500029
vt 0.367826 0.216442
vt 0.379887 0.227766
vt 0.389656 0.238368
vt 0.398461 0.252704
vt 0.416673 0.257763
vt 0.435849 0.266076
vt 0.181849 0.506654
vt 0.438382 0.283905
vt 0.198252 0.505088
vt 0.245409 0.527857
vt 0.264586 0.526291
vt 0.263139 0.535688
vt 0.164119 0.475332
vt 0.420411 0.270292
vt 0.185708 0.298362
vt 0.401838 0.263546
vt 0.384108 0.260052
vt 0.376510 0.247764
vt 0.368188 0.238609
vt 0.357575 0.228851
vt 0.236122 0.529182
vt 0.233469 0.516894
vt 0.240585 0.519304
vt 0.397978 0.354380
vt 0.377354 0.358235
vt 0.371445 0.367391
vt 0.361072 0.355344
vt 0.359263 0.359199
vt 0.366138 0.366909
vt 0.363123 0.369921
vt 0.377354 0.382209
vt 0.247580 0.511353
vt 0.366500 0.400761
vt 0.359263 0.413652
vt 0.351906 0.419675
vt 0.265913 0.516774
vt 0.349856 0.429674
vt 0.346599 0.438709
vt 0.275923 0.518461
vt 0.281350 0.528459
vt 0.274838 0.535567
vt 0.262656 0.542795
vt 0.355163 0.408351
vt 0.340931 0.435216
vt 0.342861 0.427626
vt 0.267239 0.511112
vt 0.331403 0.429072
vt 0.339242 0.442444
vt 0.343102 0.448949
vt 0.338157 0.456298
vt 0.334177 0.464490
vt 0.328629 0.462683
vt 0.331041 0.455334
vt 0.336710 0.447986
vt 0.241791 0.506534
vt 0.325614 0.440035
vt 0.323563 0.430517
vt 0.328388 0.419796
vt 0.337313 0.413170
vt 0.347323 0.411242
vt 0.350700 0.401243
vt 0.205367 0.490873
vt 0.192101 0.494005
vt 0.176542 0.484849
vt 0.341534 0.404496
vt 0.332850 0.410640
vt 0.170391 0.468104
vt 0.161949 0.462081
vt 0.354077 0.382570
vt 0.343946 0.389799
vt 0.333574 0.394015
vt 0.141566 0.437384
vt 0.139636 0.409194
vt 0.362881 0.375342
vt 0.355163 0.362934
vt 0.354801 0.353658
vt 0.358057 0.349923
vt 0.369394 0.339924
vt 0.383747 0.347152
vt 0.125404 0.383775
vt 0.127816 0.347273
vt 0.143134 0.343418
vt 0.158451 0.339563
vt 0.169667 0.315228
vt 0.354921 0.332696
vt 0.349976 0.341008
vt 0.352027 0.348477
vt 0.343825 0.341731
vt 0.341534 0.346068
vt 0.347564 0.356669
vt 0.350338 0.364741
vt 0.169788 0.298000
vt 0.344428 0.369560
vt 0.340931 0.358115
vt 0.335142 0.355224
vt 0.339363 0.352212
vt 0.335021 0.349441
vt 0.173648 0.293663
vt 0.336468 0.344743
vt 0.339001 0.342454
vt 0.340810 0.339683
vt 0.337313 0.331130
vt 0.185467 0.313661
vt 0.242515 0.293784
vt 0.217066 0.300048
vt 0.218634 0.289086
vt 0.219840 0.323661
vt 0.204523 0.327636
vt 0.217187 0.310770
vt 0.211036 0.344020
vt 0.225268 0.337274
vt 0.231298 0.347875
vt 0.173768 0.335587
vt 0.331885 0.332937
vt 0.329111 0.333298
vt 0.189206 0.331612
vt 0.201387 0.312216
vt 0.201026 0.299326
vt 0.326940 0.324263
vt 0.340448 0.325588
vt 0.202955 0.286074
vt 0.220323 0.278846
vt 0.322237 0.325347
vt 0.309573 0.314625
vt 0.319101 0.327756
vt 0.308125 0.315830
vt 0.239138 0.278846
vt 0.306678 0.317035
vt 0.316689 0.330648
vt 0.304990 0.318360
vt 0.315241 0.335105
vt 0.254696 0.281616
vt 0.325975 0.336551
vt 0.327423 0.334262
vt 0.266636 0.287399
vt 0.283521 0.296434
vt 0.333333 0.348236
vt 0.326578 0.342454
vt 0.328026 0.351007
vt 0.282677 0.297639
vt 0.264345 0.289688
vt 0.253611 0.284990
vt 0.245892 0.289929
vt 0.325252 0.338960
vt 0.196684 0.350646
vt 0.320548 0.347032
vt 0.328388 0.361368
vt 0.218152 0.356669
vt 0.336106 0.375583
vt 0.225147 0.365705
vt 0.237087 0.355465
vt 0.327423 0.378956
vt 0.321392 0.364018
vt 0.315362 0.349080
vt 0.309332 0.334021
vt 0.303301 0.319083
vt 0.244444 0.339081
vt 0.301613 0.319685
vt 0.305954 0.335346
vt 0.310296 0.351007
vt 0.314759 0.366789
vt 0.319101 0.382450
vt 0.239620 0.330648
vt 0.322719 0.392810
vt 0.325614 0.410158
vt 0.321754 0.421000
vt 0.235158 0.319685
vt 0.239258 0.309325
vt 0.314397 0.395702
vt 0.319945 0.411242
vt 0.243359 0.298362
vt 0.246012 0.295832
vt 0.311261 0.383775
vt 0.308487 0.367873
vt 0.305593 0.351850
vt 0.302819 0.335948
vt 0.300045 0.320046
vt 0.247218 0.298603
vt 0.298477 0.320287
vt 0.299683 0.336430
vt 0.301010 0.352694
vt 0.302216 0.368957
vt 0.303422 0.385100
vt 0.307281 0.405460
vt 0.314518 0.415579
vt 0.315000 0.421964
vt 0.315724 0.431843
vt 0.317050 0.441480
vt 0.247942 0.303542
vt 0.318015 0.453166
vt 0.320548 0.459430
vt 0.315724 0.473525
vt 0.316327 0.498342
vt 0.248907 0.308120
vt 0.293411 0.498101
vt 0.252043 0.314987
vt 0.255058 0.321974
vt 0.293652 0.481958
vt 0.252646 0.294989
vt 0.249028 0.292579
vt 0.251560 0.288242
vt 0.310417 0.465936
vt 0.261812 0.293302
vt 0.308970 0.449793
vt 0.307040 0.433770
vt 0.258435 0.326552
vt 0.305834 0.417627
vt 0.258073 0.318480
vt 0.294738 0.417386
vt 0.255420 0.315107
vt 0.294376 0.433529
vt 0.294135 0.449672
vt 0.293894 0.465815
vt 0.254093 0.310409
vt 0.271822 0.479428
vt 0.273993 0.463526
vt 0.276285 0.447504
vt 0.278576 0.431602
vt 0.280868 0.415700
vt 0.251560 0.306554
vt 0.295100 0.401123
vt 0.295462 0.384980
vt 0.295823 0.368837
vt 0.296185 0.352573
vt 0.296547 0.336430
vt 0.296909 0.320167
vt 0.294859 0.319926
vt 0.292567 0.319324
vt 0.287863 0.334503
vt 0.290034 0.318360
vt 0.251440 0.302699
vt 0.282918 0.332696
vt 0.283280 0.349802
vt 0.292567 0.335948
vt 0.290155 0.351850
vt 0.252043 0.298723
vt 0.287863 0.367873
vt 0.285572 0.383775
vt 0.283160 0.399677
vt 0.264586 0.410760
vt 0.260003 0.426060
vt 0.255299 0.441360
vt 0.250716 0.456659
vt 0.246133 0.471839
vt 0.256143 0.297157
vt 0.257953 0.300410
vt 0.259279 0.303542
vt 0.260003 0.305951
vt 0.226233 0.447745
vt 0.233348 0.433409
vt 0.240344 0.419073
vt 0.247460 0.404616
vt 0.260485 0.309927
vt 0.261812 0.313180
vt 0.225750 0.410519
vt 0.216825 0.423771
vt 0.208021 0.437143
vt 0.281230 0.303181
vt 0.281592 0.300892
vt 0.281350 0.305229
vt 0.281833 0.307879
vt 0.268687 0.315589
vt 0.266516 0.310891
vt 0.282798 0.310650
vt 0.203558 0.413652
vt 0.213931 0.401484
vt 0.224303 0.389317
vt 0.249148 0.345104
vt 0.234675 0.397147
vt 0.254575 0.390280
vt 0.269169 0.395581
vt 0.262053 0.317517
vt 0.273873 0.380281
vt 0.278576 0.365102
vt 0.275802 0.347152
vt 0.264345 0.306795
vt 0.268687 0.361488
vt 0.261691 0.375944
vt 0.262174 0.303060
vt 0.243600 0.383896
vt 0.234675 0.377149
vt 0.213207 0.376065
vt 0.201267 0.386305
vt 0.189327 0.396545
vt 0.177386 0.406785
vt 0.193186 0.425819
vt 0.199096 0.450395
vt 0.212121 0.466658
vt 0.212363 0.476537
vt 0.260968 0.298000
vt 0.241670 0.487018
vt 0.269531 0.495210
vt 0.281833 0.298844
vt 0.200543 0.476657
vt 0.199216 0.467863
vt 0.192583 0.460996
vt 0.182090 0.455093
vt 0.187156 0.468947
vt 0.183176 0.446540
vt 0.165446 0.417025
vt 0.165808 0.391726
vt 0.178954 0.383052
vt 0.191980 0.374258
vt 0.205126 0.365464
vt 0.182452 0.357392
vt 0.168100 0.364018
vt 0.153868 0.370644
vt 0.139636 0.377270
vt 0.152662 0.400520
vt 0.153385 0.427265
vt 0.173889 0.452684
vt 0.176542 0.460996
vt 0.181849 0.476898
vt 0.196322 0.485331
vt 0.284004 0.312698
vt 0.267722 0.320890
vt 0.245047 0.364982
vt 0.252525 0.370644
vt 0.261088 0.334744
vt 0.261330 0.357151
vt 0.270255 0.343899
vt 0.279300 0.330648
vt 0.288225 0.317276
vt 0.286778 0.316191
vt 0.285210 0.314264
vt 0.273149 0.324504
vt 0.276285 0.328359
vt 0.265913 0.340526
vt 0.255540 0.352694
s 1
usemtl Material.002
f 1/1/1 2/2/2 3/3/3
f 2/2/2 4/4/4 3/3/3
f 3/3/3 4/4/4 5/5/5
f 179/6/6 178/7/6 222/8/6
f 5/5/5 4/4/4 6/9/7
f 221/10/6 179/6/6 222/8/6
f 6/9/7 4/4/4 7/11/8
f 4/4/4 2/2/2 7/11/8
f 220/12/6 179/6/6 221/10/6
f 219/13/6 179/6/6 220/12/6
f 218/14/6 179/6/6 219/13/6
f 217/15/6 179/6/6 218/14/6
f 1/1/1 3/3/3 8/16/9
f 3/3/3 9/17/10 8/16/9
f 8/16/9 9/17/10 10/18/11
f 9/17/10 11/19/12 10/18/11
f 10/18/11 11/19/12 12/20/13
f 11/19/12 13/21/14 12/20/13
f 12/20/13 13/21/14 14/22/15
f 13/21/14 15/23/16 14/22/15
f 216/24/6 179/6/6 217/15/6
f 15/23/16 16/25/17 14/22/15
f 14/22/15 16/25/17 17/26/18
f 215/27/6 179/6/6 216/24/6
f 17/26/18 16/25/17 18/28/19
f 16/25/17 19/29/20 18/28/19
f 18/28/19 19/29/20 20/30/21
f 19/29/20 21/31/22 20/30/21
f 214/32/6 179/6/6 215/27/6
f 21/31/22 22/33/23 20/30/21
f 20/30/21 22/33/23 23/34/24
f 22/33/23 24/35/25 23/34/24
f 23/34/24 24/35/25 25/36/26
f 24/35/25 26/37/27 25/36/26
f 25/36/26 26/37/27 27/38/28
f 26/37/27 28/39/29 27/38/28
f 27/38/28 28/39/29 29/40/30
f 213/41/6 179/6/6 214/32/6
f 29/40/30 28/39/29 30/42/31
f 28/39/29 31/43/32 30/42/31
f 30/42/31 31/43/32 32/44/33
f 31/43/32 33/45/34 32/44/33
f 32/44/33 33/45/34 34/46/35
f 33/45/34 35/47/36 34/46/35
f 34/46/35 35/47/36 36/48/37
f 35/47/36 37/49/38 36/48/37
f 36/48/37 37/49/38 38/50/39
f 37/49/38 39/51/40 38/50/39
f 212/52/6 179/6/6 213/41/6
f 39/51/40 40/53/41 38/50/39
f 38/50/39 40/53/41 41/54/42
f 40/53/41 42/55/43 41/54/42
f 41/54/42 42/55/43 43/56/44
f 42/55/43 44/57/45 43/56/44
f 43/56/44 44/57/45 45/58/46
f 44/57/45 46/59/47 45/58/46
f 45/58/46 46/59/47 47/60/48
f 211/61/6 179/6/6 212/52/6
f 47/60/48 46/59/47 48/62/49
f 46/59/47 49/63/50 48/62/49
f 210/64/6 179/6/6 211/61/6
f 49/63/50 50/65/51 48/62/49
f 48/62/49 50/65/51 51/66/52
f 50/65/51 52/67/53 51/66/52
f 51/66/52 52/67/53 53/68/54
f 52/67/53 54/69/55 53/68/54
f 53/68/54 54/69/55 55/70/56
f 54/69/55 56/71/57 55/70/56
f 55/70/56 56/71/57 57/72/58
f 56/71/57 58/73/59 57/72/58
f 57/72/58 58/73/59 59/74/60
f 209/75/6 179/6/6 210/64/6
f 59/74/60 58/73/59 60/76/61
f 58/73/59 61/77/62 60/76/61
f 208/78/6 179/6/6 209/75/6
f 61/77/62 62/79/63 60/76/61
f 60/76/61 62/79/63 63/80/64
f 62/79/63 64/81/65 63/80/64
f 63/80/64 64/81/65 65/82/66
f 64/81/65 66/83/67 65/82/66
f 65/82/66 66/83/67 67/84/68
f 66/83/67 68/85/69 67/84/68
f 67/84/68 68/85/69 69/86/70
f 207/87/6 179/6/6 208/78/6
f 69/86/70 68/85/69 70/88/71
f 68/85/69 71/89/72 70/88/71
f 70/88/71 71/89/72 72/90/73
f 71/89/72 73/91/74 72/90/73
f 72/90/73 73/91/74 74/92/75
f 73/91/74 75/93/76 74/92/75
f 206/94/6 179/6/6 207/87/6
f 75/93/76 76/95/77 74/92/75
f 74/92/75 76/95/77 77/96/78
f 76/95/77 78/97/79 77/96/78
f 77/96/78 78/97/79 79/98/80
f 78/97/79 80/99/81 79/98/80
f 79/98/80 80/99/81 81/100/82
f 80/99/81 82/101/83 81/100/82
f 81/100/82 82/101/83 83/102/84
f 82/101/83 84/103/85 83/102/84
f 83/102/84 84/103/85 85/104/86
f 205/105/6 179/6/6 206/94/6
f 85/104/86 84/103/85 86/106/87
f 84/103/85 87/107/88 86/106/87
f 86/106/87 87/107/88 88/108/89
f 87/107/88 89/109/90 88/108/89
f 88/108/89 89/109/90 90/110/91
f 89/109/90 7/11/8 90/110/91
f 90/110/91 7/11/8 2/2/2
f 204/111/6 179/6/6 205/105/6
f 203/112/6 179/6/6 204/111/6
f 202/113/6 179/6/6 203/112/6
f 201/114/6 179/6/6 202/113/6
f 89/109/90 91/115/92 7/11/8
f 7/11/8 91/115/92 6/9/7
f 91/115/92 92/116/93 6/9/7
f 6/9/7 92/116/93 5/5/5
f 200/117/6 179/6/6 201/114/6
f 199/118/6 179/6/6 200/117/6
f 198/119/6 179/6/6 199/118/6
f 197/120/6 179/6/6 198/119/6
f 89/109/90 93/121/94 91/115/92
f 91/115/92 93/121/94 94/122/93
f 93/121/94 95/123/95 94/122/93
f 94/122/93 95/123/95 96/124/96
f 196/125/6 179/6/6 197/120/6
f 96/124/96 95/123/95 97/126/97
f 95/123/95 98/127/98 97/126/97
f 97/126/97 98/127/98 99/128/99
f 98/127/98 84/103/85 99/128/99
f 195/129/6 179/6/6 196/125/6
f 84/103/85 82/101/83 99/128/99
f 99/128/99 82/101/83 100/130/100
f 82/101/83 80/99/81 100/130/100
f 100/130/100 80/99/81 101/131/101
f 80/99/81 78/97/79 101/131/101
f 101/131/101 78/97/79 102/132/102
f 78/97/79 76/95/77 102/132/102
f 102/132/102 76/95/77 103/133/103
f 76/95/77 75/93/76 103/133/103
f 103/133/103 75/93/76 104/134/104
f 75/93/76 73/91/74 104/134/104
f 104/134/104 73/91/74 105/135/105
f 73/91/74 71/89/72 105/135/105
f 105/135/105 71/89/72 106/136/106
f 71/89/72 68/85/69 106/136/106
f 106/136/106 68/85/69 107/137/107
f 68/85/69 66/83/67 107/137/107
f 107/137/107 66/83/67 108/138/108
f 66/83/67 64/81/65 108/138/108
f 108/138/108 64/81/65 109/139/109
f 64/81/65 62/79/63 109/139/109
f 109/139/109 62/79/63 110/140/110
f 62/79/63 61/77/62 110/140/110
f 110/140/110 61/77/62 111/141/111
f 61/77/62 58/73/59 111/141/111
f 111/141/111 58/73/59 112/142/112
f 58/73/59 56/71/57 112/142/112
f 194/143/6 179/6/6 195/129/6
f 193/144/6 179/6/6 194/143/6
f 192/145/6 179/6/6 193/144/6
f 191/146/6 179/6/6 192/145/6
f 91/115/92 94/122/93 92/116/93
f 94/122/93 96/124/96 92/116/93
f 190/147/6 179/6/6 191/146/6
f 189/148/6 179/6/6 190/147/6
f 188/149/6 179/6/6 189/148/6
f 187/150/6 179/6/6 188/149/6
f 89/109/90 87/107/88 93/121/94
f 87/107/88 98/127/98 93/121/94
f 93/121/94 98/127/98 95/123/95
f 186/151/6 179/6/6 187/150/6
f 185/152/6 179/6/6 186/151/6
f 184/153/6 179/6/6 185/152/6
f 183/154/6 179/6/6 184/153/6
f 84/103/85 98/127/98 87/107/88
f 182/155/6 179/6/6 183/154/6
f 181/156/6 179/6/6 182/155/6
f 180/157/6 179/6/6 181/156/6
f 178/7/6 179/6/6 180/157/6
f 112/142/112 113/158/113 111/141/111
f 177/159/114 107/137/107 116/160/115
f 111/141/111 113/158/113 110/140/110
f 113/158/113 114/161/115 110/140/110
f 110/140/110 114/161/115 109/139/109
f 114/161/115 115/162/115 109/139/109
f 109/139/109 115/162/115 108/138/108
f 115/162/115 116/160/115 108/138/108
f 108/138/108 116/160/115 107/137/107
f 96/124/96 177/159/114 116/160/115
f 176/163/114 177/159/114 96/124/96
f 107/137/107 177/159/114 176/163/114
f 106/136/106 107/137/107 176/163/114
f 116/160/115 115/162/115 96/124/96
f 96/124/96 169/164/116 170/165/117
f 115/162/115 114/161/115 96/124/96
f 171/166/118 96/124/96 170/165/117
f 114/161/115 113/158/113 96/124/96
f 96/124/96 113/158/113 117/167/119
f 113/158/113 112/142/112 117/167/119
f 117/167/119 112/142/112 118/168/120
f 112/142/112 119/169/121 118/168/120
f 118/168/120 119/169/121 120/170/122
f 172/171/123 96/124/96 171/166/118
f 120/170/122 119/169/121 121/172/124
f 119/169/121 54/69/55 121/172/124
f 121/172/124 54/69/55 52/67/53
f 173/173/125 96/124/96 172/171/123
f 174/174/126 96/124/96 173/173/125
f 175/175/127 96/124/96 174/174/126
f 176/163/114 96/124/96 175/175/127
f 117/167/119 118/168/120 96/124/96
f 106/136/106 176/163/114 175/175/127
f 118/168/120 120/170/122 96/124/96
f 96/124/96 120/170/122 122/176/128
f 120/170/122 121/172/124 122/176/128
f 122/176/128 121/172/124 123/177/129
f 121/172/124 52/67/53 123/177/129
f 105/135/105 106/136/106 175/175/127
f 52/67/53 50/65/51 123/177/129
f 123/177/129 50/65/51 124/178/130
f 50/65/51 49/63/50 124/178/130
f 124/178/130 49/63/50 125/179/131
f 49/63/50 46/59/47 125/179/131
f 125/179/131 46/59/47 126/180/132
f 46/59/47 44/57/45 126/180/132
f 174/174/126 105/135/105 175/175/127
f 104/134/104 105/135/105 174/174/126
f 103/133/103 104/134/104 174/174/126
f 173/173/125 103/133/103 174/174/126
f 112/142/112 56/71/57 119/169/121
f 56/71/57 54/69/55 119/169/121
f 102/132/102 103/133/103 173/173/125
f 172/171/123 102/132/102 173/173/125
f 101/131/101 102/132/102 172/171/123
f 171/166/118 101/131/101 172/171/123
f 126/180/132 127/181/133 125/179/131
f 100/130/100 101/131/101 171/166/118
f 125/179/131 127/181/133 124/178/130
f 127/181/133 128/182/134 124/178/130
f 124/178/130 128/182/134 123/177/129
f 170/165/117 100/130/100 171/166/118
f 123/177/129 128/182/134 122/176/128
f 99/128/99 100/130/100 170/165/117
f 122/176/128 128/182/134 96/124/96
f 128/182/134 127/181/133 96/124/96
f 96/124/96 127/181/133 129/183/135
f 127/181/133 126/180/132 129/183/135
f 129/183/135 126/180/132 130/184/136
f 126/180/132 131/185/137 130/184/136
f 130/184/136 131/185/137 132/186/138
f 169/164/116 99/128/99 170/165/117
f 132/186/138 131/185/137 133/187/139
f 131/185/137 42/55/43 133/187/139
f 133/187/139 42/55/43 40/53/41
f 97/126/97 99/128/99 169/164/116
f 96/124/96 97/126/97 169/164/116
f 96/124/96 164/188/140 163/189/141
f 165/190/142 164/188/140 96/124/96
f 129/183/135 130/184/136 96/124/96
f 166/191/143 165/190/142 96/124/96
f 130/184/136 132/186/138 96/124/96
f 96/124/96 132/186/138 134/192/144
f 132/186/138 133/187/139 134/192/144
f 134/192/144 133/187/139 135/193/145
f 133/187/139 40/53/41 135/193/145
f 167/194/140 166/191/143 96/124/96
f 40/53/41 39/51/40 135/193/145
f 135/193/145 39/51/40 136/195/146
f 39/51/40 37/49/38 136/195/146
f 136/195/146 37/49/38 137/196/147
f 37/49/38 35/47/36 137/196/147
f 137/196/147 35/47/36 138/197/148
f 35/47/36 33/45/34 138/197/148
f 138/197/148 33/45/34 139/198/149
f 33/45/34 31/43/32 139/198/149
f 139/198/149 31/43/32 140/199/150
f 31/43/32 28/39/29 140/199/150
f 140/199/150 28/39/29 141/200/151
f 28/39/29 26/37/27 141/200/151
f 141/200/151 26/37/27 142/201/152
f 26/37/27 24/35/25 142/201/152
f 142/201/152 24/35/25 143/202/153
f 24/35/25 22/33/23 143/202/153
f 143/202/153 22/33/23 144/203/154
f 22/33/23 21/31/22 144/203/154
f 144/203/154 21/31/22 145/204/155
f 21/31/22 19/29/20 145/204/155
f 145/204/155 19/29/20 146/205/156
f 19/29/20 16/25/17 146/205/156
f 146/205/156 16/25/17 147/206/157
f 16/25/17 15/23/16 147/206/157
f 147/206/157 15/23/16 148/207/158
f 15/23/16 13/21/14 148/207/158
f 148/207/158 13/21/14 149/208/159
f 13/21/14 11/19/12 149/208/159
f 149/208/159 11/19/12 150/209/160
f 11/19/12 9/17/10 150/209/160
f 150/209/160 9/17/10 151/210/161
f 9/17/10 3/3/3 151/210/161
f 168/211/162 167/194/140 96/124/96
f 3/3/3 5/5/5 151/210/161
f 134/192/144 168/211/162 96/124/96
f 5/5/5 152/212/163 151/210/161
f 135/193/145 168/211/162 134/192/144
f 152/212/163 153/213/164 151/210/161
f 151/210/161 153/213/164 150/209/160
f 153/213/164 154/214/163 150/209/160
f 150/209/160 154/214/163 149/208/159
f 154/214/163 155/215/163 149/208/159
f 149/208/159 155/215/163 148/207/158
f 136/195/146 168/211/162 135/193/145
f 148/207/158 155/215/163 147/206/157
f 155/215/163 156/216/165 147/206/157
f 137/196/147 168/211/162 136/195/146
f 156/216/165 157/217/165 147/206/157
f 147/206/157 157/217/165 146/205/156
f 157/217/165 158/218/165 146/205/156
f 146/205/156 158/218/165 145/204/155
f 167/194/140 168/211/162 137/196/147
f 145/204/155 158/218/165 144/203/154
f 158/218/165 159/219/165 144/203/154
f 144/203/154 159/219/165 143/202/153
f 159/219/165 160/220/166 143/202/153
f 143/202/153 160/220/166 142/201/152
f 160/220/166 161/221/166 142/201/152
f 142/201/152 161/221/166 141/200/151
f 138/197/148 167/194/140 137/196/147
f 166/191/143 167/194/140 138/197/148
f 139/198/149 166/191/143 138/197/148
f 165/190/142 166/191/143 139/198/149
f 126/180/132 44/57/45 131/185/137
f 131/185/137 44/57/45 42/55/43
f 140/199/150 165/190/142 139/198/149
f 164/188/140 165/190/142 140/199/150
f 141/200/151 164/188/140 140/199/150
f 163/189/141 164/188/140 141/200/151
f 161/221/166 160/220/166 96/124/96
f 161/221/166 163/189/141 141/200/151
f 160/220/166 159/219/165 96/124/96
f 96/124/96 163/189/141 161/221/166
f 159/219/165 158/218/165 96/124/96
f 162/222/93 92/116/93 96/124/96
f 158/218/165 157/217/165 96/124/96
f 5/5/5 92/116/93 162/222/93
f 157/217/165 156/216/165 96/124/96
f 152/212/163 5/5/5 162/222/93
f 156/216/165 155/215/163 96/124/96
f 96/124/96 152/212/163 162/222/93
f 155/215/163 154/214/163 96/124/96
f 153/213/164 152/212/163 96/124/96
f 154/214/163 153/213/164 96/124/96
usemtl Material.001
f 223/223/167 224/224/168 225/225/169
f 224/224/168 226/226/170 225/225/169
f 225/225/169 226/226/170 227/227/171
f 1454/228/6 1502/229/6 1452/230/6
f 227/227/171 226/226/170 228/231/172
f 1501/232/6 1502/229/6 1454/228/6
f 228/231/172 226/226/170 229/233/173
f 226/226/170 224/224/168 229/233/173
f 229/233/173 224/224/168 230/234/174
f 224/224/168 223/223/167 230/234/174
f 1500/235/6 1501/232/6 1454/228/6
f 1499/236/6 1500/235/6 1454/228/6
f 1498/237/6 1499/236/6 1454/228/6
f 1497/238/6 1498/237/6 1454/228/6
f 231/239/175 225/225/169 232/240/176
f 225/225/169 227/227/171 232/240/176
f 232/240/176 227/227/171 233/241/177
f 227/227/171 234/242/178 233/241/177
f 233/241/177 234/242/178 235/243/179
f 234/242/178 236/244/180 235/243/179
f 235/243/179 236/244/180 237/245/181
f 1496/246/6 1497/238/6 1454/228/6
f 1495/247/6 1496/246/6 1454/228/6
f 1494/248/6 1495/247/6 1454/228/6
f 1493/249/6 1494/248/6 1454/228/6
f 227/227/171 228/231/172 234/242/178
f 234/242/178 228/231/172 238/250/182
f 1492/251/6 1493/249/6 1454/228/6
f 238/250/182 228/231/172 239/252/183
f 228/231/172 229/233/173 239/252/183
f 239/252/183 229/233/173 240/253/184
f 1491/254/6 1492/251/6 1454/228/6
f 240/253/184 229/233/173 241/255/185
f 229/233/173 230/234/174 241/255/185
f 241/255/185 230/234/174 242/256/186
f 230/234/174 223/223/167 242/256/186
f 242/256/186 223/223/167 243/257/187
f 1490/258/6 1491/254/6 1454/228/6
f 243/257/187 223/223/167 244/259/188
f 1489/260/6 1490/258/6 1454/228/6
f 244/259/188 223/223/167 245/261/189
f 223/223/167 246/262/190 245/261/189
f 245/261/189 246/262/190 247/263/191
f 1488/264/6 1489/260/6 1454/228/6
f 247/263/191 246/262/190 248/265/192
f 246/262/190 225/225/169 248/265/192
f 248/265/192 225/225/169 231/239/175
f 1487/266/6 1488/264/6 1454/228/6
f 1486/267/6 1487/266/6 1454/228/6
f 1485/268/6 1486/267/6 1454/228/6
f 1484/269/6 1485/268/6 1454/228/6
f 236/244/180 234/242/178 238/250/182
f 1483/270/6 1484/269/6 1454/228/6
f 1482/271/6 1483/270/6 1454/228/6
f 1481/272/6 1482/271/6 1454/228/6
f 1480/273/6 1481/272/6 1454/228/6
f 223/223/167 225/225/169 246/262/190
f 1479/274/6 1480/273/6 1454/228/6
f 1478/275/6 1479/274/6 1454/228/6
f 1477/276/6 1478/275/6 1454/228/6
f 1476/277/6 1477/276/6 1454/228/6
f 247/263/191 249/278/193 245/261/189
f 245/261/189 249/278/193 250/279/194
f 249/278/193 251/280/195 250/279/194
f 250/279/194 251/280/195 252/281/196
f 251/280/195 253/282/197 252/281/196
f 1475/283/6 1476/277/6 1454/228/6
f 1474/284/6 1475/283/6 1454/228/6
f 1473/285/6 1474/284/6 1454/228/6
f 1472/286/6 1473/285/6 1454/228/6
f 245/261/189 250/279/194 244/259/188
f 250/279/194 254/287/198 244/259/188
f 244/259/188 254/287/198 255/288/199
f 1471/289/6 1472/286/6 1454/228/6
f 255/288/199 254/287/198 256/290/200
f 254/287/198 252/281/196 256/290/200
f 256/290/200 252/281/196 257/291/201
f 252/281/196 253/282/197 257/291/201
f 1470/292/6 1471/289/6 1454/228/6
f 253/282/197 258/293/202 257/291/201
f 1469/294/6 1470/292/6 1454/228/6
f 258/293/202 259/295/203 257/291/201
f 1468/296/6 1469/294/6 1454/228/6
f 259/295/203 260/297/204 257/291/201
f 257/291/201 260/297/204 256/290/200
f 260/297/204 261/298/205 256/290/200
f 256/290/200 261/298/205 255/288/199
f 261/298/205 262/299/206 255/288/199
f 1467/300/207 1468/296/6 1454/228/6
f 262/299/206 263/301/208 255/288/199
f 255/288/199 263/301/208 243/257/187
f 1466/302/6 1467/300/207 1454/228/6
f 243/257/187 263/301/208 242/256/186
f 263/301/208 264/303/209 242/256/186
f 242/256/186 264/303/209 241/255/185
f 1465/304/210 1466/302/6 1454/228/6
f 241/255/185 264/303/209 265/305/211
f 264/303/209 263/301/208 265/305/211
f 265/305/211 263/301/208 266/306/212
f 263/301/208 262/299/206 266/306/212
f 266/306/212 262/299/206 267/307/213
f 1464/308/6 1465/304/210 1454/228/6
f 267/307/213 262/299/206 268/309/214
f 262/299/206 261/298/205 268/309/214
f 268/309/214 261/298/205 269/310/215
f 261/298/205 260/297/204 269/310/215
f 269/310/215 260/297/204 270/311/216
f 260/297/204 259/295/203 270/311/216
f 270/311/216 259/295/203 271/312/217
f 259/295/203 258/293/202 271/312/217
f 1463/313/6 1464/308/6 1454/228/6
f 258/293/202 272/314/218 271/312/217
f 271/312/217 272/314/218 273/315/219
f 272/314/218 274/316/220 273/315/219
f 1462/317/6 1463/313/6 1454/228/6
f 1461/318/6 1462/317/6 1454/228/6
f 1460/319/6 1461/318/6 1454/228/6
f 1459/320/6 1460/319/6 1454/228/6
f 250/279/194 252/281/196 254/287/198
f 1458/321/6 1459/320/6 1454/228/6
f 1457/322/6 1458/321/6 1454/228/6
f 1456/323/6 1457/322/6 1454/228/6
f 1455/324/6 1456/323/6 1454/228/6
f 244/259/188 255/288/199 243/257/187
f 1453/325/6 1455/324/6 1454/228/6
f 1452/230/6 1453/325/6 1454/228/6
f 680/326/221 681/327/222 1450/328/223
f 1449/329/224 680/326/221 1450/328/223
f 273/315/219 275/330/225 271/312/217
f 679/331/226 680/326/221 1449/329/224
f 271/312/217 275/330/225 270/311/216
f 275/330/225 276/332/227 270/311/216
f 270/311/216 276/332/227 269/310/215
f 276/332/227 277/333/228 269/310/215
f 269/310/215 277/333/228 268/309/214
f 1448/334/229 679/331/226 1449/329/224
f 678/335/230 679/331/226 1448/334/229
f 703/336/231 705/337/232 1230/338/233
f 1451/339/234 703/336/231 1230/338/233
f 274/316/220 278/340/235 273/315/219
f 682/341/236 703/336/231 1451/339/234
f 278/340/235 279/342/237 273/315/219
f 273/315/219 279/342/237 275/330/225
f 279/342/237 280/343/238 275/330/225
f 275/330/225 280/343/238 276/332/227
f 280/343/238 281/344/239 276/332/227
f 276/332/227 281/344/239 277/333/228
f 681/327/222 682/341/236 1451/339/234
f 1450/328/223 681/327/222 1451/339/234
f 1230/338/233 1450/328/223 1451/339/234
f 1229/345/240 1450/328/223 1230/338/233
f 274/316/220 282/346/241 278/340/235
f 278/340/235 282/346/241 283/347/242
f 282/346/241 284/348/243 283/347/242
f 1449/329/224 1450/328/223 1229/345/240
f 1228/349/244 1449/329/224 1229/345/240
f 1227/350/245 1449/329/224 1228/349/244
f 1448/334/229 1449/329/224 1227/350/245
f 283/347/242 285/351/246 278/340/235
f 676/352/247 1448/334/229 1227/350/245
f 278/340/235 285/351/246 279/342/237
f 285/351/246 286/353/248 279/342/237
f 279/342/237 286/353/248 280/343/238
f 286/353/248 287/354/249 280/343/238
f 280/343/238 287/354/249 281/344/239
f 287/354/249 288/355/250 281/344/239
f 677/356/184 1448/334/229 676/352/247
f 288/355/250 289/357/251 281/344/239
f 281/344/239 289/357/251 277/333/228
f 289/357/251 290/358/252 277/333/228
f 277/333/228 290/358/252 268/309/214
f 290/358/252 291/359/253 268/309/214
f 268/309/214 291/359/253 267/307/213
f 291/359/253 292/360/254 267/307/213
f 267/307/213 292/360/254 293/361/255
f 678/335/230 1448/334/229 677/356/184
f 293/361/255 292/360/254 294/362/256
f 1446/363/257 1426/364/258 1427/365/259
f 294/362/256 292/360/254 295/366/259
f 292/360/254 296/367/260 295/366/259
f 295/366/259 296/367/260 297/368/261
f 296/367/260 290/358/252 297/368/261
f 1442/369/262 1446/363/257 1427/365/259
f 290/358/252 289/357/251 297/368/261
f 297/368/261 289/357/251 298/370/263
f 289/357/251 288/355/250 298/370/263
f 298/370/263 288/355/250 299/371/264
f 1447/372/265 1446/363/257 1442/369/262
f 299/371/264 288/355/250 300/373/266
f 288/355/250 287/354/249 300/373/266
f 300/373/266 287/354/249 301/374/267
f 287/354/249 286/353/248 301/374/267
f 301/374/267 286/353/248 302/375/268
f 1429/376/269 1447/372/265 1442/369/262
f 302/375/268 286/353/248 303/377/270
f 286/353/248 285/351/246 303/377/270
f 303/377/270 285/351/246 304/378/271
f 285/351/246 283/347/242 304/378/271
f 1441/379/272 1447/372/265 1429/376/269
f 1443/380/273 1447/372/265 1441/379/272
f 1444/381/274 1447/372/265 1443/380/273
f 1446/363/257 1447/372/265 1444/381/274
f 290/358/252 296/367/260 291/359/253
f 296/367/260 292/360/254 291/359/253
f 1445/382/275 1446/363/257 1444/381/274
f 1426/364/258 1446/363/257 1445/382/275
f 1291/383/276 1301/384/277 1426/364/258
f 1445/382/275 1291/383/276 1426/364/258
f 293/361/255 266/306/212 267/307/213
f 1290/385/278 1291/383/276 1445/382/275
f 1444/381/274 1290/385/278 1445/382/275
f 1437/386/279 1290/385/278 1444/381/274
f 1443/380/273 1437/386/279 1444/381/274
f 301/374/267 302/375/268 300/373/266
f 1438/387/280 1437/386/279 1443/380/273
f 1440/388/281 1438/387/280 1443/380/273
f 1441/379/272 1440/388/281 1443/380/273
f 1428/389/282 1429/376/269 1442/369/262
f 304/378/271 305/390/283 303/377/270
f 305/390/283 302/375/268 303/377/270
f 1427/365/259 1428/389/282 1442/369/262
f 1425/391/284 1423/392/285 1422/393/286
f 1430/394/287 1441/379/272 1429/376/269
f 1440/388/281 1441/379/272 1430/394/287
f 283/347/242 306/395/288 304/378/271
f 306/395/288 307/396/289 304/378/271
f 304/378/271 307/396/289 305/390/283
f 1431/397/290 1440/388/281 1430/394/287
f 1438/387/280 1440/388/281 1431/397/290
f 1432/398/291 1438/387/280 1431/397/290
f 1439/399/292 1438/387/280 1432/398/291
f 283/347/242 284/348/243 306/395/288
f 1433/400/293 1439/399/292 1432/398/291
f 284/348/243 308/401/294 306/395/288
f 306/395/288 308/401/294 309/402/295
f 308/401/294 310/403/296 309/402/295
f 1435/404/297 1439/399/292 1433/400/293
f 310/403/296 311/405/298 309/402/295
f 309/402/295 311/405/298 312/406/299
f 311/405/298 313/407/300 312/406/299
f 312/406/299 313/407/300 314/408/301
f 313/407/300 315/409/302 314/408/301
f 314/408/301 315/409/302 316/410/303
f 315/409/302 317/411/304 316/410/303
f 316/410/303 317/411/304 318/412/305
f 317/411/304 319/413/306 318/412/305
f 318/412/305 319/413/306 320/414/307
f 319/413/306 321/415/308 320/414/307
f 320/414/307 321/415/308 322/416/309
f 1438/387/280 1439/399/292 1435/404/297
f 322/416/309 321/415/308 323/417/310
f 321/415/308 324/418/311 323/417/310
f 323/417/310 324/418/311 325/419/312
f 324/418/311 326/420/313 325/419/312
f 325/419/312 326/420/313 327/421/314
f 326/420/313 328/422/315 327/421/314
f 327/421/314 328/422/315 329/423/316
f 328/422/315 330/424/317 329/423/316
f 329/423/316 330/424/317 331/425/318
f 330/424/317 332/426/319 331/425/318
f 331/425/318 332/426/319 333/427/320
f 332/426/319 334/428/321 333/427/320
f 333/427/320 334/428/321 335/429/322
f 334/428/321 336/430/323 335/429/322
f 1436/431/324 1438/387/280 1435/404/297
f 336/430/323 337/432/325 335/429/322
f 335/429/322 337/432/325 338/433/326
f 337/432/325 339/434/327 338/433/326
f 338/433/326 339/434/327 340/435/328
f 339/434/327 341/436/329 340/435/328
f 340/435/328 341/436/329 342/437/330
f 341/436/329 343/438/331 342/437/330
f 342/437/330 343/438/331 344/439/332
f 343/438/331 345/440/333 344/439/332
f 344/439/332 345/440/333 346/441/334
f 345/440/333 347/442/335 346/441/334
f 346/441/334 347/442/335 348/443/336
f 1437/386/279 1438/387/280 1436/431/324
f 348/443/336 347/442/335 349/444/337
f 347/442/335 350/445/338 349/444/337
f 349/444/337 350/445/338 351/446/339
f 350/445/338 352/447/340 351/446/339
f 351/446/339 352/447/340 353/448/341
f 352/447/340 354/449/342 353/448/341
f 353/448/341 354/449/342 355/450/343
f 354/449/342 356/451/344 355/450/343
f 355/450/343 356/451/344 357/452/345
f 356/451/344 358/453/346 357/452/345
f 1290/385/278 1437/386/279 1436/431/324
f 358/453/346 359/454/347 357/452/345
f 357/452/345 359/454/347 360/455/348
f 359/454/347 361/456/349 360/455/348
f 360/455/348 361/456/349 362/457/350
f 361/456/349 363/458/351 362/457/350
f 362/457/350 363/458/351 364/459/352
f 363/458/351 365/460/353 364/459/352
f 364/459/352 365/460/353 366/461/354
f 365/460/353 367/462/355 366/461/354
f 366/461/354 367/462/355 368/463/356
f 367/462/355 369/464/357 368/463/356
f 368/463/356 369/464/357 370/465/358
f 1289/466/359 1290/385/278 1436/431/324
f 370/465/358 369/464/357 371/467/360
f 369/464/357 372/468/361 371/467/360
f 371/467/360 372/468/361 373/469/362
f 372/468/361 374/470/363 373/469/362
f 373/469/362 374/470/363 375/471/364
f 374/470/363 376/472/365 375/471/364
f 375/471/364 376/472/365 377/473/366
f 376/472/365 237/245/181 377/473/366
f 1435/404/297 1289/466/359 1436/431/324
f 237/245/181 236/244/180 377/473/366
f 377/473/366 236/244/180 378/474/367
f 236/244/180 238/250/182 378/474/367
f 378/474/367 238/250/182 379/475/368
f 238/250/182 239/252/183 379/475/368
f 379/475/368 239/252/183 380/476/369
f 239/252/183 240/253/184 380/476/369
f 380/476/369 240/253/184 381/477/370
f 240/253/184 382/478/371 381/477/370
f 381/477/370 382/478/371 383/479/372
f 1286/480/373 1289/466/359 1435/404/297
f 383/479/372 382/478/371 384/481/374
f 382/478/371 265/305/211 384/481/374
f 384/481/374 265/305/211 266/306/212
f 1433/400/293 1286/480/373 1435/404/297
f 1434/482/375 1286/480/373 1433/400/293
f 1185/483/376 1286/480/373 1434/482/375
f 1184/484/377 1185/483/376 1434/482/375
f 240/253/184 241/255/185 382/478/371
f 382/478/371 241/255/185 265/305/211
f 1405/485/377 1184/484/377 1434/482/375
f 1406/486/378 1405/485/377 1434/482/375
f 1433/400/293 1406/486/378 1434/482/375
f 1407/487/379 1406/486/378 1433/400/293
f 383/479/372 385/488/380 381/477/370
f 381/477/370 385/488/380 386/489/381
f 385/488/380 387/490/382 386/489/381
f 1432/398/291 1407/487/379 1433/400/293
f 387/490/382 388/491/383 386/489/381
f 386/489/381 388/491/383 380/476/369
f 388/491/383 389/492/384 380/476/369
f 380/476/369 389/492/384 379/475/368
f 389/492/384 390/493/385 379/475/368
f 379/475/368 390/493/385 378/474/367
f 390/493/385 391/494/386 378/474/367
f 378/474/367 391/494/386 377/473/366
f 1431/397/290 1407/487/379 1432/398/291
f 377/473/366 391/494/386 375/471/364
f 391/494/386 392/495/387 375/471/364
f 375/471/364 392/495/387 373/469/362
f 392/495/387 393/496/388 373/469/362
f 373/469/362 393/496/388 371/467/360
f 393/496/388 394/497/389 371/467/360
f 371/467/360 394/497/389 370/465/358
f 394/497/389 395/498/390 370/465/358
f 370/465/358 395/498/390 368/463/356
f 1408/499/391 1407/487/379 1431/397/290
f 368/463/356 395/498/390 366/461/354
f 395/498/390 396/500/392 366/461/354
f 366/461/354 396/500/392 364/459/352
f 396/500/392 397/501/393 364/459/352
f 364/459/352 397/501/393 362/457/350
f 397/501/393 398/502/394 362/457/350
f 362/457/350 398/502/394 360/455/348
f 1410/503/395 1408/499/391 1431/397/290
f 1430/394/287 1410/503/395 1431/397/290
f 1412/504/396 1410/503/395 1430/394/287
f 1429/376/269 1412/504/396 1430/394/287
f 380/476/369 381/477/370 386/489/381
f 1428/389/282 1412/504/396 1429/376/269
f 1413/505/397 1412/504/396 1428/389/282
f 1427/365/259 1413/505/397 1428/389/282
f 1414/506/398 1413/505/397 1427/365/259
f 396/500/392 399/507/399 397/501/393
f 399/507/399 400/508/400 397/501/393
f 397/501/393 400/508/400 398/502/394
f 1415/509/401 1414/506/398 1427/365/259
f 1426/364/258 1415/509/401 1427/365/259
f 1422/393/286 1415/509/401 1426/364/258
f 1425/391/284 1422/393/286 1426/364/258
f 396/500/392 395/498/390 399/507/399
f 399/507/399 395/498/390 401/510/402
f 395/498/390 394/497/389 401/510/402
f 401/510/402 394/497/389 402/511/403
f 394/497/389 393/496/388 402/511/403
f 402/511/403 393/496/388 403/512/404
f 393/496/388 392/495/387 403/512/404
f 403/512/404 392/495/387 404/513/405
f 1301/384/277 1425/391/284 1426/364/258
f 404/513/405 392/495/387 405/514/406
f 392/495/387 391/494/386 405/514/406
f 1303/515/407 1425/391/284 1301/384/277
f 391/494/386 390/493/385 405/514/406
f 405/514/406 390/493/385 406/516/408
f 390/493/385 407/517/409 406/516/408
f 406/516/408 407/517/409 408/518/410
f 1423/392/285 1425/391/284 1303/515/407
f 408/518/410 407/517/409 409/519/411
f 407/517/409 389/492/384 409/519/411
f 409/519/411 389/492/384 388/491/383
f 1302/520/412 1423/392/285 1303/515/407
f 1424/521/413 1423/392/285 1302/520/412
f 1304/522/414 1424/521/413 1302/520/412
f 1305/523/415 1424/521/413 1304/522/414
f 390/493/385 389/492/384 407/517/409
f 1419/524/416 1424/521/413 1305/523/415
f 1420/525/417 1424/521/413 1419/524/416
f 1423/392/285 1424/521/413 1420/525/417
f 1421/526/418 1423/392/285 1420/525/417
f 408/518/410 410/527/419 406/516/408
f 1422/393/286 1423/392/285 1421/526/418
f 406/516/408 410/527/419 405/514/406
f 1416/528/420 1415/509/401 1422/393/286
f 405/514/406 410/527/419 404/513/405
f 410/527/419 411/529/421 404/513/405
f 404/513/405 411/529/421 403/512/404
f 411/529/421 412/530/422 403/512/404
f 403/512/404 412/530/422 402/511/403
f 412/530/422 413/531/423 402/511/403
f 402/511/403 413/531/423 401/510/402
f 413/531/423 414/532/424 401/510/402
f 401/510/402 414/532/424 399/507/399
f 414/532/424 415/533/425 399/507/399
f 399/507/399 415/533/425 400/508/400
f 415/533/425 416/534/426 400/508/400
f 400/508/400 416/534/426 398/502/394
f 416/534/426 417/535/427 398/502/394
f 398/502/394 417/535/427 418/536/428
f 417/535/427 419/537/429 418/536/428
f 418/536/428 419/537/429 360/455/348
f 1421/526/418 1416/528/420 1422/393/286
f 360/455/348 419/537/429 357/452/345
f 419/537/429 420/538/430 357/452/345
f 357/452/345 420/538/430 355/450/343
f 420/538/430 421/539/431 355/450/343
f 355/450/343 421/539/431 353/448/341
f 421/539/431 422/540/432 353/448/341
f 353/448/341 422/540/432 351/446/339
f 422/540/432 423/541/433 351/446/339
f 351/446/339 423/541/433 349/444/337
f 423/541/433 424/542/434 349/444/337
f 349/444/337 424/542/434 348/443/336
f 424/542/434 425/543/435 348/443/336
f 348/443/336 425/543/435 346/441/334
f 1417/544/436 1416/528/420 1421/526/418
f 346/441/334 425/543/435 344/439/332
f 425/543/435 426/545/437 344/439/332
f 344/439/332 426/545/437 342/437/330
f 426/545/437 427/546/438 342/437/330
f 342/437/330 427/546/438 340/435/328
f 427/546/438 428/547/439 340/435/328
f 340/435/328 428/547/439 338/433/326
f 428/547/439 429/548/440 338/433/326
f 1420/525/417 1417/544/436 1421/526/418
f 429/548/440 430/549/441 338/433/326
f 338/433/326 430/549/441 335/429/322
f 430/549/441 431/550/442 335/429/322
f 335/429/322 431/550/442 333/427/320
f 431/550/442 432/551/443 333/427/320
f 333/427/320 432/551/443 331/425/318
f 432/551/443 433/552/444 331/425/318
f 331/425/318 433/552/444 329/423/316
f 433/552/444 434/553/445 329/423/316
f 329/423/316 434/553/445 327/421/314
f 434/553/445 435/554/446 327/421/314
f 327/421/314 435/554/446 325/419/312
f 435/554/446 436/555/447 325/419/312
f 325/419/312 436/555/447 323/417/310
f 436/555/447 437/556/448 323/417/310
f 323/417/310 437/556/448 322/416/309
f 437/556/448 438/557/449 322/416/309
f 322/416/309 438/557/449 320/414/307
f 438/557/449 439/558/450 320/414/307
f 320/414/307 439/558/450 318/412/305
f 439/558/450 440/559/451 318/412/305
f 318/412/305 440/559/451 316/410/303
f 440/559/451 441/560/452 316/410/303
f 316/410/303 441/560/452 314/408/301
f 1418/561/453 1417/544/436 1420/525/417
f 1419/524/416 1418/561/453 1420/525/417
f 1320/562/454 1321/563/455 1411/564/456
f 1410/503/395 1409/565/457 1408/499/391
f 398/502/394 418/536/428 360/455/348
f 1306/566/415 1419/524/416 1305/523/415
f 1418/561/453 1419/524/416 1306/566/415
f 1341/567/458 1418/561/453 1306/566/415
f 1310/568/459 1418/561/453 1341/567/458
f 441/560/452 440/559/451 442/569/460
f 440/559/451 439/558/450 442/569/460
f 442/569/460 439/558/450 443/570/461
f 1417/544/436 1418/561/453 1310/568/459
f 443/570/461 439/558/450 444/571/462
f 439/558/450 438/557/449 444/571/462
f 444/571/462 438/557/449 445/572/463
f 438/557/449 437/556/448 445/572/463
f 445/572/463 437/556/448 446/573/464
f 437/556/448 436/555/447 446/573/464
f 1312/574/465 1417/544/436 1310/568/459
f 436/555/447 435/554/446 446/573/464
f 446/573/464 435/554/446 447/575/466
f 435/554/446 448/576/467 447/575/466
f 447/575/466 448/576/467 449/577/468
f 1416/528/420 1417/544/436 1312/574/465
f 449/577/468 448/576/467 450/578/469
f 448/576/467 434/553/445 450/578/469
f 450/578/469 434/553/445 433/552/444
f 1313/579/470 1416/528/420 1312/574/465
f 1415/509/401 1416/528/420 1313/579/470
f 1314/580/471 1415/509/401 1313/579/470
f 1414/506/398 1415/509/401 1314/580/471
f 448/576/467 435/554/446 434/553/445
f 1315/581/472 1414/506/398 1314/580/471
f 1319/582/473 1414/506/398 1315/581/472
f 1413/505/397 1414/506/398 1319/582/473
f 1320/562/454 1413/505/397 1319/582/473
f 449/577/468 451/583/474 447/575/466
f 1412/504/396 1413/505/397 1320/562/454
f 447/575/466 451/583/474 446/573/464
f 451/583/474 452/584/475 446/573/464
f 446/573/464 452/584/475 453/585/476
f 452/584/475 454/586/477 453/585/476
f 1411/564/456 1412/504/396 1320/562/454
f 454/586/477 455/587/478 453/585/476
f 453/585/476 455/587/478 445/572/463
f 455/587/478 444/571/462 445/572/463
f 1410/503/395 1412/504/396 1411/564/456
f 1321/563/455 1410/503/395 1411/564/456
f 1409/565/457 1410/503/395 1321/563/455
f 1322/588/479 1409/565/457 1321/563/455
f 445/572/463 446/573/464 453/585/476
f 1323/589/480 1409/565/457 1322/588/479
f 1401/590/481 1409/565/457 1323/589/480
f 1408/499/391 1409/565/457 1401/590/481
f 1402/591/482 1408/499/391 1401/590/481
f 454/586/477 452/584/475 456/592/483
f 1407/487/379 1408/499/391 1402/591/482
f 452/584/475 451/583/474 456/592/483
f 456/592/483 451/583/474 457/593/484
f 1403/594/485 1407/487/379 1402/591/482
f 457/593/484 451/583/474 458/595/486
f 451/583/474 449/577/468 458/595/486
f 458/595/486 449/577/468 459/596/487
f 449/577/468 450/578/469 459/596/487
f 459/596/487 450/578/469 460/597/488
f 450/578/469 433/552/444 460/597/488
f 1406/486/378 1407/487/379 1403/594/485
f 433/552/444 432/551/443 460/597/488
f 1404/598/209 1406/486/378 1403/594/485
f 432/551/443 431/550/442 460/597/488
f 460/597/488 431/550/442 461/599/489
f 431/550/442 430/549/441 461/599/489
f 461/599/489 430/549/441 462/600/490
f 430/549/441 429/548/440 462/600/490
f 462/600/490 429/548/440 463/601/491
f 1405/485/377 1406/486/378 1404/598/209
f 463/601/491 429/548/440 464/602/492
f 429/548/440 428/547/439 464/602/492
f 952/603/378 1184/484/377 1405/485/377
f 428/547/439 427/546/438 464/602/492
f 464/602/492 427/546/438 465/604/493
f 1404/598/209 952/603/378 1405/485/377
f 465/604/493 427/546/438 466/605/494
f 427/546/438 426/545/437 466/605/494
f 1397/606/209 952/603/378 1404/598/209
f 426/545/437 425/543/435 466/605/494
f 466/605/494 425/543/435 467/607/495
f 425/543/435 424/542/434 467/607/495
f 467/607/495 424/542/434 468/608/496
f 424/542/434 423/541/433 468/608/496
f 468/608/496 423/541/433 469/609/497
f 423/541/433 422/540/432 469/609/497
f 469/609/497 422/540/432 470/610/498
f 422/540/432 421/539/431 470/610/498
f 470/610/498 421/539/431 471/611/499
f 1403/594/485 1397/606/209 1404/598/209
f 471/611/499 421/539/431 472/612/500
f 421/539/431 420/538/430 472/612/500
f 472/612/500 420/538/430 473/613/501
f 420/538/430 419/537/429 473/613/501
f 1396/614/115 1397/606/209 1403/594/485
f 419/537/429 417/535/427 473/613/501
f 473/613/501 417/535/427 474/615/502
f 417/535/427 416/534/426 474/615/502
f 474/615/502 416/534/426 475/616/503
f 416/534/426 415/533/425 475/616/503
f 475/616/503 415/533/425 476/617/122
f 415/533/425 414/532/424 476/617/122
f 1402/591/482 1396/614/115 1403/594/485
f 1399/618/422 1396/614/115 1402/591/482
f 1401/590/481 1399/618/422 1402/591/482
f 1400/619/504 1399/618/422 1401/590/481
f 473/613/501 474/615/502 477/620/505
f 474/615/502 478/621/506 477/620/505
f 477/620/505 478/621/506 479/622/507
f 1323/589/480 1400/619/504 1401/590/481
f 479/622/507 478/621/506 480/623/508
f 1324/624/509 1400/619/504 1323/589/480
f 480/623/508 478/621/506 481/625/510
f 478/621/506 482/626/511 481/625/510
f 481/625/510 482/626/511 483/627/512
f 482/626/511 476/617/122 483/627/512
f 483/627/512 476/617/122 484/628/513
f 1390/629/514 1400/619/504 1324/624/509
f 484/628/513 476/617/122 485/630/515
f 476/617/122 414/532/424 485/630/515
f 485/630/515 414/532/424 486/631/516
f 414/532/424 413/531/423 486/631/516
f 486/631/516 413/531/423 487/632/517
f 413/531/423 412/530/422 487/632/517
f 487/632/517 412/530/422 488/633/518
f 412/530/422 411/529/421 488/633/518
f 1398/634/115 1400/619/504 1390/629/514
f 411/529/421 410/527/419 488/633/518
f 488/633/518 410/527/419 489/635/519
f 410/527/419 408/518/410 489/635/519
f 489/635/519 408/518/410 490/636/520
f 408/518/410 409/519/411 490/636/520
f 490/636/520 409/519/411 491/637/521
f 409/519/411 388/491/383 491/637/521
f 491/637/521 388/491/383 492/638/522
f 388/491/383 387/490/382 492/638/522
f 492/638/522 387/490/382 493/639/523
f 1399/618/422 1400/619/504 1398/634/115
f 493/639/523 387/490/382 494/640/487
f 387/490/382 385/488/380 494/640/487
f 494/640/487 385/488/380 495/641/524
f 385/488/380 383/479/372 495/641/524
f 1394/642/115 1396/614/115 1399/618/422
f 383/479/372 384/481/374 495/641/524
f 495/641/524 384/481/374 496/643/525
f 1398/634/115 1394/642/115 1399/618/422
f 496/643/525 384/481/374 497/644/526
f 384/481/374 266/306/212 497/644/526
f 1392/645/209 1394/642/115 1398/634/115
f 266/306/212 293/361/255 497/644/526
f 497/644/526 293/361/255 498/646/527
f 293/361/255 294/362/256 498/646/527
f 1391/647/378 1392/645/209 1398/634/115
f 1390/629/514 1391/647/378 1398/634/115
f 1395/648/209 1393/649/378 952/603/378
f 1397/606/209 1395/648/209 952/603/378
f 476/617/122 482/626/511 475/616/503
f 482/626/511 478/621/506 475/616/503
f 475/616/503 478/621/506 474/615/502
f 1396/614/115 1395/648/209 1397/606/209
f 1394/642/115 1395/648/209 1396/614/115
f 1393/649/378 1395/648/209 1394/642/115
f 1392/645/209 1393/649/378 1394/642/115
f 473/613/501 477/620/505 472/612/500
f 472/612/500 477/620/505 499/650/528
f 477/620/505 479/622/507 499/650/528
f 952/603/378 1393/649/378 1392/645/209
f 1391/647/378 952/603/378 1392/645/209
f 1389/651/209 952/603/378 1391/647/378
f 1390/629/514 1389/651/209 1391/647/378
f 498/646/527 500/652/529 497/644/526
f 1325/653/504 1390/629/514 1324/624/509
f 497/644/526 500/652/529 496/643/525
f 1389/651/209 1390/629/514 1325/653/504
f 496/643/525 500/652/529 501/654/530
f 1326/655/209 1389/651/209 1325/653/504
f 501/654/530 500/652/529 502/656/531
f 500/652/529 498/646/527 502/656/531
f 502/656/531 498/646/527 503/657/532
f 498/646/527 294/362/256 503/657/532
f 503/657/532 294/362/256 504/658/533
f 294/362/256 295/366/259 504/658/533
f 952/603/378 1389/651/209 1326/655/209
f 1387/659/209 945/660/534 946/661/209
f 1384/662/535 945/660/534 1387/659/209
f 1385/663/209 1384/662/535 1387/659/209
f 504/658/533 505/664/536 503/657/532
f 505/664/536 506/665/537 503/657/532
f 503/657/532 506/665/537 502/656/531
f 506/665/537 507/666/538 502/656/531
f 502/656/531 507/666/538 501/654/530
f 507/666/538 508/667/539 501/654/530
f 501/654/530 508/667/539 496/643/525
f 508/667/539 509/668/540 496/643/525
f 496/643/525 509/668/540 495/641/524
f 1388/669/209 952/603/378 1386/670/378
f 947/671/377 952/603/378 1388/669/209
f 946/661/209 947/671/377 1388/669/209
f 1387/659/209 946/661/209 1388/669/209
f 509/668/540 508/667/539 510/672/541
f 1386/670/378 1387/659/209 1388/669/209
f 508/667/539 507/666/538 510/672/541
f 510/672/541 507/666/538 511/673/542
f 507/666/538 506/665/537 511/673/542
f 1385/663/209 1387/659/209 1386/670/378
f 952/603/378 1385/663/209 1386/670/378
f 1378/674/543 1385/663/209 952/603/378
f 1379/675/276 1385/663/209 1378/674/543
f 511/673/542 512/676/544 510/672/541
f 1384/662/535 1385/663/209 1379/675/276
f 510/672/541 512/676/544 509/668/540
f 512/676/544 513/677/545 509/668/540
f 509/668/540 513/677/545 514/678/546
f 513/677/545 515/679/185 514/678/546
f 1382/680/547 1379/675/276 1380/681/548
f 515/679/185 516/682/549 514/678/546
f 514/678/546 516/682/549 494/640/487
f 516/682/549 493/639/523 494/640/487
f 1384/662/535 1379/675/276 1382/680/547
f 1383/683/550 1384/662/535 1382/680/547
f 945/660/534 1384/662/535 1383/683/550
f 944/684/551 945/660/534 1383/683/550
f 509/668/540 514/678/546 495/641/524
f 514/678/546 494/640/487 495/641/524
f 1369/685/552 944/684/551 1383/683/550
f 1370/686/553 1369/685/552 1383/683/550
f 1382/680/547 1370/686/553 1383/683/550
f 1371/687/554 1370/686/553 1382/680/547
f 512/676/544 517/688/555 513/677/545
f 517/688/555 518/689/556 513/677/545
f 513/677/545 518/689/556 515/679/185
f 1380/681/548 1371/687/554 1382/680/547
f 1372/690/557 1371/687/554 1380/681/548
f 1378/674/543 952/603/378 1376/691/377
f 1381/692/401 1377/693/558 1375/694/209
f 512/676/544 511/673/542 517/688/555
f 517/688/555 511/673/542 519/695/559
f 511/673/542 506/665/537 519/695/559
f 1374/696/209 1381/692/401 1375/694/209
f 506/665/537 505/664/536 519/695/559
f 519/695/559 505/664/536 520/697/560
f 505/664/536 504/658/533 520/697/560
f 520/697/560 504/658/533 521/698/561
f 1373/699/562 1381/692/401 1374/696/209
f 521/698/561 504/658/533 522/700/563
f 504/658/533 295/366/259 522/700/563
f 522/700/563 295/366/259 523/701/524
f 295/366/259 297/368/261 523/701/524
f 523/701/524 297/368/261 524/702/564
f 297/368/261 298/370/263 524/702/564
f 524/702/564 298/370/263 525/703/565
f 298/370/263 299/371/264 525/703/565
f 525/703/565 299/371/264 526/704/566
f 1372/690/557 1381/692/401 1373/699/562
f 526/704/566 299/371/264 527/705/567
f 1380/681/548 1381/692/401 1372/690/557
f 527/705/567 299/371/264 528/706/568
f 299/371/264 300/373/266 528/706/568
f 1377/693/558 1381/692/401 1380/681/548
f 300/373/266 302/375/268 528/706/568
f 528/706/568 302/375/268 529/707/569
f 302/375/268 305/390/283 529/707/569
f 529/707/569 305/390/283 530/708/570
f 305/390/283 307/396/289 530/708/570
f 530/708/570 307/396/289 531/709/571
f 307/396/289 306/395/288 531/709/571
f 1379/675/276 1377/693/558 1380/681/548
f 306/395/288 309/402/295 531/709/571
f 531/709/571 309/402/295 532/710/572
f 309/402/295 312/406/299 532/710/572
f 1378/674/543 1377/693/558 1379/675/276
f 312/406/299 314/408/301 532/710/572
f 1376/691/377 1377/693/558 1378/674/543
f 314/408/301 441/560/452 532/710/572
f 532/710/572 441/560/452 533/711/573
f 441/560/452 442/569/460 533/711/573
f 1375/694/209 1377/693/558 1376/691/377
f 952/603/378 1375/694/209 1376/691/377
f 1374/696/209 1375/694/209 952/603/378
f 1362/712/209 1374/696/209 952/603/378
f 520/697/560 534/713/574 519/695/559
f 534/713/574 517/688/555 519/695/559
f 1373/699/562 1374/696/209 1362/712/209
f 1363/714/575 1373/699/562 1362/712/209
f 1364/715/540 1373/699/562 1363/714/575
f 1372/690/557 1373/699/562 1364/715/540
f 521/698/561 534/713/574 520/697/560
f 1365/716/576 1372/690/557 1364/715/540
f 1371/687/554 1372/690/557 1365/716/576
f 1366/717/577 1371/687/554 1365/716/576
f 1370/686/553 1371/687/554 1366/717/577
f 533/711/573 535/718/578 532/710/572
f 532/710/572 535/718/578 531/709/571
f 535/718/578 536/719/579 531/709/571
f 531/709/571 536/719/579 530/708/570
f 1367/720/580 1370/686/553 1366/717/577
f 1369/685/552 1370/686/553 1367/720/580
f 1368/721/581 1369/685/552 1367/720/580
f 923/722/582 944/684/551 1369/685/552
f 536/719/579 535/718/578 537/723/583
f 537/723/583 535/718/578 538/724/584
f 535/718/578 533/711/573 538/724/584
f 538/724/584 533/711/573 539/725/585
f 533/711/573 442/569/460 539/725/585
f 1368/721/581 923/722/582 1369/685/552
f 921/726/487 923/722/582 1368/721/581
f 1340/727/586 921/726/487 1368/721/581
f 1342/728/587 1340/727/586 1368/721/581
f 539/725/585 540/729/588 538/724/584
f 1367/720/580 1342/728/587 1368/721/581
f 538/724/584 540/729/588 537/723/583
f 540/729/588 541/730/589 537/723/583
f 1343/731/590 1342/728/587 1367/720/580
f 541/730/589 542/732/591 537/723/583
f 537/723/583 542/732/591 536/719/579
f 1366/717/577 1343/731/590 1367/720/580
f 536/719/579 542/732/591 530/708/570
f 542/732/591 543/733/592 530/708/570
f 530/708/570 543/733/592 529/707/569
f 543/733/592 544/734/593 529/707/569
f 529/707/569 544/734/593 528/706/568
f 1344/735/594 1343/731/590 1366/717/577
f 528/706/568 544/734/593 527/705/567
f 544/734/593 545/736/575 527/705/567
f 527/705/567 545/736/575 526/704/566
f 1365/716/576 1344/735/594 1366/717/577
f 1345/737/595 1344/735/594 1365/716/576
f 1364/715/540 1345/737/595 1365/716/576
f 1346/738/596 1345/737/595 1364/715/540
f 545/736/575 544/734/593 546/739/597
f 1363/714/575 1346/738/596 1364/715/540
f 544/734/593 543/733/592 546/739/597
f 546/739/597 543/733/592 547/740/598
f 543/733/592 542/732/591 547/740/598
f 1347/741/599 1346/738/596 1363/714/575
f 542/732/591 541/730/589 547/740/598
f 547/740/598 541/730/589 548/742/600
f 1360/743/601 1347/741/599 1363/714/575
f 548/742/600 541/730/589 549/744/602
f 541/730/589 540/729/588 549/744/602
f 549/744/602 540/729/588 550/745/603
f 540/729/588 539/725/585 550/745/603
f 550/745/603 539/725/585 551/746/604
f 539/725/585 552/747/605 551/746/604
f 551/746/604 552/747/605 553/748/606
f 552/747/605 455/587/478 553/748/606
f 1362/712/209 1360/743/601 1363/714/575
f 455/587/478 454/586/477 553/748/606
f 553/748/606 454/586/477 554/749/607
f 454/586/477 456/592/483 554/749/607
f 554/749/607 456/592/483 555/750/608
f 456/592/483 457/593/484 555/750/608
f 1361/751/209 1360/743/601 1362/712/209
f 457/593/484 556/752/609 555/750/608
f 952/603/378 1361/751/209 1362/712/209
f 556/752/609 557/753/409 555/750/608
f 555/750/608 557/753/409 554/749/607
f 557/753/409 558/754/504 554/749/607
f 1358/755/209 1361/751/209 952/603/378
f 558/754/504 559/756/610 554/749/607
f 554/749/607 559/756/610 553/748/606
f 1359/757/611 1361/751/209 1358/755/209
f 553/748/606 559/756/610 551/746/604
f 559/756/610 560/758/420 551/746/604
f 551/746/604 560/758/420 550/745/603
f 560/758/420 561/759/612 550/745/603
f 550/745/603 561/759/612 549/744/602
f 561/759/612 562/760/209 549/744/602
f 549/744/602 562/760/209 548/742/600
f 1360/743/601 1361/751/209 1359/757/611
f 1356/761/209 952/603/378 1353/762/209
f 1354/763/504 1356/761/209 1353/762/209
f 1348/764/613 1347/741/599 1360/743/601
f 539/725/585 442/569/460 552/747/605
f 1359/757/611 1348/764/613 1360/743/601
f 442/569/460 443/570/461 552/747/605
f 1349/765/375 1348/764/613 1359/757/611
f 443/570/461 444/571/462 552/747/605
f 552/747/605 444/571/462 455/587/478
f 1355/766/504 1349/765/375 1359/757/611
f 1358/755/209 1355/766/504 1359/757/611
f 1357/767/378 1355/766/504 1358/755/209
f 952/603/378 1357/767/378 1358/755/209
f 560/758/420 563/768/614 561/759/612
f 1356/761/209 1357/767/378 952/603/378
f 563/768/614 564/769/615 561/759/612
f 561/759/612 564/769/615 562/760/209
f 1355/766/504 1357/767/378 1356/761/209
f 1354/763/504 1355/766/504 1356/761/209
f 1349/765/375 1355/766/504 1354/763/504
f 1350/770/409 1349/765/375 1354/763/504
f 560/758/420 559/756/610 563/768/614
f 563/768/614 559/756/610 565/771/614
f 559/756/610 558/754/504 565/771/614
f 565/771/614 558/754/504 566/772/616
f 558/754/504 567/773/617 566/772/616
f 1351/774/618 1350/770/409 1354/763/504
f 567/773/617 568/775/619 566/772/616
f 566/772/616 568/775/619 569/776/620
f 568/775/619 570/777/417 569/776/620
f 569/776/620 570/777/417 571/778/621
f 570/777/417 572/779/622 571/778/621
f 1353/762/209 1351/774/618 1354/763/504
f 572/779/622 573/780/623 571/778/621
f 571/778/621 573/780/623 563/768/614
f 573/780/623 574/781/624 563/768/614
f 563/768/614 574/781/624 564/769/615
f 574/781/624 575/782/625 564/769/615
f 564/769/615 575/782/625 562/760/209
f 575/782/625 576/783/626 562/760/209
f 562/760/209 576/783/626 548/742/600
f 576/783/626 577/784/627 548/742/600
f 548/742/600 577/784/627 547/740/598
f 577/784/627 578/785/628 547/740/598
f 547/740/598 578/785/628 546/739/597
f 1352/786/209 1351/774/618 1353/762/209
f 546/739/597 578/785/628 545/736/575
f 578/785/628 579/787/629 545/736/575
f 545/736/575 579/787/629 526/704/566
f 579/787/629 580/788/630 526/704/566
f 526/704/566 580/788/630 525/703/565
f 580/788/630 581/789/631 525/703/565
f 525/703/565 581/789/631 524/702/564
f 581/789/631 582/790/401 524/702/564
f 524/702/564 582/790/401 523/701/524
f 582/790/401 583/791/632 523/701/524
f 523/701/524 583/791/632 522/700/563
f 583/791/632 584/792/633 522/700/563
f 522/700/563 584/792/633 521/698/561
f 584/792/633 585/793/634 521/698/561
f 521/698/561 585/793/634 534/713/574
f 585/793/634 586/794/631 534/713/574
f 534/713/574 586/794/631 517/688/555
f 586/794/631 587/795/422 517/688/555
f 517/688/555 587/795/422 518/689/556
f 952/603/378 1352/786/209 1353/762/209
f 1327/796/378 952/603/378 1326/655/209
f 1352/786/209 952/603/378 1327/796/378
f 1328/797/504 1352/786/209 1327/796/378
f 567/773/617 558/754/504 557/753/409
f 1351/774/618 1352/786/209 1328/797/504
f 1329/798/635 1351/774/618 1328/797/504
f 1350/770/409 1351/774/618 1329/798/635
f 1330/799/636 1350/770/409 1329/798/635
f 566/772/616 569/776/620 565/771/614
f 569/776/620 571/778/621 565/771/614
f 565/771/614 571/778/621 563/768/614
f 1331/800/637 1350/770/409 1330/799/636
f 1349/765/375 1350/770/409 1331/800/637
f 1348/764/613 1349/765/375 1331/800/637
f 1332/801/638 1348/764/613 1331/800/637
f 587/795/422 586/794/631 588/802/639
f 588/802/639 586/794/631 589/803/236
f 586/794/631 585/793/634 589/803/236
f 589/803/236 585/793/634 590/804/640
f 1347/741/599 1348/764/613 1332/801/638
f 590/804/640 585/793/634 591/805/641
f 585/793/634 584/792/633 591/805/641
f 591/805/641 584/792/633 592/806/136
f 584/792/633 583/791/632 592/806/136
f 592/806/136 583/791/632 593/807/642
f 583/791/632 582/790/401 593/807/642
f 593/807/642 582/790/401 594/808/643
f 582/790/401 581/789/631 594/808/643
f 594/808/643 581/789/631 595/809/257
f 581/789/631 580/788/630 595/809/257
f 595/809/257 580/788/630 596/810/644
f 580/788/630 579/787/629 596/810/644
f 596/810/644 579/787/629 597/811/645
f 579/787/629 578/785/628 597/811/645
f 1333/812/646 1347/741/599 1332/801/638
f 578/785/628 577/784/627 597/811/645
f 597/811/645 577/784/627 598/813/647
f 577/784/627 576/783/626 598/813/647
f 598/813/647 576/783/626 599/814/648
f 576/783/626 575/782/625 599/814/648
f 599/814/648 575/782/625 600/815/649
f 575/782/625 574/781/624 600/815/649
f 600/815/649 574/781/624 601/816/650
f 1346/738/596 1347/741/599 1333/812/646
f 601/816/650 574/781/624 602/817/651
f 574/781/624 573/780/623 602/817/651
f 602/817/651 573/780/623 603/818/652
f 573/780/623 572/779/622 603/818/652
f 603/818/652 572/779/622 604/819/653
f 572/779/622 570/777/417 604/819/653
f 1334/820/654 1346/738/596 1333/812/646
f 570/777/417 568/775/619 604/819/653
f 604/819/653 568/775/619 605/821/655
f 568/775/619 606/822/656 605/821/655
f 1345/737/595 1346/738/596 1334/820/654
f 606/822/656 607/823/657 605/821/655
f 605/821/655 607/823/657 604/819/653
f 607/823/657 608/824/658 604/819/653
f 604/819/653 608/824/658 603/818/652
f 608/824/658 609/825/659 603/818/652
f 603/818/652 609/825/659 602/817/651
f 1335/826/660 1345/737/595 1334/820/654
f 1344/735/594 1345/737/595 1335/826/660
f 1336/827/661 1344/735/594 1335/826/660
f 1343/731/590 1344/735/594 1336/827/661
f 568/775/619 567/773/617 606/822/656
f 606/822/656 567/773/617 610/828/662
f 567/773/617 557/753/409 610/828/662
f 610/828/662 557/753/409 611/829/663
f 557/753/409 556/752/609 611/829/663
f 611/829/663 556/752/609 612/830/664
f 556/752/609 457/593/484 612/830/664
f 1337/831/553 1343/731/590 1336/827/661
f 457/593/484 458/595/486 612/830/664
f 612/830/664 458/595/486 613/832/665
f 458/595/486 459/596/487 613/832/665
f 613/832/665 459/596/487 614/833/666
f 1342/728/587 1343/731/590 1337/831/553
f 614/833/666 459/596/487 615/834/487
f 459/596/487 460/597/488 615/834/487
f 1338/835/667 1342/728/587 1337/831/553
f 460/597/488 461/599/489 615/834/487
f 1340/727/586 1342/728/587 1338/835/667
f 461/599/489 616/836/668 615/834/487
f 615/834/487 616/836/668 614/833/666
f 1339/837/669 1340/727/586 1338/835/667
f 1265/838/670 1264/839/646 1311/840/671
f 1341/567/458 1309/841/672 1310/568/459
f 1307/842/673 1341/567/458 1306/566/415
f 609/825/659 608/824/658 617/843/674
f 1309/841/672 1341/567/458 1307/842/673
f 608/824/658 607/823/657 617/843/674
f 617/843/674 607/823/657 618/844/675
f 607/823/657 606/822/656 618/844/675
f 618/844/675 606/822/656 619/845/668
f 606/822/656 610/828/662 619/845/668
f 1308/846/676 1309/841/672 1307/842/673
f 922/847/677 921/726/487 1340/727/586
f 1339/837/669 922/847/677 1340/727/586
f 879/848/678 922/847/677 1339/837/669
f 616/836/668 461/599/489 620/849/679
f 461/599/489 462/600/490 620/849/679
f 878/850/680 879/848/678 1339/837/669
f 462/600/490 463/601/491 620/849/679
f 620/849/679 463/601/491 621/851/681
f 463/601/491 464/602/492 621/851/681
f 621/851/681 464/602/492 622/852/474
f 464/602/492 465/604/493 622/852/474
f 877/853/682 878/850/680 1339/837/669
f 1338/835/667 877/853/682 1339/837/669
f 876/854/683 877/853/682 1338/835/667
f 1337/831/553 876/854/683 1338/835/667
f 622/852/474 623/855/684 621/851/681
f 875/856/685 876/854/683 1337/831/553
f 621/851/681 623/855/684 620/849/679
f 623/855/684 624/857/686 620/849/679
f 620/849/679 624/857/686 616/836/668
f 624/857/686 625/858/687 616/836/668
f 616/836/668 625/858/687 614/833/666
f 625/858/687 626/859/688 614/833/666
f 614/833/666 626/859/688 613/832/665
f 626/859/688 627/860/689 613/832/665
f 613/832/665 627/860/689 612/830/664
f 627/860/689 628/861/690 612/830/664
f 1336/827/661 875/856/685 1337/831/553
f 628/861/690 629/862/691 612/830/664
f 612/830/664 629/862/691 611/829/663
f 629/862/691 630/863/692 611/829/663
f 874/864/693 875/856/685 1336/827/661
f 630/863/692 631/865/694 611/829/663
f 611/829/663 631/865/694 610/828/662
f 631/865/694 632/866/695 610/828/662
f 610/828/662 632/866/695 619/845/668
f 1335/826/660 874/864/693 1336/827/661
f 873/867/184 874/864/693 1335/826/660
f 1334/820/654 873/867/184 1335/826/660
f 872/868/696 873/867/184 1334/820/654
f 626/859/688 633/869/564 627/860/689
f 627/860/689 633/869/564 628/861/690
f 1333/812/646 872/868/696 1334/820/654
f 871/870/697 872/868/696 1333/812/646
f 1332/801/638 871/870/697 1333/812/646
f 870/871/698 871/870/697 1332/801/638
f 632/866/695 631/865/694 634/872/699
f 634/872/699 631/865/694 635/873/700
f 631/865/694 630/863/692 635/873/700
f 635/873/700 630/863/692 636/874/635
f 630/863/692 637/875/701 636/874/635
f 636/874/635 637/875/701 638/876/702
f 637/875/701 629/862/691 638/876/702
f 1331/800/637 870/871/698 1332/801/638
f 629/862/691 628/861/690 638/876/702
f 638/876/702 628/861/690 639/877/703
f 1330/799/636 870/871/698 1331/800/637
f 639/877/703 628/861/690 640/878/704
f 628/861/690 633/869/564 640/878/704
f 853/879/705 870/871/698 1330/799/636
f 633/869/564 641/880/706 640/878/704
f 854/881/707 853/879/705 1330/799/636
f 641/880/706 642/882/708 640/878/704
f 1329/798/635 854/881/707 1330/799/636
f 642/882/708 643/883/709 640/878/704
f 640/878/704 643/883/709 639/877/703
f 643/883/709 644/884/375 639/877/703
f 639/877/703 644/884/375 645/885/710
f 644/884/375 646/886/711 645/885/710
f 645/885/710 646/886/711 636/874/635
f 646/886/711 647/887/712 636/874/635
f 636/874/635 647/887/712 634/872/699
f 647/887/712 648/888/474 634/872/699
f 634/872/699 648/888/474 632/866/695
f 855/889/713 854/881/707 1329/798/635
f 632/866/695 648/888/474 649/890/714
f 648/888/474 644/884/375 649/890/714
f 649/890/714 644/884/375 650/891/375
f 644/884/375 643/883/709 650/891/375
f 1328/797/504 855/889/713 1329/798/635
f 856/892/504 855/889/713 1328/797/504
f 1327/796/378 856/892/504 1328/797/504
f 1326/655/209 856/892/504 1327/796/378
f 636/874/635 634/872/699 635/873/700
f 851/893/715 856/892/504 1326/655/209
f 1325/653/504 851/893/715 1326/655/209
f 827/894/716 851/893/715 1325/653/504
f 1324/624/509 827/894/716 1325/653/504
f 630/863/692 629/862/691 637/875/701
f 820/895/277 827/894/716 1324/624/509
f 1323/589/480 820/895/277 1324/624/509
f 814/896/717 820/895/277 1323/589/480
f 1322/588/479 814/896/717 1323/589/480
f 636/874/635 638/876/702 645/885/710
f 638/876/702 639/877/703 645/885/710
f 813/897/718 814/896/717 1322/588/479
f 1321/563/455 813/897/718 1322/588/479
f 812/898/719 813/897/718 1321/563/455
f 1320/562/454 812/898/719 1321/563/455
f 647/887/712 646/886/711 648/888/474
f 646/886/711 644/884/375 648/888/474
f 1319/582/473 812/898/719 1320/562/454
f 748/899/720 812/898/719 1319/582/473
f 747/900/721 748/899/720 1319/582/473
f 1315/581/472 747/900/721 1319/582/473
f 632/866/695 649/890/714 651/901/722
f 649/890/714 652/902/723 651/901/722
f 651/901/722 652/902/723 653/903/473
f 1316/904/724 747/900/721 1315/581/472
f 653/903/473 652/902/723 654/905/725
f 1247/906/648 747/900/721 1316/904/724
f 654/905/725 652/902/723 655/907/726
f 652/902/723 650/891/375 655/907/726
f 655/907/726 650/891/375 656/908/727
f 650/891/375 643/883/709 656/908/727
f 656/908/727 643/883/709 657/909/728
f 1317/910/729 1247/906/648 1316/904/724
f 657/909/728 643/883/709 658/911/730
f 643/883/709 642/882/708 658/911/730
f 658/911/730 642/882/708 659/912/731
f 642/882/708 641/880/706 659/912/731
f 1318/913/732 1247/906/648 1317/910/729
f 641/880/706 660/914/733 659/912/731
f 1250/915/511 1247/906/648 1318/913/732
f 660/914/733 661/916/734 659/912/731
f 659/912/731 661/916/734 658/911/730
f 661/916/734 662/917/735 658/911/730
f 658/911/730 662/917/735 657/909/728
f 662/917/735 663/918/736 657/909/728
f 657/909/728 663/918/736 656/908/727
f 1260/919/737 1250/915/511 1318/913/732
f 1317/910/729 1260/919/737 1318/913/732
f 1262/920/738 1260/919/737 1317/910/729
f 1316/904/724 1262/920/738 1317/910/729
f 649/890/714 650/891/375 652/902/723
f 1263/921/739 1262/920/738 1316/904/724
f 1315/581/472 1263/921/739 1316/904/724
f 1314/580/471 1263/921/739 1315/581/472
f 1264/839/646 1263/921/739 1314/580/471
f 632/866/695 651/901/722 619/845/668
f 651/901/722 664/922/740 619/845/668
f 619/845/668 664/922/740 618/844/675
f 1313/579/470 1264/839/646 1314/580/471
f 1311/840/671 1264/839/646 1313/579/470
f 1312/574/465 1311/840/671 1313/579/470
f 1310/568/459 1311/840/671 1312/574/465
f 653/903/473 664/922/740 651/901/722
f 1265/838/670 1311/840/671 1310/568/459
f 1309/841/672 1265/838/670 1310/568/459
f 1266/923/415 1265/838/670 1309/841/672
f 1308/846/676 1266/923/415 1309/841/672
f 663/918/736 662/917/735 665/924/741
f 662/917/735 661/916/734 665/924/741
f 665/924/741 661/916/734 666/925/742
f 661/916/734 660/914/733 666/925/742
f 666/925/742 660/914/733 667/926/401
f 660/914/733 641/880/706 667/926/401
f 667/926/401 641/880/706 668/927/259
f 641/880/706 633/869/564 668/927/259
f 668/927/259 633/869/564 669/928/743
f 633/869/564 626/859/688 669/928/743
f 1267/929/744 1266/923/415 1308/846/676
f 626/859/688 625/858/687 669/928/743
f 1268/930/745 1267/929/744 1308/846/676
f 625/858/687 624/857/686 669/928/743
f 669/928/743 624/857/686 670/931/746
f 624/857/686 623/855/684 670/931/746
f 1307/842/673 1268/930/745 1308/846/676
f 1287/932/747 1268/930/745 1307/842/673
f 1306/566/415 1287/932/747 1307/842/673
f 1305/523/415 1287/932/747 1306/566/415
f 670/931/746 671/933/376 669/928/743
f 1288/934/739 1287/932/747 1305/523/415
f 669/928/743 671/933/376 668/927/259
f 1297/935/524 1288/934/739 1305/523/415
f 668/927/259 671/933/376 667/926/401
f 1304/522/414 1297/935/524 1305/523/415
f 667/926/401 671/933/376 672/936/748
f 1298/937/749 1297/935/524 1304/522/414
f 672/936/748 671/933/376 673/938/113
f 671/933/376 670/931/746 673/938/113
f 673/938/113 670/931/746 674/939/750
f 670/931/746 623/855/684 674/939/750
f 674/939/750 623/855/684 675/940/751
f 623/855/684 622/852/474 675/940/751
f 675/940/751 622/852/474 676/352/247
f 1302/520/412 1298/937/749 1304/522/414
f 676/352/247 622/852/474 677/356/184
f 622/852/474 465/604/493 677/356/184
f 677/356/184 465/604/493 678/335/230
f 465/604/493 466/605/494 678/335/230
f 1299/941/752 1298/937/749 1302/520/412
f 466/605/494 467/607/495 678/335/230
f 678/335/230 467/607/495 679/331/226
f 467/607/495 468/608/496 679/331/226
f 679/331/226 468/608/496 680/326/221
f 468/608/496 469/609/497 680/326/221
f 680/326/221 469/609/497 681/327/222
f 469/609/497 470/610/498 681/327/222
f 681/327/222 470/610/498 682/341/236
f 470/610/498 471/611/499 682/341/236
f 682/341/236 471/611/499 683/942/753
f 471/611/499 472/612/500 683/942/753
f 1300/943/754 1303/515/407 1301/384/277
f 472/612/500 499/650/528 683/942/753
f 683/942/753 499/650/528 684/944/755
f 499/650/528 479/622/507 684/944/755
f 684/944/755 479/622/507 685/945/756
f 479/622/507 480/623/508 685/945/756
f 685/945/756 480/623/508 686/946/757
f 480/623/508 481/625/510 686/946/757
f 686/946/757 481/625/510 687/947/758
f 1302/520/412 1303/515/407 1300/943/754
f 687/947/758 481/625/510 688/948/759
f 481/625/510 483/627/512 688/948/759
f 688/948/759 483/627/512 689/949/760
f 483/627/512 690/950/761 689/949/760
f 1299/941/752 1302/520/412 1300/943/754
f 690/950/761 691/951/762 689/949/760
f 689/949/760 691/951/762 692/952/763
f 691/951/762 693/953/764 692/952/763
f 1292/954/765 1301/384/277 1291/383/276
f 693/953/764 694/955/766 692/952/763
f 1300/943/754 1301/384/277 1292/954/765
f 694/955/766 695/956/767 692/952/763
f 692/952/763 695/956/767 688/948/759
f 695/956/767 687/947/758 688/948/759
f 1293/957/768 1300/943/754 1292/954/765
f 1299/941/752 1300/943/754 1293/957/768
f 1294/958/769 1299/941/752 1293/957/768
f 1298/937/749 1299/941/752 1294/958/769
f 483/627/512 484/628/513 690/950/761
f 1297/935/524 1298/937/749 1294/958/769
f 1295/959/770 1297/935/524 1294/958/769
f 1296/960/690 1297/935/524 1295/959/770
f 1288/934/739 1297/935/524 1296/960/690
f 688/948/759 689/949/760 692/952/763
f 1271/961/771 1288/934/739 1296/960/690
f 1272/962/772 1271/961/771 1296/960/690
f 1279/963/773 1272/962/772 1296/960/690
f 1295/959/770 1279/963/773 1296/960/690
f 695/956/767 694/955/766 696/964/774
f 694/955/766 697/965/775 696/964/774
f 1280/966/776 1279/963/773 1295/959/770
f 697/965/775 698/967/777 696/964/774
f 696/964/774 698/967/777 687/947/758
f 698/967/777 699/968/575 687/947/758
f 687/947/758 699/968/575 686/946/757
f 699/968/575 700/969/778 686/946/757
f 686/946/757 700/969/778 685/945/756
f 700/969/778 701/970/779 685/945/756
f 685/945/756 701/970/779 684/944/755
f 701/970/779 702/971/780 684/944/755
f 684/944/755 702/971/780 683/942/753
f 702/971/780 703/336/231 683/942/753
f 683/942/753 703/336/231 682/341/236
f 1281/972/582 1280/966/776 1295/959/770
f 1294/958/769 1281/972/582 1295/959/770
f 1282/973/781 1281/972/582 1294/958/769
f 1293/957/768 1282/973/781 1294/958/769
f 694/955/766 693/953/764 697/965/775
f 697/965/775 693/953/764 704/974/782
f 693/953/764 691/951/762 704/974/782
f 1292/954/765 1282/973/781 1293/957/768
f 1283/975/783 1282/973/781 1292/954/765
f 1291/383/276 1283/975/783 1292/954/765
f 1284/976/784 1283/975/783 1291/383/276
f 687/947/758 695/956/767 696/964/774
f 1290/385/278 1284/976/784 1291/383/276
f 1289/466/359 1284/976/784 1290/385/278
f 1285/977/185 1284/976/784 1289/466/359
f 1286/480/373 1285/977/185 1289/466/359
f 703/336/231 702/971/780 705/337/232
f 1270/978/785 1288/934/739 1271/961/771
f 702/971/780 701/970/779 705/337/232
f 705/337/232 701/970/779 706/979/558
f 1287/932/747 1288/934/739 1270/978/785
f 706/979/558 701/970/779 707/980/786
f 701/970/779 700/969/778 707/980/786
f 707/980/786 700/969/778 708/981/787
f 700/969/778 699/968/575 708/981/787
f 708/981/787 699/968/575 709/982/788
f 1287/932/747 1269/983/789 1268/930/745
f 709/982/788 699/968/575 710/984/790
f 699/968/575 698/967/777 710/984/790
f 710/984/790 698/967/777 711/985/645
f 698/967/777 697/965/775 711/985/645
f 711/985/645 697/965/775 712/986/375
f 697/965/775 704/974/782 712/986/375
f 712/986/375 704/974/782 713/987/791
f 1270/978/785 1269/983/789 1287/932/747
f 713/987/791 704/974/782 714/988/792
f 704/974/782 691/951/762 714/988/792
f 1278/989/793 1276/990/794 1275/991/795
f 691/951/762 690/950/761 714/988/792
f 1277/992/796 1276/990/794 1278/989/793
f 690/950/761 484/628/513 714/988/792
f 714/988/792 484/628/513 715/993/797
f 484/628/513 485/630/515 715/993/797
f 1186/994/163 1286/480/373 1185/483/376
f 485/630/515 486/631/516 715/993/797
f 1285/977/185 1286/480/373 1186/994/163
f 486/631/516 716/995/798 715/993/797
f 715/993/797 716/995/798 717/996/799
f 716/995/798 718/997/800 717/996/799
f 1187/998/801 1285/977/185 1186/994/163
f 718/997/800 713/987/791 717/996/799
f 1188/999/802 1285/977/185 1187/998/801
f 713/987/791 714/988/792 717/996/799
f 717/996/799 714/988/792 715/993/797
f 1284/976/784 1285/977/185 1188/999/802
f 1283/975/783 1284/976/784 1188/999/802
f 1189/1000/803 1283/975/783 1188/999/802
f 1190/1001/804 1283/975/783 1189/1000/803
f 486/631/516 719/1002/805 716/995/798
f 1282/973/781 1283/975/783 1190/1001/804
f 719/1002/805 720/1003/806 716/995/798
f 716/995/798 720/1003/806 718/997/800
f 1191/1004/807 1282/973/781 1190/1001/804
f 1281/972/582 1282/973/781 1191/1004/807
f 1192/1005/808 1281/972/582 1191/1004/807
f 1280/966/776 1281/972/582 1192/1005/808
f 486/631/516 487/632/517 719/1002/805
f 719/1002/805 487/632/517 721/1006/809
f 487/632/517 488/633/518 721/1006/809
f 1198/1007/810 1280/966/776 1192/1005/808
f 488/633/518 489/635/519 721/1006/809
f 721/1006/809 489/635/519 722/1008/704
f 489/635/519 490/636/520 722/1008/704
f 722/1008/704 490/636/520 723/1009/811
f 490/636/520 491/637/521 723/1009/811
f 723/1009/811 491/637/521 724/1010/812
f 491/637/521 492/638/522 724/1010/812
f 724/1010/812 492/638/522 725/1011/813
f 492/638/522 493/639/523 725/1011/813
f 725/1011/813 493/639/523 726/1012/375
f 493/639/523 516/682/549 726/1012/375
f 726/1012/375 516/682/549 727/1013/799
f 516/682/549 515/679/185 727/1013/799
f 727/1013/799 515/679/185 728/1014/564
f 515/679/185 518/689/556 728/1014/564
f 728/1014/564 518/689/556 729/1015/814
f 518/689/556 587/795/422 729/1015/814
f 1199/1016/815 1280/966/776 1198/1007/810
f 587/795/422 588/802/639 729/1015/814
f 1279/963/773 1280/966/776 1199/1016/815
f 588/802/639 730/1017/575 729/1015/814
f 1277/992/796 1279/963/773 1199/1016/815
f 730/1017/575 731/1018/816 729/1015/814
f 729/1015/814 731/1018/816 728/1014/564
f 731/1018/816 732/1019/268 728/1014/564
f 728/1014/564 732/1019/268 727/1013/799
f 732/1019/268 733/1020/817 727/1013/799
f 727/1013/799 733/1020/817 726/1012/375
f 1278/989/793 1279/963/773 1277/992/796
f 1272/962/772 1279/963/773 1278/989/793
f 1273/1021/818 1272/962/772 1278/989/793
f 1275/991/795 1273/1021/818 1278/989/793
f 733/1020/817 732/1019/268 734/1022/276
f 734/1022/276 732/1019/268 735/1023/96
f 732/1019/268 731/1018/816 735/1023/96
f 735/1023/96 731/1018/816 736/1024/819
f 731/1018/816 730/1017/575 736/1024/819
f 1274/1025/820 1273/1021/818 1275/991/795
f 1200/1026/821 1277/992/796 1199/1016/815
f 1276/990/794 1277/992/796 1200/1026/821
f 1201/1027/822 1276/990/794 1200/1026/821
f 736/1024/819 737/1028/631 735/1023/96
f 737/1028/631 738/1029/96 735/1023/96
f 735/1023/96 738/1029/96 734/1022/276
f 1275/991/795 1276/990/794 1201/1027/822
f 1240/1030/823 1275/991/795 1201/1027/822
f 1274/1025/820 1275/991/795 1240/1030/823
f 1231/1031/771 1274/1025/820 1240/1030/823
f 738/1029/96 737/1028/631 739/1032/824
f 739/1032/824 737/1028/631 740/1033/825
f 737/1028/631 736/1024/819 740/1033/825
f 740/1033/825 736/1024/819 741/1034/826
f 736/1024/819 742/1035/827 741/1034/826
f 1273/1021/818 1274/1025/820 1231/1031/771
f 742/1035/827 743/1036/828 741/1034/826
f 1232/1037/375 1273/1021/818 1231/1031/771
f 743/1036/828 744/1038/829 741/1034/826
f 741/1034/826 744/1038/829 740/1033/825
f 744/1038/829 745/1039/830 740/1033/825
f 740/1033/825 745/1039/830 739/1032/824
f 745/1039/830 746/1040/831 739/1032/824
f 739/1032/824 746/1040/831 747/900/721
f 1272/962/772 1273/1021/818 1232/1037/375
f 747/900/721 746/1040/831 748/899/720
f 1233/1041/635 1272/962/772 1232/1037/375
f 748/899/720 746/1040/831 749/1042/832
f 746/1040/831 750/1043/833 749/1042/832
f 749/1042/832 750/1043/833 751/1044/834
f 750/1043/833 744/1038/829 751/1044/834
f 751/1044/834 744/1038/829 752/1045/835
f 744/1038/829 743/1036/828 752/1045/835
f 752/1045/835 743/1036/828 753/1046/836
f 743/1036/828 742/1035/827 753/1046/836
f 1271/961/771 1272/962/772 1233/1041/635
f 1270/978/785 1271/961/771 1233/1041/635
f 1234/1047/837 1270/978/785 1233/1041/635
f 1269/983/789 1270/978/785 1234/1047/837
f 730/1017/575 742/1035/827 736/1024/819
f 1235/1048/838 1269/983/789 1234/1047/837
f 1268/930/745 1269/983/789 1235/1048/838
f 1236/1049/540 1268/930/745 1235/1048/838
f 1267/929/744 1268/930/745 1236/1049/540
f 744/1038/829 750/1043/833 745/1039/830
f 745/1039/830 750/1043/833 746/1040/831
f 1237/1050/682 1267/929/744 1236/1049/540
f 1254/1051/634 1267/929/744 1237/1050/682
f 1266/923/415 1267/929/744 1254/1051/634
f 1255/1052/839 1266/923/415 1254/1051/634
f 739/1032/824 747/900/721 738/1029/96
f 1265/838/670 1266/923/415 1255/1052/839
f 1256/1053/221 1265/838/670 1255/1052/839
f 1264/839/646 1265/838/670 1256/1053/221
f 1257/1054/840 1264/839/646 1256/1053/221
f 753/1046/836 754/1055/841 752/1045/835
f 754/1055/841 751/1044/834 752/1045/835
f 1263/921/739 1264/839/646 1257/1054/840
f 1258/1056/257 1263/921/739 1257/1054/840
f 1262/920/738 1263/921/739 1258/1056/257
f 1260/919/737 1262/920/738 1258/1056/257
f 754/1055/841 753/1046/836 755/1057/842
f 753/1046/836 742/1035/827 755/1057/842
f 755/1057/842 742/1035/827 756/1058/824
f 1248/1059/843 1259/1060/844 1251/1061/520
f 756/1058/824 742/1035/827 757/1062/845
f 742/1035/827 730/1017/575 757/1062/845
f 757/1062/845 730/1017/575 758/1063/778
f 730/1017/575 588/802/639 758/1063/778
f 1261/1064/846 1259/1060/844 1248/1059/843
f 588/802/639 589/803/236 758/1063/778
f 758/1063/778 589/803/236 759/1065/847
f 589/803/236 590/804/640 759/1065/847
f 1249/1066/848 1261/1064/846 1248/1059/843
f 1250/915/511 1261/1064/846 1249/1066/848
f 1260/919/737 1261/1064/846 1250/915/511
f 1259/1060/844 1261/1064/846 1260/919/737
f 759/1065/847 760/1067/471 758/1063/778
f 1258/1056/257 1259/1060/844 1260/919/737
f 758/1063/778 760/1067/471 757/1062/845
f 1251/1061/520 1259/1060/844 1258/1056/257
f 757/1062/845 760/1067/471 756/1058/824
f 1257/1054/840 1251/1061/520 1258/1056/257
f 756/1058/824 760/1067/471 761/1068/849
f 1252/1069/850 1251/1061/520 1257/1054/840
f 761/1068/849 760/1067/471 762/1070/736
f 760/1067/471 759/1065/847 762/1070/736
f 762/1070/736 759/1065/847 763/1071/851
f 759/1065/847 590/804/640 763/1071/851
f 763/1071/851 590/804/640 764/1072/852
f 590/804/640 591/805/641 764/1072/852
f 764/1072/852 591/805/641 765/1073/853
f 591/805/641 592/806/136 765/1073/853
f 765/1073/853 592/806/136 766/1074/854
f 592/806/136 593/807/642 766/1074/854
f 766/1074/854 593/807/642 767/1075/855
f 593/807/642 594/808/643 767/1075/855
f 767/1075/855 594/808/643 768/1076/856
f 594/808/643 595/809/257 768/1076/856
f 768/1076/856 595/809/257 769/1077/857
f 595/809/257 596/810/644 769/1077/857
f 769/1077/857 596/810/644 770/1078/858
f 596/810/644 597/811/645 770/1078/858
f 1256/1053/221 1252/1069/850 1257/1054/840
f 597/811/645 598/813/647 770/1078/858
f 770/1078/858 598/813/647 771/1079/859
f 598/813/647 599/814/648 771/1079/859
f 771/1079/859 599/814/648 772/1080/860
f 599/814/648 600/815/649 772/1080/860
f 772/1080/860 600/815/649 773/1081/861
f 600/815/649 601/816/650 773/1081/861
f 773/1081/861 601/816/650 774/1082/862
f 601/816/650 602/817/651 774/1082/862
f 774/1082/862 602/817/651 775/1083/863
f 602/817/651 609/825/659 775/1083/863
f 1255/1052/839 1252/1069/850 1256/1053/221
f 609/825/659 617/843/674 775/1083/863
f 775/1083/863 617/843/674 776/1084/864
f 1253/1085/223 1252/1069/850 1255/1052/839
f 776/1084/864 617/843/674 777/1086/865
f 617/843/674 618/844/675 777/1086/865
f 1254/1051/634 1253/1085/223 1255/1052/839
f 618/844/675 664/922/740 777/1086/865
f 777/1086/865 664/922/740 778/1087/782
f 664/922/740 653/903/473 778/1087/782
f 778/1087/782 653/903/473 779/1088/866
f 653/903/473 654/905/725 779/1088/866
f 1237/1050/682 1253/1085/223 1254/1051/634
f 654/905/725 780/1089/867 779/1088/866
f 1241/1090/663 1253/1085/223 1237/1050/682
f 780/1089/867 781/1091/868 779/1088/866
f 1252/1069/850 1253/1085/223 1241/1090/663
f 781/1091/868 782/1092/869 779/1088/866
f 779/1088/866 782/1092/869 778/1087/782
f 782/1092/869 783/1093/870 778/1087/782
f 778/1087/782 783/1093/870 777/1086/865
f 1242/1094/577 1252/1069/850 1241/1090/663
f 777/1086/865 783/1093/870 776/1084/864
f 783/1093/870 784/1095/871 776/1084/864
f 776/1084/864 784/1095/871 785/1096/872
f 784/1095/871 786/1097/669 785/1096/872
f 1251/1061/520 1252/1069/850 1242/1094/577
f 786/1097/669 787/1098/873 785/1096/872
f 785/1096/872 787/1098/873 775/1083/863
f 787/1098/873 774/1082/862 775/1083/863
f 1243/1099/420 1251/1061/520 1242/1094/577
f 1248/1059/843 1251/1061/520 1243/1099/420
f 1244/1100/874 1248/1059/843 1243/1099/420
f 1246/1101/421 1247/906/648 1250/915/511
f 775/1083/863 776/1084/864 785/1096/872
f 1249/1066/848 1246/1101/421 1250/915/511
f 1245/1102/555 1246/1101/421 1249/1066/848
f 1248/1059/843 1245/1102/555 1249/1066/848
f 1244/1100/874 1245/1102/555 1248/1059/843
f 783/1093/870 788/1103/575 784/1095/871
f 784/1095/871 788/1103/575 789/1104/643
f 788/1103/575 790/1105/540 789/1104/643
f 738/1029/96 747/900/721 1247/906/648
f 790/1105/540 791/1106/789 789/1104/643
f 789/1104/643 791/1106/789 786/1097/669
f 791/1106/789 792/1107/140 786/1097/669
f 786/1097/669 792/1107/140 787/1098/873
f 792/1107/140 793/1108/875 787/1098/873
f 1246/1101/421 738/1029/96 1247/906/648
f 793/1108/875 794/1109/473 787/1098/873
f 787/1098/873 794/1109/473 774/1082/862
f 734/1022/276 738/1029/96 1246/1101/421
f 774/1082/862 794/1109/473 773/1081/861
f 794/1109/473 795/1110/876 773/1081/861
f 773/1081/861 795/1110/876 772/1080/860
f 795/1110/876 796/1111/96 772/1080/860
f 772/1080/860 796/1111/96 771/1079/859
f 796/1111/96 797/1112/877 771/1079/859
f 771/1079/859 797/1112/877 770/1078/858
f 1245/1102/555 734/1022/276 1246/1101/421
f 770/1078/858 797/1112/877 769/1077/857
f 797/1112/877 798/1113/878 769/1077/857
f 769/1077/857 798/1113/878 768/1076/856
f 798/1113/878 799/1114/879 768/1076/856
f 768/1076/856 799/1114/879 767/1075/855
f 799/1114/879 800/1115/880 767/1075/855
f 767/1075/855 800/1115/880 766/1074/854
f 800/1115/880 801/1116/881 766/1074/854
f 766/1074/854 801/1116/881 765/1073/853
f 801/1116/881 802/1117/876 765/1073/853
f 765/1073/853 802/1117/876 764/1072/852
f 802/1117/876 803/1118/882 764/1072/852
f 764/1072/852 803/1118/882 763/1071/851
f 803/1118/882 804/1119/883 763/1071/851
f 763/1071/851 804/1119/883 762/1070/736
f 804/1119/883 805/1120/884 762/1070/736
f 762/1070/736 805/1120/884 761/1068/849
f 805/1120/884 806/1121/885 761/1068/849
f 733/1020/817 734/1022/276 1245/1102/555
f 806/1121/885 807/1122/886 761/1068/849
f 761/1068/849 807/1122/886 756/1058/824
f 807/1122/886 808/1123/887 756/1058/824
f 756/1058/824 808/1123/887 755/1057/842
f 726/1012/375 733/1020/817 1245/1102/555
f 755/1057/842 808/1123/887 754/1055/841
f 808/1123/887 809/1124/888 754/1055/841
f 1244/1100/874 726/1012/375 1245/1102/555
f 809/1124/888 810/1125/96 754/1055/841
f 754/1055/841 810/1125/96 751/1044/834
f 810/1125/96 811/1126/889 751/1044/834
f 751/1044/834 811/1126/889 749/1042/832
f 725/1011/813 726/1012/375 1244/1100/874
f 749/1042/832 811/1126/889 748/899/720
f 1243/1099/420 725/1011/813 1244/1100/874
f 748/899/720 811/1126/889 812/898/719
f 811/1126/889 810/1125/96 812/898/719
f 812/898/719 810/1125/96 813/897/718
f 810/1125/96 809/1124/888 813/897/718
f 813/897/718 809/1124/888 814/896/717
f 724/1010/812 725/1011/813 1243/1099/420
f 814/896/717 809/1124/888 815/1127/890
f 809/1124/888 808/1123/887 815/1127/890
f 815/1127/890 808/1123/887 816/1128/891
f 808/1123/887 807/1122/886 816/1128/891
f 1242/1094/577 724/1010/812 1243/1099/420
f 807/1122/886 806/1121/885 816/1128/891
f 723/1009/811 724/1010/812 1242/1094/577
f 806/1121/885 817/1129/892 816/1128/891
f 1239/1130/480 723/1009/811 1242/1094/577
f 817/1129/892 818/1131/893 816/1128/891
f 816/1128/891 818/1131/893 815/1127/890
f 818/1131/893 819/1132/894 815/1127/890
f 1241/1090/663 1239/1130/480 1242/1094/577
f 819/1132/894 820/895/277 815/1127/890
f 815/1127/890 820/895/277 814/896/717
f 1238/1133/487 1241/1090/663 1237/1050/682
f 1239/1130/480 1241/1090/663 1238/1133/487
f 1240/1030/823 1204/1134/221 1231/1031/771
f 1203/1135/376 1204/1134/221 1240/1030/823
f 784/1095/871 789/1104/643 786/1097/669
f 1202/1136/895 1240/1030/823 1201/1027/822
f 1203/1135/376 1240/1030/823 1202/1136/895
f 706/979/558 1230/338/233 705/337/232
f 722/1008/704 723/1009/811 1239/1130/480
f 783/1093/870 782/1092/869 788/1103/575
f 782/1092/869 821/1137/163 788/1103/575
f 1238/1133/487 722/1008/704 1239/1130/480
f 821/1137/163 822/1138/209 788/1103/575
f 788/1103/575 822/1138/209 790/1105/540
f 721/1006/809 722/1008/704 1238/1133/487
f 719/1002/805 721/1006/809 1238/1133/487
f 720/1003/806 719/1002/805 1238/1133/487
f 1237/1050/682 720/1003/806 1238/1133/487
f 821/1137/163 782/1092/869 781/1091/868
f 1236/1049/540 720/1003/806 1237/1050/682
f 718/997/800 720/1003/806 1236/1049/540
f 1235/1048/838 718/997/800 1236/1049/540
f 713/987/791 718/997/800 1235/1048/838
f 806/1121/885 823/1139/896 817/1129/892
f 823/1139/896 824/1140/897 817/1129/892
f 1234/1047/837 713/987/791 1235/1048/838
f 824/1140/897 825/1141/898 817/1129/892
f 817/1129/892 825/1141/898 818/1131/893
f 825/1141/898 826/1142/899 818/1131/893
f 818/1131/893 826/1142/899 819/1132/894
f 826/1142/899 827/894/716 819/1132/894
f 819/1132/894 827/894/716 820/895/277
f 712/986/375 713/987/791 1234/1047/837
f 1233/1041/635 712/986/375 1234/1047/837
f 711/985/645 712/986/375 1233/1041/635
f 1232/1037/375 711/985/645 1233/1041/635
f 806/1121/885 805/1120/884 823/1139/896
f 823/1139/896 805/1120/884 828/1143/734
f 805/1120/884 804/1119/883 828/1143/734
f 828/1143/734 804/1119/883 829/1144/900
f 804/1119/883 803/1118/882 829/1144/900
f 829/1144/900 803/1118/882 830/1145/901
f 803/1118/882 802/1117/876 830/1145/901
f 830/1145/901 802/1117/876 831/1146/902
f 802/1117/876 801/1116/881 831/1146/902
f 831/1146/902 801/1116/881 832/1147/903
f 801/1116/881 800/1115/880 832/1147/903
f 832/1147/903 800/1115/880 833/1148/474
f 800/1115/880 799/1114/879 833/1148/474
f 833/1148/474 799/1114/879 834/1149/904
f 799/1114/879 798/1113/878 834/1149/904
f 834/1149/904 798/1113/878 835/1150/221
f 798/1113/878 797/1112/877 835/1150/221
f 710/984/790 711/985/645 1232/1037/375
f 797/1112/877 796/1111/96 835/1150/221
f 835/1150/221 796/1111/96 836/1151/905
f 796/1111/96 795/1110/876 836/1151/905
f 836/1151/905 795/1110/876 837/1152/906
f 795/1110/876 794/1109/473 837/1152/906
f 1231/1031/771 710/984/790 1232/1037/375
f 794/1109/473 793/1108/875 837/1152/906
f 1204/1134/221 710/984/790 1231/1031/771
f 793/1108/875 838/1153/892 837/1152/906
f 709/982/788 710/984/790 1204/1134/221
f 838/1153/892 839/1154/907 837/1152/906
f 837/1152/906 839/1154/907 836/1151/905
f 839/1154/907 840/1155/908 836/1151/905
f 836/1151/905 840/1155/908 835/1150/221
f 1205/1156/909 709/982/788 1204/1134/221
f 835/1150/221 840/1155/908 834/1149/904
f 840/1155/908 841/1157/184 834/1149/904
f 834/1149/904 841/1157/184 833/1148/474
f 841/1157/184 842/1158/645 833/1148/474
f 833/1148/474 842/1158/645 832/1147/903
f 842/1158/645 843/1159/910 832/1147/903
f 832/1147/903 843/1159/910 831/1146/902
f 843/1159/910 844/1160/911 831/1146/902
f 831/1146/902 844/1160/911 830/1145/901
f 844/1160/911 845/1161/912 830/1145/901
f 830/1145/901 845/1161/912 829/1144/900
f 845/1161/912 846/1162/913 829/1144/900
f 829/1144/900 846/1162/913 828/1143/734
f 846/1162/913 847/1163/914 828/1143/734
f 828/1143/734 847/1163/914 823/1139/896
f 708/981/787 709/982/788 1205/1156/909
f 823/1139/896 847/1163/914 824/1140/897
f 847/1163/914 848/1164/915 824/1140/897
f 1206/1165/916 708/981/787 1205/1156/909
f 848/1164/915 849/1166/917 824/1140/897
f 824/1140/897 849/1166/917 825/1141/898
f 849/1166/917 850/1167/747 825/1141/898
f 825/1141/898 850/1167/747 826/1142/899
f 850/1167/747 851/893/715 826/1142/899
f 826/1142/899 851/893/715 827/894/716
f 707/980/786 708/981/787 1206/1165/916
f 1207/1168/918 707/980/786 1206/1165/916
f 706/979/558 707/980/786 1207/1168/918
f 1208/1169/919 706/979/558 1207/1168/918
f 847/1163/914 852/1170/920 848/1164/915
f 1230/338/233 706/979/558 1208/1169/919
f 852/1170/920 853/879/705 848/1164/915
f 1209/1171/921 1230/338/233 1208/1169/919
f 853/879/705 854/881/707 848/1164/915
f 848/1164/915 854/881/707 849/1166/917
f 854/881/707 855/889/713 849/1166/917
f 849/1166/917 855/889/713 850/1167/747
f 855/889/713 856/892/504 850/1167/747
f 850/1167/747 856/892/504 851/893/715
f 1229/345/240 1230/338/233 1209/1171/921
f 1211/1172/922 1229/345/240 1209/1171/921
f 1212/1173/213 1229/345/240 1211/1172/922
f 1228/349/244 1229/345/240 1212/1173/213
f 847/1163/914 846/1162/913 852/1170/920
f 852/1170/920 846/1162/913 857/1174/923
f 846/1162/913 845/1161/912 857/1174/923
f 857/1174/923 845/1161/912 858/1175/924
f 845/1161/912 844/1160/911 858/1175/924
f 858/1175/924 844/1160/911 859/1176/534
f 844/1160/911 843/1159/910 859/1176/534
f 859/1176/534 843/1159/910 860/1177/925
f 843/1159/910 842/1158/645 860/1177/925
f 860/1177/925 842/1158/645 861/1178/926
f 842/1158/645 841/1157/184 861/1178/926
f 861/1178/926 841/1157/184 862/1179/927
f 841/1157/184 840/1155/908 862/1179/927
f 1213/1180/928 1228/349/244 1212/1173/213
f 840/1155/908 839/1154/907 862/1179/927
f 862/1179/927 839/1154/907 863/1181/690
f 839/1154/907 838/1153/892 863/1181/690
f 1227/350/245 1228/349/244 1213/1180/928
f 1214/1182/898 1227/350/245 1213/1180/928
f 1224/1183/929 1226/1184/930 1225/1185/931
f 1209/1171/921 1210/1186/932 1211/1172/922
f 863/1181/690 864/1187/933 862/1179/927
f 1192/1005/808 1193/1188/934 1198/1007/810
f 862/1179/927 864/1187/933 861/1178/926
f 864/1187/933 865/1189/935 861/1178/926
f 861/1178/926 865/1189/935 860/1177/925
f 865/1189/935 866/1190/936 860/1177/925
f 860/1177/925 866/1190/936 859/1176/534
f 866/1190/936 867/1191/937 859/1176/534
f 859/1176/534 867/1191/937 858/1175/924
f 867/1191/937 868/1192/938 858/1175/924
f 858/1175/924 868/1192/938 857/1174/923
f 868/1192/938 869/1193/939 857/1174/923
f 857/1174/923 869/1193/939 852/1170/920
f 1223/1194/940 676/352/247 1227/350/245
f 852/1170/920 869/1193/939 853/879/705
f 1214/1182/898 1223/1194/940 1227/350/245
f 853/879/705 869/1193/939 870/871/698
f 1215/1195/941 1223/1194/940 1214/1182/898
f 870/871/698 869/1193/939 871/870/697
f 869/1193/939 868/1192/938 871/870/697
f 871/870/697 868/1192/938 872/868/696
f 868/1192/938 867/1191/937 872/868/696
f 872/868/696 867/1191/937 873/867/184
f 867/1191/937 866/1190/936 873/867/184
f 873/867/184 866/1190/936 874/864/693
f 866/1190/936 865/1189/935 874/864/693
f 874/864/693 865/1189/935 875/856/685
f 865/1189/935 864/1187/933 875/856/685
f 875/856/685 864/1187/933 876/854/683
f 864/1187/933 863/1181/690 876/854/683
f 876/854/683 863/1181/690 877/853/682
f 863/1181/690 838/1153/892 877/853/682
f 877/853/682 838/1153/892 878/850/680
f 838/1153/892 793/1108/875 878/850/680
f 1216/1196/942 1223/1194/940 1215/1195/941
f 793/1108/875 792/1107/140 878/850/680
f 878/850/680 792/1107/140 879/848/678
f 792/1107/140 791/1106/789 879/848/678
f 879/848/678 791/1106/789 880/1197/943
f 791/1106/789 790/1105/540 880/1197/943
f 880/1197/943 790/1105/540 881/1198/787
f 790/1105/540 882/1199/944 881/1198/787
f 881/1198/787 882/1199/944 883/1200/945
f 1224/1183/929 1223/1194/940 1216/1196/942
f 883/1200/945 882/1199/944 884/1201/946
f 882/1199/944 885/1202/947 884/1201/946
f 884/1201/946 885/1202/947 886/1203/948
f 1226/1184/930 1224/1183/929 1216/1196/942
f 886/1203/948 885/1202/947 887/1204/949
f 885/1202/947 822/1138/209 887/1204/949
f 1217/1205/950 1226/1184/930 1216/1196/942
f 822/1138/209 821/1137/163 887/1204/949
f 887/1204/949 821/1137/163 888/1206/790
f 821/1137/163 781/1091/868 888/1206/790
f 888/1206/790 781/1091/868 889/1207/951
f 781/1091/868 780/1089/867 889/1207/951
f 889/1207/951 780/1089/867 890/1208/952
f 1218/1209/953 1226/1184/930 1217/1205/950
f 890/1208/952 780/1089/867 891/1210/954
f 780/1089/867 654/905/725 891/1210/954
f 891/1210/954 654/905/725 892/1211/955
f 654/905/725 655/907/726 892/1211/955
f 1219/1212/956 1226/1184/930 1218/1209/953
f 1220/1213/957 1226/1184/930 1219/1212/956
f 1221/1214/958 1226/1184/930 1220/1213/957
f 1225/1185/931 1226/1184/930 1221/1214/958
f 790/1105/540 822/1138/209 882/1199/944
f 822/1138/209 885/1202/947 882/1199/944
f 1222/1215/959 1225/1185/931 1221/1214/958
f 1224/1183/929 1225/1185/931 1222/1215/959
f 1223/1194/940 1224/1183/929 1222/1215/959
f 676/352/247 1223/1194/940 1222/1215/959
f 888/1206/790 889/1207/951 893/1216/960
f 889/1207/951 890/1208/952 893/1216/960
f 675/940/751 676/352/247 1222/1215/959
f 674/939/750 675/940/751 1222/1215/959
f 1221/1214/958 674/939/750 1222/1215/959
f 1220/1213/957 674/939/750 1221/1214/958
f 892/1211/955 894/1217/961 891/1210/954
f 894/1217/961 895/1218/962 891/1210/954
f 891/1210/954 895/1218/962 890/1208/952
f 673/938/113 674/939/750 1220/1213/957
f 672/936/748 673/938/113 1220/1213/957
f 1219/1212/956 672/936/748 1220/1213/957
f 1067/1219/963 672/936/748 1219/1212/956
f 895/1218/962 894/1217/961 896/1220/964
f 896/1220/964 894/1217/961 897/1221/965
f 894/1217/961 892/1211/955 897/1221/965
f 897/1221/965 892/1211/955 898/1222/966
f 892/1211/955 655/907/726 898/1222/966
f 898/1222/966 655/907/726 899/1223/967
f 655/907/726 656/908/727 899/1223/967
f 899/1223/967 656/908/727 900/1224/968
f 656/908/727 663/918/736 900/1224/968
f 1218/1209/953 1067/1219/963 1219/1212/956
f 663/918/736 901/1225/969 900/1224/968
f 1217/1205/950 1067/1219/963 1218/1209/953
f 901/1225/969 902/1226/970 900/1224/968
f 900/1224/968 902/1226/970 899/1223/967
f 902/1226/970 903/1227/971 899/1223/967
f 899/1223/967 903/1227/971 898/1222/966
f 1068/1228/941 1067/1219/963 1217/1205/950
f 898/1222/966 903/1227/971 897/1221/965
f 903/1227/971 904/1229/972 897/1221/965
f 897/1221/965 904/1229/972 896/1220/964
f 904/1229/972 905/1230/973 896/1220/964
f 1216/1196/942 1068/1228/941 1217/1205/950
f 905/1230/973 906/1231/974 896/1220/964
f 896/1220/964 906/1231/974 895/1218/962
f 906/1231/974 907/1232/783 895/1218/962
f 895/1218/962 907/1232/783 890/1208/952
f 907/1232/783 908/1233/975 890/1208/952
f 890/1208/952 908/1233/975 893/1216/960
f 908/1233/975 909/1234/976 893/1216/960
f 893/1216/960 909/1234/976 888/1206/790
f 1215/1195/941 1068/1228/941 1216/1196/942
f 1069/1235/740 1068/1228/941 1215/1195/941
f 1214/1182/898 1069/1235/740 1215/1195/941
f 1091/1236/977 1069/1235/740 1214/1182/898
f 903/1227/971 902/1226/970 904/1229/972
f 1213/1180/928 1091/1236/977 1214/1182/898
f 1092/1237/978 1091/1236/977 1213/1180/928
f 1212/1173/213 1092/1237/978 1213/1180/928
f 1211/1172/922 1092/1237/978 1212/1173/213
f 909/1234/976 908/1233/975 910/1238/979
f 908/1233/975 907/1232/783 910/1238/979
f 910/1238/979 907/1232/783 911/1239/980
f 907/1232/783 906/1231/974 911/1239/980
f 1210/1186/932 1092/1237/978 1211/1172/922
f 1093/1240/981 1092/1237/978 1210/1186/932
f 1094/1241/982 1093/1240/981 1210/1186/932
f 1209/1171/921 1094/1241/982 1210/1186/932
f 888/1206/790 909/1234/976 912/1242/514
f 1208/1169/919 1094/1241/982 1209/1171/921
f 912/1242/514 909/1234/976 913/1243/277
f 909/1234/976 910/1238/979 913/1243/277
f 913/1243/277 910/1238/979 914/1244/983
f 910/1238/979 911/1239/980 914/1244/983
f 1095/1245/562 1094/1241/982 1208/1169/919
f 1207/1168/918 1095/1245/562 1208/1169/919
f 1096/1246/778 1095/1245/562 1207/1168/918
f 1206/1165/916 1096/1246/778 1207/1168/918
f 888/1206/790 912/1242/514 887/1204/949
f 912/1242/514 915/1247/984 887/1204/949
f 887/1204/949 915/1247/984 886/1203/948
f 915/1247/984 916/1248/985 886/1203/948
f 886/1203/948 916/1248/985 884/1201/946
f 916/1248/985 917/1249/986 884/1201/946
f 884/1201/946 917/1249/986 883/1200/945
f 917/1249/986 918/1250/987 883/1200/945
f 883/1200/945 918/1250/987 881/1198/787
f 918/1250/987 919/1251/567 881/1198/787
f 881/1198/787 919/1251/567 920/1252/988
f 919/1251/567 921/726/487 920/1252/988
f 1097/1253/504 1096/1246/778 1206/1165/916
f 921/726/487 922/847/677 920/1252/988
f 920/1252/988 922/847/677 880/1197/943
f 922/847/677 879/848/678 880/1197/943
f 1205/1156/909 1097/1253/504 1206/1165/916
f 1098/1254/989 1097/1253/504 1205/1156/909
f 1204/1134/221 1098/1254/989 1205/1156/909
f 1203/1135/376 1098/1254/989 1204/1134/221
f 880/1197/943 881/1198/787 920/1252/988
f 1099/1255/840 1098/1254/989 1203/1135/376
f 1202/1136/895 1099/1255/840 1203/1135/376
f 1100/1256/784 1099/1255/840 1202/1136/895
f 1195/1257/739 1100/1256/784 1202/1136/895
f 921/726/487 919/1251/567 923/722/582
f 923/722/582 919/1251/567 924/1258/990
f 919/1251/567 918/1250/987 924/1258/990
f 924/1258/990 918/1250/987 925/1259/991
f 918/1250/987 926/1260/992 925/1259/991
f 925/1259/991 926/1260/992 927/1261/993
f 1201/1027/822 1195/1257/739 1202/1136/895
f 927/1261/993 926/1260/992 928/1262/982
f 926/1260/992 917/1249/986 928/1262/982
f 928/1262/982 917/1249/986 929/1263/994
f 917/1249/986 916/1248/985 929/1263/994
f 929/1263/994 916/1248/985 930/1264/995
f 916/1248/985 915/1247/984 930/1264/995
f 1196/1265/996 1195/1257/739 1201/1027/822
f 915/1247/984 912/1242/514 930/1264/995
f 1200/1026/821 1196/1265/996 1201/1027/822
f 912/1242/514 931/1266/997 930/1264/995
f 930/1264/995 931/1266/997 932/1267/998
f 931/1266/997 933/1268/740 932/1267/998
f 932/1267/998 933/1268/740 934/1269/999
f 933/1268/740 935/1270/1000 934/1269/999
f 1197/1271/1001 1196/1265/996 1200/1026/821
f 935/1270/1000 936/1272/1002 934/1269/999
f 934/1269/999 936/1272/1002 928/1262/982
f 936/1272/1002 937/1273/1003 928/1262/982
f 928/1262/982 937/1273/1003 927/1261/993
f 937/1273/1003 938/1274/1004 927/1261/993
f 927/1261/993 938/1274/1004 925/1259/991
f 938/1274/1004 939/1275/1005 925/1259/991
f 925/1259/991 939/1275/1005 924/1258/990
f 1199/1016/815 1197/1271/1001 1200/1026/821
f 1198/1007/810 1197/1271/1001 1199/1016/815
f 1193/1188/934 1197/1271/1001 1198/1007/810
f 1196/1265/996 1197/1271/1001 1193/1188/934
f 918/1250/987 917/1249/986 926/1260/992
f 1194/1276/596 1196/1265/996 1193/1188/934
f 1195/1257/739 1196/1265/996 1194/1276/596
f 1167/1277/276 1168/1278/784 1178/1279/550
f 1170/1280/1002 1174/1281/545 1169/1282/1006
f 930/1264/995 932/1267/998 929/1263/994
f 932/1267/998 934/1269/999 929/1263/994
f 929/1263/994 934/1269/999 928/1262/982
f 1173/1283/840 1174/1281/545 1170/1280/1002
f 1171/1284/509 1173/1283/840 1170/1280/1002
f 1172/1285/1007 1173/1283/840 1171/1284/509
f 1101/1286/1008 1100/1256/784 1195/1257/739
f 939/1275/1005 938/1274/1004 940/1287/1009
f 1194/1276/596 1101/1286/1008 1195/1257/739
f 938/1274/1004 937/1273/1003 940/1287/1009
f 940/1287/1009 937/1273/1003 941/1288/1010
f 937/1273/1003 936/1272/1002 941/1288/1010
f 1102/1289/778 1101/1286/1008 1194/1276/596
f 1175/1290/806 1102/1289/778 1194/1276/596
f 1193/1188/934 1175/1290/806 1194/1276/596
f 1176/1291/1011 1175/1290/806 1193/1188/934
f 941/1288/1010 942/1292/1012 940/1287/1009
f 1192/1005/808 1176/1291/1011 1193/1188/934
f 940/1287/1009 942/1292/1012 939/1275/1005
f 942/1292/1012 943/1293/1013 939/1275/1005
f 939/1275/1005 943/1293/1013 924/1258/990
f 943/1293/1013 944/684/551 924/1258/990
f 924/1258/990 944/684/551 923/722/582
f 1177/1294/1014 1176/1291/1011 1192/1005/808
f 1191/1004/807 1177/1294/1014 1192/1005/808
f 1179/1295/644 1177/1294/1014 1191/1004/807
f 1190/1001/804 1179/1295/644 1191/1004/807
f 944/684/551 943/1293/1013 945/660/534
f 945/660/534 943/1293/1013 946/661/209
f 943/1293/1013 942/1292/1012 946/661/209
f 946/661/209 942/1292/1012 947/671/377
f 942/1292/1012 948/1296/1015 947/671/377
f 947/671/377 948/1296/1015 949/1297/378
f 948/1296/1015 950/1298/1016 949/1297/378
f 1189/1000/803 1179/1295/644 1190/1001/804
f 950/1298/1016 951/1299/209 949/1297/378
f 949/1297/378 951/1299/209 952/603/378
f 1180/1300/1017 1179/1295/644 1189/1000/803
f 952/603/378 951/1299/209 953/1301/378
f 951/1299/209 950/1298/1016 953/1301/378
f 1188/999/802 1180/1300/1017 1189/1000/803
f 950/1298/1016 954/1302/1018 953/1301/378
f 953/1301/378 954/1302/1018 955/1303/1019
f 1187/998/801 1180/1300/1017 1188/999/802
f 955/1303/1019 954/1302/1018 956/1304/627
f 1181/1305/1020 1180/1300/1017 1187/998/801
f 956/1304/627 954/1302/1018 957/1306/1021
f 954/1302/1018 950/1298/1016 957/1306/1021
f 957/1306/1021 950/1298/1016 958/1307/1022
f 950/1298/1016 948/1296/1015 958/1307/1022
f 958/1307/1022 948/1296/1015 941/1288/1010
f 948/1296/1015 942/1292/1012 941/1288/1010
f 1186/994/163 1181/1305/1020 1187/998/801
f 1185/483/376 1181/1305/1020 1186/994/163
f 1182/1308/819 1181/1305/1020 1185/483/376
f 1184/484/377 1182/1308/819 1185/483/376
f 941/1288/1010 936/1272/1002 958/1307/1022
f 1183/1309/209 1182/1308/819 1184/484/377
f 958/1307/1022 936/1272/1002 957/1306/1021
f 936/1272/1002 959/1310/1023 957/1306/1021
f 957/1306/1021 959/1310/1023 960/1311/1024
f 952/603/378 1183/1309/209 1184/484/377
f 960/1311/1024 959/1310/1023 961/1312/1025
f 959/1310/1023 935/1270/1000 961/1312/1025
f 961/1312/1025 935/1270/1000 933/1268/740
f 1137/1313/378 1183/1309/209 952/603/378
f 1182/1308/819 1183/1309/209 1137/1313/378
f 1138/1314/1026 1182/1308/819 1137/1313/378
f 1181/1305/1020 1182/1308/819 1138/1314/1026
f 949/1297/378 952/603/378 947/671/377
f 1154/1315/739 1181/1305/1020 1138/1314/1026
f 1180/1300/1017 1181/1305/1020 1154/1315/739
f 1155/1316/422 1180/1300/1017 1154/1315/739
f 1179/1295/644 1180/1300/1017 1155/1316/422
f 955/1303/1019 952/603/378 953/1301/378
f 1167/1277/276 1179/1295/644 1155/1316/422
f 1178/1279/550 1179/1295/644 1167/1277/276
f 1177/1294/1014 1179/1295/644 1178/1279/550
f 1168/1278/784 1177/1294/1014 1178/1279/550
f 959/1310/1023 936/1272/1002 935/1270/1000
f 1176/1291/1011 1177/1294/1014 1168/1278/784
f 1169/1282/1006 1176/1291/1011 1168/1278/784
f 1175/1290/806 1176/1291/1011 1169/1282/1006
f 1174/1281/545 1175/1290/806 1169/1282/1006
f 960/1311/1024 962/1317/1027 957/1306/1021
f 1102/1289/778 1175/1290/806 1174/1281/545
f 957/1306/1021 962/1317/1027 956/1304/627
f 1103/1318/1028 1102/1289/778 1174/1281/545
f 956/1304/627 962/1317/1027 963/1319/1029
f 962/1317/1027 960/1311/1024 963/1319/1029
f 1173/1283/840 1103/1318/1028 1174/1281/545
f 960/1311/1024 961/1312/1025 963/1319/1029
f 963/1319/1029 961/1312/1025 964/1320/1030
f 961/1312/1025 933/1268/740 964/1320/1030
f 1104/1321/375 1103/1318/1028 1173/1283/840
f 933/1268/740 931/1266/997 964/1320/1030
f 964/1320/1030 931/1266/997 965/1322/1031
f 931/1266/997 912/1242/514 965/1322/1031
f 1172/1285/1007 1104/1321/375 1173/1283/840
f 912/1242/514 913/1243/277 965/1322/1031
f 1105/1323/1032 1104/1321/375 1172/1285/1007
f 913/1243/277 914/1244/983 965/1322/1031
f 1121/1324/513 1105/1323/1032 1172/1285/1007
f 914/1244/983 966/1325/1033 965/1322/1031
f 965/1322/1031 966/1325/1033 964/1320/1030
f 966/1325/1033 967/1326/1034 964/1320/1030
f 964/1320/1030 967/1326/1034 963/1319/1029
f 967/1326/1034 968/1327/1008 963/1319/1029
f 963/1319/1029 968/1327/1008 956/1304/627
f 968/1327/1008 969/1328/514 956/1304/627
f 956/1304/627 969/1328/514 955/1303/1019
f 969/1328/514 970/1329/377 955/1303/1019
f 955/1303/1019 970/1329/377 952/603/378
f 1123/1330/1035 1121/1324/513 1172/1285/1007
f 952/603/378 970/1329/377 971/1331/209
f 970/1329/377 969/1328/514 971/1331/209
f 971/1331/209 969/1328/514 972/1332/1036
f 969/1328/514 968/1327/1008 972/1332/1036
f 972/1332/1036 968/1327/1008 973/1333/208
f 968/1327/1008 967/1326/1034 973/1333/208
f 973/1333/208 967/1326/1034 974/1334/1037
f 967/1326/1034 966/1325/1033 974/1334/1037
f 974/1334/1037 966/1325/1033 975/1335/1038
f 1163/1336/1008 1123/1330/1035 1172/1285/1007
f 975/1335/1038 966/1325/1033 976/1337/1011
f 966/1325/1033 914/1244/983 976/1337/1011
f 976/1337/1011 914/1244/983 977/1338/1039
f 914/1244/983 911/1239/980 977/1338/1039
f 1171/1284/509 1163/1336/1008 1172/1285/1007
f 911/1239/980 906/1231/974 977/1338/1039
f 977/1338/1039 906/1231/974 978/1339/1040
f 906/1231/974 905/1230/973 978/1339/1040
f 1164/1340/864 1163/1336/1008 1171/1284/509
f 1170/1280/1002 1164/1340/864 1171/1284/509
f 1169/1282/1006 1164/1340/864 1170/1280/1002
f 1165/1341/1041 1164/1340/864 1169/1282/1006
f 976/1337/1011 977/1338/1039 979/1342/1042
f 1168/1278/784 1165/1341/1041 1169/1282/1006
f 979/1342/1042 977/1338/1039 980/1343/1043
f 977/1338/1039 978/1339/1040 980/1343/1043
f 1166/1344/1044 1165/1341/1041 1168/1278/784
f 1167/1277/276 1166/1344/1044 1168/1278/784
f 1157/1345/1045 1167/1277/276 1155/1316/422
f 1166/1344/1044 1167/1277/276 1157/1345/1045
f 976/1337/1011 979/1342/1042 975/1335/1038
f 979/1342/1042 981/1346/1046 975/1335/1038
f 975/1335/1038 981/1346/1046 974/1334/1037
f 981/1346/1046 982/1347/1047 974/1334/1037
f 974/1334/1037 982/1347/1047 973/1333/208
f 982/1347/1047 983/1348/1048 973/1333/208
f 973/1333/208 983/1348/1048 972/1332/1036
f 983/1348/1048 984/1349/1049 972/1332/1036
f 972/1332/1036 984/1349/1049 971/1331/209
f 984/1349/1049 985/1350/378 971/1331/209
f 971/1331/209 985/1350/378 952/603/378
f 1158/1351/1050 1166/1344/1044 1157/1345/1045
f 952/603/378 985/1350/378 986/1352/209
f 985/1350/378 984/1349/1049 986/1352/209
f 986/1352/209 984/1349/1049 987/1353/614
f 984/1349/1049 983/1348/1048 987/1353/614
f 987/1353/614 983/1348/1048 988/1354/276
f 983/1348/1048 982/1347/1047 988/1354/276
f 988/1354/276 982/1347/1047 989/1355/1051
f 982/1347/1047 981/1346/1046 989/1355/1051
f 989/1355/1051 981/1346/1046 990/1356/564
f 981/1346/1046 979/1342/1042 990/1356/564
f 990/1356/564 979/1342/1042 991/1357/608
f 979/1342/1042 980/1343/1043 991/1357/608
f 991/1357/608 980/1343/1043 992/1358/1052
f 980/1343/1043 978/1339/1040 992/1358/1052
f 992/1358/1052 978/1339/1040 993/1359/1053
f 978/1339/1040 905/1230/973 993/1359/1053
f 993/1359/1053 905/1230/973 994/1360/1054
f 905/1230/973 904/1229/972 994/1360/1054
f 994/1360/1054 904/1229/972 995/1361/1055
f 1159/1362/1056 1166/1344/1044 1158/1351/1050
f 995/1361/1055 904/1229/972 996/1363/1057
f 904/1229/972 902/1226/970 996/1363/1057
f 996/1363/1057 902/1226/970 997/1364/1058
f 902/1226/970 901/1225/969 997/1364/1058
f 997/1364/1058 901/1225/969 998/1365/1059
f 901/1225/969 663/918/736 998/1365/1059
f 1165/1341/1041 1166/1344/1044 1159/1362/1056
f 663/918/736 665/924/741 998/1365/1059
f 998/1365/1059 665/924/741 999/1366/800
f 665/924/741 666/925/742 999/1366/800
f 1160/1367/1060 1165/1341/1041 1159/1362/1056
f 666/925/742 667/926/401 999/1366/800
f 999/1366/800 667/926/401 1000/1368/249
f 667/926/401 672/936/748 1000/1368/249
f 1161/1369/1061 1165/1341/1041 1160/1367/1060
f 1164/1340/864 1165/1341/1041 1161/1369/1061
f 1162/1370/1062 1164/1340/864 1161/1369/1061
f 1163/1336/1008 1164/1340/864 1162/1370/1062
f 1000/1368/249 1001/1371/792 999/1366/800
f 1152/1372/1063 1156/1373/1064 1153/1374/1065
f 999/1366/800 1001/1371/792 998/1365/1059
f 1001/1371/792 1002/1375/1066 998/1365/1059
f 998/1365/1059 1002/1375/1066 997/1364/1058
f 1154/1315/739 1138/1314/1026 1139/1376/1067
f 997/1364/1058 1002/1375/1066 996/1363/1057
f 1002/1375/1066 1003/1377/1068 996/1363/1057
f 996/1363/1057 1003/1377/1068 995/1361/1055
f 1003/1377/1068 1004/1378/1068 995/1361/1055
f 995/1361/1055 1004/1378/1068 994/1360/1054
f 1124/1379/1069 1123/1330/1035 1163/1336/1008
f 994/1360/1054 1004/1378/1068 993/1359/1053
f 1004/1378/1068 1005/1380/1070 993/1359/1053
f 993/1359/1053 1005/1380/1070 992/1358/1052
f 1162/1370/1062 1124/1379/1069 1163/1336/1008
f 992/1358/1052 1005/1380/1070 991/1357/608
f 1146/1381/1071 1124/1379/1069 1162/1370/1062
f 991/1357/608 1005/1380/1070 1006/1382/1072
f 1147/1383/1073 1146/1381/1071 1162/1370/1062
f 1006/1382/1072 1005/1380/1070 1007/1384/1074
f 1005/1380/1070 1004/1378/1068 1007/1384/1074
f 1007/1384/1074 1004/1378/1068 1008/1385/96
f 1004/1378/1068 1003/1377/1068 1008/1385/96
f 1008/1385/96 1003/1377/1068 1009/1386/628
f 1003/1377/1068 1002/1375/1066 1009/1386/628
f 1161/1369/1061 1147/1383/1073 1162/1370/1062
f 1002/1375/1066 1001/1371/792 1009/1386/628
f 1148/1387/1075 1147/1383/1073 1161/1369/1061
f 1001/1371/792 1010/1388/1076 1009/1386/628
f 1160/1367/1060 1148/1387/1075 1161/1369/1061
f 1010/1388/1076 1011/1389/1077 1009/1386/628
f 1009/1386/628 1011/1389/1077 1008/1385/96
f 1011/1389/1077 1012/1390/1028 1008/1385/96
f 1008/1385/96 1012/1390/1028 1007/1384/1074
f 1012/1390/1028 1013/1391/1078 1007/1384/1074
f 1007/1384/1074 1013/1391/1078 1006/1382/1072
f 1013/1391/1078 1014/1392/706 1006/1382/1072
f 1149/1393/1079 1148/1387/1075 1160/1367/1060
f 1014/1392/706 1015/1394/1080 1006/1382/1072
f 1006/1382/1072 1015/1394/1080 991/1357/608
f 1159/1362/1056 1149/1393/1079 1160/1367/1060
f 991/1357/608 1015/1394/1080 990/1356/564
f 1015/1394/1080 1016/1395/1081 990/1356/564
f 990/1356/564 1016/1395/1081 989/1355/1051
f 1016/1395/1081 1017/1396/96 989/1355/1051
f 989/1355/1051 1017/1396/96 988/1354/276
f 1017/1396/96 1018/1397/778 988/1354/276
f 988/1354/276 1018/1397/778 987/1353/614
f 1018/1397/778 1019/1398/614 987/1353/614
f 987/1353/614 1019/1398/614 986/1352/209
f 1019/1398/614 1020/1399/209 986/1352/209
f 986/1352/209 1020/1399/209 952/603/378
f 1020/1399/209 1021/1400/209 952/603/378
f 952/603/378 1021/1400/209 1022/1401/209
f 1021/1400/209 1023/1402/1082 1022/1401/209
f 1022/1401/209 1023/1402/1082 1024/1403/209
f 1150/1404/1083 1149/1393/1079 1159/1362/1056
f 1024/1403/209 1023/1402/1082 1025/1405/509
f 1158/1351/1050 1150/1404/1083 1159/1362/1056
f 1025/1405/509 1023/1402/1082 1026/1406/1084
f 1023/1402/1082 1027/1407/614 1026/1406/1084
f 1026/1406/1084 1027/1407/614 1028/1408/577
f 1027/1407/614 1019/1398/614 1028/1408/577
f 1151/1409/96 1150/1404/1083 1158/1351/1050
f 1019/1398/614 1018/1397/778 1028/1408/577
f 1028/1408/577 1018/1397/778 1029/1410/534
f 1018/1397/778 1017/1396/96 1029/1410/534
f 1029/1410/534 1017/1396/96 1030/1411/631
f 1017/1396/96 1016/1395/1081 1030/1411/631
f 1030/1411/631 1016/1395/1081 1031/1412/1085
f 1016/1395/1081 1015/1394/1080 1031/1412/1085
f 1157/1345/1045 1151/1409/96 1158/1351/1050
f 1015/1394/1080 1014/1392/706 1031/1412/1085
f 1031/1412/1085 1014/1392/706 1032/1413/1086
f 1152/1372/1063 1151/1409/96 1157/1345/1045
f 1032/1413/1086 1014/1392/706 1033/1414/1087
f 1014/1392/706 1013/1391/1078 1033/1414/1087
f 1033/1414/1087 1013/1391/1078 1034/1415/1088
f 1013/1391/1078 1012/1390/1028 1034/1415/1088
f 1034/1415/1088 1012/1390/1028 1035/1416/1089
f 1012/1390/1028 1011/1389/1077 1035/1416/1089
f 1035/1416/1089 1011/1389/1077 1036/1417/663
f 1011/1389/1077 1010/1388/1076 1036/1417/663
f 1156/1373/1064 1152/1372/1063 1157/1345/1045
f 1155/1316/422 1156/1373/1064 1157/1345/1045
f 1153/1374/1065 1156/1373/1064 1155/1316/422
f 1154/1315/739 1153/1374/1065 1155/1316/422
f 1019/1398/614 1027/1407/614 1020/1399/209
f 1139/1376/1067 1153/1374/1065 1154/1315/739
f 1020/1399/209 1027/1407/614 1021/1400/209
f 1027/1407/614 1023/1402/1082 1021/1400/209
f 1152/1372/1063 1153/1374/1065 1139/1376/1067
f 1140/1418/1090 1152/1372/1063 1139/1376/1067
f 1151/1409/96 1152/1372/1063 1140/1418/1090
f 1141/1419/1091 1151/1409/96 1140/1418/1090
f 1024/1403/209 952/603/378 1022/1401/209
f 1150/1404/1083 1151/1409/96 1141/1419/1091
f 1142/1420/1092 1150/1404/1083 1141/1419/1091
f 1149/1393/1079 1150/1404/1083 1142/1420/1092
f 1143/1421/1093 1149/1393/1079 1142/1420/1092
f 1036/1417/663 1037/1422/889 1035/1416/1089
f 1148/1387/1075 1149/1393/1079 1143/1421/1093
f 1037/1422/889 1038/1423/887 1035/1416/1089
f 1035/1416/1089 1038/1423/887 1034/1415/1088
f 1038/1423/887 1039/1424/1094 1034/1415/1088
f 1034/1415/1088 1039/1424/1094 1033/1414/1087
f 1039/1424/1094 1040/1425/789 1033/1414/1087
f 1033/1414/1087 1040/1425/789 1032/1413/1086
f 1144/1426/508 1148/1387/1075 1143/1421/1093
f 1147/1383/1073 1148/1387/1075 1144/1426/508
f 1145/1427/1095 1147/1383/1073 1144/1426/508
f 1146/1381/1071 1147/1383/1073 1145/1427/1095
f 1040/1425/789 1039/1424/1094 1041/1428/1096
f 1041/1428/1096 1039/1424/1094 1042/1429/1097
f 1039/1424/1094 1038/1423/887 1042/1429/1097
f 1042/1429/1097 1038/1423/887 1043/1430/717
f 1038/1423/887 1037/1422/889 1043/1430/717
f 952/603/378 1132/1431/377 1134/1432/377
f 1129/1433/209 1132/1431/377 952/603/378
f 1128/1434/209 1126/1435/1098 1130/1436/1099
f 1127/1437/1100 1126/1435/1098 1128/1434/209
f 1043/1430/717 1044/1438/96 1042/1429/1097
f 1044/1438/96 1045/1439/509 1042/1429/1097
f 1042/1429/1097 1045/1439/509 1041/1428/1096
f 1045/1439/509 1046/1440/1101 1041/1428/1096
f 1123/1330/1035 1122/1441/1102 1121/1324/513
f 1046/1440/1101 1047/1442/422 1041/1428/1096
f 1041/1428/1096 1047/1442/422 1040/1425/789
f 1047/1442/422 1048/1443/1103 1040/1425/789
f 1040/1425/789 1048/1443/1103 1032/1413/1086
f 1048/1443/1103 1049/1444/1104 1032/1413/1086
f 1032/1413/1086 1049/1444/1104 1031/1412/1085
f 1125/1445/1105 1124/1379/1069 1146/1381/1071
f 1031/1412/1085 1049/1444/1104 1030/1411/631
f 1049/1444/1104 1050/1446/125 1030/1411/631
f 1030/1411/631 1050/1446/125 1029/1410/534
f 1050/1446/125 1051/1447/1106 1029/1410/534
f 1029/1410/534 1051/1447/1106 1028/1408/577
f 1145/1427/1095 1125/1445/1105 1146/1381/1071
f 1028/1408/577 1051/1447/1106 1026/1406/1084
f 1051/1447/1106 1052/1448/1107 1026/1406/1084
f 1026/1406/1084 1052/1448/1107 1025/1405/509
f 1126/1435/1098 1125/1445/1105 1145/1427/1095
f 1130/1436/1099 1126/1435/1098 1145/1427/1095
f 1144/1426/508 1130/1436/1099 1145/1427/1095
f 1131/1449/1099 1130/1436/1099 1144/1426/508
f 1052/1448/1107 1051/1447/1106 1053/1450/1108
f 1143/1421/1093 1131/1449/1099 1144/1426/508
f 1051/1447/1106 1050/1446/125 1053/1450/1108
f 1053/1450/1108 1050/1446/125 1054/1451/862
f 1050/1446/125 1049/1444/1104 1054/1451/862
f 1133/1452/1109 1131/1449/1099 1143/1421/1093
f 1049/1444/1104 1048/1443/1103 1054/1451/862
f 1054/1451/862 1048/1443/1103 1055/1453/577
f 1048/1443/1103 1047/1442/422 1055/1453/577
f 1055/1453/577 1047/1442/422 1056/1454/1033
f 1047/1442/422 1046/1440/1101 1056/1454/1033
f 1056/1454/1033 1046/1440/1101 1057/1455/800
f 1142/1420/1092 1133/1452/1109 1143/1421/1093
f 1057/1455/800 1046/1440/1101 1058/1456/1110
f 1046/1440/1101 1045/1439/509 1058/1456/1110
f 1058/1456/1110 1045/1439/509 1059/1457/567
f 1045/1439/509 1044/1438/96 1059/1457/567
f 1059/1457/567 1044/1438/96 1060/1458/871
f 1141/1419/1091 1133/1452/1109 1142/1420/1092
f 1060/1458/871 1044/1438/96 1061/1459/1051
f 1044/1438/96 1043/1430/717 1061/1459/1051
f 1061/1459/1051 1043/1430/717 1062/1460/1111
f 1043/1430/717 1037/1422/889 1062/1460/1111
f 1062/1460/1111 1037/1422/889 1063/1461/847
f 1037/1422/889 1036/1417/663 1063/1461/847
f 1063/1461/847 1036/1417/663 1064/1462/747
f 1135/1463/1112 1133/1452/1109 1141/1419/1091
f 1064/1462/747 1036/1417/663 1065/1464/1020
f 1036/1417/663 1010/1388/1076 1065/1464/1020
f 1065/1464/1020 1010/1388/1076 1066/1465/1051
f 1010/1388/1076 1001/1371/792 1066/1465/1051
f 1140/1418/1090 1135/1463/1112 1141/1419/1091
f 1001/1371/792 1000/1368/249 1066/1465/1051
f 1139/1376/1067 1135/1463/1112 1140/1418/1090
f 1000/1368/249 672/936/748 1066/1465/1051
f 1136/1466/209 1135/1463/1112 1139/1376/1067
f 672/936/748 1067/1219/963 1066/1465/1051
f 1138/1314/1026 1136/1466/209 1139/1376/1067
f 1067/1219/963 1068/1228/941 1066/1465/1051
f 1066/1465/1051 1068/1228/941 1065/1464/1020
f 1068/1228/941 1069/1235/740 1065/1464/1020
f 1065/1464/1020 1069/1235/740 1064/1462/747
f 1069/1235/740 1070/1467/1113 1064/1462/747
f 1064/1462/747 1070/1467/1113 1063/1461/847
f 1070/1467/1113 1071/1468/1114 1063/1461/847
f 1063/1461/847 1071/1468/1114 1062/1460/1111
f 1071/1468/1114 1072/1469/1115 1062/1460/1111
f 1062/1460/1111 1072/1469/1115 1073/1470/1116
f 1137/1313/378 1136/1466/209 1138/1314/1026
f 1073/1470/1116 1072/1469/1115 1074/1471/1117
f 1072/1469/1115 1071/1468/1114 1074/1471/1117
f 1074/1471/1117 1071/1468/1114 1070/1467/1113
f 952/603/378 1136/1466/209 1137/1313/378
f 1134/1432/377 1136/1466/209 952/603/378
f 1135/1463/1112 1136/1466/209 1134/1432/377
f 1133/1452/1109 1135/1463/1112 1134/1432/377
f 1073/1470/1116 1075/1472/1118 1062/1460/1111
f 1062/1460/1111 1075/1472/1118 1061/1459/1051
f 1075/1472/1118 1076/1473/1119 1061/1459/1051
f 1061/1459/1051 1076/1473/1119 1060/1458/871
f 1076/1473/1119 1077/1474/714 1060/1458/871
f 1132/1431/377 1133/1452/1109 1134/1432/377
f 1077/1474/714 1078/1475/1120 1060/1458/871
f 1060/1458/871 1078/1475/1120 1059/1457/567
f 1078/1475/1120 1079/1476/1121 1059/1457/567
f 1059/1457/567 1079/1476/1121 1058/1456/1110
f 1079/1476/1121 1080/1477/1122 1058/1456/1110
f 1058/1456/1110 1080/1477/1122 1057/1455/800
f 1131/1449/1099 1133/1452/1109 1132/1431/377
f 1129/1433/209 1131/1449/1099 1132/1431/377
f 1130/1436/1099 1131/1449/1099 1129/1433/209
f 1128/1434/209 1130/1436/1099 1129/1433/209
f 1080/1477/1122 1079/1476/1121 1081/1478/1123
f 1081/1478/1123 1079/1476/1121 1082/1479/375
f 1079/1476/1121 1078/1475/1120 1082/1479/375
f 1082/1479/375 1078/1475/1120 1083/1480/1124
f 1078/1475/1120 1077/1474/714 1083/1480/1124
f 1083/1480/1124 1077/1474/714 1084/1481/1125
f 952/603/378 1128/1434/209 1129/1433/209
f 1084/1481/1125 1077/1474/714 1085/1482/1126
f 1077/1474/714 1076/1473/1119 1085/1482/1126
f 1085/1482/1126 1076/1473/1119 1086/1483/1127
f 1076/1473/1119 1075/1472/1118 1086/1483/1127
f 1086/1483/1127 1075/1472/1118 1087/1484/1128
f 1075/1472/1118 1073/1470/1116 1087/1484/1128
f 1087/1484/1128 1073/1470/1116 1088/1485/1129
f 1073/1470/1116 1074/1471/1117 1088/1485/1129
f 1088/1485/1129 1074/1471/1117 1089/1486/1130
f 1074/1471/1117 1070/1467/1113 1089/1486/1130
f 1089/1486/1130 1070/1467/1113 1090/1487/1131
f 1070/1467/1113 1069/1235/740 1090/1487/1131
f 1127/1437/1100 1128/1434/209 952/603/378
f 1069/1235/740 1091/1236/977 1090/1487/1131
f 1115/1488/209 1127/1437/1100 952/603/378
f 1091/1236/977 1092/1237/978 1090/1487/1131
f 1090/1487/1131 1092/1237/978 1089/1486/1130
f 1092/1237/978 1093/1240/981 1089/1486/1130
f 1089/1486/1130 1093/1240/981 1088/1485/1129
f 1093/1240/981 1094/1241/982 1088/1485/1129
f 1088/1485/1129 1094/1241/982 1087/1484/1128
f 1126/1435/1098 1127/1437/1100 1115/1488/209
f 1087/1484/1128 1094/1241/982 1086/1483/1127
f 1094/1241/982 1095/1245/562 1086/1483/1127
f 1116/1489/1132 1126/1435/1098 1115/1488/209
f 1095/1245/562 1096/1246/778 1086/1483/1127
f 1086/1483/1127 1096/1246/778 1085/1482/1126
f 1096/1246/778 1097/1253/504 1085/1482/1126
f 1085/1482/1126 1097/1253/504 1084/1481/1125
f 1097/1253/504 1098/1254/989 1084/1481/1125
f 1125/1445/1105 1126/1435/1098 1116/1489/1132
f 1098/1254/989 1099/1255/840 1084/1481/1125
f 1084/1481/1125 1099/1255/840 1083/1480/1124
f 1099/1255/840 1100/1256/784 1083/1480/1124
f 1083/1480/1124 1100/1256/784 1082/1479/375
f 1100/1256/784 1101/1286/1008 1082/1479/375
f 1082/1479/375 1101/1286/1008 1081/1478/1123
f 1101/1286/1008 1102/1289/778 1081/1478/1123
f 1124/1379/1069 1125/1445/1105 1116/1489/1132
f 1102/1289/778 1103/1318/1028 1081/1478/1123
f 1081/1478/1123 1103/1318/1028 1080/1477/1122
f 1103/1318/1028 1104/1321/375 1080/1477/1122
f 1080/1477/1122 1104/1321/375 1057/1455/800
f 1104/1321/375 1105/1323/1032 1057/1455/800
f 1057/1455/800 1105/1323/1032 1056/1454/1033
f 1105/1323/1032 1106/1490/1133 1056/1454/1033
f 1056/1454/1033 1106/1490/1133 1055/1453/577
f 1106/1490/1133 1107/1491/1134 1055/1453/577
f 1055/1453/577 1107/1491/1134 1054/1451/862
f 1117/1492/1135 1124/1379/1069 1116/1489/1132
f 1054/1451/862 1107/1491/1134 1053/1450/1108
f 1107/1491/1134 1108/1493/1136 1053/1450/1108
f 1053/1450/1108 1108/1493/1136 1052/1448/1107
f 1108/1493/1136 1109/1494/1137 1052/1448/1107
f 1052/1448/1107 1109/1494/1137 1025/1405/509
f 1109/1494/1137 1110/1495/1138 1025/1405/509
f 1025/1405/509 1110/1495/1138 1024/1403/209
f 1110/1495/1138 1111/1496/209 1024/1403/209
f 1024/1403/209 1111/1496/209 952/603/378
f 1111/1496/209 1112/1497/209 952/603/378
f 952/603/378 1112/1497/209 1113/1498/209
f 1112/1497/209 1114/1499/1139 1113/1498/209
f 1113/1498/209 1114/1499/1139 1115/1488/209
f 1123/1330/1035 1124/1379/1069 1117/1492/1135
f 1115/1488/209 1114/1499/1139 1116/1489/1132
f 1122/1441/1102 1123/1330/1035 1117/1492/1135
f 1116/1489/1132 1114/1499/1139 1117/1492/1135
f 1114/1499/1139 1118/1500/1140 1117/1492/1135
f 1117/1492/1135 1118/1500/1140 1119/1501/1141
f 1118/1500/1140 1110/1495/1138 1119/1501/1141
f 1119/1501/1141 1122/1441/1102 1117/1492/1135
f 1110/1495/1138 1109/1494/1137 1119/1501/1141
f 1120/1502/654 1122/1441/1102 1119/1501/1141
f 1109/1494/1137 1108/1493/1136 1119/1501/1141
f 1119/1501/1141 1108/1493/1136 1120/1502/654
f 1108/1493/1136 1107/1491/1134 1120/1502/654
f 1121/1324/513 1122/1441/1102 1120/1502/654
f 1107/1491/1134 1106/1490/1133 1120/1502/654
f 1120/1502/654 1106/1490/1133 1121/1324/513
f 1106/1490/1133 1105/1323/1032 1121/1324/513
f 1115/1488/209 952/603/378 1113/1498/209
f 1118/1500/1140 1114/1499/1139 1112/1497/209
f 1111/1496/209 1118/1500/1140 1112/1497/209
f 1110/1495/1138 1118/1500/1140 1111/1496/209
