mtllib model_1.mtl
o model_1
v 0.6250836253166199 0.20233336091041565 0.15076714754104614 
v 0.6538974046707153 0.1766689419746399 0.11294140666723251 
v 0.6214281916618347 0.17502377927303314 0.15602071583271027 
v 0.6538974046707153 0.1766689419746399 0.11294140666723251 
v 0.7063642144203186 0.1766689419746399 0.15938301384449005 
v 0.7063642144203186 0.2116558998823166 0.15938301384449005 
v 0.7063642144203186 0.1766689419746399 0.15938301384449005 
v 0.6769053936004639 0.21001075208187103 0.19174502789974213 
v 0.6777654886245728 0.1766689419746399 0.1915348917245865 
v 0.6777654886245728 0.1766689419746399 0.1915348917245865 
v 0.6214281916618347 0.17502377927303314 0.15602071583271027 
v 0.6250836253166199 0.20233336091041565 0.15076714754104614 
v 0.6538974046707153 0.1766689419746399 0.11294140666723251 
v 0.6777654886245728 0.1766689419746399 0.1915348917245865 
v 0.6214281916618347 0.17502377927303314 0.15602071583271027 
v 0.7063642144203186 0.2116558998823166 0.15938301384449005 
v 0.6769053936004639 0.21001075208187103 0.19174502789974213 
v 0.6250836253166199 0.20233336091041565 0.15076714754104614 
v 0.8641948103904724 0.16646897792816162 0.05031879246234894 
v 0.8708606362342834 0.15517224371433258 0.03497835248708725 
v 0.8431220650672913 0.16592060029506683 0.029304491356015205 
v 0.8515081405639648 0.1527593582868576 0.019217627122998238 
v 0.8633346557617188 0.14519163966178894 0.02173934318125248 
v 0.8730109333992004 0.14903032779693604 0.03308706730604172 
v 0.8727958798408508 0.14968839287757874 0.04674636200070381 
v 0.8667750954627991 0.15999802947044373 0.0620867982506752 
v 0.8568838238716125 0.16877219080924988 0.07301423698663712 
v 0.8495728969573975 0.17447540163993835 0.06061580032110214 
v 0.8181787729263306 0.17304959893226624 0.031195778399705887 
v 0.8364561796188354 0.15879158675670624 0.012703195214271545 
v 0.8278550505638123 0.15308839082717896 0.007239476777613163 
v 0.8426920175552368 0.1403658539056778 0.01564519666135311 
v 0.8648398518562317 0.13554006814956665 0.02573206089437008 
v 0.8689253926277161 0.13751424849033356 0.0358189232647419 
v 0.8611844182014465 0.14968839287757874 0.0620867982506752 
v 0.8547335267066956 0.1534174084663391 0.07679680734872818 
v 0.846347451210022 0.16449479758739471 0.09697053581476212 
v 0.8244146108627319 0.1748044341802597 0.10474582761526108 
v 0.8285001516342163 0.159888356924057 0.11273126304149628 
v 0.8392515182495117 0.155939981341362 0.10348497331142426 
v 0.8052771091461182 0.18094633519649506 0.07070266455411911 
v 0.7930205464363098 0.1798495650291443 0.040021784603595734 
v 0.7934505939483643 0.17030766606330872 0.002406188054010272 
v 0.8108678460121155 0.1618625372648239 0.0021960448939353228 
v 0.8037719130516052 0.1507851630449295 0.00492790387943387 
v 0.7960309386253357 0.160436749458313 -0.0032676730770617723 
v 0.7796887755393982 0.16592060029506683 -0.009571962989866734 
v 0.7734529972076416 0.15758514404296875 -0.00662996107712388 
v 0.7515200972557068 0.1643851101398468 -0.010832821018993855 
v 0.749154806137085 0.15670771896839142 -0.005369103047996759 
v 0.7353929877281189 0.1669076830148697 -0.013774823397397995 
v 0.7302323579788208 0.1553916037082672 -0.009151676669716835 
v 0.7186208367347717 0.15747545659542084 -0.025122545659542084 
v 0.7164705395698547 0.1670173555612564 -0.027854403480887413 
v 0.7046440243721008 0.16065609455108643 -0.040252842009067535 
v 0.6938925981521606 0.14957872033119202 -0.04067312553524971 
v 0.6921724081039429 0.15890125930309296 -0.05454256385564804 
v 0.6812059879302979 0.15484321117401123 -0.06105699762701988 
v 0.6710996627807617 0.16581091284751892 -0.06525985896587372 
v 0.6710996627807617 0.15626901388168335 -0.06315843015909195 
v 0.6558326482772827 0.16131415963172913 -0.055593278259038925 
v 0.6721748113632202 0.1494690477848053 -0.051600564271211624 
v 0.7009885311126709 0.16800445318222046 -0.03752098232507706 
v 0.7362531423568726 0.17326895892620087 -0.000535813975147903 
v 0.7472195625305176 0.170197993516922 -0.005369103047996759 
v 0.7740980386734009 0.17644958198070526 0.01648576930165291 
v 0.7654969096183777 0.180507630109787 0.040021784603595734 
v 0.738833487033844 0.1798495650291443 0.06271722912788391 
v 0.7545304894447327 0.18028828501701355 0.10873854905366898 
v 0.7971060276031494 0.17557217180728912 0.11294140666723251 
v 0.8181787729263306 0.16657865047454834 0.11756455153226852 
v 0.795170783996582 0.1448626071214676 0.11882541328668594 
v 0.7915153503417969 0.15835288166999817 0.12491955608129501 
v 0.7788286805152893 0.15067549049854279 0.1322745680809021 
v 0.7760332822799683 0.16548188030719757 0.12954270839691162 
v 0.7639917135238647 0.1774366796016693 0.117984838783741 
v 0.7624865174293518 0.17195282876491547 0.13332527875900269 
v 0.7599062323570251 0.1624109297990799 0.14950628578662872 
v 0.7551755905151367 0.15056581795215607 0.15728157758712769 
v 0.7332427501678467 0.16613994538784027 0.17808572947978973 
v 0.738833487033844 0.1527593582868576 0.17409302294254303 
v 0.7052891254425049 0.1663593053817749 0.20267246663570404 
v 0.7123849987983704 0.15451417863368988 0.19027402997016907 
v 0.6730349063873291 0.16317866742610931 0.21822305023670197 
v 0.6874417662620544 0.17447540163993835 0.2138100415468216 
v 0.7052891254425049 0.17502377927303314 0.19594788551330566 
v 0.7405536770820618 0.1773270070552826 0.15202800929546356 
v 0.7248566150665283 0.18171408772468567 0.13983970880508423 
v 0.7128150463104248 0.17787538468837738 0.017326340079307556 
v 0.701633632183075 0.18028828501701355 0.1738828718662262 
v 0.6721748113632202 0.1819334328174591 0.20771589875221252 
v 0.6646488308906555 0.17623023688793182 0.22221577167510986 
v 0.6511020660400391 0.17074638605117798 0.22852005064487457 
v 0.6474465727806091 0.15868191421031952 0.2287302017211914 
v 0.6341148018836975 0.15890125930309296 0.23965764045715332 
v 0.6323946118354797 0.1670173555612564 0.24344021081924438 
v 0.6237934827804565 0.15626901388168335 0.2787442207336426 
v 0.6371251940727234 0.17897215485572815 0.22620847821235657 
v 0.637985348701477 0.1839076280593872 0.20960718393325806 
v 0.6209981441497803 0.180507630109787 0.23713591694831848 
v 0.6214281916618347 0.178094744682312 0.2549980878829956 
v 0.622718334197998 0.17272056639194489 0.27517181634902954 
v 0.6209981441497803 0.16526253521442413 0.28441810607910156 
v 0.6100316643714905 0.15550127625465393 0.2978672385215759 
v 0.6010004878044128 0.16405607759952545 0.3033309578895569 
v 0.585518479347229 0.14574003219604492 0.316569983959198 
v 0.5797127485275269 0.15056581795215607 0.31909167766571045 
v 0.5689613223075867 0.13872069120407104 0.32077282667160034 
v 0.577347457408905 0.13466264307498932 0.31846126914024353 
v 0.5670260787010193 0.11799174547195435 0.3178308308124542 
v 0.5627255439758301 0.12512074410915375 0.3188815414905548 
v 0.559930145740509 0.11239821463823318 0.311946839094162 
v 0.5595000982284546 0.11524982005357742 0.3102656900882721 
v 0.5610052943229675 0.10395308583974838 0.30606281757354736 
v 0.5670260787010193 0.10790146142244339 0.31173667311668396 
v 0.5672411322593689 0.096275694668293 0.30312082171440125 
v 0.5934745073318481 0.14146262407302856 0.2989179491996765 
v 0.5618654489517212 0.1280820220708847 0.31173667311668396 
v 0.5650908350944519 0.1448626071214676 0.3159395456314087 
v 0.5693914294242859 0.1533077359199524 0.3169902563095093 
v 0.5805728435516357 0.1617528647184372 0.3121569752693176 
v 0.5797127485275269 0.16778510808944702 0.30543237924575806 
v 0.6063762307167053 0.17952054738998413 0.2747515141963959 
v 0.5816479921340942 0.1766689419746399 0.28378766775131226 
v 0.5700364708900452 0.1650431752204895 0.30249038338661194 
v 0.613257110118866 0.1839076280593872 0.21801289916038513 
v 0.6390604972839355 0.18039795756340027 0.16925972700119019 
v 0.6820660829544067 0.17963021993637085 0.1396295726299286 
v 0.7141052484512329 0.17875279486179352 0.08982567489147186 
v 0.6986232399940491 0.18105602264404297 0.047797076404094696 
v 0.6590580940246582 0.18335923552513123 0.11020954698324203 
v 0.5999253988265991 0.18237213790416718 0.13353541493415833 
v 0.5739070177078247 0.17897215485572815 0.1915348917245865 
v 0.5900340676307678 0.18281085789203644 0.2423895001411438 
v 0.573046863079071 0.178094744682312 0.23083162307739258 
v 0.5388574004173279 0.1753528118133545 0.18838274478912354 
v 0.5412227511405945 0.17754635214805603 0.16295543313026428 
v 0.5771324038505554 0.18006892502307892 0.14110057055950165 
v 0.5810028910636902 0.17886248230934143 0.1299629956483841 
v 0.5616503953933716 0.1670173555612564 0.1413107067346573 
v 0.5792827010154724 0.1695399284362793 0.13248470425605774 
v 0.5945496559143066 0.17074638605117798 0.11041969060897827 
v 0.5579949021339417 0.17513346672058105 0.14278170466423035 
v 0.5349869132041931 0.17129476368427277 0.15875257551670074 
v 0.527030885219574 0.16811412572860718 0.17409302294254303 
v 0.5384273529052734 0.15747545659542084 0.1722017377614975 
v 0.5324065685272217 0.16010771691799164 0.19594788551330566 
v 0.5336967706680298 0.16932058334350586 0.2001507580280304 
v 0.542297899723053 0.1728302389383316 0.20393332839012146 
v 0.5586400032043457 0.17239153385162354 0.21948391199111938 
v 0.5476735830307007 0.15966899693012238 0.15833228826522827 
v 0.553264319896698 0.16098512709140778 0.22158533334732056 
v 0.5616503953933716 0.1527593582868576 0.21317961812019348 
v 0.5681012272834778 0.1501270979642868 0.24785320460796356 
v 0.5672411322593689 0.16526253521442413 0.2606719434261322 
v 0.5681012272834778 0.1579141765832901 0.29639625549316406 
v 0.565735936164856 0.14661744236946106 0.3075338304042816 
v 0.5676711797714233 0.12523043155670166 0.30270054936408997 
v 0.5640156865119934 0.11514014005661011 0.301859974861145 
v 0.5622954964637756 0.10285631567239761 0.29408466815948486 
v 0.562080442905426 0.0969337597489357 0.2987078130245209 
v 0.5631555914878845 0.08815959841012955 0.30143967270851135 
v 0.5689613223075867 0.08234672248363495 0.30038896203041077 
v 0.5659509301185608 0.07390159368515015 0.3069033920764923 
v 0.559930145740509 0.07247579097747803 0.3092149794101715 
v 0.5646607875823975 0.06106938049197197 0.2999686896800995 
v 0.5567047595977783 0.07225643843412399 0.3058526813983917 
v 0.5592851042747498 0.0690758004784584 0.29912811517715454 
v 0.5607903003692627 0.08344349265098572 0.2909325361251831 
v 0.564230740070343 0.09375312924385071 0.2858890891075134 
v 0.5661659836769104 0.05745004117488861 0.28651952743530273 
v 0.5665960311889648 0.0521855428814888 0.28651952743530273 
v 0.5717567205429077 0.05262425169348717 0.28378766775131226 
v 0.5700364708900452 0.04363073781132698 0.28714996576309204 
v 0.5640156865119934 0.043411385267972946 0.2955556809902191 
v 0.5676711797714233 0.05174683779478073 0.301859974861145 
v 0.5627255439758301 0.02695983462035656 0.29408466815948486 
v 0.5601451992988586 0.026740480214357376 0.30143967270851135 
v 0.5653058886528015 0.04121784493327141 0.30417153239250183 
v 0.5633706450462341 0.02630177140235901 0.3090048134326935 
v 0.5685312747955322 0.03694044053554535 0.31236711144447327 
v 0.5741220116615295 0.04143719747662544 0.3115265369415283 
v 0.573046863079071 0.05635327100753784 0.2987078130245209 
v 0.5665960311889648 0.0626048594713211 0.301649808883667 
v 0.5685312747955322 0.06567581743001938 0.2978672385215759 
v 0.5779924988746643 0.037050116807222366 0.3090048134326935 
v 0.5732619166374207 0.0304694976657629 0.31614968180656433 
v 0.5760572552680969 0.023121139034628868 0.3129975497722626 
v 0.5676711797714233 0.019282443448901176 0.31614968180656433 
v 0.5715416669845581 0.01522439531981945 0.3169902563095093 
v 0.5717567205429077 0.01028892956674099 0.31509897112846375 
v 0.5760572552680969 0.0220243688672781 0.3050121068954468 
v 0.5567047595977783 0.013798593543469906 0.30837440490722656 
v 0.5349869132041931 0.0029405709356069565 0.29471510648727417 
v 0.5502539277076721 0.018953412771224976 0.29471510648727417 
v 0.5554145574569702 0.01697922684252262 0.2898818254470825 
v 0.5433729887008667 0.016211487352848053 0.28546881675720215 
v 0.5339117646217346 0.013140532188117504 0.2867296636104584 
v 0.5352019667625427 0.01566310226917267 0.2810558080673218 
v 0.5223002433776855 0.011385699734091759 0.2634038031101227 
v 0.5259557366371155 0.012701824307441711 0.2623530924320221 
v 0.5231603980064392 0.00601152703166008 0.2596212327480316 
v 0.5266008377075195 -0.004846496041864157 0.27517181634902954 
v 0.5367071628570557 -0.005943266209214926 0.27916452288627625 
v 0.5616503953933716 0.0038179869297891855 0.31404826045036316 
v 0.5702515244483948 0.006779266055673361 0.30837440490722656 
v 0.5515440702438354 -0.005943266209214926 0.30543237924575806 
v 0.5296112298965454 -0.005943266209214926 0.2873601019382477 
v 0.5266008377075195 0.006998619996011257 0.2829470932483673 
v 0.5412227511405945 -0.010549699887633324 0.29177311062812805 
v 0.5612203478813171 -0.003311017993837595 0.301649808883667 
v 0.5375672578811646 -0.00978196132928133 0.28483837842941284 
v 0.6061611771583557 0.17107541859149933 0.09066624939441681 
v 0.6012155413627625 0.17897215485572815 0.09129668027162552 
v 0.6061611771583557 0.17392700910568237 0.06187665835022926 
v 0.615407407283783 0.18281085789203644 0.06250708550214767 
v 0.6068062782287598 0.18149472773075104 0.11147040128707886 
v 0.6422858834266663 0.18928179144859314 0.060405656695365906 
v 0.6586280465126038 0.1858818084001541 0.01501476764678955 
v 0.6885169148445129 0.17590120434761047 -0.011463250033557415 
v 0.6566927433013916 0.17502377927303314 -0.03583983704447746 
v 0.6584129929542542 0.1824818253517151 -0.015035681426525116 
v 0.6403506398200989 0.18478503823280334 -0.010832821018993855 
v 0.6289541721343994 0.18544310331344604 0.014174195937812328 
v 0.6044409871101379 0.18215279281139374 0.029094349592924118 
v 0.600140392780304 0.17293992638587952 0.02972477860748768 
v 0.5820780396461487 0.17195282876491547 0.007029334083199501 
v 0.598635196685791 0.16317866742610931 0.010811908170580864 
v 0.5739070177078247 0.1605464220046997 -0.005789388902485371 
v 0.5822930932044983 0.1534174084663391 -0.012093679048120975 
v 0.5696064233779907 0.1474948525428772 -0.018397968262434006 
v 0.565735936164856 0.16197222471237183 -0.016506681218743324 
v 0.577347457408905 0.17250120639801025 -0.004948817193508148 
v 0.5868086814880371 0.1761205494403839 -0.008731391280889511 
v 0.6171275973320007 0.1832495629787445 -0.010622678324580193 
v 0.637340247631073 0.17524313926696777 -0.029115261510014534 
v 0.627018928527832 0.1811656951904297 -0.0200791135430336 
v 0.6046559810638428 0.1779850572347641 -0.025752974674105644 
v 0.6420708894729614 0.17337863147258759 -0.03520940989255905 
v 0.647661566734314 0.16943025588989258 -0.046977415680885315 
v 0.6489517688751221 0.16263028979301453 -0.02743411809206009 
v 0.6640037298202515 0.1695399284362793 -0.055593278259038925 
v 0.6319645643234253 0.1643851101398468 -0.02197040058672428 
v 0.6106767654418945 0.17206250131130219 -0.030376119539141655 
v 0.6160524487495422 0.1612044870853424 -0.022600829601287842 
v 0.5932595133781433 0.15747545659542084 -0.03920212760567665 
v 0.5915392637252808 0.1676754206418991 -0.03752098232507706 
v 0.5622954964637756 0.14914001524448395 -0.032897837460041046 
v 0.5607903003692627 0.14650776982307434 -0.021760256960988045 
v 0.5513290762901306 0.1299465298652649 -0.033107977360486984 
v 0.562080442905426 0.13235943019390106 -0.02806454710662365 
v 0.5644457340240479 0.131372332572937 -0.03689055144786835 
v 0.577347457408905 0.14014649391174316 -0.03520940989255905 
v 0.5571348071098328 0.1333465278148651 -0.03941226750612259 
v 0.575197160243988 0.1481529176235199 -0.04214412719011307 
v 0.5698214769363403 0.14113359153270721 0.3012295365333557 
v 0.5704665184020996 0.15572063624858856 0.28420794010162354 
v 0.5797127485275269 0.14453357458114624 0.27517181634902954 
v 0.5784225463867188 0.1410239189863205 0.2936643958091736 
v 0.5143442153930664 0.000856707978527993 0.2554183602333069 
v 0.5472435355186462 0.02805660478770733 0.25920093059539795 
v 0.5440180897712708 0.000856707978527993 0.28420794010162354 
v 0.5822930932044983 0.000856707978527993 0.30606281757354736 
v 0.6106767654418945 0.028275957331061363 0.29618608951568604 
v 0.6229333877563477 0.000856707978527993 0.3218235373497009 
v 0.6805608868598938 0.027508219704031944 0.3106859624385834 
v 0.6661540269851685 0.000966385006904602 0.3308596909046173 
v 0.7095896601676941 0.0012954160338267684 0.3321205675601959 
v 0.7575408816337585 0.02695983462035656 0.29849767684936523 
v 0.7521651983261108 0.0015147699741646647 0.32476556301116943 
v 0.7811939716339111 0.001624446944333613 0.30879467725753784 
v 0.8046320080757141 0.0015147699741646647 0.2875702381134033 
v 0.8304353952407837 0.0014050930039957166 0.26445451378822327 
v 0.8590341210365295 0.02695983462035656 0.19994060695171356 
v 0.8581740260124207 0.0020631549414247274 0.23860691487789154 
v 0.8794617652893066 0.0029405709356069565 0.20498403906822205 
v 0.883547306060791 0.003488956019282341 0.16295543313026428 
v 0.8779565691947937 0.0028308939654380083 0.11987612396478653 
v 0.8459174036979675 0.02805660478770733 0.0637679472565651 
v 0.8710756897926331 0.0015147699741646647 0.07931852340698242 
v 0.860109269618988 0.000856707978527993 0.042543500661849976 
v 0.8162435293197632 0.027946926653385162 0.011022050864994526 
v 0.8411868214607239 0.000966385006904602 0.008290192112326622 
v 0.8130181431770325 0.0012954160338267684 -0.02533268742263317 
v 0.7547455430030823 0.027398541569709778 -0.04130355641245842 
v 0.7801188230514526 0.0014050930039957166 -0.05265127867460251 
v 0.7439941167831421 0.0011857389472424984 -0.06820186227560043 
v 0.7057191729545593 0.000966385006904602 -0.07408586144447327 
v 0.6308894157409668 0.027837250381708145 -0.05706427991390228 
v 0.66507887840271 0.000856707978527993 -0.07786843925714493 
v 0.6246535778045654 0.000856707978527993 -0.07492643594741821 
v 0.5874537229537964 0.000856707978527993 -0.05937585234642029 
v 0.5534793138504028 0.000856707978527993 -0.03394855186343193 
v 0.5199349522590637 0.02805660478770733 0.025521917268633842 
v 0.5218701958656311 0.000856707978527993 -0.005579246208071709 
v 0.4971419870853424 0.000856707978527993 0.024891488254070282 
v 0.5070332884788513 0.028166281059384346 0.06649979948997498 
v 0.4872507154941559 0.000856707978527993 0.06019551306962967 
v 0.4874657392501831 0.000856707978527993 0.10075311362743378 
v 0.4861755669116974 0.000856707978527993 0.14320199191570282 
v 0.5059581398963928 0.027946926653385162 0.1944768875837326 
v 0.4844553470611572 0.000856707978527993 0.1835494488477707 
v 0.49348652362823486 0.000856707978527993 0.22116504609584808 
v 0.5670260787010193 0.0359533466398716 0.19363631308078766 
v 0.7160404920578003 0.03540496155619621 0.26550522446632385 
v 0.8003314733505249 0.039572689682245255 0.16862930357456207 
v 0.762916624546051 0.040669459849596024 0.04149278625845909 
v 0.6521771550178528 0.03617270290851593 -0.006419817917048931 
v 0.5698214769363403 0.03617270290851593 0.0541013665497303 
v 0.860109269618988 0.000856707978527993 0.042543500661849976 
v 0.8710756897926331 0.0015147699741646647 0.07931852340698242 
v 0.8411868214607239 0.000966385006904602 0.008290192112326622 
v 0.7057191729545593 0.000966385006904602 -0.07408586144447327 
v 0.8130181431770325 0.0012954160338267684 -0.02533268742263317 
v 0.7439941167831421 0.0011857389472424984 -0.06820186227560043 
v 0.7801188230514526 0.0014050930039957166 -0.05265127867460251 
v 0.6246535778045654 0.000856707978527993 -0.07492643594741821 
v 0.5874537229537964 0.000856707978527993 -0.05937585234642029 
v 0.66507887840271 0.000856707978527993 -0.07786843925714493 
v 0.5534793138504028 0.000856707978527993 -0.03394855186343193 
v 0.4874657392501831 0.000856707978527993 0.10075311362743378 
v 0.4861755669116974 0.000856707978527993 0.14320199191570282 
v 0.8779565691947937 0.0028308939654380083 0.11987612396478653 
v 0.8046320080757141 0.0015147699741646647 0.2875702381134033 
v 0.8304353952407837 0.0014050930039957166 0.26445451378822327 
v 0.883547306060791 0.003488956019282341 0.16295543313026428 
v 0.8581740260124207 0.0020631549414247274 0.23860691487789154 
v 0.8794617652893066 0.0029405709356069565 0.20498403906822205 
v 0.5218701958656311 0.000856707978527993 -0.005579246208071709 
v 0.4872507154941559 0.000856707978527993 0.06019551306962967 
v 0.4971419870853424 0.000856707978527993 0.024891488254070282 
v 0.7521651983261108 0.0015147699741646647 0.32476556301116943 
v 0.7811939716339111 0.001624446944333613 0.30879467725753784 
v 0.7095896601676941 0.0012954160338267684 0.3321205675601959 
v 0.6661540269851685 0.000966385006904602 0.3308596909046173 
v 0.6229333877563477 0.000856707978527993 0.3218235373497009 
v 0.5822930932044983 0.000856707978527993 0.30606281757354736 
v 0.5440180897712708 0.000856707978527993 0.28420794010162354 
v 0.5143442153930664 0.000856707978527993 0.2554183602333069 
v 0.4844553470611572 0.000856707978527993 0.1835494488477707 
v 0.49348652362823486 0.000856707978527993 0.22116504609584808 
v 0.4689733386039734 0.02301146276295185 0.14446285367012024 
v 0.47692936658859253 0.02301146276295185 0.1835494488477707 
v 0.49413159489631653 0.050211358815431595 0.16505686938762665 
v 0.4960668385028839 0.02301146276295185 0.2217954844236374 
v 0.525525689125061 0.05043071135878563 0.22894033789634705 
v 0.5210101008415222 0.02301146276295185 0.25625893473625183 
v 0.5756272077560425 0.04977265000343323 0.27790364623069763 
v 0.5517591238021851 0.023121139034628868 0.28651952743530273 
v 0.5872387290000916 0.02345016971230507 0.3106859624385834 
v 0.6470165252685547 0.04922426491975784 0.3092149794101715 
v 0.6272339224815369 0.023669524118304253 0.3274974226951599 
v 0.660778284072876 0.02377920038998127 0.33001911640167236 
v 0.6926024556159973 0.023669524118304253 0.32539597153663635 
v 0.7278670072555542 0.023559847846627235 0.32035255432128906 
v 0.7893650531768799 0.04922426491975784 0.2835775315761566 
v 0.7661420106887817 0.024217909201979637 0.31446853280067444 
v 0.8035569190979004 0.025095324963331223 0.29849767684936523 
v 0.8315105438232422 0.025643710047006607 0.2667660713195801 
v 0.8523682355880737 0.024985648691654205 0.22894033789634705 
v 0.8581740260124207 0.05032103508710861 0.16631773114204407 
v 0.8702155947685242 0.023669524118304253 0.19258560240268707 
v 0.8824721574783325 0.02301146276295185 0.1568612903356552 
v 0.8641948103904724 0.05010168254375458 0.10789797455072403 
v 0.8865576982498169 0.023121139034628868 0.11903554946184158 
v 0.882902204990387 0.02345016971230507 0.07679680734872818 
v 0.8435521125793457 0.04966297373175621 0.03287692368030548 
v 0.8712906837463379 0.023559847846627235 0.03707978129386902 
v 0.8502179384231567 0.023340493440628052 0.005348190199583769 
v 0.8216192722320557 0.023121139034628868 -0.019868969917297363 
v 0.749154806137085 0.05010168254375458 -0.04613684490323067 
v 0.7900101542472839 0.02301146276295185 -0.04466584324836731 
v 0.7545304894447327 0.02301146276295185 -0.0639989972114563 
v 0.7141052484512329 0.02301146276295185 -0.07135400176048279 
v 0.6708846092224121 0.02301146276295185 -0.06883228570222855 
v 0.6080964207649231 0.05032103508710861 -0.03857169672846794 
v 0.6280940175056458 0.02301146276295185 -0.06273814290761948 
v 0.5893890261650085 0.02301146276295185 -0.05139042064547539 
v 0.5732619166374207 0.05043071135878563 -0.012303821742534637 
v 0.5605752468109131 0.02301146276295185 -0.027854403480887413 
v 0.5369221568107605 0.02301146276295185 0.00492790387943387 
v 0.5111188292503357 0.02301146276295185 0.038550782948732376 
v 0.49757203459739685 0.050211358815431595 0.09066624939441681 
v 0.4861755669116974 0.02301146276295185 0.07028237730264664 
v 0.47155365347862244 0.02301146276295185 0.10558640211820602 
v 0.548963725566864 0.05821777880191803 0.12260798364877701 
v 0.6315345168113708 0.057669393718242645 0.2604617774486542 
v 0.7588310837745667 0.06183712184429169 0.22683891654014587 
v 0.8018366694450378 0.06293389201164246 0.10411539673805237 
v 0.737328290939331 0.058437131345272064 0.006188761908560991 
v 0.6330397129058838 0.058437131345272064 0.011232193559408188 
v 0.7545304894447327 0.02301146276295185 -0.0639989972114563 
v 0.7900101542472839 0.02301146276295185 -0.04466584324836731 
v 0.7141052484512329 0.02301146276295185 -0.07135400176048279 
v 0.6708846092224121 0.02301146276295185 -0.06883228570222855 
v 0.8216192722320557 0.023121139034628868 -0.019868969917297363 
v 0.8702155947685242 0.023669524118304253 0.19258560240268707 
v 0.8865576982498169 0.023121139034628868 0.11903554946184158 
v 0.8824721574783325 0.02301146276295185 0.1568612903356552 
v 0.5893890261650085 0.02301146276295185 -0.05139042064547539 
v 0.5605752468109131 0.02301146276295185 -0.027854403480887413 
v 0.6280940175056458 0.02301146276295185 -0.06273814290761948 
v 0.5369221568107605 0.02301146276295185 0.00492790387943387 
v 0.8523682355880737 0.024985648691654205 0.22894033789634705 
v 0.7278670072555542 0.023559847846627235 0.32035255432128906 
v 0.8315105438232422 0.025643710047006607 0.2667660713195801 
v 0.7661420106887817 0.024217909201979637 0.31446853280067444 
v 0.8035569190979004 0.025095324963331223 0.29849767684936523 
v 0.882902204990387 0.02345016971230507 0.07679680734872818 
v 0.8502179384231567 0.023340493440628052 0.005348190199583769 
v 0.8712906837463379 0.023559847846627235 0.03707978129386902 
v 0.6926024556159973 0.023669524118304253 0.32539597153663635 
v 0.5111188292503357 0.02301146276295185 0.038550782948732376 
v 0.5517591238021851 0.023121139034628868 0.28651952743530273 
v 0.5210101008415222 0.02301146276295185 0.25625893473625183 
v 0.4960668385028839 0.02301146276295185 0.2217954844236374 
v 0.47692936658859253 0.02301146276295185 0.1835494488477707 
v 0.4689733386039734 0.02301146276295185 0.14446285367012024 
v 0.4861755669116974 0.02301146276295185 0.07028237730264664 
v 0.47155365347862244 0.02301146276295185 0.10558640211820602 
v 0.5872387290000916 0.02345016971230507 0.3106859624385834 
v 0.660778284072876 0.02377920038998127 0.33001911640167236 
v 0.6272339224815369 0.023669524118304253 0.3274974226951599 
v 0.6272339224815369 0.045275893062353134 0.31236711144447327 
v 0.6547574996948242 0.07083063572645187 0.2938745319843292 
v 0.6698094606399536 0.045275893062353134 0.31341782212257385 
v 0.7141052484512329 0.045275893062353134 0.3039613962173462 
v 0.7287271618843079 0.07104998826980591 0.2789543867111206 
v 0.7558206915855408 0.045275893062353134 0.28883108496665955 
v 0.7917303442955017 0.07039192318916321 0.24386049807071686 
v 0.7947407364845276 0.04538556933403015 0.26718637347221375 
v 0.8287151455879211 0.0457146018743515 0.2400779277086258 
v 0.8416168689727783 0.06995321810245514 0.18565088510513306 
v 0.855808675289154 0.045933954417705536 0.20750576257705688 
v 0.8667750954627991 0.04604363068938255 0.17766545712947845 
v 0.869785487651825 0.045933954417705536 0.14782513678073883 
v 0.87322598695755 0.04582427814602852 0.11504283547401428 
v 0.8500029444694519 0.06984353810548782 0.05157965049147606 
v 0.8762363791465759 0.0463726632297039 0.07910837978124619 
v 0.8691404461860657 0.04725008085370064 0.041913073509931564 
v 0.8429070115089417 0.047798462212085724 0.009761192835867405 
v 0.8087175488471985 0.04714040085673332 -0.016926968470215797 
v 0.7452843189239502 0.07094030827283859 -0.03541955351829529 
v 0.775388240814209 0.045933954417705536 -0.04067312553524971 
v 0.7414137721061707 0.045275893062353134 -0.05916571244597435 
v 0.7031388282775879 0.04538556933403015 -0.07093372195959091 
v 0.6859365701675415 0.07072095572948456 -0.05307156220078468 
v 0.6584129929542542 0.0457146018743515 -0.07639743387699127 
v 0.6031507849693298 0.07028225064277649 -0.04991941899061203 
v 0.6143322587013245 0.0457146018743515 -0.07408586144447327 
v 0.5760572552680969 0.045604925602674484 -0.06168742850422859 
v 0.5429429411888123 0.04538556933403015 -0.04130355641245842 
v 0.4980021119117737 0.07072095572948456 0.01900748535990715 
v 0.5096136331558228 0.045275893062353134 -0.017767539247870445 
v 0.4807998538017273 0.045275893062353134 0.010391621850430965 
v 0.4633826017379761 0.045275893062353134 0.045275360345840454 
v 0.4552115201950073 0.045275893062353134 0.08499238640069962 
v 0.4713386297225952 0.07094030827283859 0.1482454240322113 
v 0.45112600922584534 0.045275893062353134 0.12512969970703125 
v 0.45349130034446716 0.045275893062353134 0.16232500970363617 
v 0.49004605412483215 0.07104998826980591 0.18502046167850494 
v 0.47069355845451355 0.045275893062353134 0.19342617690563202 
v 0.4990772306919098 0.045275893062353134 0.22158533334732056 
v 0.527675986289978 0.045275893062353134 0.2520560622215271 
v 0.5782075524330139 0.07083063572645187 0.27517181634902954 
v 0.5545544624328613 0.045275893062353134 0.28147608041763306 
v 0.5874537229537964 0.045275893062353134 0.30207011103630066 
v 0.6240085363388062 0.07839834690093994 0.2354547679424286 
v 0.7874298095703125 0.07784996181726456 0.18943345546722412 
v 0.7837743163108826 0.08168865740299225 0.06734037399291992 
v 0.6667990684509277 0.08278542757034302 0.0028264739084988832 
v 0.5493937730789185 0.07850802689790726 0.04065221548080444 
v 0.5289661288261414 0.07861769944429398 0.13584698736667633 
v 0.5874537229537964 0.045275893062353134 0.30207011103630066 
v 0.5545544624328613 0.045275893062353134 0.28147608041763306 
v 0.6272339224815369 0.045275893062353134 0.31236711144447327 
v 0.527675986289978 0.045275893062353134 0.2520560622215271 
v 0.6698094606399536 0.045275893062353134 0.31341782212257385 
v 0.7141052484512329 0.045275893062353134 0.3039613962173462 
v 0.7031388282775879 0.04538556933403015 -0.07093372195959091 
v 0.775388240814209 0.045933954417705536 -0.04067312553524971 
v 0.7414137721061707 0.045275893062353134 -0.05916571244597435 
v 0.7558206915855408 0.045275893062353134 0.28883108496665955 
v 0.8087175488471985 0.04714040085673332 -0.016926968470215797 
v 0.7947407364845276 0.04538556933403015 0.26718637347221375 
v 0.869785487651825 0.045933954417705536 0.14782513678073883 
v 0.8287151455879211 0.0457146018743515 0.2400779277086258 
v 0.8667750954627991 0.04604363068938255 0.17766545712947845 
v 0.855808675289154 0.045933954417705536 0.20750576257705688 
v 0.87322598695755 0.04582427814602852 0.11504283547401428 
v 0.8429070115089417 0.047798462212085724 0.009761192835867405 
v 0.8762363791465759 0.0463726632297039 0.07910837978124619 
v 0.8691404461860657 0.04725008085370064 0.041913073509931564 
v 0.6584129929542542 0.0457146018743515 -0.07639743387699127 
v 0.5429429411888123 0.04538556933403015 -0.04130355641245842 
v 0.5760572552680969 0.045604925602674484 -0.06168742850422859 
v 0.6143322587013245 0.0457146018743515 -0.07408586144447327 
v 0.4990772306919098 0.045275893062353134 0.22158533334732056 
v 0.5096136331558228 0.045275893062353134 -0.017767539247870445 
v 0.4552115201950073 0.045275893062353134 0.08499238640069962 
v 0.4633826017379761 0.045275893062353134 0.045275360345840454 
v 0.4807998538017273 0.045275893062353134 0.010391621850430965 
v 0.45112600922584534 0.045275893062353134 0.12512969970703125 
v 0.47069355845451355 0.045275893062353134 0.19342617690563202 
v 0.45349130034446716 0.045275893062353134 0.16232500970363617 
v 0.7291572093963623 0.06732097268104553 0.34031614661216736 
v 0.745499312877655 0.09463053941726685 0.310896098613739 
v 0.7674322128295898 0.06732097268104553 0.32476556301116943 
v 0.8029118180274963 0.06732097268104553 0.2978672385215759 
v 0.8048470616340637 0.0949595719575882 0.2669762372970581 
v 0.8334457874298096 0.06732097268104553 0.2663457989692688 
v 0.8457024097442627 0.09419183433055878 0.2070854753255844 
v 0.8588190674781799 0.06743064522743225 0.22957077622413635 
v 0.8768814206123352 0.0677596777677536 0.18901316821575165 
v 0.8644098043441772 0.09364344924688339 0.12912242114543915 
v 0.8867727518081665 0.06797903031110764 0.14551356434822083 
v 0.8833322525024414 0.06808871030807495 0.11126026511192322 
v 0.8727958798408508 0.06797903031110764 0.07994895428419113 
v 0.8611844182014465 0.06786935776472092 0.04548550397157669 
v 0.8123730421066284 0.09364344924688339 -0.009571962989866734 
v 0.8480677008628845 0.06852741539478302 0.00808004941791296 
v 0.825059711933136 0.06940483301877975 -0.02680368907749653 
v 0.7876448035240173 0.06995321810245514 -0.048868704587221146 
v 0.7450692653656006 0.06929515302181244 -0.06252799928188324 
v 0.6803458333015442 0.09474021941423416 -0.05643385276198387 
v 0.7048590183258057 0.06797903031110764 -0.07345543801784515 
v 0.6661540269851685 0.06732097268104553 -0.07912929356098175 
v 0.6194929480552673 0.09452086687088013 -0.05118027701973915 
v 0.6268038749694824 0.06743064522743225 -0.0759771540760994 
v 0.5844433307647705 0.0677596777677536 -0.06420914083719254 
v 0.5468134880065918 0.09408215433359146 -0.015876252204179764 
v 0.5459533333778381 0.0677596777677536 -0.044875986874103546 
v 0.5173546075820923 0.06764999777078629 -0.017557397484779358 
v 0.4969269633293152 0.06743064522743225 0.016065483912825584 
v 0.48338019847869873 0.09452086687088013 0.09444881975650787 
v 0.477359414100647 0.06732097268104553 0.05284050852060318 
v 0.46424269676208496 0.06732097268104553 0.0923473909497261 
v 0.46402767300605774 0.06732097268104553 0.13437598943710327 
v 0.4745640456676483 0.06732097268104553 0.17745530605316162 
v 0.5169245600700378 0.09474021941423416 0.2350344955921173 
v 0.4885408580303192 0.06732097268104553 0.21969404816627502 
v 0.5072482824325562 0.06732097268104553 0.25625893473625183 
v 0.5500388741493225 0.09484989941120148 0.2650849521160126 
v 0.536492109298706 0.06732097268104553 0.2810558080673218 
v 0.5741220116615295 0.06732097268104553 0.29849767684936523 
v 0.613257110118866 0.06732097268104553 0.31804096698760986 
v 0.6687343120574951 0.09463053941726685 0.3216134011745453 
v 0.6502419114112854 0.06732097268104553 0.3371639847755432 
v 0.6889469623565674 0.06732097268104553 0.345149427652359 
v 0.6921724081039429 0.1027466431260109 0.26382407546043396 
v 0.8175337314605713 0.10219825804233551 0.1539192944765091 
v 0.76012122631073 0.10625630617141724 0.03224649280309677 
v 0.627018928527832 0.107353076338768 0.012493051588535309 
v 0.5388574004173279 0.10285631567239761 0.09612996876239777 
v 0.5631555914878845 0.10296599566936493 0.20036089420318604 
v 0.6661540269851685 0.06732097268104553 -0.07912929356098175 
v 0.7048590183258057 0.06797903031110764 -0.07345543801784515 
v 0.6268038749694824 0.06743064522743225 -0.0759771540760994 
v 0.4969269633293152 0.06743064522743225 0.016065483912825584 
v 0.5844433307647705 0.0677596777677536 -0.06420914083719254 
v 0.5173546075820923 0.06764999777078629 -0.017557397484779358 
v 0.5459533333778381 0.0677596777677536 -0.044875986874103546 
v 0.825059711933136 0.06940483301877975 -0.02680368907749653 
v 0.7876448035240173 0.06995321810245514 -0.048868704587221146 
v 0.8480677008628845 0.06852741539478302 0.00808004941791296 
v 0.8611844182014465 0.06786935776472092 0.04548550397157669 
v 0.7450692653656006 0.06929515302181244 -0.06252799928188324 
v 0.8727958798408508 0.06797903031110764 0.07994895428419113 
v 0.5741220116615295 0.06732097268104553 0.29849767684936523 
v 0.613257110118866 0.06732097268104553 0.31804096698760986 
v 0.8588190674781799 0.06743064522743225 0.22957077622413635 
v 0.8334457874298096 0.06732097268104553 0.2663457989692688 
v 0.8029118180274963 0.06732097268104553 0.2978672385215759 
v 0.7674322128295898 0.06732097268104553 0.32476556301116943 
v 0.7291572093963623 0.06732097268104553 0.34031614661216736 
v 0.6502419114112854 0.06732097268104553 0.3371639847755432 
v 0.6889469623565674 0.06732097268104553 0.345149427652359 
v 0.4745640456676483 0.06732097268104553 0.17745530605316162 
v 0.477359414100647 0.06732097268104553 0.05284050852060318 
v 0.46402767300605774 0.06732097268104553 0.13437598943710327 
v 0.46424269676208496 0.06732097268104553 0.0923473909497261 
v 0.8768814206123352 0.0677596777677536 0.18901316821575165 
v 0.8833322525024414 0.06808871030807495 0.11126026511192322 
v 0.8867727518081665 0.06797903031110764 0.14551356434822083 
v 0.5072482824325562 0.06732097268104553 0.25625893473625183 
v 0.536492109298706 0.06732097268104553 0.2810558080673218 
v 0.4885408580303192 0.06732097268104553 0.21969404816627502 
v 0.5528342723846436 0.08936604857444763 -0.03142683580517769 
v 0.527030885219574 0.08936604857444763 -0.0009561000042594969 
v 0.5517591238021851 0.11810141801834106 0.0007250439957715571 
v 0.5087534785270691 0.08936604857444763 0.037289924919605255 
v 0.5205800533294678 0.1183207780122757 0.0643983706831932 
v 0.49649691581726074 0.08936604857444763 0.07763738185167313 
v 0.5119789242744446 0.11755303293466568 0.13332527875900269 
v 0.49112120270729065 0.08947572112083435 0.12008626759052277 
v 0.49327149987220764 0.0898047536611557 0.162535160779953 
v 0.5300412774085999 0.1170046478509903 0.20771589875221252 
v 0.5038078427314758 0.09002410620450974 0.20372317731380463 
v 0.5218701958656311 0.09013378620147705 0.2310417741537094 
v 0.5444481372833252 0.09002410620450974 0.25289663672447205 
v 0.5691763758659363 0.08991443365812302 0.27685293555259705 
v 0.6345449090003967 0.1170046478509903 0.30143967270851135 
v 0.5966999530792236 0.09057249128818512 0.30249038338661194 
v 0.6313194632530212 0.09155958890914917 0.3216134011745453 
v 0.6728198528289795 0.09210797399282455 0.3235046863555908 
v 0.7145352959632874 0.09144990891218185 0.31614968180656433 
v 0.7670021057128906 0.11821109801530838 0.28210651874542236 
v 0.7536703944206238 0.09002410620450974 0.307323694229126 
v 0.7887199521064758 0.08936604857444763 0.2949252426624298 
v 0.8162435293197632 0.11799174547195435 0.25058507919311523 
v 0.820759117603302 0.08947572112083435 0.2747515141963959 
v 0.8517231345176697 0.0898047536611557 0.2457517832517624 
v 0.8624745607376099 0.11744336038827896 0.1881725937128067 
v 0.8758062720298767 0.08991443365812302 0.2121289074420929 
v 0.8880628943443298 0.08969508111476898 0.17640459537506104 
v 0.8908582329750061 0.08947572112083435 0.13878899812698364 
v 0.8680652976036072 0.11788206547498703 0.06670994311571121 
v 0.8912883400917053 0.08936604857444763 0.09907196462154388 
v 0.8852675557136536 0.08936604857444763 0.059775225818157196 
v 0.8669901490211487 0.08936604857444763 0.02426105923950672 
v 0.8394665718078613 0.08936604857444763 -0.007470532786101103 
v 0.7783986330032349 0.11810141801834106 -0.03731083869934082 
v 0.8091475963592529 0.08936604857444763 -0.03689055144786835 
v 0.7773234844207764 0.08936604857444763 -0.059585995972156525 
v 0.737328290939331 0.1183207780122757 -0.04781799018383026 
v 0.7418438792228699 0.08936604857444763 -0.06736128777265549 
v 0.702278733253479 0.08936604857444763 -0.06525985896587372 
v 0.6605632901191711 0.08936604857444763 -0.06420914083719254 
v 0.6119669675827026 0.11810141801834106 -0.04256441444158554 
v 0.6207830905914307 0.08936604857444763 -0.0639989972114563 
v 0.5846583843231201 0.08936604857444763 -0.053491849452257156 
v 0.6175576448440552 0.12654654681682587 0.016695912927389145 
v 0.5588550567626953 0.12588848173618317 0.16568729281425476 
v 0.6605632901191711 0.13027556240558624 0.24280978739261627 
v 0.78205406665802 0.13148202002048492 0.2001507580280304 
v 0.8203290700912476 0.12665623426437378 0.08982567489147186 
v 0.7545304894447327 0.1267659068107605 0.012703195214271545 
v 0.7887199521064758 0.08936604857444763 0.2949252426624298 
v 0.7536703944206238 0.09002410620450974 0.307323694229126 
v 0.820759117603302 0.08947572112083435 0.2747515141963959 
v 0.8908582329750061 0.08947572112083435 0.13878899812698364 
v 0.8517231345176697 0.0898047536611557 0.2457517832517624 
v 0.8880628943443298 0.08969508111476898 0.17640459537506104 
v 0.8758062720298767 0.08991443365812302 0.2121289074420929 
v 0.6313194632530212 0.09155958890914917 0.3216134011745453 
v 0.6728198528289795 0.09210797399282455 0.3235046863555908 
v 0.5966999530792236 0.09057249128818512 0.30249038338661194 
v 0.5691763758659363 0.08991443365812302 0.27685293555259705 
v 0.7145352959632874 0.09144990891218185 0.31614968180656433 
v 0.5444481372833252 0.09002410620450974 0.25289663672447205 
v 0.702278733253479 0.08936604857444763 -0.06525985896587372 
v 0.6605632901191711 0.08936604857444763 -0.06420914083719254 
v 0.49649691581726074 0.08936604857444763 0.07763738185167313 
v 0.5087534785270691 0.08936604857444763 0.037289924919605255 
v 0.527030885219574 0.08936604857444763 -0.0009561000042594969 
v 0.5528342723846436 0.08936604857444763 -0.03142683580517769 
v 0.6207830905914307 0.08936604857444763 -0.0639989972114563 
v 0.5846583843231201 0.08936604857444763 -0.053491849452257156 
v 0.49112120270729065 0.08947572112083435 0.12008626759052277 
v 0.49327149987220764 0.0898047536611557 0.162535160779953 
v 0.5218701958656311 0.09013378620147705 0.2310417741537094 
v 0.5038078427314758 0.09002410620450974 0.20372317731380463 
v 0.7773234844207764 0.08936604857444763 -0.059585995972156525 
v 0.7418438792228699 0.08936604857444763 -0.06736128777265549 
v 0.8091475963592529 0.08936604857444763 -0.03689055144786835 
v 0.8394665718078613 0.08936604857444763 -0.007470532786101103 
v 0.8912883400917053 0.08936604857444763 0.09907196462154388 
v 0.8669901490211487 0.08936604857444763 0.02426105923950672 
v 0.8852675557136536 0.08936604857444763 0.059775225818157196 
v 0.5066032409667969 0.11152080446481705 0.2543676495552063 
v 0.538642406463623 0.13926908373832703 0.25815021991729736 
v 0.5336967706680298 0.11152080446481705 0.28315722942352295 
v 0.5698214769363403 0.11152080446481705 0.3050121068954468 
v 0.598635196685791 0.13959811627864838 0.2953455448150635 
v 0.6089565753936768 0.11152080446481705 0.32077282667160034 
v 0.6667990684509277 0.13883037865161896 0.3098453879356384 
v 0.6508870124816895 0.11174015700817108 0.3298089802265167 
v 0.6936776041984558 0.11206918954849243 0.331279993057251 
v 0.7437791228294373 0.13828198611736298 0.2978672385215759 
v 0.7364681363105774 0.11228854209184647 0.3239249885082245 
v 0.7663570642471313 0.11239821463823318 0.30816423892974854 
v 0.7910852432250977 0.11228854209184647 0.28714996576309204 
v 0.8186088800430298 0.11217886209487915 0.2642443776130676 
v 0.8517231345176697 0.13828198611736298 0.2001507580280304 
v 0.8480677008628845 0.11283692717552185 0.23860691487789154 
v 0.8717207908630371 0.11371433734893799 0.20519419014453888 
v 0.8790317177772522 0.11426272243261337 0.16337572038173676 
v 0.8768814206123352 0.11360466480255127 0.120296411216259 
v 0.8495728969573975 0.13937875628471375 0.0643983706831932 
v 0.87322598695755 0.11228854209184647 0.08015909790992737 
v 0.8652698993682861 0.11163047701120377 0.04359421506524086 
v 0.8241995573043823 0.1391594111919403 0.011862622573971748 
v 0.8489277958869934 0.11174015700817108 0.009340907447040081 
v 0.8237695097923279 0.11195950955152512 -0.024281973019242287 
v 0.7674322128295898 0.13872069120407104 -0.040252842009067535 
v 0.7932355403900146 0.11206918954849243 -0.051600564271211624 
v 0.7588310837745667 0.11195950955152512 -0.06694100052118301 
v 0.721416175365448 0.11174015700817108 -0.07303515076637268 
v 0.6459413766860962 0.1391594111919403 -0.056223709136247635 
v 0.6814209818840027 0.11163047701120377 -0.07702786475419998 
v 0.6412107348442078 0.11152080446481705 -0.07408586144447327 
v 0.6031507849693298 0.11152080446481705 -0.05874542519450188 
v 0.5676711797714233 0.11152080446481705 -0.03352826461195946 
v 0.5298262238502502 0.13937875628471375 0.025521917268633842 
v 0.5341268181800842 0.11152080446481705 -0.005369103047996759 
v 0.5072482824325562 0.11152080446481705 0.024891488254070282 
v 0.513914167881012 0.13948842883110046 0.06628966331481934 
v 0.4947766959667206 0.11152080446481705 0.05998536944389343 
v 0.4917663037776947 0.11152080446481705 0.1003328263759613 
v 0.4872507154941559 0.11152080446481705 0.1425715684890747 
v 0.5029477477073669 0.13926908373832703 0.19363631308078766 
v 0.48252007365226746 0.11152080446481705 0.18270888924598694 
v 0.488325834274292 0.11152080446481705 0.22032447159290314 
v 0.5633706450462341 0.1474948525428772 0.19300588965415955 
v 0.7055041193962097 0.1468368023633957 0.2650849521160126 
v 0.7962459325790405 0.15111419558525085 0.16862930357456207 
v 0.7689374089241028 0.15221096575260162 0.0421232134103775 
v 0.6631436347961426 0.1476045399904251 -0.00599953206256032 
v 0.5769173502922058 0.14771421253681183 0.0541013665497303 
v 0.8652698993682861 0.11163047701120377 0.04359421506524086 
v 0.87322598695755 0.11228854209184647 0.08015909790992737 
v 0.8489277958869934 0.11174015700817108 0.009340907447040081 
v 0.721416175365448 0.11174015700817108 -0.07303515076637268 
v 0.8237695097923279 0.11195950955152512 -0.024281973019242287 
v 0.7588310837745667 0.11195950955152512 -0.06694100052118301 
v 0.7932355403900146 0.11206918954849243 -0.051600564271211624 
v 0.6412107348442078 0.11152080446481705 -0.07408586144447327 
v 0.6031507849693298 0.11152080446481705 -0.05874542519450188 
v 0.6814209818840027 0.11163047701120377 -0.07702786475419998 
v 0.5676711797714233 0.11152080446481705 -0.03352826461195946 
v 0.8768814206123352 0.11360466480255127 0.120296411216259 
v 0.4917663037776947 0.11152080446481705 0.1003328263759613 
v 0.8186088800430298 0.11217886209487915 0.2642443776130676 
v 0.7910852432250977 0.11228854209184647 0.28714996576309204 
v 0.4872507154941559 0.11152080446481705 0.1425715684890747 
v 0.6508870124816895 0.11174015700817108 0.3298089802265167 
v 0.6089565753936768 0.11152080446481705 0.32077282667160034 
v 0.5698214769363403 0.11152080446481705 0.3050121068954468 
v 0.5336967706680298 0.11152080446481705 0.28315722942352295 
v 0.5066032409667969 0.11152080446481705 0.2543676495552063 
v 0.48252007365226746 0.11152080446481705 0.18270888924598694 
v 0.488325834274292 0.11152080446481705 0.22032447159290314 
v 0.5341268181800842 0.11152080446481705 -0.005369103047996759 
v 0.4947766959667206 0.11152080446481705 0.05998536944389343 
v 0.5072482824325562 0.11152080446481705 0.024891488254070282 
v 0.8790317177772522 0.11426272243261337 0.16337572038173676 
v 0.8480677008628845 0.11283692717552185 0.23860691487789154 
v 0.8717207908630371 0.11371433734893799 0.20519419014453888 
v 0.6936776041984558 0.11206918954849243 0.331279993057251 
v 0.7663570642471313 0.11239821463823318 0.30816423892974854 
v 0.7364681363105774 0.11228854209184647 0.3239249885082245 
v 0.8577439188957214 0.13367556035518646 0.24995464086532593 
v 0.8495728969573975 0.16142383217811584 0.21738247573375702 
v 0.8753762245178223 0.13367556035518646 0.21233904361724854 
v 0.8831172585487366 0.13367556035518646 0.16862930357456207 
v 0.8633346557617188 0.1617528647184372 0.14446285367012024 
v 0.8839773535728455 0.13367556035518646 0.12449926882982254 
v 0.8525832891464233 0.16098512709140778 0.07259394973516464 
v 0.8773114681243896 0.1338949054479599 0.08015909790992737 
v 0.8631196618080139 0.13422393798828125 0.037920355796813965 
v 0.8130181431770325 0.160436749458313 0.002406188054010272 
v 0.8407567143440247 0.13444329798221588 -0.0007459570188075304 
v 0.8147383332252502 0.1345529705286026 -0.02344140037894249 
v 0.7854945659637451 0.13444329798221588 -0.03920212760567665 
v 0.7536703944206238 0.13433361053466797 -0.05664399638772011 
v 0.6801308393478394 0.160436749458313 -0.06378885358572006 
v 0.7184057831764221 0.13499167561531067 -0.07513657957315445 
v 0.6777654886245728 0.135869100689888 -0.08501330018043518 
v 0.635189950466156 0.1364174783229828 -0.07576701045036316 
v 0.5947647094726562 0.1357594132423401 -0.05664399638772011 
v 0.551114022731781 0.16153351962566376 -0.00810096226632595 
v 0.5575648546218872 0.13444329798221588 -0.03731083869934082 
v 0.5253106355667114 0.13378523290157318 -0.015035681426525116 
v 0.5100436806678772 0.16142383217811584 0.037289924919605255 
v 0.49864718317985535 0.1338949054479599 0.014174195937812328 
v 0.4754241704940796 0.13411426544189453 0.051789794117212296 
v 0.4807998538017273 0.16087545454502106 0.11294140666723251 
v 0.4605872333049774 0.13422393798828125 0.09213724732398987 
v 0.4582219123840332 0.13411426544189453 0.13185428082942963 
v 0.46617797017097473 0.1338949054479599 0.1705205887556076 
v 0.5096136331558228 0.16131415963172913 0.23713591694831848 
v 0.4767143428325653 0.13378523290157318 0.21086804568767548 
v 0.49413159489631653 0.13367556035518646 0.2486937791109085 
v 0.5227303504943848 0.13367556035518646 0.27979496121406555 
v 0.5597151517868042 0.13367556035518646 0.30438166856765747 
v 0.6300293207168579 0.16153351962566376 0.3176206946372986 
v 0.5988502502441406 0.13367556035518646 0.325606107711792 
v 0.6375553011894226 0.13367556035518646 0.3398958444595337 
v 0.6749701499938965 0.16164319217205048 0.3169902563095093 
v 0.6758302450180054 0.13367556035518646 0.33800455927848816 
v 0.7153953909873962 0.13367556035518646 0.3249756991863251 
v 0.7575408816337585 0.13367556035518646 0.31278741359710693 
v 0.8007615208625793 0.16142383217811584 0.27748337388038635 
v 0.7977511286735535 0.13367556035518646 0.301649808883667 
v 0.8315105438232422 0.13367556035518646 0.2810558080673218 
v 0.7783986330032349 0.1696496158838272 0.2190636247396469 
v 0.7956008315086365 0.16910122334957123 0.05284050852060318 
v 0.6702395081520081 0.17326895892620087 0.0026163309812545776 
v 0.5590700507164001 0.17436572909355164 0.07889824360609055 
v 0.5515440702438354 0.16975928843021393 0.20057103037834167 
v 0.6403506398200989 0.16986896097660065 0.2606719434261322 
v 0.5253106355667114 0.13378523290157318 -0.015035681426525116 
v 0.5575648546218872 0.13444329798221588 -0.03731083869934082 
v 0.49864718317985535 0.1338949054479599 0.014174195937812328 
v 0.46617797017097473 0.1338949054479599 0.1705205887556076 
v 0.4754241704940796 0.13411426544189453 0.051789794117212296 
v 0.4582219123840332 0.13411426544189453 0.13185428082942963 
v 0.4605872333049774 0.13422393798828125 0.09213724732398987 
v 0.6777654886245728 0.135869100689888 -0.08501330018043518 
v 0.635189950466156 0.1364174783229828 -0.07576701045036316 
v 0.7184057831764221 0.13499167561531067 -0.07513657957315445 
v 0.7536703944206238 0.13433361053466797 -0.05664399638772011 
v 0.5947647094726562 0.1357594132423401 -0.05664399638772011 
v 0.7854945659637451 0.13444329798221588 -0.03920212760567665 
v 0.7153953909873962 0.13367556035518646 0.3249756991863251 
v 0.7575408816337585 0.13367556035518646 0.31278741359710693 
v 0.8773114681243896 0.1338949054479599 0.08015909790992737 
v 0.8839773535728455 0.13367556035518646 0.12449926882982254 
v 0.8831172585487366 0.13367556035518646 0.16862930357456207 
v 0.8753762245178223 0.13367556035518646 0.21233904361724854 
v 0.8577439188957214 0.13367556035518646 0.24995464086532593 
v 0.7977511286735535 0.13367556035518646 0.301649808883667 
v 0.8315105438232422 0.13367556035518646 0.2810558080673218 
v 0.5597151517868042 0.13367556035518646 0.30438166856765747 
v 0.4767143428325653 0.13378523290157318 0.21086804568767548 
v 0.5227303504943848 0.13367556035518646 0.27979496121406555 
v 0.49413159489631653 0.13367556035518646 0.2486937791109085 
v 0.8631196618080139 0.13422393798828125 0.037920355796813965 
v 0.8147383332252502 0.1345529705286026 -0.02344140037894249 
v 0.8407567143440247 0.13444329798221588 -0.0007459570188075304 
v 0.6375553011894226 0.13367556035518646 0.3398958444595337 
v 0.6758302450180054 0.13367556035518646 0.33800455927848816 
v 0.5988502502441406 0.13367556035518646 0.325606107711792 
v 0.6250836253166199 0.20233336091041565 0.15076714754104614 
v 0.6549725532531738 0.21395911276340485 0.1123109757900238 
v 0.6538974046707153 0.1766689419746399 0.11294140666723251 
v 0.6538974046707153 0.1766689419746399 0.11294140666723251 
v 0.7063642144203186 0.2116558998823166 0.15938301384449005 
v 0.6549725532531738 0.21395911276340485 0.1123109757900238 
v 0.7063642144203186 0.1766689419746399 0.15938301384449005 
v 0.7063642144203186 0.2116558998823166 0.15938301384449005 
v 0.6769053936004639 0.21001075208187103 0.19174502789974213 
v 0.6777654886245728 0.1766689419746399 0.1915348917245865 
v 0.6250836253166199 0.20233336091041565 0.15076714754104614 
v 0.6769053936004639 0.21001075208187103 0.19174502789974213 
v 0.6538974046707153 0.1766689419746399 0.11294140666723251 
v 0.7063642144203186 0.1766689419746399 0.15938301384449005 
v 0.6777654886245728 0.1766689419746399 0.1915348917245865 
v 0.7063642144203186 0.2116558998823166 0.15938301384449005 
v 0.6250836253166199 0.20233336091041565 0.15076714754104614 
v 0.6549725532531738 0.21395911276340485 0.1123109757900238 
vn -0.7967674732208252 -0.003775471355766058 -0.6042742133140564 
vn -0.7967674732208252 -0.003775471355766058 -0.6042742133140564 
vn -0.7967674732208252 -0.003775471355766058 -0.6042742133140564 
vn 0.6633741855621338 0 -0.7482877969741821 
vn 0.6633741855621338 0 -0.7482877969741821 
vn 0.6633741855621338 0 -0.7482877969741821 
vn 0.7466843724250793 0.015087442472577095 0.6650074124336243 
vn 0.7466843724250793 0.015087442472577095 0.6650074124336243 
vn 0.7466843724250793 0.015087442472577095 0.6650074124336243 
vn -0.5235733985900879 0.22706292569637299 0.8211658596992493 
vn -0.5235733985900879 0.22706292569637299 0.8211658596992493 
vn -0.5235733985900879 0.22706292569637299 0.8211658596992493 
vn 0.0377483032643795 -0.9992275834083557 -0.010923261754214764 
vn 0.0377483032643795 -0.9992275834083557 -0.010923261754214764 
vn 0.0377483032643795 -0.9992275834083557 -0.010923261754214764 
vn -0.10742265731096268 0.9931550621986389 -0.04586252197623253 
vn -0.10742265731096268 0.9931550621986389 -0.04586252197623253 
vn -0.10742265731096268 0.9931550621986389 -0.04586252197623253 
vn 0.637680172920227 0.7615882754325867 -0.11553031951189041 
vn 0.7354628443717957 0.5809938907623291 -0.34862664341926575 
vn 0.3212606608867645 0.8421804904937744 -0.43303996324539185 
vn 0.4302120506763458 0.41685187816619873 -0.8007197380065918 
vn 0.5463618636131287 0.08289723843336105 -0.8334367275238037 
vn 0.9347996115684509 0.06789036095142365 -0.34862664341926575 
vn 0.947381317615509 -0.14279475808143616 0.2864931523799896 
vn 0.9053167104721069 0.15026520192623138 0.3972681760787964 
vn 0.7150270938873291 0.5912282466888428 0.37307560443878174 
vn 0.3244518041610718 0.9447897672653198 -0.04586252197623253 
vn 0.22074425220489502 0.9283614158630371 -0.2990269064903259 
vn 0.4182159900665283 0.5711284875869751 -0.7063339352607727 
vn 0.29823657870292664 -0.09690293669700623 -0.949560284614563 
vn 0.3533335328102112 -0.12592333555221558 -0.926983654499054 
vn 0.680173397064209 -0.29400789737701416 -0.6715083718299866 
vn 0.8977147936820984 -0.4377047121524811 -0.05022686347365379 
vn 0.7397170066833496 -0.4517510235309601 0.4987381398677826 
vn 0.8571687936782837 -0.11284841597080231 0.5025205612182617 
vn 0.7675713896751404 0.3021179139614105 0.5652954578399658 
vn 0.3370349109172821 0.8420263528823853 0.42118772864341736 
vn 0.531764805316925 0.27581533789634705 0.8007197380065918 
vn 0.7199623584747314 -0.06771589070558548 0.6907016038894653 
vn 0.08295941352844238 0.9963589906692505 0.01966099627315998 
vn 0.0961468294262886 0.9846231937408447 -0.1458524912595749 
vn 0.23688513040542603 0.8268783688545227 -0.5100564956665039 
vn 0.3244748115539551 0.25910547375679016 -0.9097144603729248 
vn 0.22009557485580444 -0.42405056953430176 -0.8784868121147156 
vn 0.3311843276023865 -0.04518869146704674 -0.9424833655357361 
vn 0.18882465362548828 0.3472428023815155 -0.9185682535171509 
vn 0.10291276127099991 -0.43877077102661133 -0.8926864862442017 
vn 0.06663959473371506 0.049349844455718994 -0.9965559244155884 
vn 0.05852527543902397 -0.5640681982040405 -0.8236515522003174 
vn 0.43781766295433044 0.3311821222305298 -0.8358433246612549 
vn 0.47682300209999084 -0.5062188506126404 -0.7185974717140198 
vn 0.6579289436340332 -0.21536211669445038 -0.7216291427612305 
vn 0.56000816822052 0.4852498173713684 -0.6715083718299866 
vn 0.6823854446411133 -0.0226538497954607 -0.7306414246559143 
vn 0.5348944067955017 -0.6707363724708557 -0.5138099193572998 
vn 0.6852806210517883 -0.030235351994633675 -0.7276512384414673 
vn 0.35212716460227966 -0.5142390131950378 -0.7820260524749756 
vn -0.032078817486763 0.4689757227897644 -0.882628321647644 
vn -0.2107905000448227 -0.5607274174690247 -0.8007197380065918 
vn -0.6534978747367859 -0.0037809337954968214 -0.7569189071655273 
vn -0.08489125221967697 -0.8992602229118347 -0.42909738421440125 
vn 0.3473837673664093 0.8102726340293884 -0.4719987213611603 
vn 0.09049598127603531 0.952532172203064 -0.29067665338516235 
vn 0.10358380526304245 0.8627274632453918 -0.4949462115764618 
vn 0.05471991002559662 0.9659607410430908 -0.25283506512641907 
vn -0.0056658340618014336 0.9967186450958252 -0.08074574917554855 
vn -0.0075516714714467525 0.9999499917030334 -0.006554040592163801 
vn 0.07732749730348587 0.9933671951293945 0.08510008454322815 
vn 0.1315314918756485 0.8859100341796875 0.44481781125068665 
vn 0.37131646275520325 0.33011725544929504 0.8678402304649353 
vn 0.42115721106529236 -0.27066129446029663 0.865661084651947 
vn 0.3813028335571289 -0.10411759465932846 0.9185682535171509 
vn 0.596290647983551 0.14189721643924713 0.790128231048584 
vn 0.43926700949668884 0.5629165172576904 0.7001210451126099 
vn 0.10547588765621185 0.931307852268219 0.34862664341926575 
vn 0.44023406505584717 0.8203675150871277 0.3649536371231079 
vn 0.6717692613601685 0.42846086621284485 0.6042742133140564 
vn 0.7271699905395508 0.14247924089431763 0.6715083718299866 
vn 0.6485565900802612 0.4143563508987427 0.6385006904602051 
vn 0.6887485980987549 0.022625913843512535 0.7246471047401428 
vn 0.5845174193382263 -0.022588886320590973 0.8110666871070862 
vn 0.42052844166755676 -0.5255986452102661 0.7395281791687012 
vn 0.3873356282711029 -0.12585297226905823 0.913308322429657 
vn 0.45409634709358215 0.43676865100860596 0.7765498161315918 
vn 0.4455050528049469 0.7791869044303894 0.4409002661705017 
vn 0.3884274661540985 0.8687102198600769 0.30735430121421814 
vn 0.05847683921456337 0.9967950582504272 0.05459024757146835 
vn 0.0810367539525032 0.9899927973747253 -0.11553031951189041 
vn 0.09985422343015671 0.9909729361534119 0.08945280313491821 
vn 0.14477002620697021 0.9659126996994019 0.21460255980491638 
vn 0.2935313284397125 0.5536587834358215 0.7792953848838806 
vn 0.39332279562950134 0.24301448464393616 0.8867024183273315 
vn 0.5359758734703064 -0.14881296455860138 0.8310141563415527 
vn 0.7950828075408936 -0.10530871152877808 0.5972883701324463 
vn 0.8140165209770203 0.35912024974823 0.456519216299057 
vn 0.9229975342750549 0.05277891084551811 0.3811691105365753 
vn 0.28720563650131226 0.8399658203125 0.46040233969688416 
vn 0.0640915185213089 0.9946720004081726 0.08074574917554855 
vn 0.30777987837791443 0.9228297472000122 0.23163928091526031 
vn 0.5263135433197021 0.8411699533462524 0.1242060661315918 
vn 0.7160350680351257 0.5975431799888611 0.36088213324546814 
vn 0.7807527780532837 0.2810482084751129 0.5580654144287109 
vn 0.6921156644821167 0.015075835399329662 0.7216291427612305 
vn 0.4471173882484436 0.5243782997131348 0.7246471047401428 
vn 0.4911597669124603 -0.07493604719638824 0.8678402304649353 
vn 0.19873960316181183 0.23717303574085236 0.9509214162826538 
vn -0.21411758661270142 0.06996472179889679 0.9742990136146545 
vn 0.2327449768781662 -0.08115652203559875 0.9691457152366638 
vn -0.24740198254585266 -0.33348435163497925 0.9097144603729248 
vn -0.6459795832633972 -0.03391728177666664 0.762600839138031 
vn -0.7782502770423889 -0.3269553482532501 0.5361219048500061 
vn -0.989773154258728 0.12047266215085983 -0.0763898640871048 
vn -0.8152669668197632 -0.4213285744190216 0.3972681760787964 
vn -0.3279969394207001 -0.5379483103752136 0.7765498161315918 
vn -0.5032263398170471 -0.337662011384964 0.7954543828964233 
vn 0.6038842797279358 -0.6691787242889404 0.43303996324539185 
vn -0.9722343683242798 0.1541779488325119 -0.1760382205247879 
vn -0.8794488310813904 0.24964772164821625 0.405272513628006 
vn -0.5048763751983643 0.47824427485466003 0.7185974717140198 
vn 0.04332616925239563 0.645416796207428 0.762600839138031 
vn -0.09973316639661789 0.8382282257080078 0.5361219048500061 
vn 0.17439773678779602 0.9407935738563538 0.29067665338516235 
vn -0.28622326254844666 0.929741621017456 0.23163928091526031 
vn -0.7274280190467834 0.6235143542289734 0.2864931523799896 
vn -0.007551383227109909 0.9999118447303772 0.010923261754214764 
vn 0.007551383227109909 0.9999118447303772 -0.010923261754214764 
vn 0.022651128470897675 0.9996264576911926 0.0152922747656703 
vn -1.0341130485562108e-13 0.999997615814209 -0.002184694167226553 
vn 0.09800568222999573 0.995068371295929 -0.0152922747656703 
vn 0.05844666808843613 0.9962807297706604 0.0633138045668602 
vn -0.11298195272684097 0.9882959127426147 -0.10250037163496017 
vn -0.0829736664891243 0.9965301752090454 0.006554040592163801 
vn -0.14478351175785065 0.9877055883407593 0.058952588587999344 
vn -0.39967596530914307 0.908202588558197 0.1242060661315918 
vn -0.3842308521270752 0.9165171384811401 0.1111890971660614 
vn -0.3717178404331207 0.914661705493927 -0.15880759060382843 
vn -0.3007989823818207 0.9159870147705078 -0.26549527049064636 
vn -0.5157414078712463 0.6623008251190186 -0.5434780716896057 
vn -0.44260191917419434 0.015119735151529312 -0.8965907096862793 
vn -0.5925969481468201 -0.10896676778793335 -0.7980946898460388 
vn -0.6716361045837402 0.6849885582923889 -0.28230419754981995 
vn -0.4060576558113098 0.47281333804130554 -0.7820260524749756 
vn -0.7911533117294312 0.1316169947385788 -0.5972883701324463 
vn -0.9829912781715393 0.07546868920326233 -0.16742929816246033 
vn -0.6551596522331238 -0.6765061616897583 -0.3363112509250641 
vn -0.875939667224884 -0.2421911358833313 0.417220801115036 
vn -0.6952763199806213 0.27268290519714355 0.6650074124336243 
vn -0.5074154138565063 0.7080299258232117 0.4911448359489441 
vn -0.6551088690757751 0.6191193461418152 0.43303996324539185 
vn -0.5501804351806641 -0.5835649371147156 -0.5972883701324463 
vn -0.8612489104270935 -0.2457384616136551 0.44481781125068665 
vn -0.5502233505249023 -0.8022452592849731 0.23163928091526031 
vn -0.8801437020301819 -0.4094923138618469 0.2401314377784729 
vn -0.9662233591079712 0.2208106964826584 0.1328723281621933 
vn -0.997416079044342 0.033949654549360275 -0.0633138045668602 
vn -0.9701550602912903 0.07171089947223663 -0.23163928091526031 
vn -0.8230164647102356 0.16515271365642548 -0.5434780716896057 
vn -0.812961995601654 0.36636221408843994 -0.45262736082077026 
vn -0.9857683181762695 -0.015107926912605762 -0.16742929816246033 
vn -0.9682300686836243 -0.11288859695196152 0.22312943637371063 
vn -0.6129758358001709 0.14570847153663635 0.7765498161315918 
vn 0.41596075892448425 0.25755199790000916 0.872148871421814 
vn 0.40164878964424133 0.06742493063211441 0.913308322429657 
vn -0.24110010266304016 -0.11610768735408783 0.9635298252105713 
vn -0.7754274010658264 -0.37222933769226074 0.5100564956665039 
vn -0.9354488849639893 -0.13155338168144226 0.3280687630176544 
vn -0.9108988642692566 -0.3859926462173462 -0.1458524912595749 
vn -0.980231761932373 0.1913711428642273 -0.05022686347365379 
vn -0.974440336227417 0.12797024846076965 -0.18463370203971863 
vn -0.9342328906059265 -0.1579115092754364 -0.3198012113571167 
vn -0.8894463181495667 -0.08677223324775696 -0.4487268626689911 
vn -0.4682368040084839 -0.04149198904633522 -0.882628321647644 
vn -0.7928159236907959 -0.16491666436195374 -0.5867242813110352 
vn -0.9706932306289673 0.17648373544216156 -0.16312000155448914 
vn -0.6477138996124268 0.3775840997695923 0.661737859249115 
vn -0.9107006192207336 0.0979967713356018 -0.401274174451828 
vn -0.8911350965499878 0.40640178322792053 0.2017817199230194 
vn -0.8320592641830444 0.33138272166252136 0.44481781125068665 
vn -0.7995924353599548 0.28478431701660156 0.528724730014801 
vn -0.4318380057811737 0.4398297667503357 0.7874425053596497 
vn -0.15063714981079102 0.25589582324028015 0.9548956751823425 
vn 0.21943815052509308 0.35251447558403015 0.9097144603729248 
vn -0.1892450749874115 0.33782505989074707 0.9219872951507568 
vn 0.3535071611404419 0.6273741722106934 0.6938546895980835 
vn 0.6443270444869995 0.12744346261024475 0.7540562748908997 
vn 0.2560526728630066 0.2148537039756775 0.9424833655357361 
vn 0.8558678030967712 -0.15006178617477417 0.4949462115764618 
vn -0.2997281849384308 0.13838347792625427 0.9439348578453064 
vn 0.22844865918159485 -0.16225770115852356 0.9599394202232361 
vn 0.37002038955688477 -0.4484594464302063 0.8136147856712341 
vn 0.9752732515335083 -0.21707160770893097 0.04149730131030083 
vn -0.6478453874588013 0.29284459352493286 0.7032341957092285 
vn -0.6772229075431824 0.12749773263931274 0.7246471047401428 
vn -0.4597267210483551 0.8868753910064697 -0.04586252197623253 
vn -0.08860836178064346 0.8912270665168762 -0.44481781125068665 
vn -0.24662651121616364 0.9690490365028381 -0.010923261754214764 
vn -0.5488434433937073 0.6951388716697693 0.4642767012119293 
vn -0.454511433839798 0.8475804328918457 0.27391019463539124 
vn -0.8421708941459656 0.5000323057174683 -0.2017817199230194 
vn -0.40072566270828247 0.860103964805603 -0.31565824151039124 
vn -0.9362021684646606 -0.19127526879310608 -0.2948545813560486 
vn -0.6296130418777466 -0.7402327060699463 -0.23588760197162628 
vn 0.25642135739326477 -0.7891837954521179 -0.5580654144287109 
vn -0.06379073113203049 -0.4965497851371765 0.865661084651947 
vn 0.48820000886917114 -0.8103856444358826 0.3239381015300751 
vn -0.21927562355995178 -0.7139211297035217 0.6650074124336243 
vn -0.752938449382782 -0.5246538519859314 0.3972681760787964 
vn -0.8799470663070679 0.2605209946632385 0.3972681760787964 
vn -0.005659331101924181 -0.9955745935440063 0.09380380809307098 
vn 0.3719562888145447 -0.9251016974449158 -0.0763898640871048 
vn 0.19132031500339508 -0.9400536417961121 -0.28230419754981995 
vn -0.834324836730957 -0.4962247312068939 -0.2401314377784729 
vn -0.8808696269989014 0.43018871545791626 -0.1975002884864807 
vn -0.754285454750061 0.6542731523513794 -0.05459024757146835 
vn -0.43084102869033813 0.9021078944206238 -0.024029340595006943 
vn -0.34020790457725525 0.939616858959198 -0.03713129088282585 
vn -0.03019949607551098 0.9994269013404846 0.0152922747656703 
vn 0.10172048956155777 0.9918757677078247 -0.0763898640871048 
vn 0.15237528085708618 0.9656820297241211 -0.2103329300880432 
vn 0.005661047529429197 0.9502262473106384 -0.31150925159454346 
vn 0.12801159918308258 0.9578794836997986 -0.25706008076667786 
vn 0.00943414680659771 0.9717345237731934 -0.23588760197162628 
vn -0.0979495495557785 0.9944984316825867 -0.03713129088282585 
vn -0.5112754702568054 0.8402830958366394 0.18033768236637115 
vn -0.836871325969696 0.24930280447006226 0.48733407258987427 
vn -0.7737082242965698 0.2557537853717804 0.5796254277229309 
vn -0.45547327399253845 -0.7134872674942017 0.5324283838272095 
vn -0.6310415863990784 -0.3469180464744568 0.6938546895980835 
vn -0.1554599106311798 -0.7537566423416138 0.6385006904602051 
vn -0.378397136926651 -0.38238951563835144 0.8429672718048096 
vn -0.8758797645568848 0.4541216194629669 0.16312000155448914 
vn -0.6766973733901978 0.7233645915985107 0.1372016966342926 
vn -0.3668256402015686 0.9213665723800659 -0.12854042649269104 
vn -0.14113423228263855 0.9816101789474487 -0.12854042649269104 
vn -0.23962940275669098 0.3999125361442566 -0.8846737742424011 
vn -0.020770246163010597 0.8953801989555359 -0.44481781125068665 
vn -0.12235734611749649 0.875140905380249 -0.46814218163490295 
vn -0.7728132009506226 0.2812810242176056 -0.5688942670822144 
vn -0.808027982711792 0.2673092484474182 -0.5250110030174255 
vn -0.662868320941925 -0.5934608578681946 -0.456519216299057 
vn -0.12429378181695938 0.8789657354354858 -0.46040233969688416 
vn -0.03587999939918518 -0.5293632745742798 -0.8476362228393555 
vn 0.270274817943573 0.25422030687332153 -0.9286137819290161 
vn 0.3177410066127777 -0.45213261246681213 -0.8334367275238037 
vn 0.25092780590057373 0.04509785398840904 -0.9669547080993652 
vn -0.13130496442317963 0.609257161617279 -0.7820260524749756 
vn -0.7199440598487854 0.5454869270324707 -0.42909738421440125 
vn -0.7860126495361328 -0.011310695670545101 0.6181069612503052 
vn -0.831308901309967 -0.5554628372192383 0.01966099627315998 
vn 0.009421974420547485 -0.7833291292190552 0.6215357780456543 
vn 0.34811487793922424 -0.8564614057540894 -0.3811691105365753 
vn 0.4739491045475006 -0.609901487827301 -0.6351318359375 
vn -0.44328632950782776 -0.2326546162366867 -0.865661084651947 
vn -0.04280823469161987 0.02181188575923443 -0.9988451600074768 
vn -0.8372264504432678 -0.18721964955329895 -0.5138099193572998 
vn -0.868912935256958 -0.4842354655265808 -0.10250037163496017 
vn -0.7629310488700867 -0.6456490755081177 0.03276457265019417 
vn -0.6564778089523315 -0.620413064956665 -0.42909738421440125 
vn -0.7389038801193237 -0.3881344497203827 0.5507928133010864 
vn -0.34943222999572754 0.8559247851371765 0.3811691105365753 
vn -0.5330544710159302 -0.400322824716568 0.7453821301460266 
vn -0.4154605269432068 -0.41679179668426514 0.8085030317306519 
vn -0.18156947195529938 0.8584492206573486 0.4796847105026245 
vn -0.23233838379383087 -0.4174683690071106 0.8784868121147156 
vn -0.02073371410369873 0.8553996086120605 0.5175535082817078 
vn -0.12409966439008713 -0.40869712829589844 0.9041935205459595 
vn 0.10234043002128601 -0.3734513521194458 0.9219872951507568 
vn 0.2367352545261383 0.8555618524551392 0.46040233969688416 
vn 0.2782229483127594 -0.36438894271850586 0.888714075088501 
vn 0.5579761266708374 -0.37651121616363525 0.7395281791687012 
vn 0.6205211877822876 -0.3995996117591858 0.67473965883255 
vn 0.6352822184562683 -0.3870909512042999 0.6682642698287964 
vn 0.48512259125709534 0.8528329133987427 0.19321508705615997 
vn 0.6892402172088623 -0.3486481010913849 0.6351318359375 
vn 0.8863149285316467 -0.36048993468284607 0.29067665338516235 
vn 0.9526973962783813 -0.29725250601768494 -0.0633138045668602 
vn 0.9308037161827087 -0.35440462827682495 -0.08945280313491821 
vn 0.5034265518188477 0.8467990756034851 -0.17173540592193604 
vn 0.8835986852645874 -0.430306613445282 -0.18463370203971863 
vn 0.8138758540153503 -0.448811411857605 -0.3690181374549866 
vn 0.41724225878715515 0.8459057807922363 -0.33219319581985474 
vn 0.7644791007041931 -0.4130375385284424 -0.4949462115764618 
vn 0.6292707324028015 -0.37421196699142456 -0.681163489818573 
vn 0.20575234293937683 0.8529762625694275 -0.4796847105026245 
vn 0.5114962458610535 -0.367888480424881 -0.7765498161315918 
vn 0.22489944100379944 -0.3769444227218628 -0.8985171914100647 
vn 0.11740358918905258 -0.3858063817024231 -0.9150791168212891 
vn -0.12793894112110138 0.8367506265640259 -0.5324283838272095 
vn 0.04899436607956886 -0.4083266258239746 -0.9115201234817505 
vn -0.20996753871440887 -0.4291556775569916 -0.8784868121147156 
vn -0.5051932334899902 -0.37078094482421875 -0.7792953848838806 
vn -0.5669958591461182 -0.3745940923690796 -0.7336177229881287 
vn -0.4478544592857361 0.841130256652832 -0.30319350957870483 
vn -0.636803150177002 -0.4272012412548065 -0.641857385635376 
vn -0.820030927658081 -0.40807873010635376 -0.401274174451828 
vn -0.526762843132019 0.8469546437263489 -0.07203252613544464 
vn -0.8981232047080994 -0.42053788900375366 -0.12854042649269104 
vn -0.8817508220672607 -0.47130560874938965 -0.01966099627315998 
vn -0.892269492149353 -0.45124414563179016 -0.0152922747656703 
vn -0.5217816829681396 0.8433393239974976 0.12854042649269104 
vn -0.90854811668396 -0.4135999381542206 0.058952588587999344 
vn -0.8340810537338257 -0.3909042179584503 0.3892335295677185 
vn -0.075382299721241 0.9962908625602722 0.04149730131030083 
vn 0.020751887932419777 0.9930871725082397 0.11553031951189041 
vn 0.10545703768730164 0.993730366230011 0.03713129088282585 
vn 0.07164404541254044 0.9945007562637329 -0.0763898640871048 
vn -0.01697922684252262 0.9931588172912598 -0.11553031951189041 
vn -0.07734115421772003 0.9959492683410645 -0.04586252197623253 
vn 0.8138758540153503 -0.448811411857605 -0.3690181374549866 
vn 0.8835986852645874 -0.430306613445282 -0.18463370203971863 
vn 0.7644791007041931 -0.4130375385284424 -0.4949462115764618 
vn 0.11740358918905258 -0.3858063817024231 -0.9150791168212891 
vn 0.6292707324028015 -0.37421196699142456 -0.681163489818573 
vn 0.22489944100379944 -0.3769444227218628 -0.8985171914100647 
vn 0.5114962458610535 -0.367888480424881 -0.7765498161315918 
vn -0.20996753871440887 -0.4291556775569916 -0.8784868121147156 
vn -0.5051932334899902 -0.37078094482421875 -0.7792953848838806 
vn 0.04899436607956886 -0.4083266258239746 -0.9115201234817505 
vn -0.5669958591461182 -0.3745940923690796 -0.7336177229881287 
vn -0.8817508220672607 -0.47130560874938965 -0.01966099627315998 
vn -0.892269492149353 -0.45124414563179016 -0.0152922747656703 
vn 0.9308037161827087 -0.35440462827682495 -0.08945280313491821 
vn 0.6205211877822876 -0.3995996117591858 0.67473965883255 
vn 0.6352822184562683 -0.3870909512042999 0.6682642698287964 
vn 0.9526973962783813 -0.29725250601768494 -0.0633138045668602 
vn 0.6892402172088623 -0.3486481010913849 0.6351318359375 
vn 0.8863149285316467 -0.36048993468284607 0.29067665338516235 
vn -0.636803150177002 -0.4272012412548065 -0.641857385635376 
vn -0.8981232047080994 -0.42053788900375366 -0.12854042649269104 
vn -0.820030927658081 -0.40807873010635376 -0.401274174451828 
vn 0.2782229483127594 -0.36438894271850586 0.888714075088501 
vn 0.5579761266708374 -0.37651121616363525 0.7395281791687012 
vn 0.10234043002128601 -0.3734513521194458 0.9219872951507568 
vn -0.12409966439008713 -0.40869712829589844 0.9041935205459595 
vn -0.23233838379383087 -0.4174683690071106 0.8784868121147156 
vn -0.4154605269432068 -0.41679179668426514 0.8085030317306519 
vn -0.5330544710159302 -0.400322824716568 0.7453821301460266 
vn -0.7389038801193237 -0.3881344497203827 0.5507928133010864 
vn -0.90854811668396 -0.4135999381542206 0.058952588587999344 
vn -0.8340810537338257 -0.3909042179584503 0.3892335295677185 
vn -0.9235069751739502 -0.3825291097164154 0.028397228568792343 
vn -0.8597263693809509 -0.3948856294155121 0.3239381015300751 
vn -0.4988289177417755 0.8589659333229065 0.11553031951189041 
vn -0.7921124696731567 -0.41376572847366333 0.4487268626689911 
vn -0.4125727713108063 0.8604456186294556 0.2990269064903259 
vn -0.6715115904808044 -0.41891491413116455 0.6112139225006104 
vn -0.2997063398361206 0.8540647029876709 0.42514660954475403 
vn -0.5913218855857849 -0.41097941994667053 0.6938546895980835 
vn -0.40897873044013977 -0.37703028321266174 0.8310141563415527 
vn -0.05088111758232117 0.8495731353759766 0.5250110030174255 
vn -0.2530810832977295 -0.36817991733551025 0.8946471214294434 
vn 0.05060185119509697 -0.3879588842391968 0.9202865362167358 
vn 0.1276913434267044 -0.40758925676345825 0.9041935205459595 
vn 0.16475816071033478 -0.3854708969593048 0.9078915119171143 
vn 0.2924968898296356 0.8465120792388916 0.44481781125068665 
vn 0.2130194902420044 -0.3564298748970032 0.9097144603729248 
vn 0.5548113584518433 -0.36958056688308716 0.7453821301460266 
vn 0.8074484467506409 -0.3028101921081543 0.5062933564186096 
vn 0.8051761984825134 -0.35903826355934143 0.4719987213611603 
vn 0.5134860873222351 0.8440759181976318 0.15449213981628418 
vn 0.824842631816864 -0.4283226430416107 0.3690181374549866 
vn 0.879476010799408 -0.4438794255256653 0.17173540592193604 
vn 0.5298382639884949 0.8472855091094971 -0.03713129088282585 
vn 0.9114102721214294 -0.41019245982170105 0.03276457265019417 
vn 0.9065611958503723 -0.3683563470840454 -0.2060592919588089 
vn 0.4314233660697937 0.8554505109786987 -0.2864931523799896 
vn 0.8572225570678711 -0.3673330247402191 -0.36088213324546814 
vn 0.6778276562690735 -0.3760857582092285 -0.6317508816719055 
vn 0.5936428308486938 -0.38559117913246155 -0.7063339352607727 
vn 0.17619659006595612 0.8349936604499817 -0.5212872624397278 
vn 0.5315536260604858 -0.40767702460289 -0.7424622178077698 
vn 0.2954564094543457 -0.43623000383377075 -0.8499464392662048 
vn 0.005671835970133543 -0.3791060149669647 -0.9253358840942383 
vn -0.06586884707212448 -0.38566040992736816 -0.9202865362167358 
vn -0.19825437664985657 0.834682285785675 -0.5138099193572998 
vn -0.1647759974002838 -0.43612056970596313 -0.8846737742424011 
vn -0.4442393183708191 -0.4121938645839691 -0.7954543828964233 
vn -0.386408269405365 0.8452894687652588 -0.3690181374549866 
vn -0.6546844244003296 -0.4252321422100067 -0.6249527335166931 
vn -0.7038182616233826 -0.4702763259410858 -0.5324283838272095 
vn -0.7161561250686646 -0.4512653350830078 -0.5324283838272095 
vn -0.4984081983566284 0.8431330919265747 -0.2017817199230194 
vn -0.7703580856323242 -0.4200606644153595 -0.4796847105026245 
vn -0.908036470413208 -0.3858259618282318 -0.16312000155448914 
vn -0.0829704999923706 0.9964921474456787 -0.010923261754214764 
vn -0.04717260226607323 0.9926790595054626 0.1111890971660614 
vn 0.062212418764829636 0.9936450123786926 0.09380380809307098 
vn 0.09798883646726608 0.9948973655700684 -0.024029340595006943 
vn 0.04340129718184471 0.9928510785102844 -0.1111890971660614 
vn -0.03586301580071449 0.9957267642021179 -0.08510008454322815 
vn 0.2954564094543457 -0.43623000383377075 -0.8499464392662048 
vn 0.5315536260604858 -0.40767702460289 -0.7424622178077698 
vn 0.005671835970133543 -0.3791060149669647 -0.9253358840942383 
vn -0.06586884707212448 -0.38566040992736816 -0.9202865362167358 
vn 0.5936428308486938 -0.38559117913246155 -0.7063339352607727 
vn 0.824842631816864 -0.4283226430416107 0.3690181374549866 
vn 0.9114102721214294 -0.41019245982170105 0.03276457265019417 
vn 0.879476010799408 -0.4438794255256653 0.17173540592193604 
vn -0.4442393183708191 -0.4121938645839691 -0.7954543828964233 
vn -0.6546844244003296 -0.4252321422100067 -0.6249527335166931 
vn -0.1647759974002838 -0.43612056970596313 -0.8846737742424011 
vn -0.7038182616233826 -0.4702763259410858 -0.5324283838272095 
vn 0.8051761984825134 -0.35903826355934143 0.4719987213611603 
vn 0.16475816071033478 -0.3854708969593048 0.9078915119171143 
vn 0.8074484467506409 -0.3028101921081543 0.5062933564186096 
vn 0.2130194902420044 -0.3564298748970032 0.9097144603729248 
vn 0.5548113584518433 -0.36958056688308716 0.7453821301460266 
vn 0.9065611958503723 -0.3683563470840454 -0.2060592919588089 
vn 0.6778276562690735 -0.3760857582092285 -0.6317508816719055 
vn 0.8572225570678711 -0.3673330247402191 -0.36088213324546814 
vn 0.1276913434267044 -0.40758925676345825 0.9041935205459595 
vn -0.7161561250686646 -0.4512653350830078 -0.5324283838272095 
vn -0.5913218855857849 -0.41097941994667053 0.6938546895980835 
vn -0.6715115904808044 -0.41891491413116455 0.6112139225006104 
vn -0.7921124696731567 -0.41376572847366333 0.4487268626689911 
vn -0.8597263693809509 -0.3948856294155121 0.3239381015300751 
vn -0.9235069751739502 -0.3825291097164154 0.028397228568792343 
vn -0.7703580856323242 -0.4200606644153595 -0.4796847105026245 
vn -0.908036470413208 -0.3858259618282318 -0.16312000155448914 
vn -0.40897873044013977 -0.37703028321266174 0.8310141563415527 
vn 0.05060185119509697 -0.3879588842391968 0.9202865362167358 
vn -0.2530810832977295 -0.36817991733551025 0.8946471214294434 
vn -0.16475816071033478 -0.3854708969593048 0.9078915119171143 
vn -8.913949764953466e-14 0.8601409196853638 0.5100564956665039 
vn 0.10958728194236755 -0.4005123972892761 0.9097144603729248 
vn 0.222678542137146 -0.4183513820171356 0.8805659413337708 
vn 0.1778784841299057 0.8592216372489929 0.4796847105026245 
vn 0.40458303689956665 -0.41257238388061523 0.8161473870277405 
vn 0.3087433874607086 0.8623552322387695 0.401274174451828 
vn 0.4968019127845764 -0.40375614166259766 0.7682244777679443 
vn 0.6823062300682068 -0.3620299994945526 0.6351318359375 
vn 0.46058526635169983 0.8682002425193787 0.18463370203971863 
vn 0.7946169972419739 -0.3515850901603699 0.4949462115764618 
vn 0.9140133857727051 -0.3612339496612549 0.18463370203971863 
vn 0.919633150100708 -0.38245657086372375 0.08945280313491821 
vn 0.9270878434181213 -0.36868467926979065 0.06767380982637405 
vn 0.46417877078056335 0.8644107580184937 -0.19321508705615997 
vn 0.9452975392341614 -0.32620200514793396 -0.002184694167226553 
vn 0.8462225794792175 -0.34592127799987793 -0.405272513628006 
vn 0.6342139840126038 -0.2928445637226105 -0.715552031993866 
vn 0.6066181063652039 -0.34004735946655273 -0.7185974717140198 
vn 0.23690418899059296 0.8513044714927673 -0.46814218163490295 
vn 0.49861741065979004 -0.41729438304901123 -0.7597671151161194 
vn 0.328789621591568 -0.44867897033691406 -0.8310141563415527 
vn 0.20738168060779572 -0.4045129120349884 -0.8907088041305542 
vn 0.07165995240211487 0.8503672480583191 -0.5212872624397278 
vn -0.0018906746990978718 -0.37914374470710754 -0.9253358840942383 
vn -0.1615452617406845 0.8581425547599792 -0.48733407258987427 
vn -0.1407063901424408 -0.369369775056839 -0.9185682535171509 
vn -0.4198448061943054 -0.37039512395858765 -0.8285757899284363 
vn -0.5025274753570557 -0.380048006772995 -0.7765498161315918 
vn -0.4308968782424927 0.846929669380188 -0.31150925159454346 
vn -0.5593536496162415 -0.39704811573028564 -0.7276512384414673 
vn -0.7382038235664368 -0.4189334213733673 -0.528724730014801 
vn -0.9043156504631042 -0.34699946641921997 -0.24860523641109467 
vn -0.919258713722229 -0.3542179763317108 -0.17173540592193604 
vn -0.5135359764099121 0.8542604446411133 0.08074574917554855 
vn -0.9122767448425293 -0.40699854493141174 -0.04586252197623253 
vn -0.8785252571105957 -0.3883919417858124 0.2781098484992981 
vn -0.41059407591819763 0.8569565415382385 0.31150925159454346 
vn -0.7334739565849304 -0.40822479128837585 0.5434780716896057 
vn -0.643420934677124 -0.4562837481498718 0.6146662831306458 
vn -0.6446085572242737 -0.4403564929962158 0.6249527335166931 
vn -0.2747229337692261 0.8503949046134949 0.4487268626689911 
vn -0.6062644720077515 -0.4050929546356201 0.6843559741973877 
vn -0.3260079026222229 -0.3898228406906128 0.8612531423568726 
vn -0.026405755430459976 0.9963849186897278 0.08074574917554855 
vn 0.08672039955854416 0.9936251044273376 0.07203252613544464 
vn 0.09615213423967361 0.9943094849586487 -0.04586252197623253 
vn -1.0286687951097107e-13 0.9947329759597778 -0.10250037163496017 
vn -0.08672039955854416 0.9936251044273376 -0.07203252613544464 
vn -0.08295941352844238 0.9963589906692505 0.01966099627315998 
vn -0.3260079026222229 -0.3898228406906128 0.8612531423568726 
vn -0.6062644720077515 -0.4050929546356201 0.6843559741973877 
vn -0.16475816071033478 -0.3854708969593048 0.9078915119171143 
vn -0.6446085572242737 -0.4403564929962158 0.6249527335166931 
vn 0.10958728194236755 -0.4005123972892761 0.9097144603729248 
vn 0.222678542137146 -0.4183513820171356 0.8805659413337708 
vn 0.20738168060779572 -0.4045129120349884 -0.8907088041305542 
vn 0.49861741065979004 -0.41729438304901123 -0.7597671151161194 
vn 0.328789621591568 -0.44867897033691406 -0.8310141563415527 
vn 0.40458303689956665 -0.41257238388061523 0.8161473870277405 
vn 0.6066181063652039 -0.34004735946655273 -0.7185974717140198 
vn 0.4968019127845764 -0.40375614166259766 0.7682244777679443 
vn 0.919633150100708 -0.38245657086372375 0.08945280313491821 
vn 0.6823062300682068 -0.3620299994945526 0.6351318359375 
vn 0.9140133857727051 -0.3612339496612549 0.18463370203971863 
vn 0.7946169972419739 -0.3515850901603699 0.4949462115764618 
vn 0.9270878434181213 -0.36868467926979065 0.06767380982637405 
vn 0.6342139840126038 -0.2928445637226105 -0.715552031993866 
vn 0.9452975392341614 -0.32620200514793396 -0.002184694167226553 
vn 0.8462225794792175 -0.34592127799987793 -0.405272513628006 
vn -0.0018906746990978718 -0.37914374470710754 -0.9253358840942383 
vn -0.5025274753570557 -0.380048006772995 -0.7765498161315918 
vn -0.4198448061943054 -0.37039512395858765 -0.8285757899284363 
vn -0.1407063901424408 -0.369369775056839 -0.9185682535171509 
vn -0.643420934677124 -0.4562837481498718 0.6146662831306458 
vn -0.5593536496162415 -0.39704811573028564 -0.7276512384414673 
vn -0.919258713722229 -0.3542179763317108 -0.17173540592193604 
vn -0.9043156504631042 -0.34699946641921997 -0.24860523641109467 
vn -0.7382038235664368 -0.4189334213733673 -0.528724730014801 
vn -0.9122767448425293 -0.40699854493141174 -0.04586252197623253 
vn -0.7334739565849304 -0.40822479128837585 0.5434780716896057 
vn -0.8785252571105957 -0.3883919417858124 0.2781098484992981 
vn 0.19708453118801117 -0.3789350390434265 0.9041935205459595 
vn 0.20547689497470856 0.8615255951881409 0.4642767012119293 
vn 0.47271838784217834 -0.3955649435520172 0.7874425053596497 
vn 0.5804528594017029 -0.41053152084350586 0.7032341957092285 
vn 0.36548352241516113 0.861400842666626 0.3527185618877411 
vn 0.7235429883003235 -0.41120317578315735 0.5544344186782837 
vn 0.46370866894721985 0.8585284352302551 0.21886809170246124 
vn 0.7903504371643066 -0.39974161982536316 0.4642767012119293 
vn 0.8937323689460754 -0.36764469742774963 0.25706008076667786 
vn 0.5169810652732849 0.8551911115646362 -0.03713129088282585 
vn 0.9277178049087524 -0.3613038659095764 0.09380380809307098 
vn 0.8978257179260254 -0.3821069300174713 -0.21886809170246124 
vn 0.8652821183204651 -0.4023304581642151 -0.2990269064903259 
vn 0.865604817867279 -0.3887006640434265 -0.31565824151039124 
vn 0.37235093116760254 0.8533250689506531 -0.3649536371231079 
vn 0.8562026619911194 -0.3531189560890198 -0.37712597846984863 
vn 0.6333422660827637 -0.36129555106163025 -0.6843559741973877 
vn 0.3433193862438202 -0.2979423999786377 -0.8907088041305542 
vn 0.3144870102405548 -0.35454410314559937 -0.8805659413337708 
vn 0.05283765494823456 0.8494536876678467 -0.5250110030174255 
vn 0.20274026691913605 -0.42410337924957275 -0.882628321647644 
vn 0.0018889878410845995 -0.4389342665672302 -0.8985171914100647 
vn -0.13359667360782623 0.8519501090049744 -0.5062933564186096 
vn -0.13557790219783783 -0.40503421425819397 -0.9041935205459595 
vn -0.3672865629196167 -0.3672865629196167 -0.8545181155204773 
vn -0.35174477100372314 0.8602913618087769 -0.3690181374549866 
vn -0.5096279382705688 -0.3646615743637085 -0.7792953848838806 
vn -0.7419100403785706 -0.3716617226600647 -0.5580654144287109 
vn -0.8016855716705322 -0.37649354338645935 -0.4642767012119293 
vn -0.5347753763198853 0.8406980633735657 -0.08510008454322815 
vn -0.825548529624939 -0.4047473967075348 -0.3932546079158783 
vn -0.8922684192657471 -0.4272986650466919 -0.1458524912595749 
vn -0.9138354063034058 -0.37188273668289185 0.16312000155448914 
vn -0.8973144888877869 -0.3783147633075714 0.22738653421401978 
vn -0.4593104422092438 0.8408065438270569 0.2864931523799896 
vn -0.8433041572570801 -0.4288382828235626 0.3239381015300751 
vn -0.7031950354576111 -0.4067153036594391 0.5831804275512695 
vn -0.2853568494319916 0.8489455580711365 0.44481781125068665 
vn -0.49255606532096863 -0.4193190932273865 0.762600839138031 
vn -0.38919588923454285 -0.46903786063194275 0.7927988767623901 
vn -0.39154183864593506 -0.4487278461456299 0.8033295273780823 
vn -0.10718148946762085 0.8466237187385559 0.5212872624397278 
vn -0.3276565372943878 -0.41259217262268066 0.8499464392662048 
vn 0.007523394655436277 -0.3831140995025635 0.9236704111099243 
vn 0.009439533576369286 0.9963276982307434 0.08510008454322815 
vn 0.11300383508205414 0.9933039546012878 0.024029340595006943 
vn 0.07735561579465866 0.9937284588813782 -0.08074574917554855 
vn -0.04337470605969429 0.9946454167366028 -0.09380380809307098 
vn -0.11300383508205414 0.9933039546012878 -0.024029340595006943 
vn -0.07730717211961746 0.9955116510391235 0.05459024757146835 
vn 0.0018889878410845995 -0.4389342665672302 -0.8985171914100647 
vn 0.20274026691913605 -0.42410337924957275 -0.882628321647644 
vn -0.13557790219783783 -0.40503421425819397 -0.9041935205459595 
vn -0.8016855716705322 -0.37649354338645935 -0.4642767012119293 
vn -0.3672865629196167 -0.3672865629196167 -0.8545181155204773 
vn -0.7419100403785706 -0.3716617226600647 -0.5580654144287109 
vn -0.5096279382705688 -0.3646615743637085 -0.7792953848838806 
vn 0.6333422660827637 -0.36129555106163025 -0.6843559741973877 
vn 0.3433193862438202 -0.2979423999786377 -0.8907088041305542 
vn 0.8562026619911194 -0.3531189560890198 -0.37712597846984863 
vn 0.865604817867279 -0.3887006640434265 -0.31565824151039124 
vn 0.3144870102405548 -0.35454410314559937 -0.8805659413337708 
vn 0.8652821183204651 -0.4023304581642151 -0.2990269064903259 
vn -0.38919588923454285 -0.46903786063194275 0.7927988767623901 
vn -0.39154183864593506 -0.4487278461456299 0.8033295273780823 
vn 0.7903504371643066 -0.39974161982536316 0.4642767012119293 
vn 0.7235429883003235 -0.41120317578315735 0.5544344186782837 
vn 0.5804528594017029 -0.41053152084350586 0.7032341957092285 
vn 0.47271838784217834 -0.3955649435520172 0.7874425053596497 
vn 0.19708453118801117 -0.3789350390434265 0.9041935205459595 
vn -0.3276565372943878 -0.41259217262268066 0.8499464392662048 
vn 0.007523394655436277 -0.3831140995025635 0.9236704111099243 
vn -0.8973144888877869 -0.3783147633075714 0.22738653421401978 
vn -0.825548529624939 -0.4047473967075348 -0.3932546079158783 
vn -0.9138354063034058 -0.37188273668289185 0.16312000155448914 
vn -0.8922684192657471 -0.4272986650466919 -0.1458524912595749 
vn 0.8937323689460754 -0.36764469742774963 0.25706008076667786 
vn 0.8978257179260254 -0.3821069300174713 -0.21886809170246124 
vn 0.9277178049087524 -0.3613038659095764 0.09380380809307098 
vn -0.7031950354576111 -0.4067153036594391 0.5831804275512695 
vn -0.49255606532096863 -0.4193190932273865 0.762600839138031 
vn -0.8433041572570801 -0.4288382828235626 0.3239381015300751 
vn -0.592374861240387 -0.3986508548259735 -0.7001210451126099 
vn -0.7763411402702332 -0.4133579134941101 -0.4758462607860565 
vn -0.4153972268104553 0.8451862931251526 -0.3363112509250641 
vn -0.8314995169639587 -0.42918309569358826 -0.3527185618877411 
vn -0.5116572976112366 0.845963716506958 -0.15017375349998474 
vn -0.8852822780609131 -0.43709883093833923 -0.15880759060382843 
vn -0.5428440570831299 0.8396033644676208 0.01966099627315998 
vn -0.9058276414871216 -0.42065849900245667 -0.05022686347365379 
vn -0.9026256799697876 -0.39278164505958557 0.1760382205247879 
vn -0.46591636538505554 0.837164044380188 0.2864931523799896 
vn -0.8580584526062012 -0.38451001048088074 0.34042292833328247 
vn -0.6941863298416138 -0.3964344263076782 0.6007870435714722 
vn -0.6259302496910095 -0.4230550229549408 0.6551609039306641 
vn -0.6175537705421448 -0.4095166027545929 0.6715083718299866 
vn -0.17410707473754883 0.8354318141937256 0.5212872624397278 
vn -0.5804650783538818 -0.3714119493961334 0.7246471047401428 
vn -0.2341599464416504 -0.3804938793182373 0.8946471214294434 
vn 0.1090000569820404 -0.3159811198711395 0.9424833655357361 
vn 0.13478778302669525 -0.37583306431770325 0.916832447052002 
vn 0.20713935792446136 0.8325218558311462 0.5138099193572998 
vn 0.22828668355941772 -0.44555148482322693 0.865661084651947 
vn 0.40873658657073975 -0.4659557342529297 0.7847417593002319 
vn 0.37340882420539856 0.8325079679489136 0.40926313400268555 
vn 0.5376347899436951 -0.42599591612815857 0.7276512384414673 
vn 0.7160331606864929 -0.38366273045539856 0.5831804275512695 
vn 0.5084506273269653 0.842904806137085 0.1760382205247879 
vn 0.8068661689758301 -0.37959906458854675 0.45262736082077026 
vn 0.9080208539962769 -0.38939735293388367 0.15449213981628418 
vn 0.9138088822364807 -0.4035467803478241 0.04586252197623253 
vn 0.5389791131019592 0.822787880897522 -0.18033768236637115 
vn 0.9052320718765259 -0.4239675998687744 -0.028397228568792343 
vn 0.8521386981010437 -0.44329965114593506 -0.2781098484992981 
vn 0.7314813733100891 -0.39178818464279175 -0.5580654144287109 
vn 0.6847984790802002 -0.39682307839393616 -0.6112139225006104 
vn 0.28560084104537964 0.825189471244812 -0.48733407258987427 
vn 0.5931986570358276 -0.4440629482269287 -0.6715083718299866 
vn 0.3489920198917389 -0.4237575829029083 -0.8358433246612549 
vn 0.04908889904618263 0.8331971764564514 -0.5507928133010864 
vn 0.07524652779102325 -0.4364206790924072 -0.8965907096862793 
vn -0.024586383253335953 -0.48480215668678284 -0.87427818775177 
vn -0.032078817486763 -0.4689757227897644 -0.882628321647644 
vn -0.15772299468517303 0.8316510319709778 -0.5324283838272095 
vn -0.106778584420681 -0.4338257908821106 -0.8946471214294434 
vn -0.4317702651023865 -0.40504440665245056 -0.8059239983558655 
vn -0.05097053945064545 0.9954306483268738 -0.08074574917554855 
vn -0.12794172763824463 0.9910863637924194 0.03713129088282585 
vn -0.03397697955369949 0.9922081232070923 0.11986933648586273 
vn 0.0867469385266304 0.9939292073249817 0.06767380982637405 
vn 0.12047196179628372 0.9921758770942688 -0.03276457265019417 
vn 0.04716266691684723 0.9948738217353821 -0.08945280313491821 
vn 0.40873658657073975 -0.4659557342529297 0.7847417593002319 
vn 0.22828668355941772 -0.44555148482322693 0.865661084651947 
vn 0.5376347899436951 -0.42599591612815857 0.7276512384414673 
vn 0.9138088822364807 -0.4035467803478241 0.04586252197623253 
vn 0.7160331606864929 -0.38366273045539856 0.5831804275512695 
vn 0.9080208539962769 -0.38939735293388367 0.15449213981628418 
vn 0.8068661689758301 -0.37959906458854675 0.45262736082077026 
vn -0.2341599464416504 -0.3804938793182373 0.8946471214294434 
vn 0.1090000569820404 -0.3159811198711395 0.9424833655357361 
vn -0.5804650783538818 -0.3714119493961334 0.7246471047401428 
vn -0.6175537705421448 -0.4095166027545929 0.6715083718299866 
vn 0.13478778302669525 -0.37583306431770325 0.916832447052002 
vn -0.6259302496910095 -0.4230550229549408 0.6551609039306641 
vn -0.024586383253335953 -0.48480215668678284 -0.87427818775177 
vn -0.032078817486763 -0.4689757227897644 -0.882628321647644 
vn -0.8852822780609131 -0.43709883093833923 -0.15880759060382843 
vn -0.8314995169639587 -0.42918309569358826 -0.3527185618877411 
vn -0.7763411402702332 -0.4133579134941101 -0.4758462607860565 
vn -0.592374861240387 -0.3986508548259735 -0.7001210451126099 
vn -0.106778584420681 -0.4338257908821106 -0.8946471214294434 
vn -0.4317702651023865 -0.40504440665245056 -0.8059239983558655 
vn -0.9058276414871216 -0.42065849900245667 -0.05022686347365379 
vn -0.9026256799697876 -0.39278164505958557 0.1760382205247879 
vn -0.6941863298416138 -0.3964344263076782 0.6007870435714722 
vn -0.8580584526062012 -0.38451001048088074 0.34042292833328247 
vn 0.3489920198917389 -0.4237575829029083 -0.8358433246612549 
vn 0.07524652779102325 -0.4364206790924072 -0.8965907096862793 
vn 0.5931986570358276 -0.4440629482269287 -0.6715083718299866 
vn 0.6847984790802002 -0.39682307839393616 -0.6112139225006104 
vn 0.9052320718765259 -0.4239675998687744 -0.028397228568792343 
vn 0.7314813733100891 -0.39178818464279175 -0.5580654144287109 
vn 0.8521386981010437 -0.44329965114593506 -0.2781098484992981 
vn -0.7687754034996033 -0.3857806921005249 0.5100564956665039 
vn -0.36194637417793274 0.8577899932861328 0.3649536371231079 
vn -0.5558274388313293 -0.4019695818424225 0.7276512384414673 
vn -0.4334661364555359 -0.41346704959869385 0.8007197380065918 
vn -0.1889413297176361 0.8568568825721741 0.4796847105026245 
vn -0.24271260201931 -0.4203905463218689 0.87427818775177 
vn -0.020739657804369926 0.8508427143096924 0.5250110030174255 
vn -0.12603259086608887 -0.41223400831222534 0.9023185968399048 
vn 0.10048293322324753 -0.3822767436504364 0.9185682535171509 
vn 0.23649390041828156 0.8449693322181702 0.4796847105026245 
vn 0.2661195993423462 -0.3733197748661041 0.888714075088501 
vn 0.5335628390312195 -0.39417764544487 0.7482877969741821 
vn 0.5869857668876648 -0.41714906692504883 0.6938546895980835 
vn 0.6177545189857483 -0.39293208718299866 0.681163489818573 
vn 0.4879908263683319 0.8427100777626038 0.22738653421401978 
vn 0.6595529317855835 -0.3684483468532562 0.6551609039306641 
vn 0.8626244068145752 -0.3741541802883148 0.34042292833328247 
vn 0.9523901343345642 -0.3046862781047821 0.010923261754214764 
vn 0.9293742179870605 -0.36861494183540344 -0.01966099627315998 
vn 0.5182678699493408 0.8448333144187927 -0.1328723281621933 
vn 0.8923179507255554 -0.43749937415122986 -0.1111890971660614 
vn 0.8373157978057861 -0.4492931067943573 -0.31150925159454346 
vn 0.43604612350463867 0.8458114862442017 -0.30735430121421814 
vn 0.7933070063591003 -0.4071761965751648 -0.45262736082077026 
vn 0.6626420617103577 -0.36877143383026123 -0.651853621006012 
vn 0.21668174862861633 0.8524196743965149 -0.4758462607860565 
vn 0.5354797840118408 -0.36290690302848816 -0.762600839138031 
vn 0.23529048264026642 -0.3797958195209503 -0.8946471214294434 
vn 0.12296940386295319 -0.38826072216033936 -0.913308322429657 
vn -0.13168789446353912 0.8290294408798218 -0.5434780716896057 
vn 0.0528407022356987 -0.41586166620254517 -0.9078915119171143 
vn -0.1981855183839798 -0.43893226981163025 -0.8763908743858337 
vn -0.48777973651885986 -0.3824281394481659 -0.7847417593002319 
vn -0.5410930514335632 -0.38938894867897034 -0.7453821301460266 
vn -0.44892242550849915 0.827866792678833 -0.3363112509250641 
vn -0.6083186268806458 -0.438236802816391 -0.661737859249115 
vn -0.7923569679260254 -0.4175015389919281 -0.44481781125068665 
vn -0.5310914516448975 0.839401364326477 -0.11553031951189041 
vn -0.884274959564209 -0.42704182863235474 -0.18892620503902435 
vn -0.8760941624641418 -0.4745703637599945 -0.08510008454322815 
vn -0.8831869959831238 -0.4612361192703247 -0.08510008454322815 
vn -0.5345706939697266 0.8403763175010681 0.08945280313491821 
vn -0.9055778384208679 -0.42412951588630676 -0.006554040592163801 
vn -0.8580465316772461 -0.39166808128356934 0.33219319581985474 
vn -0.07539526373147964 0.9964621663093567 0.03713129088282585 
vn 0.026428578421473503 0.9924378395080566 0.11986933648586273 
vn 0.10366728156805038 0.9935541152954102 0.04586252197623253 
vn 0.07166734337806702 0.9948241710662842 -0.07203252613544464 
vn -0.018878648057579994 0.9926101565361023 -0.11986933648586273 
vn -0.07730717211961746 0.9955116510391235 -0.05459024757146835 
vn 0.8373157978057861 -0.4492931067943573 -0.31150925159454346 
vn 0.8923179507255554 -0.43749937415122986 -0.1111890971660614 
vn 0.7933070063591003 -0.4071761965751648 -0.45262736082077026 
vn 0.12296940386295319 -0.38826072216033936 -0.913308322429657 
vn 0.6626420617103577 -0.36877143383026123 -0.651853621006012 
vn 0.23529048264026642 -0.3797958195209503 -0.8946471214294434 
vn 0.5354797840118408 -0.36290690302848816 -0.762600839138031 
vn -0.1981855183839798 -0.43893226981163025 -0.8763908743858337 
vn -0.48777973651885986 -0.3824281394481659 -0.7847417593002319 
vn 0.0528407022356987 -0.41586166620254517 -0.9078915119171143 
vn -0.5410930514335632 -0.38938894867897034 -0.7453821301460266 
vn 0.9293742179870605 -0.36861494183540344 -0.01966099627315998 
vn -0.8760941624641418 -0.4745703637599945 -0.08510008454322815 
vn 0.6177545189857483 -0.39293208718299866 0.681163489818573 
vn 0.5869857668876648 -0.41714906692504883 0.6938546895980835 
vn -0.8831869959831238 -0.4612361192703247 -0.08510008454322815 
vn -0.12603259086608887 -0.41223400831222534 0.9023185968399048 
vn -0.24271260201931 -0.4203905463218689 0.87427818775177 
vn -0.4334661364555359 -0.41346704959869385 0.8007197380065918 
vn -0.5558274388313293 -0.4019695818424225 0.7276512384414673 
vn -0.7687754034996033 -0.3857806921005249 0.5100564956665039 
vn -0.9055778384208679 -0.42412951588630676 -0.006554040592163801 
vn -0.8580465316772461 -0.39166808128356934 0.33219319581985474 
vn -0.6083186268806458 -0.438236802816391 -0.661737859249115 
vn -0.884274959564209 -0.42704182863235474 -0.18892620503902435 
vn -0.7923569679260254 -0.4175015389919281 -0.44481781125068665 
vn 0.9523901343345642 -0.3046862781047821 0.010923261754214764 
vn 0.6595529317855835 -0.3684483468532562 0.6551609039306641 
vn 0.8626244068145752 -0.3741541802883148 0.34042292833328247 
vn 0.10048293322324753 -0.3822767436504364 0.9185682535171509 
vn 0.5335628390312195 -0.39417764544487 0.7482877969741821 
vn 0.2661195993423462 -0.3733197748661041 0.888714075088501 
vn 0.7623138427734375 -0.3784720003604889 0.5250110030174255 
vn 0.4688638150691986 0.8599132895469666 0.2017817199230194 
vn 0.8828369975090027 -0.395819753408432 0.25283506512641907 
vn 0.9040688276290894 -0.4102327823638916 0.11986933648586273 
vn 0.5108493566513062 0.8596452474594116 0.006554040592163801 
vn 0.9048290252685547 -0.41718387603759766 -0.08510008454322815 
vn 0.4936547875404358 0.855035126209259 -0.15880759060382843 
vn 0.8936995267868042 -0.40285825729370117 -0.1975002884864807 
vn 0.8283812403678894 -0.373779833316803 -0.417220801115036 
vn 0.35510095953941345 0.8535885214805603 -0.3811691105365753 
vn 0.7398896217346191 -0.3646976947784424 -0.5652954578399658 
vn 0.510262131690979 -0.38101112842559814 -0.7710143327713013 
vn 0.4317702651023865 -0.40504440665245056 -0.8059239983558655 
vn 0.4198670983314514 -0.3917909860610962 -0.8186644315719604 
vn 0.03020603023469448 0.8505592346191406 -0.5250110030174255 
vn 0.3738038241863251 -0.34978219866752625 -0.8590245246887207 
vn -0.0037752394564449787 -0.36289912462234497 -0.931820809841156 
vn -0.3525473177433014 -0.2991141080856323 -0.8867024183273315 
vn -0.3706013262271881 -0.35858550667762756 -0.8567795157432556 
vn -0.31606733798980713 0.8481460809707642 -0.42514660954475403 
vn -0.448191374540329 -0.42814117670059204 -0.7847417593002319 
vn -0.6071010231971741 -0.4448196291923523 -0.6584556698799133 
vn -0.43989327549934387 0.8525246381759644 -0.28230419754981995 
vn -0.7159757018089294 -0.4046455919742584 -0.5688942670822144 
vn -0.852032482624054 -0.36722636222839355 -0.37307560443878174 
vn -0.5106543302536011 0.8593170046806335 -0.028397228568792343 
vn -0.9039812684059143 -0.36473438143730164 -0.22312943637371063 
vn -0.9243946075439453 -0.368592768907547 0.0981530249118805 
vn -0.9024202227592468 -0.37838780879974365 0.2060592919588089 
vn -0.4560510218143463 0.8351950645446777 0.30735430121421814 
vn -0.8717459440231323 -0.4090452492237091 0.26970529556274414 
vn -0.7487354874610901 -0.43228262662887573 0.5025205612182617 
vn -0.5600758790969849 -0.3733806908130646 0.7395281791687012 
vn -0.5007163286209106 -0.3824310600757599 0.7765498161315918 
vn -0.1482038050889969 0.8380925059318542 0.5250110030174255 
vn -0.3973434865474701 -0.42928898334503174 0.8110666871070862 
vn -0.11688776314258575 -0.4108178913593292 0.9041935205459595 
vn 0.09594984352588654 0.8479700684547424 0.5212872624397278 
vn 0.16197724640369415 -0.4205641448497772 0.8926864862442017 
vn 0.2562015652656555 -0.46884119510650635 0.8453097939491272 
vn 0.2607979476451874 -0.44920289516448975 0.8545181155204773 
vn 0.28353214263916016 0.8433265686035156 0.456519216299057 
vn 0.3373023271560669 -0.4143409729003906 0.8453097939491272 
vn 0.6317545175552368 -0.38725027441978455 0.6715083718299866 
vn 0.06599545478820801 0.9960768818855286 0.058952588587999344 
vn 0.10356826335191727 0.9926051497459412 -0.0633138045668602 
vn 0.005659987218677998 0.9932878017425537 -0.11553031951189041 
vn -0.09793271124362946 0.9943274855613708 -0.04149730131030083 
vn -0.09984171390533447 0.9932553768157959 0.058952588587999344 
vn -0.020749488845467567 0.9953744411468506 0.09380380809307098 
vn -0.6071010231971741 -0.4448196291923523 -0.6584556698799133 
vn -0.448191374540329 -0.42814117670059204 -0.7847417593002319 
vn -0.7159757018089294 -0.4046455919742584 -0.5688942670822144 
vn -0.9024202227592468 -0.37838780879974365 0.2060592919588089 
vn -0.852032482624054 -0.36722636222839355 -0.37307560443878174 
vn -0.9243946075439453 -0.368592768907547 0.0981530249118805 
vn -0.9039812684059143 -0.36473438143730164 -0.22312943637371063 
vn -0.0037752394564449787 -0.36289912462234497 -0.931820809841156 
vn -0.3525473177433014 -0.2991141080856323 -0.8867024183273315 
vn 0.3738038241863251 -0.34978219866752625 -0.8590245246887207 
vn 0.4198670983314514 -0.3917909860610962 -0.8186644315719604 
vn -0.3706013262271881 -0.35858550667762756 -0.8567795157432556 
vn 0.4317702651023865 -0.40504440665245056 -0.8059239983558655 
vn 0.2562015652656555 -0.46884119510650635 0.8453097939491272 
vn 0.2607979476451874 -0.44920289516448975 0.8545181155204773 
vn 0.8936995267868042 -0.40285825729370117 -0.1975002884864807 
vn 0.9048290252685547 -0.41718387603759766 -0.08510008454322815 
vn 0.9040688276290894 -0.4102327823638916 0.11986933648586273 
vn 0.8828369975090027 -0.395819753408432 0.25283506512641907 
vn 0.7623138427734375 -0.3784720003604889 0.5250110030174255 
vn 0.3373023271560669 -0.4143409729003906 0.8453097939491272 
vn 0.6317545175552368 -0.38725027441978455 0.6715083718299866 
vn -0.5007163286209106 -0.3824310600757599 0.7765498161315918 
vn -0.8717459440231323 -0.4090452492237091 0.26970529556274414 
vn -0.5600758790969849 -0.3733806908130646 0.7395281791687012 
vn -0.7487354874610901 -0.43228262662887573 0.5025205612182617 
vn 0.8283812403678894 -0.373779833316803 -0.417220801115036 
vn 0.510262131690979 -0.38101112842559814 -0.7710143327713013 
vn 0.7398896217346191 -0.3646976947784424 -0.5652954578399658 
vn -0.11688776314258575 -0.4108178913593292 0.9041935205459595 
vn 0.16197724640369415 -0.4205641448497772 0.8926864862442017 
vn -0.3973434865474701 -0.42928898334503174 0.8110666871070862 
vn -0.791429340839386 0.007557520177215338 -0.6112139225006104 
vn -0.791429340839386 0.007557520177215338 -0.6112139225006104 
vn -0.791429340839386 0.007557520177215338 -0.6112139225006104 
vn 0.6756742596626282 -0.030236434191465378 -0.736579954624176 
vn 0.6756742596626282 -0.030236434191465378 -0.736579954624176 
vn 0.6756742596626282 -0.030236434191465378 -0.736579954624176 
vn 0.7409969568252563 0 0.6715083718299866 
vn 0.7409969568252563 0 0.6715083718299866 
vn 0.7409969568252563 0 0.6715083718299866 
vn -0.6195367574691772 -0.018829122185707092 0.7847417593002319 
vn -0.6195367574691772 -0.018829122185707092 0.7847417593002319 
vn -0.6195367574691772 -0.018829122185707092 0.7847417593002319 
vn 3.097898456858039e-13 -0.999997615814209 0.002184694167226553 
vn 3.097898456858039e-13 -0.999997615814209 0.002184694167226553 
vn 3.097898456858039e-13 -0.999997615814209 0.002184694167226553 
vn -0.13351953029632568 0.9720290303230286 0.19321508705615997 
vn -0.13351953029632568 0.9720290303230286 0.19321508705615997 
vn -0.13351953029632568 0.9720290303230286 0.19321508705615997 
vt 0.40121594071388245 0.2668592929840088 
vt 0.30285754799842834 0.36519014835357666 
vt 0.40121594071388245 0.36519014835357666 
vt 0.30285754799842834 0.36519014835357666 
vt 0.20449918508529663 0.36519014835357666 
vt 0.20449918508529663 0.2668592929840088 
vt 0.20449918508529663 0.36519014835357666 
vt 0.10614081472158432 0.2668592929840088 
vt 0.10614081472158432 0.36519014835357666 
vt 0.10614081472158432 0.36519014835357666 
vt 0.007782442029565573 0.36519014835357666 
vt 0.007782442029565573 0.2668592929840088 
vt 0.20449918508529663 0.46352100372314453 
vt 0.10614081472158432 0.36519014835357666 
vt 0.10614081472158432 0.46352100372314453 
vt 0.20449918508529663 0.2668592929840088 
vt 0.10614081472158432 0.2668592929840088 
vt 0.10614081472158432 0.16852843761444092 
vt 0.8661167025566101 0.46809452772140503 
vt 0.8916753530502319 0.47471410036087036 
vt 0.8891316056251526 0.4354780614376068 
vt 0.9117830991744995 0.44847649335861206 
vt 0.9136000871658325 0.4688166677951813 
vt 0.8977319002151489 0.48097261786460876 
vt 0.8802890181541443 0.48699042201042175 
vt 0.8542458415031433 0.48205581307411194 
vt 0.8347437977790833 0.46797415614128113 
vt 0.8477047681808472 0.45136505365371704 
vt 0.8775030374526978 0.40201908349990845 
vt 0.9117830991744995 0.42392387986183167 
vt 0.9234116673469543 0.4136936068534851 
vt 0.9335866570472717 0.442579060792923 
vt 0.9218369722366333 0.48205581307411194 
vt 0.9046363830566406 0.4972206652164459 
vt 0.8533979654312134 0.49914637207984924 
vt 0.8254166841506958 0.48879575729370117 
vt 0.7988889813423157 0.46364134550094604 
vt 0.7827785611152649 0.4331912696361542 
vt 0.766183614730835 0.4511243402957916 
vt 0.7814461588859558 0.46845558285713196 
vt 0.8205714225769043 0.39551985263824463 
vt 0.8571529984474182 0.3706061542034149 
vt 0.9088759422302246 0.3624219596385956 
vt 0.9184452891349792 0.386974573135376 
vt 0.9375839829444885 0.38228070735931396 
vt 0.9243807196617126 0.3661530017852783 
vt 0.920867919921875 0.341480016708374 
vt 0.933223307132721 0.3344993591308594 
vt 0.919293224811554 0.30465108156204224 
vt 0.9320119619369507 0.30332717299461365 
vt 0.9182030558586121 0.28166308999061584 
vt 0.9381896257400513 0.28346842527389526 
vt 0.9401277303695679 0.26144325733184814 
vt 0.9305583834648132 0.252777636051178 
vt 0.9498182535171509 0.23640921711921692 
vt 0.9740444421768188 0.23604816198349 
vt 0.962415874004364 0.21679119765758514 
vt 0.9730753898620605 0.20246882736682892 
vt 0.9639905691146851 0.18790575861930847 
vt 0.9747712016105652 0.19043323397636414 
vt 0.9653229713439941 0.16443634033203125 
vt 0.9941521883010864 0.19572889804840088 
vt 0.9384319186210632 0.230030357837677 
vt 0.8973684906959534 0.28491270542144775 
vt 0.9076646566390991 0.2991147041320801 
vt 0.8830750584602356 0.3397950232028961 
vt 0.8489161133766174 0.33377721905708313 
vt 0.8106387257575989 0.30453070998191833 
vt 0.7529803514480591 0.33991539478302 
vt 0.7620651721954346 0.3993712365627289 
vt 0.7625496983528137 0.4323487877845764 
vt 0.7228187322616577 0.4259699285030365 
vt 0.7317824363708496 0.4075554609298706 
vt 0.7104633450508118 0.40033408999443054 
vt 0.7259681224822998 0.3825214207172394 
vt 0.7429264783859253 0.3568855822086334 
vt 0.7201538681983948 0.36037591099739075 
vt 0.6937472820281982 0.36519014835357666 
vt 0.6740029454231262 0.3715690076351166 
vt 0.6520782113075256 0.33269402384757996 
vt 0.6489288210868835 0.3523120582103729 
vt 0.6119838953018188 0.3036882281303406 
vt 0.6142853498458862 0.3287222683429718 
vt 0.5711627006530762 0.2762470543384552 
vt 0.5962368249893188 0.2781727612018585 
vt 0.624581515789032 0.29586508870124817 
vt 0.691688060760498 0.3316108286380768 
vt 0.7044067978858948 0.3069378435611725 
vt 0.8658744692802429 0.25699010491371155 
vt 0.6534106731414795 0.2841905653476715 
vt 0.5999919176101685 0.2550643980503082 
vt 0.5766136050224304 0.25374048948287964 
vt 0.558565080165863 0.2421863079071045 
vt 0.5454829335212708 0.252777636051178 
vt 0.5252540707588196 0.24363058805465698 
vt 0.5271921753883362 0.2297896444797516 
vt 0.47498470544815063 0.2255771905183792 
vt 0.5589284896850586 0.21943902969360352 
vt 0.5831546783447266 0.21269908547401428 
vt 0.538820743560791 0.20030242204666138 
vt 0.5152001976966858 0.20475558936595917 
vt 0.4879457354545593 0.2083662748336792 
vt 0.47304660081863403 0.2116158902645111 
vt 0.44688230752944946 0.20884770154953003 
vt 0.44409629702568054 0.1915164291858673 
vt 0.4059400260448456 0.18718361854553223 
vt 0.40933170914649963 0.17526838183403015 
vt 0.39310014247894287 0.1588999629020691 
vt 0.38716474175453186 0.17081519961357117 
vt 0.3666935861110687 0.15083611011505127 
vt 0.37747424840927124 0.14722542464733124 
vt 0.36269626021385193 0.13615266978740692 
vt 0.3666935861110687 0.13374555110931396 
vt 0.3510676920413971 0.12881095707416534 
vt 0.35264238715171814 0.14168904721736908 
vt 0.3378644287586212 0.12857024371623993 
vt 0.419506698846817 0.21955938637256622 
vt 0.3837730586528778 0.13819873332977295 
vt 0.4025483727455139 0.1511971801519394 
vt 0.4115120768547058 0.15926103293895721 
vt 0.42604777216911316 0.16961164772510529 
vt 0.4365861713886261 0.16467705368995667 
vt 0.4870977997779846 0.18706326186656952 
vt 0.46674779057502747 0.16010351479053497 
vt 0.43392130732536316 0.15035468339920044 
vt 0.563046932220459 0.18333223462104797 
vt 0.6397228837013245 0.1992192268371582 
vt 0.6930205225944519 0.24808375537395477 
vt 0.7682428359985352 0.2779320478439331 
vt 0.8208137154579163 0.245195209980011 
vt 0.7258470058441162 0.20776449143886566 
vt 0.6756987571716309 0.1343473345041275 
vt 0.5875154137611389 0.12279316037893295 
vt 0.5236793756484985 0.15565034747123718 
vt 0.5317951440811157 0.12760740518569946 
vt 0.5823068022727966 0.07850214838981628 
vt 0.6131951808929443 0.06971616297960281 
vt 0.656438946723938 0.10678581148386002 
vt 0.6730338931083679 0.1081097275018692 
vt 0.6557121872901917 0.0741693377494812 
vt 0.6754565238952637 0.09475021064281464 
vt 0.7059815526008606 0.1188214123249054 
vt 0.6454160213470459 0.08054820448160172 
vt 0.614043116569519 0.0556345134973526 
vt 0.592481791973114 0.05515308678150177 
vt 0.5860618352890015 0.031804025173187256 
vt 0.5663174986839294 0.06213373690843582 
vt 0.5681344270706177 0.07344719767570496 
vt 0.5612300038337708 0.08355710655450821 
vt 0.5412433743476868 0.10377690941095352 
vt 0.6294267177581787 0.041191790252923965 
vt 0.5298570394515991 0.08584386855363846 
vt 0.5218623876571655 0.06357800960540771 
vt 0.4874612092971802 0.09787946939468384 
vt 0.4851597249507904 0.12544098496437073 
vt 0.43404242396354675 0.13855980336666107 
vt 0.4115120768547058 0.1418094038963318 
vt 0.38522663712501526 0.12255244702100754 
vt 0.3679049015045166 0.12110817432403564 
vt 0.3488873243331909 0.112803615629673 
vt 0.340165913105011 0.11978425830602646 
vt 0.3268415033817291 0.12327458709478378 
vt 0.32054269313812256 0.13362519443035126 
vt 0.3029786944389343 0.13338448107242584 
vt 0.30358433723449707 0.12471885234117508 
vt 0.28493016958236694 0.11533109098672867 
vt 0.3039477467536926 0.11942319571971893 
vt 0.2992236316204071 0.11087791621685028 
vt 0.3230864405632019 0.10606367886066437 
vt 0.3378644287586212 0.10100872069597244 
vt 0.27984267473220825 0.09691662341356277 
vt 0.27281707525253296 0.09667591005563736 
vt 0.2735438644886017 0.08873241394758224 
vt 0.26179414987564087 0.09174130856990814 
vt 0.25791797041893005 0.10534153878688812 
vt 0.26918312907218933 0.11761785298585892 
vt 0.23514533042907715 0.09860160201787949 
vt 0.230784609913826 0.10895221680402756 
vt 0.25319385528564453 0.11653465032577515 
vt 0.23126913607120514 0.12098781764507294 
vt 0.2464105188846588 0.12772776186466217 
vt 0.254647433757782 0.13169950246810913 
vt 0.27596646547317505 0.12556134164333344 
vt 0.2854146957397461 0.11966390162706375 
vt 0.29086560010910034 0.1249595656991005 
vt 0.2533149719238281 0.14168904721736908 
vt 0.23986943066120148 0.13687480986118317 
vt 0.2335706204175949 0.14566080272197723 
vt 0.22436466813087463 0.13482876121997833 
vt 0.22133639454841614 0.1420501172542572 
vt 0.21479532122612 0.14578115940093994 
vt 0.2356298565864563 0.15661320090293884 
vt 0.21200931072235107 0.12026568502187729 
vt 0.18330125510692596 0.09715732932090759 
vt 0.2137051373720169 0.09787946939468384 
vt 0.22024621069431305 0.09005632996559143 
vt 0.20462031662464142 0.08151105046272278 
vt 0.19032685458660126 0.08018713444471359 
vt 0.19044798612594604 0.07152150571346283 
vt 0.16052863001823425 0.05527344346046448 
vt 0.16343577206134796 0.050459202378988266 
vt 0.1501113623380661 0.055995579808950424 
vt 0.15725809335708618 0.08355710655450821 
vt 0.14865779876708984 0.09908302873373032 
vt 0.20340900123119354 0.13543054461479187 
vt 0.20413579046726227 0.1498732566833496 
vt 0.1830589920282364 0.1267649084329605 
vt 0.16767536103725433 0.09402807801961899 
vt 0.17579114437103271 0.07958535850048065 
vt 0.16670630872249603 0.10979471355676651 
vt 0.17433756589889526 0.14156869053840637 
vt 0.15859054028987885 0.10209193080663681 
vt 0.7342050671577454 0.11352574825286865 
vt 0.7331148982048035 0.12447814643383026 
vt 0.7749050855636597 0.11918248236179352 
vt 0.7778121829032898 0.13494911789894104 
vt 0.7080407738685608 0.13783766329288483 
vt 0.7888351082801819 0.17009307444095612 
vt 0.8546092510223389 0.1805640459060669 
vt 0.8985798358917236 0.2175133377313614 
vt 0.9258342981338501 0.17021343111991882 
vt 0.8957937955856323 0.1743055284023285 
vt 0.8862244486808777 0.15047504007816315 
vt 0.8481892943382263 0.13868014514446259 
vt 0.8219038844108582 0.10570260882377625 
vt 0.817179799079895 0.09041739255189896 
vt 0.8527923226356506 0.0680311769247055 
vt 0.8289294838905334 0.062494803220033646 
vt 0.8684182167053223 0.04203428328037262 
vt 0.8610292077064514 0.026026936247944832 
vt 0.8938556909561157 0.010260299779474735 
vt 0.8865878582000732 0.04034930095076561 
vt 0.8691449761390686 0.06129124388098717 
vt 0.8736268281936646 0.0756136104464531 
vt 0.8805313110351562 0.11918248236179352 
vt 0.9165071845054626 0.14241118729114532 
vt 0.8972473740577698 0.13061630725860596 
vt 0.8983375430107117 0.09920338541269302 
vt 0.9265610575675964 0.15011397004127502 
vt 0.9440039396286011 0.15974244475364685 
vt 0.9420658349990845 0.13711552321910858 
vt 0.9523620009422302 0.178879052400589 
vt 0.9286202788352966 0.1265241950750351 
vt 0.9102084040641785 0.10449904948472977 
vt 0.9295893311500549 0.10991507023572922 
vt 0.9264399409294128 0.07645609974861145 
vt 0.9128732681274414 0.07826144248247147 
vt 0.9121465086936951 0.035655416548252106 
vt 0.9031828045845032 0.021333051845431328 
vt 0.9295893311500549 0.0216941200196743 
vt 0.9381896257400513 0.011704571545124054 
vt 0.9368572235107422 0.03144295513629913 
vt 0.9487280249595642 0.04985742270946503 
vt 0.9295893311500549 0.029757972806692123 
vt 0.9293470978736877 0.05238490179181099 
vt 0.4106641411781311 0.12857024371623993 
vt 0.447245717048645 0.12712597846984863 
vt 0.4466400444507599 0.10365655273199081 
vt 0.4215659499168396 0.11472930759191513 
vt 0.04775567352771759 0.9069125056266785 
vt 0.1004476547241211 0.8993300795555115 
vt 0.0874866396188736 0.9432600140571594 
vt 0.13739261031150818 0.9710622429847717 
vt 0.1788194179534912 0.9410936236381531 
vt 0.19165930151939392 0.9891156554222107 
vt 0.2644590437412262 0.9542124271392822 
vt 0.24798521399497986 0.9960963129997253 
vt 0.3039477467536926 0.9929670691490173 
vt 0.35530728101730347 0.9336315393447876 
vt 0.3571242392063141 0.9780429005622864 
vt 0.3924944996833801 0.9558973908424377 
vt 0.42096027731895447 0.9283358454704285 
vt 0.45209094882011414 0.897885799407959 
vt 0.46965494751930237 0.8099055886268616 
vt 0.48285821080207825 0.8621400594711304 
vt 0.5058731436729431 0.8184508681297302 
vt 0.5091436505317688 0.7663366794586182 
vt 0.5027236938476562 0.712176501750946 
vt 0.44615551829338074 0.647545337677002 
vt 0.4931543469429016 0.6609048247337341 
vt 0.47764959931373596 0.6137253046035767 
vt 0.40739360451698303 0.5862841010093689 
vt 0.4502739906311035 0.5713599920272827 
vt 0.41102755069732666 0.5301982164382935 
vt 0.3301120400428772 0.528753936290741 
vt 0.36548227071762085 0.4997481405735016 
vt 0.31860458850860596 0.4833797216415405 
vt 0.27015218138694763 0.4780840575695038 
vt 0.18330125510692596 0.521171510219574 
vt 0.21951943635940552 0.4782044291496277 
vt 0.17034024000167847 0.48554614186286926 
vt 0.12564291059970856 0.5070898532867432 
vt 0.08385270833969116 0.5387434959411621 
vt 0.05841520056128502 0.6233537793159485 
vt 0.04630209878087044 0.5759335160255432 
vt 0.016261611133813858 0.6160120368003845 
vt 0.04436400532722473 0.6711350679397583 
vt 0.004269643221050501 0.6612659096717834 
vt 0.00390625 0.7122968435287476 
vt 0.00390625 0.7654942274093628 
vt 0.04884584993124008 0.8242279291152954 
vt 0.006450001150369644 0.8162844181060791 
vt 0.02050119638442993 0.863102912902832 
vt 0.12213010340929031 0.8198950886726379 
vt 0.3034632205963135 0.896561861038208 
vt 0.3960072994232178 0.7758448123931885 
vt 0.34440550208091736 0.6278069615364075 
vt 0.21128252148628235 0.5793034434318542 
vt 0.11873843520879745 0.6550073623657227 
vt 0.964838445186615 0.8567240238189697 
vt 0.979010820388794 0.8129144906997681 
vt 0.9410967826843262 0.8972840309143066 
vt 0.7763586640357971 0.992605984210968 
vt 0.9065744876861572 0.9371218681335449 
vt 0.8225095272064209 0.9864678382873535 
vt 0.8662378191947937 0.9688958525657654 
vt 0.6792115569114685 0.9915227890014648 
vt 0.6347565054893494 0.9719047546386719 
vt 0.7276639938354492 0.9960963129997253 
vt 0.5947832465171814 0.940491795539856 
vt 0.519076406955719 0.7770483493804932 
vt 0.518834114074707 0.726017415523529 
vt 0.9883378744125366 0.7645313739776611 
vt 0.9046363830566406 0.5612500905990601 
vt 0.9349191188812256 0.5897744297981262 
vt 0.996090292930603 0.7127782702445984 
vt 0.9676244854927063 0.6214280724525452 
vt 0.9922140836715698 0.6623491048812866 
vt 0.5577172040939331 0.9055885672569275 
vt 0.5178650617599487 0.8255518674850464 
vt 0.5286457538604736 0.8683986067771912 
vt 0.8427384495735168 0.5152740478515625 
vt 0.8771396279335022 0.5351328253746033 
vt 0.7918633818626404 0.5054048895835876 
vt 0.7396559715270996 0.505765974521637 
vt 0.6876907348632812 0.5153944492340088 
vt 0.6385115385055542 0.5332071185112 
vt 0.5918761491775513 0.5583615303039551 
vt 0.5555368065834045 0.5920612215995789 
vt 0.5178650617599487 0.6776342988014221 
vt 0.5294936299324036 0.632621169090271 
vt 0.04775567352771759 0.9069125056266785 
vt 0.0874866396188736 0.9432600140571594 
vt 0.1004476547241211 0.8993300795555115 
vt 0.13739261031150818 0.9710622429847717 
vt 0.1788194179534912 0.9410936236381531 
vt 0.19165930151939392 0.9891156554222107 
vt 0.2644590437412262 0.9542124271392822 
vt 0.24798521399497986 0.9960963129997253 
vt 0.3039477467536926 0.9929670691490173 
vt 0.35530728101730347 0.9336315393447876 
vt 0.3571242392063141 0.9780429005622864 
vt 0.3924944996833801 0.9558973908424377 
vt 0.42096027731895447 0.9283358454704285 
vt 0.45209094882011414 0.897885799407959 
vt 0.46965494751930237 0.8099055886268616 
vt 0.48285821080207825 0.8621400594711304 
vt 0.5058731436729431 0.8184508681297302 
vt 0.5091436505317688 0.7663366794586182 
vt 0.5027236938476562 0.712176501750946 
vt 0.44615551829338074 0.647545337677002 
vt 0.4931543469429016 0.6609048247337341 
vt 0.47764959931373596 0.6137253046035767 
vt 0.40739360451698303 0.5862841010093689 
vt 0.4502739906311035 0.5713599920272827 
vt 0.41102755069732666 0.5301982164382935 
vt 0.3301120400428772 0.528753936290741 
vt 0.36548227071762085 0.4997481405735016 
vt 0.31860458850860596 0.4833797216415405 
vt 0.27015218138694763 0.4780840575695038 
vt 0.18330125510692596 0.521171510219574 
vt 0.21951943635940552 0.4782044291496277 
vt 0.17034024000167847 0.48554614186286926 
vt 0.12564291059970856 0.5070898532867432 
vt 0.08385270833969116 0.5387434959411621 
vt 0.05841520056128502 0.6233537793159485 
vt 0.04630209878087044 0.5759335160255432 
vt 0.016261611133813858 0.6160120368003845 
vt 0.04436400532722473 0.6711350679397583 
vt 0.004269643221050501 0.6612659096717834 
vt 0.00390625 0.7122968435287476 
vt 0.00390625 0.7654942274093628 
vt 0.04884584993124008 0.8242279291152954 
vt 0.006450001150369644 0.8162844181060791 
vt 0.02050119638442993 0.863102912902832 
vt 0.12213010340929031 0.8198950886726379 
vt 0.3034632205963135 0.896561861038208 
vt 0.3960072994232178 0.7758448123931885 
vt 0.34440550208091736 0.6278069615364075 
vt 0.21128252148628235 0.5793034434318542 
vt 0.11873843520879745 0.6550073623657227 
vt 0.6792115569114685 0.9915227890014648 
vt 0.7276639938354492 0.9960963129997253 
vt 0.6347565054893494 0.9719047546386719 
vt 0.5947832465171814 0.940491795539856 
vt 0.7763586640357971 0.992605984210968 
vt 0.979010820388794 0.8129144906997681 
vt 0.9410967826843262 0.8972840309143066 
vt 0.964838445186615 0.8567240238189697 
vt 0.5286457538604736 0.8683986067771912 
vt 0.5178650617599487 0.8255518674850464 
vt 0.5577172040939331 0.9055885672569275 
vt 0.519076406955719 0.7770483493804932 
vt 0.9883378744125366 0.7645313739776611 
vt 0.9349191188812256 0.5897744297981262 
vt 0.996090292930603 0.7127782702445984 
vt 0.9676244854927063 0.6214280724525452 
vt 0.9922140836715698 0.6623491048812866 
vt 0.9065744876861572 0.9371218681335449 
vt 0.8225095272064209 0.9864678382873535 
vt 0.8662378191947937 0.9688958525657654 
vt 0.9046363830566406 0.5612500905990601 
vt 0.518834114074707 0.726017415523529 
vt 0.7396559715270996 0.505765974521637 
vt 0.6876907348632812 0.5153944492340088 
vt 0.6385115385055542 0.5332071185112 
vt 0.5918761491775513 0.5583615303039551 
vt 0.5555368065834045 0.5920612215995789 
vt 0.5178650617599487 0.6776342988014221 
vt 0.5294936299324036 0.632621169090271 
vt 0.7918633818626404 0.5054048895835876 
vt 0.8771396279335022 0.5351328253746033 
vt 0.8427384495735168 0.5152740478515625 
vt 0.04775567352771759 0.9069125056266785 
vt 0.1004476547241211 0.8993300795555115 
vt 0.0874866396188736 0.9432600140571594 
vt 0.13739261031150818 0.9710622429847717 
vt 0.1788194179534912 0.9410936236381531 
vt 0.19165930151939392 0.9891156554222107 
vt 0.2644590437412262 0.9542124271392822 
vt 0.24798521399497986 0.9960963129997253 
vt 0.3039477467536926 0.9929670691490173 
vt 0.35530728101730347 0.9336315393447876 
vt 0.3571242392063141 0.9780429005622864 
vt 0.3924944996833801 0.9558973908424377 
vt 0.42096027731895447 0.9283358454704285 
vt 0.45209094882011414 0.897885799407959 
vt 0.46965494751930237 0.8099055886268616 
vt 0.48285821080207825 0.8621400594711304 
vt 0.5058731436729431 0.8184508681297302 
vt 0.5091436505317688 0.7663366794586182 
vt 0.5027236938476562 0.712176501750946 
vt 0.44615551829338074 0.647545337677002 
vt 0.4931543469429016 0.6609048247337341 
vt 0.47764959931373596 0.6137253046035767 
vt 0.4502739906311035 0.5713599920272827 
vt 0.40739360451698303 0.5862841010093689 
vt 0.41102755069732666 0.5301982164382935 
vt 0.3301120400428772 0.528753936290741 
vt 0.36548227071762085 0.4997481405735016 
vt 0.31860458850860596 0.4833797216415405 
vt 0.27015218138694763 0.4780840575695038 
vt 0.18330125510692596 0.521171510219574 
vt 0.21951943635940552 0.4782044291496277 
vt 0.17034024000167847 0.48554614186286926 
vt 0.12564291059970856 0.5070898532867432 
vt 0.08385270833969116 0.5387434959411621 
vt 0.05841520056128502 0.6233537793159485 
vt 0.04630209878087044 0.5759335160255432 
vt 0.016261611133813858 0.6160120368003845 
vt 0.04436400532722473 0.6711350679397583 
vt 0.004269643221050501 0.6612659096717834 
vt 0.00390625 0.7122968435287476 
vt 0.00390625 0.7654942274093628 
vt 0.04884584993124008 0.8242279291152954 
vt 0.006450001150369644 0.8162844181060791 
vt 0.02050119638442993 0.863102912902832 
vt 0.12213010340929031 0.8198950886726379 
vt 0.3034632205963135 0.896561861038208 
vt 0.3960072994232178 0.7758448123931885 
vt 0.34440550208091736 0.6278069615364075 
vt 0.21128252148628235 0.5793034434318542 
vt 0.11873843520879745 0.6550073623657227 
vt 0.5294936299324036 0.632621169090271 
vt 0.5178650617599487 0.6776342988014221 
vt 0.5555368065834045 0.5920612215995789 
vt 0.518834114074707 0.726017415523529 
vt 0.5918761491775513 0.5583615303039551 
vt 0.6385115385055542 0.5332071185112 
vt 0.9410967826843262 0.8972840309143066 
vt 0.979010820388794 0.8129144906997681 
vt 0.964838445186615 0.8567240238189697 
vt 0.6876907348632812 0.5153944492340088 
vt 0.9883378744125366 0.7645313739776611 
vt 0.7396559715270996 0.505765974521637 
vt 0.9046363830566406 0.5612500905990601 
vt 0.7918633818626404 0.5054048895835876 
vt 0.8771396279335022 0.5351328253746033 
vt 0.8427384495735168 0.5152740478515625 
vt 0.9349191188812256 0.5897744297981262 
vt 0.996090292930603 0.7127782702445984 
vt 0.9676244854927063 0.6214280724525452 
vt 0.9922140836715698 0.6623491048812866 
vt 0.9065744876861572 0.9371218681335449 
vt 0.7763586640357971 0.992605984210968 
vt 0.8225095272064209 0.9864678382873535 
vt 0.8662378191947937 0.9688958525657654 
vt 0.519076406955719 0.7770483493804932 
vt 0.7276639938354492 0.9960963129997253 
vt 0.5947832465171814 0.940491795539856 
vt 0.6347565054893494 0.9719047546386719 
vt 0.6792115569114685 0.9915227890014648 
vt 0.5577172040939331 0.9055885672569275 
vt 0.5178650617599487 0.8255518674850464 
vt 0.5286457538604736 0.8683986067771912 
vt 0.04775567352771759 0.9069125056266785 
vt 0.1004476547241211 0.8993300795555115 
vt 0.0874866396188736 0.9432600140571594 
vt 0.13739261031150818 0.9710622429847717 
vt 0.1788194179534912 0.9410936236381531 
vt 0.19165930151939392 0.9891156554222107 
vt 0.2644590437412262 0.9542124271392822 
vt 0.24798521399497986 0.9960963129997253 
vt 0.3039477467536926 0.9929670691490173 
vt 0.35530728101730347 0.9336315393447876 
vt 0.3571242392063141 0.9780429005622864 
vt 0.3924944996833801 0.9558973908424377 
vt 0.42096027731895447 0.9283358454704285 
vt 0.45209094882011414 0.897885799407959 
vt 0.46965494751930237 0.8099055886268616 
vt 0.48285821080207825 0.8621400594711304 
vt 0.5058731436729431 0.8184508681297302 
vt 0.5091436505317688 0.7663366794586182 
vt 0.5027236938476562 0.712176501750946 
vt 0.44615551829338074 0.647545337677002 
vt 0.4931543469429016 0.6609048247337341 
vt 0.47764959931373596 0.6137253046035767 
vt 0.40739360451698303 0.5862841010093689 
vt 0.4502739906311035 0.5713599920272827 
vt 0.41102755069732666 0.5301982164382935 
vt 0.3301120400428772 0.528753936290741 
vt 0.36548227071762085 0.4997481405735016 
vt 0.31860458850860596 0.4833797216415405 
vt 0.27015218138694763 0.4780840575695038 
vt 0.18330125510692596 0.521171510219574 
vt 0.21951943635940552 0.4782044291496277 
vt 0.17034024000167847 0.48554614186286926 
vt 0.12564291059970856 0.5070898532867432 
vt 0.08385270833969116 0.5387434959411621 
vt 0.05841520056128502 0.6233537793159485 
vt 0.04630209878087044 0.5759335160255432 
vt 0.016261611133813858 0.6160120368003845 
vt 0.04436400532722473 0.6711350679397583 
vt 0.004269643221050501 0.6612659096717834 
vt 0.00390625 0.7122968435287476 
vt 0.00390625 0.7654942274093628 
vt 0.04884584993124008 0.8242279291152954 
vt 0.006450001150369644 0.8162844181060791 
vt 0.02050119638442993 0.863102912902832 
vt 0.12213010340929031 0.8198950886726379 
vt 0.3034632205963135 0.896561861038208 
vt 0.3960072994232178 0.7758448123931885 
vt 0.34440550208091736 0.6278069615364075 
vt 0.21128252148628235 0.5793034434318542 
vt 0.11873843520879745 0.6550073623657227 
vt 0.964838445186615 0.8567240238189697 
vt 0.979010820388794 0.8129144906997681 
vt 0.9410967826843262 0.8972840309143066 
vt 0.7763586640357971 0.992605984210968 
vt 0.9065744876861572 0.9371218681335449 
vt 0.8225095272064209 0.9864678382873535 
vt 0.8662378191947937 0.9688958525657654 
vt 0.9922140836715698 0.6623491048812866 
vt 0.996090292930603 0.7127782702445984 
vt 0.9676244854927063 0.6214280724525452 
vt 0.9349191188812256 0.5897744297981262 
vt 0.9883378744125366 0.7645313739776611 
vt 0.9046363830566406 0.5612500905990601 
vt 0.519076406955719 0.7770483493804932 
vt 0.518834114074707 0.726017415523529 
vt 0.7396559715270996 0.505765974521637 
vt 0.6876907348632812 0.5153944492340088 
vt 0.6385115385055542 0.5332071185112 
vt 0.5918761491775513 0.5583615303039551 
vt 0.5555368065834045 0.5920612215995789 
vt 0.5178650617599487 0.6776342988014221 
vt 0.5294936299324036 0.632621169090271 
vt 0.5947832465171814 0.940491795539856 
vt 0.7276639938354492 0.9960963129997253 
vt 0.6347565054893494 0.9719047546386719 
vt 0.6792115569114685 0.9915227890014648 
vt 0.7918633818626404 0.5054048895835876 
vt 0.8771396279335022 0.5351328253746033 
vt 0.8427384495735168 0.5152740478515625 
vt 0.5286457538604736 0.8683986067771912 
vt 0.5178650617599487 0.8255518674850464 
vt 0.5577172040939331 0.9055885672569275 
vt 0.04775567352771759 0.9069125056266785 
vt 0.0874866396188736 0.9432600140571594 
vt 0.1004476547241211 0.8993300795555115 
vt 0.13739261031150818 0.9710622429847717 
vt 0.1788194179534912 0.9410936236381531 
vt 0.19165930151939392 0.9891156554222107 
vt 0.2644590437412262 0.9542124271392822 
vt 0.24798521399497986 0.9960963129997253 
vt 0.3039477467536926 0.9929670691490173 
vt 0.35530728101730347 0.9336315393447876 
vt 0.3571242392063141 0.9780429005622864 
vt 0.3924944996833801 0.9558973908424377 
vt 0.42096027731895447 0.9283358454704285 
vt 0.45209094882011414 0.897885799407959 
vt 0.46965494751930237 0.8099055886268616 
vt 0.48285821080207825 0.8621400594711304 
vt 0.5058731436729431 0.8184508681297302 
vt 0.5091436505317688 0.7663366794586182 
vt 0.5027236938476562 0.712176501750946 
vt 0.44615551829338074 0.647545337677002 
vt 0.4931543469429016 0.6609048247337341 
vt 0.47764959931373596 0.6137253046035767 
vt 0.40739360451698303 0.5862841010093689 
vt 0.4502739906311035 0.5713599920272827 
vt 0.41102755069732666 0.5301982164382935 
vt 0.3301120400428772 0.528753936290741 
vt 0.36548227071762085 0.4997481405735016 
vt 0.31860458850860596 0.4833797216415405 
vt 0.27015218138694763 0.4780840575695038 
vt 0.18330125510692596 0.521171510219574 
vt 0.21951943635940552 0.4782044291496277 
vt 0.17034024000167847 0.48554614186286926 
vt 0.12564291059970856 0.5070898532867432 
vt 0.08385270833969116 0.5387434959411621 
vt 0.05841520056128502 0.6233537793159485 
vt 0.04630209878087044 0.5759335160255432 
vt 0.016261611133813858 0.6160120368003845 
vt 0.04436400532722473 0.6711350679397583 
vt 0.004269643221050501 0.6612659096717834 
vt 0.00390625 0.7122968435287476 
vt 0.00390625 0.7654942274093628 
vt 0.04884584993124008 0.8242279291152954 
vt 0.006450001150369644 0.8162844181060791 
vt 0.02050119638442993 0.863102912902832 
vt 0.12213010340929031 0.8198950886726379 
vt 0.3034632205963135 0.896561861038208 
vt 0.3960072994232178 0.7758448123931885 
vt 0.34440550208091736 0.6278069615364075 
vt 0.21128252148628235 0.5793034434318542 
vt 0.11873843520879745 0.6550073623657227 
vt 0.964838445186615 0.8567240238189697 
vt 0.979010820388794 0.8129144906997681 
vt 0.9410967826843262 0.8972840309143066 
vt 0.7763586640357971 0.992605984210968 
vt 0.9065744876861572 0.9371218681335449 
vt 0.8225095272064209 0.9864678382873535 
vt 0.8662378191947937 0.9688958525657654 
vt 0.9922140836715698 0.6623491048812866 
vt 0.996090292930603 0.7127782702445984 
vt 0.9676244854927063 0.6214280724525452 
vt 0.9349191188812256 0.5897744297981262 
vt 0.9883378744125366 0.7645313739776611 
vt 0.9046363830566406 0.5612500905990601 
vt 0.519076406955719 0.7770483493804932 
vt 0.518834114074707 0.726017415523529 
vt 0.6876907348632812 0.5153944492340088 
vt 0.6385115385055542 0.5332071185112 
vt 0.5918761491775513 0.5583615303039551 
vt 0.5555368065834045 0.5920612215995789 
vt 0.5178650617599487 0.6776342988014221 
vt 0.5294936299324036 0.632621169090271 
vt 0.7396559715270996 0.505765974521637 
vt 0.7918633818626404 0.5054048895835876 
vt 0.8771396279335022 0.5351328253746033 
vt 0.8427384495735168 0.5152740478515625 
vt 0.5286457538604736 0.8683986067771912 
vt 0.5178650617599487 0.8255518674850464 
vt 0.5577172040939331 0.9055885672569275 
vt 0.5947832465171814 0.940491795539856 
vt 0.7276639938354492 0.9960963129997253 
vt 0.6347565054893494 0.9719047546386719 
vt 0.6792115569114685 0.9915227890014648 
vt 0.04775567352771759 0.9069125056266785 
vt 0.1004476547241211 0.8993300795555115 
vt 0.0874866396188736 0.9432600140571594 
vt 0.13739261031150818 0.9710622429847717 
vt 0.1788194179534912 0.9410936236381531 
vt 0.19165930151939392 0.9891156554222107 
vt 0.2644590437412262 0.9542124271392822 
vt 0.24798521399497986 0.9960963129997253 
vt 0.3039477467536926 0.9929670691490173 
vt 0.35530728101730347 0.9336315393447876 
vt 0.3571242392063141 0.9780429005622864 
vt 0.3924944996833801 0.9558973908424377 
vt 0.42096027731895447 0.9283358454704285 
vt 0.45209094882011414 0.897885799407959 
vt 0.46965494751930237 0.8099055886268616 
vt 0.48285821080207825 0.8621400594711304 
vt 0.5058731436729431 0.8184508681297302 
vt 0.5091436505317688 0.7663366794586182 
vt 0.5027236938476562 0.712176501750946 
vt 0.44615551829338074 0.647545337677002 
vt 0.4931543469429016 0.6609048247337341 
vt 0.47764959931373596 0.6137253046035767 
vt 0.40739360451698303 0.5862841010093689 
vt 0.4502739906311035 0.5713599920272827 
vt 0.41102755069732666 0.5301982164382935 
vt 0.3301120400428772 0.528753936290741 
vt 0.36548227071762085 0.4997481405735016 
vt 0.31860458850860596 0.4833797216415405 
vt 0.27015218138694763 0.4780840575695038 
vt 0.18330125510692596 0.521171510219574 
vt 0.21951943635940552 0.4782044291496277 
vt 0.17034024000167847 0.48554614186286926 
vt 0.12564291059970856 0.5070898532867432 
vt 0.08385270833969116 0.5387434959411621 
vt 0.05841520056128502 0.6233537793159485 
vt 0.04630209878087044 0.5759335160255432 
vt 0.016261611133813858 0.6160120368003845 
vt 0.04436400532722473 0.6711350679397583 
vt 0.004269643221050501 0.6612659096717834 
vt 0.00390625 0.7122968435287476 
vt 0.00390625 0.7654942274093628 
vt 0.04884584993124008 0.8242279291152954 
vt 0.006450001150369644 0.8162844181060791 
vt 0.02050119638442993 0.863102912902832 
vt 0.12213010340929031 0.8198950886726379 
vt 0.3034632205963135 0.896561861038208 
vt 0.3960072994232178 0.7758448123931885 
vt 0.34440550208091736 0.6278069615364075 
vt 0.21128252148628235 0.5793034434318542 
vt 0.11873843520879745 0.6550073623657227 
vt 0.964838445186615 0.8567240238189697 
vt 0.979010820388794 0.8129144906997681 
vt 0.9410967826843262 0.8972840309143066 
vt 0.7763586640357971 0.992605984210968 
vt 0.9065744876861572 0.9371218681335449 
vt 0.8225095272064209 0.9864678382873535 
vt 0.8662378191947937 0.9688958525657654 
vt 0.6792115569114685 0.9915227890014648 
vt 0.6347565054893494 0.9719047546386719 
vt 0.7276639938354492 0.9960963129997253 
vt 0.5947832465171814 0.940491795539856 
vt 0.9883378744125366 0.7645313739776611 
vt 0.519076406955719 0.7770483493804932 
vt 0.9349191188812256 0.5897744297981262 
vt 0.9046363830566406 0.5612500905990601 
vt 0.518834114074707 0.726017415523529 
vt 0.7396559715270996 0.505765974521637 
vt 0.6876907348632812 0.5153944492340088 
vt 0.6385115385055542 0.5332071185112 
vt 0.5918761491775513 0.5583615303039551 
vt 0.5555368065834045 0.5920612215995789 
vt 0.5178650617599487 0.6776342988014221 
vt 0.5294936299324036 0.632621169090271 
vt 0.5577172040939331 0.9055885672569275 
vt 0.5178650617599487 0.8255518674850464 
vt 0.5286457538604736 0.8683986067771912 
vt 0.996090292930603 0.7127782702445984 
vt 0.9676244854927063 0.6214280724525452 
vt 0.9922140836715698 0.6623491048812866 
vt 0.7918633818626404 0.5054048895835876 
vt 0.8771396279335022 0.5351328253746033 
vt 0.8427384495735168 0.5152740478515625 
vt 0.04775567352771759 0.9069125056266785 
vt 0.1004476547241211 0.8993300795555115 
vt 0.0874866396188736 0.9432600140571594 
vt 0.13739261031150818 0.9710622429847717 
vt 0.1788194179534912 0.9410936236381531 
vt 0.19165930151939392 0.9891156554222107 
vt 0.2644590437412262 0.9542124271392822 
vt 0.24798521399497986 0.9960963129997253 
vt 0.3039477467536926 0.9929670691490173 
vt 0.35530728101730347 0.9336315393447876 
vt 0.3571242392063141 0.9780429005622864 
vt 0.3924944996833801 0.9558973908424377 
vt 0.42096027731895447 0.9283358454704285 
vt 0.45209094882011414 0.897885799407959 
vt 0.46965494751930237 0.8099055886268616 
vt 0.48285821080207825 0.8621400594711304 
vt 0.5058731436729431 0.8184508681297302 
vt 0.5091436505317688 0.7663366794586182 
vt 0.5027236938476562 0.712176501750946 
vt 0.44615551829338074 0.647545337677002 
vt 0.4931543469429016 0.6609048247337341 
vt 0.47764959931373596 0.6137253046035767 
vt 0.40739360451698303 0.5862841010093689 
vt 0.4502739906311035 0.5713599920272827 
vt 0.41102755069732666 0.5301982164382935 
vt 0.3301120400428772 0.528753936290741 
vt 0.36548227071762085 0.4997481405735016 
vt 0.31860458850860596 0.4833797216415405 
vt 0.27015218138694763 0.4780840575695038 
vt 0.18330125510692596 0.521171510219574 
vt 0.21951943635940552 0.4782044291496277 
vt 0.17034024000167847 0.48554614186286926 
vt 0.12564291059970856 0.5070898532867432 
vt 0.08385270833969116 0.5387434959411621 
vt 0.05841520056128502 0.6233537793159485 
vt 0.04630209878087044 0.5759335160255432 
vt 0.016261611133813858 0.6160120368003845 
vt 0.04436400532722473 0.6711350679397583 
vt 0.004269643221050501 0.6612659096717834 
vt 0.00390625 0.7122968435287476 
vt 0.00390625 0.7654942274093628 
vt 0.04884584993124008 0.8242279291152954 
vt 0.006450001150369644 0.8162844181060791 
vt 0.02050119638442993 0.863102912902832 
vt 0.12213010340929031 0.8198950886726379 
vt 0.3034632205963135 0.896561861038208 
vt 0.3960072994232178 0.7758448123931885 
vt 0.34440550208091736 0.6278069615364075 
vt 0.21128252148628235 0.5793034434318542 
vt 0.11873843520879745 0.6550073623657227 
vt 0.964838445186615 0.8567240238189697 
vt 0.979010820388794 0.8129144906997681 
vt 0.9410967826843262 0.8972840309143066 
vt 0.7763586640357971 0.992605984210968 
vt 0.9065744876861572 0.9371218681335449 
vt 0.8225095272064209 0.9864678382873535 
vt 0.8662378191947937 0.9688958525657654 
vt 0.9922140836715698 0.6623491048812866 
vt 0.996090292930603 0.7127782702445984 
vt 0.9676244854927063 0.6214280724525452 
vt 0.9349191188812256 0.5897744297981262 
vt 0.9883378744125366 0.7645313739776611 
vt 0.9046363830566406 0.5612500905990601 
vt 0.519076406955719 0.7770483493804932 
vt 0.518834114074707 0.726017415523529 
vt 0.7396559715270996 0.505765974521637 
vt 0.6876907348632812 0.5153944492340088 
vt 0.6385115385055542 0.5332071185112 
vt 0.5918761491775513 0.5583615303039551 
vt 0.5555368065834045 0.5920612215995789 
vt 0.5178650617599487 0.6776342988014221 
vt 0.5294936299324036 0.632621169090271 
vt 0.5947832465171814 0.940491795539856 
vt 0.7276639938354492 0.9960963129997253 
vt 0.6347565054893494 0.9719047546386719 
vt 0.6792115569114685 0.9915227890014648 
vt 0.7918633818626404 0.5054048895835876 
vt 0.8771396279335022 0.5351328253746033 
vt 0.8427384495735168 0.5152740478515625 
vt 0.5286457538604736 0.8683986067771912 
vt 0.5178650617599487 0.8255518674850464 
vt 0.5577172040939331 0.9055885672569275 
vt 0.40121594071388245 0.2668592929840088 
vt 0.30285754799842834 0.2668592929840088 
vt 0.30285754799842834 0.36519014835357666 
vt 0.30285754799842834 0.36519014835357666 
vt 0.20449918508529663 0.2668592929840088 
vt 0.30285754799842834 0.2668592929840088 
vt 0.20449918508529663 0.36519014835357666 
vt 0.20449918508529663 0.2668592929840088 
vt 0.10614081472158432 0.2668592929840088 
vt 0.10614081472158432 0.36519014835357666 
vt 0.007782442029565573 0.2668592929840088 
vt 0.10614081472158432 0.2668592929840088 
vt 0.20449918508529663 0.46352100372314453 
vt 0.20449918508529663 0.36519014835357666 
vt 0.10614081472158432 0.36519014835357666 
vt 0.20449918508529663 0.2668592929840088 
vt 0.10614081472158432 0.16852843761444092 
vt 0.20449918508529663 0.16852843761444092 
s on 
f 1/1/1 2/2/2 3/3/3 
f 2/2/2 3/3/3 3/3/3 
f 3/3/3 3/3/3 4/4/4 
f 3/3/3 4/4/4 4/4/4 
f 4/4/4 4/4/4 5/5/5 
f 4/4/4 6/6/6 5/5/5 
f 5/5/5 6/6/6 6/6/6 
f 6/6/6 7/7/7 6/6/6 
f 6/6/6 7/7/7 7/7/7 
f 7/7/7 8/8/8 7/7/7 
f 7/7/7 8/8/8 9/9/9 
f 8/8/8 9/9/9 9/9/9 
f 9/9/9 9/9/9 10/10/10 
f 9/9/9 10/10/10 10/10/10 
f 10/10/10 10/10/10 11/11/11 
f 10/10/10 12/12/12 11/11/11 
f 11/11/11 12/12/12 12/12/12 
f 12/12/12 13/13/13 12/12/12 
f 12/12/12 13/13/13 13/13/13 
f 13/13/13 14/14/14 13/13/13 
f 13/13/13 14/14/14 15/15/15 
f 14/14/14 15/15/15 15/15/15 
f 15/15/15 15/15/15 16/16/16 
f 15/15/15 16/16/16 16/16/16 
f 16/16/16 16/16/16 17/17/17 
f 16/16/16 18/18/18 17/17/17 
f 17/17/17 18/18/18 18/18/18 
f 18/18/18 19/19/19 18/18/18 
f 18/18/18 19/19/19 19/19/19 
f 19/19/19 20/20/20 19/19/19 
f 19/19/19 20/20/20 21/21/21 
f 20/20/20 20/20/20 21/21/21 
f 21/21/21 20/20/20 22/22/22 
f 20/20/20 20/20/20 22/22/22 
f 22/22/22 20/20/20 23/23/23 
f 20/20/20 20/20/20 23/23/23 
f 23/23/23 20/20/20 24/24/24 
f 20/20/20 20/20/20 24/24/24 
f 24/24/24 20/20/20 25/25/25 
f 20/20/20 20/20/20 25/25/25 
f 25/25/25 20/20/20 26/26/26 
f 20/20/20 19/19/19 26/26/26 
f 26/26/26 19/19/19 27/27/27 
f 19/19/19 19/19/19 27/27/27 
f 27/27/27 19/19/19 28/28/28 
f 19/19/19 21/21/21 28/28/28 
f 28/28/28 21/21/21 29/29/29 
f 21/21/21 21/21/21 29/29/29 
f 29/29/29 21/21/21 30/30/30 
f 21/21/21 22/22/22 30/30/30 
f 30/30/30 22/22/22 31/31/31 
f 22/22/22 22/22/22 31/31/31 
f 31/31/31 22/22/22 32/32/32 
f 22/22/22 23/23/23 32/32/32 
f 32/32/32 23/23/23 33/33/33 
f 23/23/23 24/24/24 33/33/33 
f 33/33/33 24/24/24 34/34/34 
f 24/24/24 25/25/25 34/34/34 
f 34/34/34 25/25/25 35/35/35 
f 25/25/25 26/26/26 35/35/35 
f 35/35/35 26/26/26 36/36/36 
f 26/26/26 27/27/27 36/36/36 
f 36/36/36 27/27/27 37/37/37 
f 27/27/27 38/38/38 37/37/37 
f 37/37/37 38/38/38 37/37/37 
f 38/38/38 39/39/39 37/37/37 
f 37/37/37 39/39/39 37/37/37 
f 39/39/39 40/40/40 37/37/37 
f 37/37/37 40/40/40 36/36/36 
f 40/40/40 36/36/36 36/36/36 
f 36/36/36 36/36/36 27/27/27 
f 36/36/36 27/27/27 27/27/27 
f 27/27/27 27/27/27 38/38/38 
f 27/27/27 28/28/28 38/38/38 
f 38/38/38 28/28/28 41/41/41 
f 28/28/28 28/28/28 41/41/41 
f 41/41/41 28/28/28 42/42/42 
f 28/28/28 29/29/29 42/42/42 
f 42/42/42 29/29/29 43/43/43 
f 29/29/29 30/30/30 43/43/43 
f 43/43/43 30/30/30 44/44/44 
f 30/30/30 31/31/31 44/44/44 
f 44/44/44 31/31/31 45/45/45 
f 31/31/31 32/32/32 45/45/45 
f 45/45/45 32/32/32 32/32/32 
f 32/32/32 45/45/45 32/32/32 
f 32/32/32 45/45/45 45/45/45 
f 45/45/45 46/46/46 45/45/45 
f 45/45/45 46/46/46 44/44/44 
f 46/46/46 46/46/46 44/44/44 
f 44/44/44 46/46/46 43/43/43 
f 46/46/46 46/46/46 43/43/43 
f 43/43/43 46/46/46 47/47/47 
f 46/46/46 48/48/48 47/47/47 
f 47/47/47 48/48/48 49/49/49 
f 48/48/48 50/50/50 49/49/49 
f 49/49/49 50/50/50 51/51/51 
f 50/50/50 52/52/52 51/51/51 
f 51/51/51 52/52/52 51/51/51 
f 52/52/52 53/53/53 51/51/51 
f 51/51/51 53/53/53 54/54/54 
f 53/53/53 53/53/53 54/54/54 
f 54/54/54 53/53/53 55/55/55 
f 53/53/53 56/56/56 55/55/55 
f 55/55/55 56/56/56 57/57/57 
f 56/56/56 58/58/58 57/57/57 
f 57/57/57 58/58/58 59/59/59 
f 58/58/58 60/60/60 59/59/59 
f 59/59/59 60/60/60 61/61/61 
f 60/60/60 60/60/60 61/61/61 
f 61/61/61 60/60/60 62/62/62 
f 60/60/60 58/58/58 62/62/62 
f 62/62/62 58/58/58 56/56/56 
f 58/58/58 56/56/56 56/56/56 
f 56/56/56 56/56/56 46/46/46 
f 56/56/56 46/46/46 46/46/46 
f 46/46/46 46/46/46 48/48/48 
f 46/46/46 45/45/45 48/48/48 
f 48/48/48 45/45/45 45/45/45 
f 45/45/45 59/59/59 45/45/45 
f 45/45/45 59/59/59 59/59/59 
f 59/59/59 63/63/63 59/59/59 
f 59/59/59 63/63/63 57/57/57 
f 63/63/63 63/63/63 57/57/57 
f 57/57/57 63/63/63 55/55/55 
f 63/63/63 63/63/63 55/55/55 
f 55/55/55 63/63/63 54/54/54 
f 63/63/63 64/64/64 54/54/54 
f 54/54/54 64/64/64 51/51/51 
f 64/64/64 65/65/65 51/51/51 
f 51/51/51 65/65/65 49/49/49 
f 65/65/65 65/65/65 49/49/49 
f 49/49/49 65/65/65 47/47/47 
f 65/65/65 66/66/66 47/47/47 
f 47/47/47 66/66/66 43/43/43 
f 66/66/66 66/66/66 43/43/43 
f 43/43/43 66/66/66 42/42/42 
f 66/66/66 67/67/67 42/42/42 
f 42/42/42 67/67/67 41/41/41 
f 67/67/67 68/68/68 41/41/41 
f 41/41/41 68/68/68 41/41/41 
f 68/68/68 69/69/69 41/41/41 
f 41/41/41 69/69/69 38/38/38 
f 69/69/69 70/70/70 38/38/38 
f 38/38/38 70/70/70 38/38/38 
f 70/70/70 71/71/71 38/38/38 
f 38/38/38 71/71/71 39/39/39 
f 71/71/71 71/71/71 39/39/39 
f 39/39/39 71/71/71 72/72/72 
f 71/71/71 73/73/73 72/72/72 
f 72/72/72 73/73/73 74/74/74 
f 73/73/73 73/73/73 74/74/74 
f 74/74/74 73/73/73 75/75/75 
f 73/73/73 71/71/71 75/75/75 
f 75/75/75 71/71/71 75/75/75 
f 71/71/71 70/70/70 75/75/75 
f 75/75/75 70/70/70 76/76/76 
f 70/70/70 69/69/69 76/76/76 
f 76/76/76 69/69/69 76/76/76 
f 69/69/69 77/77/77 76/76/76 
f 76/76/76 77/77/77 75/75/75 
f 77/77/77 78/78/78 75/75/75 
f 75/75/75 78/78/78 74/74/74 
f 78/78/78 78/78/78 74/74/74 
f 74/74/74 78/78/78 79/79/79 
f 78/78/78 80/80/80 79/79/79 
f 79/79/79 80/80/80 81/81/81 
f 80/80/80 82/82/82 81/81/81 
f 81/81/81 82/82/82 83/83/83 
f 82/82/82 82/82/82 83/83/83 
f 83/83/83 82/82/82 84/84/84 
f 82/82/82 82/82/82 84/84/84 
f 84/84/84 82/82/82 85/85/85 
f 82/82/82 82/82/82 85/85/85 
f 85/85/85 82/82/82 86/86/86 
f 82/82/82 80/80/80 86/86/86 
f 86/86/86 80/80/80 87/87/87 
f 80/80/80 78/78/78 87/87/87 
f 87/87/87 78/78/78 87/87/87 
f 78/78/78 77/77/77 87/87/87 
f 87/87/87 77/77/77 87/87/87 
f 77/77/77 69/69/69 87/87/87 
f 87/87/87 69/69/69 88/88/88 
f 69/69/69 68/68/68 88/88/88 
f 88/88/88 68/68/68 68/68/68 
f 68/68/68 65/65/65 68/68/68 
f 68/68/68 65/65/65 65/65/65 
f 65/65/65 64/64/64 65/65/65 
f 65/65/65 64/64/64 66/66/66 
f 64/64/64 64/64/64 66/66/66 
f 66/66/66 64/64/64 67/67/67 
f 64/64/64 89/89/89 67/67/67 
f 67/67/67 89/89/89 68/68/68 
f 89/89/89 68/68/68 68/68/68 
f 68/68/68 68/68/68 88/88/88 
f 68/68/68 88/88/88 88/88/88 
f 88/88/88 88/88/88 87/87/87 
f 88/88/88 90/90/90 87/87/87 
f 87/87/87 90/90/90 86/86/86 
f 90/90/90 91/91/91 86/86/86 
f 86/86/86 91/91/91 85/85/85 
f 91/91/91 92/92/92 85/85/85 
f 85/85/85 92/92/92 84/84/84 
f 92/92/92 93/93/93 84/84/84 
f 84/84/84 93/93/93 94/94/94 
f 93/93/93 93/93/93 94/94/94 
f 94/94/94 93/93/93 95/95/95 
f 93/93/93 96/96/96 95/95/95 
f 95/95/95 96/96/96 97/97/97 
f 96/96/96 97/97/97 97/97/97 
f 97/97/97 97/97/97 96/96/96 
f 97/97/97 96/96/96 96/96/96 
f 96/96/96 96/96/96 98/98/98 
f 96/96/96 93/93/93 98/98/98 
f 98/98/98 93/93/93 98/98/98 
f 93/93/93 92/92/92 98/98/98 
f 98/98/98 92/92/92 99/99/99 
f 92/92/92 91/91/91 99/99/99 
f 99/99/99 91/91/91 91/91/91 
f 91/91/91 99/99/99 91/91/91 
f 91/91/91 99/99/99 99/99/99 
f 99/99/99 100/100/100 99/99/99 
f 99/99/99 100/100/100 98/98/98 
f 100/100/100 100/100/100 98/98/98 
f 98/98/98 100/100/100 96/96/96 
f 100/100/100 101/101/101 96/96/96 
f 96/96/96 101/101/101 96/96/96 
f 101/101/101 102/102/102 96/96/96 
f 96/96/96 102/102/102 97/97/97 
f 102/102/102 103/103/103 97/97/97 
f 97/97/97 103/103/103 104/104/104 
f 103/103/103 105/105/105 104/104/104 
f 104/104/104 105/105/105 106/106/106 
f 105/105/105 107/107/107 106/106/106 
f 106/106/106 107/107/107 106/106/106 
f 107/107/107 108/108/108 106/106/106 
f 106/106/106 108/108/108 109/109/109 
f 108/108/108 108/108/108 109/109/109 
f 109/109/109 108/108/108 110/110/110 
f 108/108/108 111/111/111 110/110/110 
f 110/110/110 111/111/111 112/112/112 
f 111/111/111 113/113/113 112/112/112 
f 112/112/112 113/113/113 112/112/112 
f 113/113/113 114/114/114 112/112/112 
f 112/112/112 114/114/114 115/115/115 
f 114/114/114 116/116/116 115/115/115 
f 115/115/115 116/116/116 116/116/116 
f 116/116/116 105/105/105 116/116/116 
f 116/116/116 105/105/105 105/105/105 
f 105/105/105 103/103/103 105/105/105 
f 105/105/105 103/103/103 102/102/102 
f 103/103/103 102/102/102 102/102/102 
f 102/102/102 102/102/102 104/104/104 
f 102/102/102 104/104/104 104/104/104 
f 104/104/104 104/104/104 117/117/117 
f 104/104/104 106/106/106 117/117/117 
f 117/117/117 106/106/106 106/106/106 
f 106/106/106 115/115/115 106/106/106 
f 106/106/106 115/115/115 115/115/115 
f 115/115/115 110/110/110 115/115/115 
f 115/115/115 110/110/110 112/112/112 
f 110/110/110 112/112/112 112/112/112 
f 112/112/112 112/112/112 113/113/113 
f 112/112/112 113/113/113 113/113/113 
f 113/113/113 113/113/113 118/118/118 
f 113/113/113 111/111/111 118/118/118 
f 118/118/118 111/111/111 119/119/119 
f 111/111/111 108/108/108 119/119/119 
f 119/119/119 108/108/108 120/120/120 
f 108/108/108 107/107/107 120/120/120 
f 120/120/120 107/107/107 121/121/121 
f 107/107/107 105/105/105 121/121/121 
f 121/121/121 105/105/105 122/122/122 
f 105/105/105 123/123/123 122/122/122 
f 122/122/122 123/123/123 122/122/122 
f 123/123/123 124/124/124 122/122/122 
f 122/122/122 124/124/124 122/122/122 
f 124/124/124 125/125/125 122/122/122 
f 122/122/122 125/125/125 120/120/120 
f 125/125/125 119/119/119 120/120/120 
f 120/120/120 119/119/119 119/119/119 
f 119/119/119 122/122/122 119/119/119 
f 119/119/119 122/122/122 122/122/122 
f 122/122/122 120/120/120 122/122/122 
f 122/122/122 120/120/120 121/121/121 
f 120/120/120 121/121/121 121/121/121 
f 121/121/121 121/121/121 105/105/105 
f 121/121/121 105/105/105 105/105/105 
f 105/105/105 105/105/105 123/123/123 
f 105/105/105 102/102/102 123/123/123 
f 123/123/123 102/102/102 123/123/123 
f 102/102/102 101/101/101 123/123/123 
f 123/123/123 101/101/101 126/126/126 
f 101/101/101 100/100/100 126/126/126 
f 126/126/126 100/100/100 126/126/126 
f 100/100/100 99/99/99 126/126/126 
f 126/126/126 99/99/99 127/127/127 
f 99/99/99 91/91/91 127/127/127 
f 127/127/127 91/91/91 127/127/127 
f 91/91/91 90/90/90 127/127/127 
f 127/127/127 90/90/90 128/128/128 
f 90/90/90 88/88/88 128/128/128 
f 128/128/128 88/88/88 129/129/129 
f 88/88/88 68/68/68 129/129/129 
f 129/129/129 68/68/68 130/130/130 
f 68/68/68 89/89/89 130/130/130 
f 130/130/130 89/89/89 89/89/89 
f 89/89/89 130/130/130 89/89/89 
f 89/89/89 130/130/130 130/130/130 
f 130/130/130 131/131/131 130/130/130 
f 130/130/130 131/131/131 129/129/129 
f 131/131/131 131/131/131 129/129/129 
f 129/129/129 131/131/131 128/128/128 
f 131/131/131 131/131/131 128/128/128 
f 128/128/128 131/131/131 127/127/127 
f 131/131/131 132/132/132 127/127/127 
f 127/127/127 132/132/132 127/127/127 
f 132/132/132 133/133/133 127/127/127 
f 127/127/127 133/133/133 126/126/126 
f 133/133/133 134/134/134 126/126/126 
f 126/126/126 134/134/134 123/123/123 
f 134/134/134 134/134/134 123/123/123 
f 123/123/123 134/134/134 124/124/124 
f 134/134/134 135/135/135 124/124/124 
f 124/124/124 135/135/135 125/125/125 
f 135/135/135 125/125/125 125/125/125 
f 125/125/125 125/125/125 134/134/134 
f 125/125/125 134/134/134 134/134/134 
f 134/134/134 134/134/134 135/135/135 
f 134/134/134 133/133/133 135/135/135 
f 135/135/135 133/133/133 136/136/136 
f 133/133/133 133/133/133 136/136/136 
f 136/136/136 133/133/133 137/137/137 
f 133/133/133 132/132/132 137/137/137 
f 137/137/137 132/132/132 138/138/138 
f 132/132/132 139/139/139 138/138/138 
f 138/138/138 139/139/139 140/140/140 
f 139/139/139 139/139/139 140/140/140 
f 140/140/140 139/139/139 141/141/141 
f 139/139/139 139/139/139 141/141/141 
f 141/141/141 139/139/139 142/142/142 
f 139/139/139 132/132/132 142/142/142 
f 142/142/142 132/132/132 132/132/132 
f 132/132/132 140/140/140 132/132/132 
f 132/132/132 140/140/140 140/140/140 
f 140/140/140 143/143/143 140/140/140 
f 140/140/140 143/143/143 138/138/138 
f 143/143/143 143/143/143 138/138/138 
f 138/138/138 143/143/143 137/137/137 
f 143/143/143 144/144/144 137/137/137 
f 137/137/137 144/144/144 145/145/145 
f 144/144/144 146/146/146 145/145/145 
f 145/145/145 146/146/146 145/145/145 
f 146/146/146 147/147/147 145/145/145 
f 145/145/145 147/147/147 148/148/148 
f 147/147/147 149/149/149 148/148/148 
f 148/148/148 149/149/149 136/136/136 
f 149/149/149 150/150/150 136/136/136 
f 136/136/136 150/150/150 135/135/135 
f 150/150/150 135/135/135 135/135/135 
f 135/135/135 135/135/135 143/143/143 
f 135/135/135 143/143/143 143/143/143 
f 143/143/143 143/143/143 144/144/144 
f 143/143/143 140/140/140 144/144/144 
f 144/144/144 140/140/140 144/144/144 
f 140/140/140 151/151/151 144/144/144 
f 144/144/144 151/151/151 146/146/146 
f 151/151/151 146/146/146 146/146/146 
f 146/146/146 146/146/146 137/137/137 
f 146/146/146 137/137/137 137/137/137 
f 137/137/137 137/137/137 136/136/136 
f 137/137/137 145/145/145 136/136/136 
f 136/136/136 145/145/145 148/148/148 
f 145/145/145 148/148/148 148/148/148 
f 148/148/148 148/148/148 150/150/150 
f 148/148/148 150/150/150 150/150/150 
f 150/150/150 150/150/150 152/152/152 
f 150/150/150 149/149/149 152/152/152 
f 152/152/152 149/149/149 152/152/152 
f 149/149/149 147/147/147 152/152/152 
f 152/152/152 147/147/147 152/152/152 
f 147/147/147 153/153/153 152/152/152 
f 152/152/152 153/153/153 152/152/152 
f 153/153/153 154/154/154 152/152/152 
f 152/152/152 154/154/154 152/152/152 
f 154/154/154 155/155/155 152/152/152 
f 152/152/152 155/155/155 150/150/150 
f 155/155/155 155/155/155 150/150/150 
f 150/150/150 155/155/155 135/135/135 
f 155/155/155 155/155/155 135/135/135 
f 135/135/135 155/155/155 125/125/125 
f 155/155/155 156/156/156 125/125/125 
f 125/125/125 156/156/156 119/119/119 
f 156/156/156 157/157/157 119/119/119 
f 119/119/119 157/157/157 118/118/118 
f 157/157/157 158/158/158 118/118/118 
f 118/118/118 158/158/158 113/113/113 
f 158/158/158 159/159/159 113/113/113 
f 113/113/113 159/159/159 113/113/113 
f 159/159/159 160/160/160 113/113/113 
f 113/113/113 160/160/160 114/114/114 
f 160/160/160 161/161/161 114/114/114 
f 114/114/114 161/161/161 116/116/116 
f 161/161/161 162/162/162 116/116/116 
f 116/116/116 162/162/162 163/163/163 
f 162/162/162 162/162/162 163/163/163 
f 163/163/163 162/162/162 164/164/164 
f 162/162/162 165/165/165 164/164/164 
f 164/164/164 165/165/165 166/166/166 
f 165/165/165 167/167/167 166/166/166 
f 166/166/166 167/167/167 168/168/168 
f 167/167/167 167/167/167 168/168/168 
f 168/168/168 167/167/167 169/169/169 
f 167/167/167 162/162/162 169/169/169 
f 169/169/169 162/162/162 169/169/169 
f 162/162/162 161/161/161 169/169/169 
f 169/169/169 161/161/161 170/170/170 
f 161/161/161 160/160/160 170/170/170 
f 170/170/170 160/160/160 160/160/160 
f 160/160/160 165/165/165 160/160/160 
f 160/160/160 165/165/165 165/165/165 
f 165/165/165 162/162/162 165/165/165 
f 165/165/165 162/162/162 167/167/167 
f 162/162/162 167/167/167 167/167/167 
f 167/167/167 167/167/167 168/168/168 
f 167/167/167 168/168/168 168/168/168 
f 168/168/168 168/168/168 166/166/166 
f 168/168/168 171/171/171 166/166/166 
f 166/166/166 171/171/171 172/172/172 
f 171/171/171 173/173/173 172/172/172 
f 172/172/172 173/173/173 173/173/173 
f 173/173/173 174/174/174 173/173/173 
f 173/173/173 174/174/174 174/174/174 
f 174/174/174 175/175/175 174/174/174 
f 174/174/174 175/175/175 172/172/172 
f 175/175/175 176/176/176 172/172/172 
f 172/172/172 176/176/176 166/166/166 
f 176/176/176 166/166/166 166/166/166 
f 166/166/166 166/166/166 174/174/174 
f 166/166/166 174/174/174 174/174/174 
f 174/174/174 174/174/174 175/175/175 
f 174/174/174 177/177/177 175/175/175 
f 175/175/175 177/177/177 175/175/175 
f 177/177/177 178/178/178 175/175/175 
f 175/175/175 178/178/178 179/179/179 
f 178/178/178 180/180/180 179/179/179 
f 179/179/179 180/180/180 179/179/179 
f 180/180/180 181/181/181 179/179/179 
f 179/179/179 181/181/181 179/179/179 
f 181/181/181 182/182/182 179/179/179 
f 179/179/179 182/182/182 176/176/176 
f 182/182/182 183/183/183 176/176/176 
f 176/176/176 183/183/183 166/166/166 
f 183/183/183 184/184/184 166/166/166 
f 166/166/166 184/184/184 185/185/185 
f 184/184/184 183/183/183 185/185/185 
f 185/185/185 183/183/183 183/183/183 
f 183/183/183 175/175/175 183/183/183 
f 183/183/183 175/175/175 175/175/175 
f 175/175/175 179/179/179 175/175/175 
f 175/175/175 179/179/179 176/176/176 
f 179/179/179 176/176/176 176/176/176 
f 176/176/176 176/176/176 182/182/182 
f 176/176/176 182/182/182 182/182/182 
f 182/182/182 182/182/182 186/186/186 
f 182/182/182 181/181/181 186/186/186 
f 186/186/186 181/181/181 186/186/186 
f 181/181/181 187/187/187 186/186/186 
f 186/186/186 187/187/187 188/188/188 
f 187/187/187 189/189/189 188/188/188 
f 188/188/188 189/189/189 190/190/190 
f 189/189/189 191/191/191 190/190/190 
f 190/190/190 191/191/191 188/188/188 
f 191/191/191 192/192/192 188/188/188 
f 188/188/188 192/192/192 186/186/186 
f 192/192/192 186/186/186 186/186/186 
f 186/186/186 186/186/186 187/187/187 
f 186/186/186 187/187/187 187/187/187 
f 187/187/187 187/187/187 189/189/189 
f 187/187/187 181/181/181 189/189/189 
f 189/189/189 181/181/181 189/189/189 
f 181/181/181 180/180/180 189/189/189 
f 189/189/189 180/180/180 193/193/193 
f 180/180/180 178/178/178 193/193/193 
f 193/193/193 178/178/178 194/194/194 
f 178/178/178 178/178/178 194/194/194 
f 194/194/194 178/178/178 195/195/195 
f 178/178/178 196/196/196 195/195/195 
f 195/195/195 196/196/196 195/195/195 
f 196/196/196 197/197/197 195/195/195 
f 195/195/195 197/197/197 195/195/195 
f 197/197/197 198/198/198 195/195/195 
f 195/195/195 198/198/198 194/194/194 
f 198/198/198 194/194/194 194/194/194 
f 194/194/194 194/194/194 197/197/197 
f 194/194/194 197/197/197 197/197/197 
f 197/197/197 197/197/197 198/198/198 
f 197/197/197 199/199/199 198/198/198 
f 198/198/198 199/199/199 200/200/200 
f 199/199/199 201/201/201 200/200/200 
f 200/200/200 201/201/201 200/200/200 
f 201/201/201 202/202/202 200/200/200 
f 200/200/200 202/202/202 203/203/203 
f 202/202/202 204/204/204 203/203/203 
f 203/203/203 204/204/204 204/204/204 
f 204/204/204 193/193/193 204/204/204 
f 204/204/204 193/193/193 193/193/193 
f 193/193/193 205/205/205 193/193/193 
f 193/193/193 205/205/205 189/189/189 
f 205/205/205 205/205/205 189/189/189 
f 189/189/189 205/205/205 191/191/191 
f 205/205/205 205/205/205 191/191/191 
f 191/191/191 205/205/205 206/206/206 
f 205/205/205 205/205/205 206/206/206 
f 206/206/206 205/205/205 207/207/207 
f 205/205/205 194/194/194 207/207/207 
f 207/207/207 194/194/194 208/208/208 
f 194/194/194 209/209/209 208/208/208 
f 208/208/208 209/209/209 203/203/203 
f 209/209/209 209/209/209 203/203/203 
f 203/203/203 209/209/209 200/200/200 
f 209/209/209 209/209/209 200/200/200 
f 200/200/200 209/209/209 198/198/198 
f 209/209/209 194/194/194 198/198/198 
f 198/198/198 194/194/194 194/194/194 
f 194/194/194 193/193/193 194/194/194 
f 194/194/194 193/193/193 193/193/193 
f 193/193/193 194/194/194 193/193/193 
f 193/193/193 194/194/194 205/205/205 
f 194/194/194 205/205/205 205/205/205 
f 205/205/205 205/205/205 208/208/208 
f 205/205/205 208/208/208 208/208/208 
f 208/208/208 208/208/208 207/207/207 
f 208/208/208 210/210/210 207/207/207 
f 207/207/207 210/210/210 211/211/211 
f 210/210/210 210/210/210 211/211/211 
f 211/211/211 210/210/210 204/204/204 
f 210/210/210 212/212/212 204/204/204 
f 204/204/204 212/212/212 203/203/203 
f 212/212/212 212/212/212 203/203/203 
f 203/203/203 212/212/212 208/208/208 
f 212/212/212 210/210/210 208/208/208 
f 208/208/208 210/210/210 210/210/210 
f 210/210/210 213/213/213 210/210/210 
f 210/210/210 213/213/213 213/213/213 
f 213/213/213 214/214/214 213/213/213 
f 213/213/213 214/214/214 215/215/215 
f 214/214/214 214/214/214 215/215/215 
f 215/215/215 214/214/214 216/216/216 
f 214/214/214 217/217/217 216/216/216 
f 216/216/216 217/217/217 218/218/218 
f 217/217/217 131/131/131 218/218/218 
f 218/218/218 131/131/131 218/218/218 
f 131/131/131 130/130/130 218/218/218 
f 218/218/218 130/130/130 218/218/218 
f 130/130/130 89/89/89 218/218/218 
f 218/218/218 89/89/89 219/219/219 
f 89/89/89 89/89/89 219/219/219 
f 219/219/219 89/89/89 220/220/220 
f 89/89/89 64/64/64 220/220/220 
f 220/220/220 64/64/64 220/220/220 
f 64/64/64 63/63/63 220/220/220 
f 220/220/220 63/63/63 220/220/220 
f 63/63/63 59/59/59 220/220/220 
f 220/220/220 59/59/59 220/220/220 
f 59/59/59 221/221/221 220/220/220 
f 220/220/220 221/221/221 220/220/220 
f 221/221/221 222/222/222 220/220/220 
f 220/220/220 222/222/222 219/219/219 
f 222/222/222 223/223/223 219/219/219 
f 219/219/219 223/223/223 219/219/219 
f 223/223/223 224/224/224 219/219/219 
f 219/219/219 224/224/224 218/218/218 
f 224/224/224 224/224/224 218/218/218 
f 218/218/218 224/224/224 216/216/216 
f 224/224/224 225/225/225 216/216/216 
f 216/216/216 225/225/225 226/226/226 
f 225/225/225 227/227/227 226/226/226 
f 226/226/226 227/227/227 228/228/228 
f 227/227/227 229/229/229 228/228/228 
f 228/228/228 229/229/229 230/230/230 
f 229/229/229 229/229/229 230/230/230 
f 230/230/230 229/229/229 231/231/231 
f 229/229/229 229/229/229 231/231/231 
f 231/231/231 229/229/229 232/232/232 
f 229/229/229 229/229/229 232/232/232 
f 232/232/232 229/229/229 233/233/233 
f 229/229/229 227/227/227 233/233/233 
f 233/233/233 227/227/227 234/234/234 
f 227/227/227 225/225/225 234/234/234 
f 234/234/234 225/225/225 234/234/234 
f 225/225/225 224/224/224 234/234/234 
f 234/234/234 224/224/224 235/235/235 
f 224/224/224 223/223/223 235/235/235 
f 235/235/235 223/223/223 223/223/223 
f 223/223/223 213/213/213 223/223/223 
f 223/223/223 213/213/213 213/213/213 
f 213/213/213 142/142/142 213/213/213 
f 213/213/213 142/142/142 214/214/214 
f 142/142/142 142/142/142 214/214/214 
f 214/214/214 142/142/142 217/217/217 
f 142/142/142 132/132/132 217/217/217 
f 217/217/217 132/132/132 131/131/131 
f 132/132/132 131/131/131 131/131/131 
f 131/131/131 131/131/131 226/226/226 
f 131/131/131 226/226/226 226/226/226 
f 226/226/226 226/226/226 216/216/216 
f 226/226/226 215/215/215 216/216/216 
f 216/216/216 215/215/215 215/215/215 
f 215/215/215 234/234/234 215/215/215 
f 215/215/215 234/234/234 234/234/234 
f 234/234/234 232/232/232 234/234/234 
f 234/234/234 232/232/232 233/233/233 
f 232/232/232 233/233/233 233/233/233 
f 233/233/233 233/233/233 222/222/222 
f 233/233/233 222/222/222 222/222/222 
f 222/222/222 222/222/222 223/223/223 
f 222/222/222 236/236/236 223/223/223 
f 223/223/223 236/236/236 223/223/223 
f 236/236/236 237/237/237 223/223/223 
f 223/223/223 237/237/237 235/235/235 
f 237/237/237 238/238/238 235/235/235 
f 235/235/235 238/238/238 234/234/234 
f 238/238/238 234/234/234 234/234/234 
f 234/234/234 234/234/234 222/222/222 
f 234/234/234 222/222/222 222/222/222 
f 222/222/222 222/222/222 236/236/236 
f 222/222/222 221/221/221 236/236/236 
f 236/236/236 221/221/221 239/239/239 
f 221/221/221 240/240/240 239/239/239 
f 239/239/239 240/240/240 241/241/241 
f 240/240/240 240/240/240 241/241/241 
f 241/241/241 240/240/240 61/61/61 
f 240/240/240 242/242/242 61/61/61 
f 61/61/61 242/242/242 59/59/59 
f 242/242/242 242/242/242 59/59/59 
f 59/59/59 242/242/242 221/221/221 
f 242/242/242 240/240/240 221/221/221 
f 221/221/221 240/240/240 240/240/240 
f 240/240/240 239/239/239 240/240/240 
f 240/240/240 239/239/239 239/239/239 
f 239/239/239 241/241/241 239/239/239 
f 239/239/239 241/241/241 236/236/236 
f 241/241/241 243/243/243 236/236/236 
f 236/236/236 243/243/243 244/244/244 
f 243/243/243 245/245/245 244/244/244 
f 244/244/244 245/245/245 244/244/244 
f 245/245/245 246/246/246 244/244/244 
f 244/244/244 246/246/246 244/244/244 
f 246/246/246 247/247/247 244/244/244 
f 244/244/244 247/247/247 238/238/238 
f 247/247/247 247/247/247 238/238/238 
f 238/238/238 247/247/247 234/234/234 
f 247/247/247 247/247/247 234/234/234 
f 234/234/234 247/247/247 232/232/232 
f 247/247/247 248/248/248 232/232/232 
f 232/232/232 248/248/248 249/249/249 
f 248/248/248 250/250/250 249/249/249 
f 249/249/249 250/250/250 231/231/231 
f 250/250/250 250/250/250 231/231/231 
f 231/231/231 250/250/250 251/251/251 
f 250/250/250 252/252/252 251/251/251 
f 251/251/251 252/252/252 253/253/253 
f 252/252/252 253/253/253 253/253/253 
f 253/253/253 253/253/253 236/236/236 
f 253/253/253 236/236/236 236/236/236 
f 236/236/236 236/236/236 237/237/237 
f 236/236/236 244/244/244 237/237/237 
f 237/237/237 244/244/244 238/238/238 
f 244/244/244 238/238/238 238/238/238 
f 238/238/238 238/238/238 232/232/232 
f 238/238/238 232/232/232 232/232/232 
f 232/232/232 232/232/232 231/231/231 
f 232/232/232 249/249/249 231/231/231 
f 231/231/231 249/249/249 249/249/249 
f 249/249/249 252/252/252 249/249/249 
f 249/249/249 252/252/252 252/252/252 
f 252/252/252 250/250/250 252/252/252 
f 252/252/252 250/250/250 254/254/254 
f 250/250/250 248/248/248 254/254/254 
f 254/254/254 248/248/248 255/255/255 
f 248/248/248 247/247/247 255/255/255 
f 255/255/255 247/247/247 255/255/255 
f 247/247/247 246/246/246 255/255/255 
f 255/255/255 246/246/246 255/255/255 
f 246/246/246 253/253/253 255/255/255 
f 255/255/255 253/253/253 255/255/255 
f 253/253/253 252/252/252 255/255/255 
f 255/255/255 252/252/252 254/254/254 
f 252/252/252 254/254/254 254/254/254 
f 254/254/254 254/254/254 158/158/158 
f 254/254/254 158/158/158 158/158/158 
f 158/158/158 158/158/158 256/256/256 
f 158/158/158 157/157/157 256/256/256 
f 256/256/256 157/157/157 256/256/256 
f 157/157/157 156/156/156 256/256/256 
f 256/256/256 156/156/156 257/257/257 
f 156/156/156 155/155/155 257/257/257 
f 257/257/257 155/155/155 257/257/257 
f 155/155/155 154/154/154 257/257/257 
f 257/257/257 154/154/154 257/257/257 
f 154/154/154 258/258/258 257/257/257 
f 257/257/257 258/258/258 257/257/257 
f 258/258/258 259/259/259 257/257/257 
f 257/257/257 259/259/259 256/256/256 
f 259/259/259 256/256/256 256/256/256 
f 256/256/256 256/256/256 260/260/260 
f 256/256/256 260/260/260 260/260/260 
f 260/260/260 260/260/260 261/261/261 
f 260/260/260 262/262/262 261/261/261 
f 261/261/261 262/262/262 261/261/261 
f 262/262/262 263/263/263 261/261/261 
f 261/261/261 263/263/263 264/264/264 
f 263/263/263 265/265/265 264/264/264 
f 264/264/264 265/265/265 266/266/266 
f 265/265/265 267/267/267 266/266/266 
f 266/266/266 267/267/267 266/266/266 
f 267/267/267 268/268/268 266/266/266 
f 266/266/266 268/268/268 269/269/269 
f 268/268/268 270/270/270 269/269/269 
f 269/269/269 270/270/270 269/269/269 
f 270/270/270 271/271/271 269/269/269 
f 269/269/269 271/271/271 269/269/269 
f 271/271/271 272/272/272 269/269/269 
f 269/269/269 272/272/272 269/269/269 
f 272/272/272 273/273/273 269/269/269 
f 269/269/269 273/273/273 274/274/274 
f 273/273/273 275/275/275 274/274/274 
f 274/274/274 275/275/275 274/274/274 
f 275/275/275 276/276/276 274/274/274 
f 274/274/274 276/276/276 274/274/274 
f 276/276/276 277/277/277 274/274/274 
f 274/274/274 277/277/277 274/274/274 
f 277/277/277 278/278/278 274/274/274 
f 274/274/274 278/278/278 279/279/279 
f 278/278/278 280/280/280 279/279/279 
f 279/279/279 280/280/280 279/279/279 
f 280/280/280 281/281/281 279/279/279 
f 279/279/279 281/281/281 282/282/282 
f 281/281/281 283/283/283 282/282/282 
f 282/282/282 283/283/283 282/282/282 
f 283/283/283 284/284/284 282/282/282 
f 282/282/282 284/284/284 285/285/285 
f 284/284/284 286/286/286 285/285/285 
f 285/285/285 286/286/286 285/285/285 
f 286/286/286 287/287/287 285/285/285 
f 285/285/285 287/287/287 285/285/285 
f 287/287/287 288/288/288 285/285/285 
f 285/285/285 288/288/288 289/289/289 
f 288/288/288 290/290/290 289/289/289 
f 289/289/289 290/290/290 289/289/289 
f 290/290/290 291/291/291 289/289/289 
f 289/289/289 291/291/291 289/289/289 
f 291/291/291 292/292/292 289/289/289 
f 289/289/289 292/292/292 289/289/289 
f 292/292/292 293/293/293 289/289/289 
f 289/289/289 293/293/293 294/294/294 
f 293/293/293 295/295/295 294/294/294 
f 294/294/294 295/295/295 294/294/294 
f 295/295/295 296/296/296 294/294/294 
f 294/294/294 296/296/296 297/297/297 
f 296/296/296 298/298/298 297/297/297 
f 297/297/297 298/298/298 297/297/297 
f 298/298/298 299/299/299 297/297/297 
f 297/297/297 299/299/299 297/297/297 
f 299/299/299 300/300/300 297/297/297 
f 297/297/297 300/300/300 301/301/301 
f 300/300/300 302/302/302 301/301/301 
f 301/301/301 302/302/302 301/301/301 
f 302/302/302 303/303/303 301/301/301 
f 301/301/301 303/303/303 301/301/301 
f 303/303/303 260/260/260 301/301/301 
f 301/301/301 260/260/260 301/301/301 
f 260/260/260 261/261/261 301/301/301 
f 301/301/301 261/261/261 304/304/304 
f 261/261/261 264/264/264 304/304/304 
f 304/304/304 264/264/264 305/305/305 
f 264/264/264 266/266/266 305/305/305 
f 305/305/305 266/266/266 305/305/305 
f 266/266/266 269/269/269 305/305/305 
f 305/305/305 269/269/269 306/306/306 
f 269/269/269 274/274/274 306/306/306 
f 306/306/306 274/274/274 306/306/306 
f 274/274/274 279/279/279 306/306/306 
f 306/306/306 279/279/279 307/307/307 
f 279/279/279 282/282/282 307/307/307 
f 307/307/307 282/282/282 307/307/307 
f 282/282/282 285/285/285 307/307/307 
f 307/307/307 285/285/285 307/307/307 
f 285/285/285 289/289/289 307/307/307 
f 307/307/307 289/289/289 308/308/308 
f 289/289/289 309/309/309 308/308/308 
f 308/308/308 309/309/309 307/307/307 
f 309/309/309 304/304/304 307/307/307 
f 307/307/307 304/304/304 306/306/306 
f 304/304/304 305/305/305 306/306/306 
f 306/306/306 305/305/305 305/305/305 
f 305/305/305 301/301/301 305/305/305 
f 305/305/305 301/301/301 301/301/301 
f 301/301/301 304/304/304 301/301/301 
f 301/301/301 304/304/304 297/297/297 
f 304/304/304 309/309/309 297/297/297 
f 297/297/297 309/309/309 294/294/294 
f 309/309/309 289/289/289 294/294/294 
f 294/294/294 289/289/289 289/289/289 
f 289/289/289 310/310/310 289/289/289 
f 289/289/289 310/310/310 310/310/310 
f 310/310/310 311/311/311 310/310/310 
f 310/310/310 311/311/311 312/312/312 
f 311/311/311 313/313/313 312/312/312 
f 312/312/312 313/313/313 314/314/314 
f 313/313/313 315/315/315 314/314/314 
f 314/314/314 315/315/315 316/316/316 
f 315/315/315 316/316/316 316/316/316 
f 316/316/316 316/316/316 317/317/317 
f 316/316/316 317/317/317 317/317/317 
f 317/317/317 317/317/317 318/318/318 
f 317/317/317 319/319/319 318/318/318 
f 318/318/318 319/319/319 320/320/320 
f 319/319/319 313/313/313 320/320/320 
f 320/320/320 313/313/313 321/321/321 
f 313/313/313 311/311/311 321/321/321 
f 321/321/321 311/311/311 322/322/322 
f 311/311/311 323/323/323 322/322/322 
f 322/322/322 323/323/323 324/324/324 
f 323/323/323 323/323/323 324/324/324 
f 324/324/324 323/323/323 325/325/325 
f 323/323/323 326/326/326 325/325/325 
f 325/325/325 326/326/326 327/327/327 
f 326/326/326 328/328/328 327/327/327 
f 327/327/327 328/328/328 328/328/328 
f 328/328/328 320/320/320 328/328/328 
f 328/328/328 320/320/320 320/320/320 
f 320/320/320 321/321/321 320/320/320 
f 320/320/320 321/321/321 329/329/329 
f 321/321/321 330/330/330 329/329/329 
f 329/329/329 330/330/330 331/331/331 
f 330/330/330 331/331/331 331/331/331 
f 331/331/331 331/331/331 332/332/332 
f 331/331/331 332/332/332 332/332/332 
f 332/332/332 332/332/332 333/333/333 
f 332/332/332 334/334/334 333/333/333 
f 333/333/333 334/334/334 324/324/324 
f 334/334/334 335/335/335 324/324/324 
f 324/324/324 335/335/335 324/324/324 
f 335/335/335 336/336/336 324/324/324 
f 324/324/324 336/336/336 322/322/322 
f 336/336/336 337/337/337 322/322/322 
f 322/322/322 337/337/337 322/322/322 
f 337/337/337 338/338/338 322/322/322 
f 322/322/322 338/338/338 322/322/322 
f 338/338/338 339/339/339 322/322/322 
f 322/322/322 339/339/339 340/340/340 
f 339/339/339 341/341/341 340/340/340 
f 340/340/340 341/341/341 341/341/341 
f 341/341/341 342/342/342 341/341/341 
f 341/341/341 342/342/342 342/342/342 
f 342/342/342 343/343/343 342/342/342 
f 342/342/342 343/343/343 344/344/344 
f 343/343/343 345/345/345 344/344/344 
f 344/344/344 345/345/345 346/346/346 
f 345/345/345 347/347/347 346/346/346 
f 346/346/346 347/347/347 348/348/348 
f 347/347/347 349/349/349 348/348/348 
f 348/348/348 349/349/349 348/348/348 
f 349/349/349 350/350/350 348/348/348 
f 348/348/348 350/350/350 351/351/351 
f 350/350/350 352/352/352 351/351/351 
f 351/351/351 352/352/352 351/351/351 
f 352/352/352 353/353/353 351/351/351 
f 351/351/351 353/353/353 351/351/351 
f 353/353/353 354/354/354 351/351/351 
f 351/351/351 354/354/354 351/351/351 
f 354/354/354 355/355/355 351/351/351 
f 351/351/351 355/355/355 356/356/356 
f 355/355/355 357/357/357 356/356/356 
f 356/356/356 357/357/357 356/356/356 
f 357/357/357 358/358/358 356/356/356 
f 356/356/356 358/358/358 356/356/356 
f 358/358/358 359/359/359 356/356/356 
f 356/356/356 359/359/359 356/356/356 
f 359/359/359 360/360/360 356/356/356 
f 356/356/356 360/360/360 361/361/361 
f 360/360/360 362/362/362 361/361/361 
f 361/361/361 362/362/362 361/361/361 
f 362/362/362 363/363/363 361/361/361 
f 361/361/361 363/363/363 364/364/364 
f 363/363/363 365/365/365 364/364/364 
f 364/364/364 365/365/365 364/364/364 
f 365/365/365 366/366/366 364/364/364 
f 364/364/364 366/366/366 367/367/367 
f 366/366/366 368/368/368 367/367/367 
f 367/367/367 368/368/368 367/367/367 
f 368/368/368 369/369/369 367/367/367 
f 367/367/367 369/369/369 367/367/367 
f 369/369/369 370/370/370 367/367/367 
f 367/367/367 370/370/370 371/371/371 
f 370/370/370 372/372/372 371/371/371 
f 371/371/371 372/372/372 371/371/371 
f 372/372/372 373/373/373 371/371/371 
f 371/371/371 373/373/373 371/371/371 
f 373/373/373 374/374/374 371/371/371 
f 371/371/371 374/374/374 371/371/371 
f 374/374/374 375/375/375 371/371/371 
f 371/371/371 375/375/375 376/376/376 
f 375/375/375 377/377/377 376/376/376 
f 376/376/376 377/377/377 376/376/376 
f 377/377/377 378/378/378 376/376/376 
f 376/376/376 378/378/378 379/379/379 
f 378/378/378 380/380/380 379/379/379 
f 379/379/379 380/380/380 379/379/379 
f 380/380/380 381/381/381 379/379/379 
f 379/379/379 381/381/381 379/379/379 
f 381/381/381 382/382/382 379/379/379 
f 379/379/379 382/382/382 383/383/383 
f 382/382/382 384/384/384 383/383/383 
f 383/383/383 384/384/384 383/383/383 
f 384/384/384 385/385/385 383/383/383 
f 383/383/383 385/385/385 383/383/383 
f 385/385/385 342/342/342 383/383/383 
f 383/383/383 342/342/342 383/383/383 
f 342/342/342 344/344/344 383/383/383 
f 383/383/383 344/344/344 386/386/386 
f 344/344/344 346/346/346 386/386/386 
f 386/386/386 346/346/346 387/387/387 
f 346/346/346 348/348/348 387/387/387 
f 387/387/387 348/348/348 387/387/387 
f 348/348/348 351/351/351 387/387/387 
f 387/387/387 351/351/351 388/388/388 
f 351/351/351 356/356/356 388/388/388 
f 388/388/388 356/356/356 388/388/388 
f 356/356/356 361/361/361 388/388/388 
f 388/388/388 361/361/361 389/389/389 
f 361/361/361 364/364/364 389/389/389 
f 389/389/389 364/364/364 389/389/389 
f 364/364/364 367/367/367 389/389/389 
f 389/389/389 367/367/367 389/389/389 
f 367/367/367 371/371/371 389/389/389 
f 389/389/389 371/371/371 390/390/390 
f 371/371/371 391/391/391 390/390/390 
f 390/390/390 391/391/391 389/389/389 
f 391/391/391 391/391/391 389/389/389 
f 389/389/389 391/391/391 388/388/388 
f 391/391/391 386/386/386 388/388/388 
f 388/388/388 386/386/386 387/387/387 
f 386/386/386 387/387/387 387/387/387 
f 387/387/387 387/387/387 383/383/383 
f 387/387/387 383/383/383 383/383/383 
f 383/383/383 383/383/383 379/379/379 
f 383/383/383 386/386/386 379/379/379 
f 379/379/379 386/386/386 379/379/379 
f 386/386/386 391/391/391 379/379/379 
f 379/379/379 391/391/391 376/376/376 
f 391/391/391 371/371/371 376/376/376 
f 376/376/376 371/371/371 371/371/371 
f 371/371/371 392/392/392 371/371/371 
f 371/371/371 392/392/392 392/392/392 
f 392/392/392 393/393/393 392/392/392 
f 392/392/392 393/393/393 394/394/394 
f 393/393/393 393/393/393 394/394/394 
f 394/394/394 393/393/393 395/395/395 
f 393/393/393 396/396/396 395/395/395 
f 395/395/395 396/396/396 397/397/397 
f 396/396/396 398/398/398 397/397/397 
f 397/397/397 398/398/398 399/399/399 
f 398/398/398 399/399/399 399/399/399 
f 399/399/399 399/399/399 400/400/400 
f 399/399/399 400/400/400 400/400/400 
f 400/400/400 400/400/400 401/401/401 
f 400/400/400 402/402/402 401/401/401 
f 401/401/401 402/402/402 403/403/403 
f 402/402/402 395/395/395 403/403/403 
f 403/403/403 395/395/395 403/403/403 
f 395/395/395 397/397/397 403/403/403 
f 403/403/403 397/397/397 403/403/403 
f 397/397/397 404/404/404 403/403/403 
f 403/403/403 404/404/404 405/405/405 
f 404/404/404 406/406/406 405/405/405 
f 405/405/405 406/406/406 407/407/407 
f 406/406/406 408/408/408 407/407/407 
f 407/407/407 408/408/408 408/408/408 
f 408/408/408 398/398/398 408/408/408 
f 408/408/408 398/398/398 398/398/398 
f 398/398/398 396/396/396 398/398/398 
f 398/398/398 396/396/396 409/409/409 
f 396/396/396 410/410/410 409/409/409 
f 409/409/409 410/410/410 411/411/411 
f 410/410/410 411/411/411 411/411/411 
f 411/411/411 411/411/411 405/405/405 
f 411/411/411 405/405/405 405/405/405 
f 405/405/405 405/405/405 403/403/403 
f 405/405/405 412/412/412 403/403/403 
f 403/403/403 412/412/412 413/413/413 
f 412/412/412 414/414/414 413/413/413 
f 413/413/413 414/414/414 413/413/413 
f 414/414/414 415/415/415 413/413/413 
f 413/413/413 415/415/415 413/413/413 
f 415/415/415 416/416/416 413/413/413 
f 413/413/413 416/416/416 413/413/413 
f 416/416/416 417/417/417 413/413/413 
f 413/413/413 417/417/417 413/413/413 
f 417/417/417 418/418/418 413/413/413 
f 413/413/413 418/418/418 419/419/419 
f 418/418/418 420/420/420 419/419/419 
f 419/419/419 420/420/420 420/420/420 
f 420/420/420 414/414/414 420/420/420 
f 420/420/420 414/414/414 414/414/414 
f 414/414/414 412/412/412 414/414/414 
f 414/414/414 412/412/412 421/421/421 
f 412/412/412 422/422/422 421/421/421 
f 421/421/421 422/422/422 423/423/423 
f 422/422/422 423/423/423 423/423/423 
f 423/423/423 423/423/423 424/424/424 
f 423/423/423 424/424/424 424/424/424 
f 424/424/424 424/424/424 425/425/425 
f 424/424/424 426/426/426 425/425/425 
f 425/425/425 426/426/426 425/425/425 
f 426/426/426 427/427/427 425/425/425 
f 425/425/425 427/427/427 428/428/428 
f 427/427/427 429/429/429 428/428/428 
f 428/428/428 429/429/429 430/430/430 
f 429/429/429 431/431/431 430/430/430 
f 430/430/430 431/431/431 430/430/430 
f 431/431/431 432/432/432 430/430/430 
f 430/430/430 432/432/432 433/433/433 
f 432/432/432 434/434/434 433/433/433 
f 433/433/433 434/434/434 433/433/433 
f 434/434/434 435/435/435 433/433/433 
f 433/433/433 435/435/435 433/433/433 
f 435/435/435 436/436/436 433/433/433 
f 433/433/433 436/436/436 433/433/433 
f 436/436/436 437/437/437 433/433/433 
f 433/433/433 437/437/437 438/438/438 
f 437/437/437 439/439/439 438/438/438 
f 438/438/438 439/439/439 438/438/438 
f 439/439/439 440/440/440 438/438/438 
f 438/438/438 440/440/440 438/438/438 
f 440/440/440 441/441/441 438/438/438 
f 438/438/438 441/441/441 438/438/438 
f 441/441/441 442/442/442 438/438/438 
f 438/438/438 442/442/442 443/443/443 
f 442/442/442 444/444/444 443/443/443 
f 443/443/443 444/444/444 443/443/443 
f 444/444/444 445/445/445 443/443/443 
f 443/443/443 445/445/445 443/443/443 
f 445/445/445 446/446/446 443/443/443 
f 443/443/443 446/446/446 447/447/447 
f 446/446/446 448/448/448 447/447/447 
f 447/447/447 448/448/448 449/449/449 
f 448/448/448 450/450/450 449/449/449 
f 449/449/449 450/450/450 449/449/449 
f 450/450/450 451/451/451 449/449/449 
f 449/449/449 451/451/451 449/449/449 
f 451/451/451 452/452/452 449/449/449 
f 449/449/449 452/452/452 453/453/453 
f 452/452/452 454/454/454 453/453/453 
f 453/453/453 454/454/454 453/453/453 
f 454/454/454 455/455/455 453/453/453 
f 453/453/453 455/455/455 453/453/453 
f 455/455/455 456/456/456 453/453/453 
f 453/453/453 456/456/456 453/453/453 
f 456/456/456 457/457/457 453/453/453 
f 453/453/453 457/457/457 458/458/458 
f 457/457/457 459/459/459 458/458/458 
f 458/458/458 459/459/459 458/458/458 
f 459/459/459 460/460/460 458/458/458 
f 458/458/458 460/460/460 461/461/461 
f 460/460/460 462/462/462 461/461/461 
f 461/461/461 462/462/462 461/461/461 
f 462/462/462 463/463/463 461/461/461 
f 461/461/461 463/463/463 461/461/461 
f 463/463/463 464/464/464 461/461/461 
f 461/461/461 464/464/464 465/465/465 
f 464/464/464 466/466/466 465/465/465 
f 465/465/465 466/466/466 465/465/465 
f 466/466/466 467/467/467 465/465/465 
f 465/465/465 467/467/467 465/465/465 
f 467/467/467 424/424/424 465/465/465 
f 465/465/465 424/424/424 465/465/465 
f 424/424/424 425/425/425 465/465/465 
f 465/465/465 425/425/425 468/468/468 
f 425/425/425 428/428/428 468/468/468 
f 468/468/468 428/428/428 469/469/469 
f 428/428/428 430/430/430 469/469/469 
f 469/469/469 430/430/430 469/469/469 
f 430/430/430 433/433/433 469/469/469 
f 469/469/469 433/433/433 470/470/470 
f 433/433/433 438/438/438 470/470/470 
f 470/470/470 438/438/438 470/470/470 
f 438/438/438 443/443/443 470/470/470 
f 470/470/470 443/443/443 471/471/471 
f 443/443/443 447/447/447 471/471/471 
f 471/471/471 447/447/447 471/471/471 
f 447/447/447 449/449/449 471/471/471 
f 471/471/471 449/449/449 471/471/471 
f 449/449/449 453/453/453 471/471/471 
f 471/471/471 453/453/453 472/472/472 
f 453/453/453 473/473/473 472/472/472 
f 472/472/472 473/473/473 471/471/471 
f 473/473/473 468/468/468 471/471/471 
f 471/471/471 468/468/468 470/470/470 
f 468/468/468 469/469/469 470/470/470 
f 470/470/470 469/469/469 469/469/469 
f 469/469/469 465/465/465 469/469/469 
f 469/469/469 465/465/465 465/465/465 
f 465/465/465 468/468/468 465/465/465 
f 465/465/465 468/468/468 461/461/461 
f 468/468/468 473/473/473 461/461/461 
f 461/461/461 473/473/473 458/458/458 
f 473/473/473 453/453/453 458/458/458 
f 458/458/458 453/453/453 453/453/453 
f 453/453/453 474/474/474 453/453/453 
f 453/453/453 474/474/474 474/474/474 
f 474/474/474 475/475/475 474/474/474 
f 474/474/474 475/475/475 476/476/476 
f 475/475/475 477/477/477 476/476/476 
f 476/476/476 477/477/477 478/478/478 
f 477/477/477 477/477/477 478/478/478 
f 478/478/478 477/477/477 479/479/479 
f 477/477/477 480/480/480 479/479/479 
f 479/479/479 480/480/480 481/481/481 
f 480/480/480 482/482/482 481/481/481 
f 481/481/481 482/482/482 482/482/482 
f 482/482/482 479/479/479 482/482/482 
f 482/482/482 479/479/479 479/479/479 
f 479/479/479 481/481/481 479/479/479 
f 479/479/479 481/481/481 483/483/483 
f 481/481/481 484/484/484 483/483/483 
f 483/483/483 484/484/484 485/485/485 
f 484/484/484 486/486/486 485/485/485 
f 485/485/485 486/486/486 487/487/487 
f 486/486/486 488/488/488 487/487/487 
f 487/487/487 488/488/488 489/489/489 
f 488/488/488 489/489/489 489/489/489 
f 489/489/489 489/489/489 486/486/486 
f 489/489/489 486/486/486 486/486/486 
f 486/486/486 486/486/486 490/490/490 
f 486/486/486 484/484/484 490/490/490 
f 490/490/490 484/484/484 490/490/490 
f 484/484/484 491/491/491 490/490/490 
f 490/490/490 491/491/491 492/492/492 
f 491/491/491 493/493/493 492/492/492 
f 492/492/492 493/493/493 493/493/493 
f 493/493/493 480/480/480 493/493/493 
f 493/493/493 480/480/480 480/480/480 
f 480/480/480 477/477/477 480/480/480 
f 480/480/480 477/477/477 494/494/494 
f 477/477/477 495/495/495 494/494/494 
f 494/494/494 495/495/495 494/494/494 
f 495/495/495 496/496/496 494/494/494 
f 494/494/494 496/496/496 497/497/497 
f 496/496/496 497/497/497 497/497/497 
f 497/497/497 497/497/497 477/477/477 
f 497/497/497 477/477/477 477/477/477 
f 477/477/477 477/477/477 495/495/495 
f 477/477/477 498/498/498 495/495/495 
f 495/495/495 498/498/498 499/499/499 
f 498/498/498 500/500/500 499/499/499 
f 499/499/499 500/500/500 499/499/499 
f 500/500/500 501/501/501 499/499/499 
f 499/499/499 501/501/501 502/502/502 
f 501/501/501 502/502/502 502/502/502 
f 502/502/502 502/502/502 500/500/500 
f 502/502/502 500/500/500 500/500/500 
f 500/500/500 500/500/500 503/503/503 
f 500/500/500 498/498/498 503/503/503 
f 503/503/503 498/498/498 503/503/503 
f 498/498/498 504/504/504 503/503/503 
f 503/503/503 504/504/504 505/505/505 
f 504/504/504 505/505/505 505/505/505 
f 505/505/505 505/505/505 506/506/506 
f 505/505/505 506/506/506 506/506/506 
f 506/506/506 506/506/506 507/507/507 
f 506/506/506 508/508/508 507/507/507 
f 507/507/507 508/508/508 507/507/507 
f 508/508/508 509/509/509 507/507/507 
f 507/507/507 509/509/509 510/510/510 
f 509/509/509 511/511/511 510/510/510 
f 510/510/510 511/511/511 512/512/512 
f 511/511/511 513/513/513 512/512/512 
f 512/512/512 513/513/513 512/512/512 
f 513/513/513 514/514/514 512/512/512 
f 512/512/512 514/514/514 515/515/515 
f 514/514/514 516/516/516 515/515/515 
f 515/515/515 516/516/516 515/515/515 
f 516/516/516 517/517/517 515/515/515 
f 515/515/515 517/517/517 515/515/515 
f 517/517/517 518/518/518 515/515/515 
f 515/515/515 518/518/518 515/515/515 
f 518/518/518 519/519/519 515/515/515 
f 515/515/515 519/519/519 520/520/520 
f 519/519/519 521/521/521 520/520/520 
f 520/520/520 521/521/521 520/520/520 
f 521/521/521 522/522/522 520/520/520 
f 520/520/520 522/522/522 520/520/520 
f 522/522/522 523/523/523 520/520/520 
f 520/520/520 523/523/523 520/520/520 
f 523/523/523 524/524/524 520/520/520 
f 520/520/520 524/524/524 525/525/525 
f 524/524/524 526/526/526 525/525/525 
f 525/525/525 526/526/526 525/525/525 
f 526/526/526 527/527/527 525/525/525 
f 525/525/525 527/527/527 528/528/528 
f 527/527/527 529/529/529 528/528/528 
f 528/528/528 529/529/529 528/528/528 
f 529/529/529 530/530/530 528/528/528 
f 528/528/528 530/530/530 531/531/531 
f 530/530/530 532/532/532 531/531/531 
f 531/531/531 532/532/532 531/531/531 
f 532/532/532 533/533/533 531/531/531 
f 531/531/531 533/533/533 531/531/531 
f 533/533/533 534/534/534 531/531/531 
f 531/531/531 534/534/534 535/535/535 
f 534/534/534 536/536/536 535/535/535 
f 535/535/535 536/536/536 535/535/535 
f 536/536/536 537/537/537 535/535/535 
f 535/535/535 537/537/537 535/535/535 
f 537/537/537 538/538/538 535/535/535 
f 535/535/535 538/538/538 535/535/535 
f 538/538/538 539/539/539 535/535/535 
f 535/535/535 539/539/539 540/540/540 
f 539/539/539 541/541/541 540/540/540 
f 540/540/540 541/541/541 540/540/540 
f 541/541/541 542/542/542 540/540/540 
f 540/540/540 542/542/542 543/543/543 
f 542/542/542 544/544/544 543/543/543 
f 543/543/543 544/544/544 543/543/543 
f 544/544/544 545/545/545 543/543/543 
f 543/543/543 545/545/545 543/543/543 
f 545/545/545 546/546/546 543/543/543 
f 543/543/543 546/546/546 547/547/547 
f 546/546/546 548/548/548 547/547/547 
f 547/547/547 548/548/548 547/547/547 
f 548/548/548 549/549/549 547/547/547 
f 547/547/547 549/549/549 547/547/547 
f 549/549/549 506/506/506 547/547/547 
f 547/547/547 506/506/506 547/547/547 
f 506/506/506 507/507/507 547/547/547 
f 547/547/547 507/507/507 550/550/550 
f 507/507/507 510/510/510 550/550/550 
f 550/550/550 510/510/510 551/551/551 
f 510/510/510 512/512/512 551/551/551 
f 551/551/551 512/512/512 551/551/551 
f 512/512/512 515/515/515 551/551/551 
f 551/551/551 515/515/515 552/552/552 
f 515/515/515 520/520/520 552/552/552 
f 552/552/552 520/520/520 552/552/552 
f 520/520/520 525/525/525 552/552/552 
f 552/552/552 525/525/525 553/553/553 
f 525/525/525 528/528/528 553/553/553 
f 553/553/553 528/528/528 553/553/553 
f 528/528/528 531/531/531 553/553/553 
f 553/553/553 531/531/531 553/553/553 
f 531/531/531 535/535/535 553/553/553 
f 553/553/553 535/535/535 554/554/554 
f 535/535/535 555/555/555 554/554/554 
f 554/554/554 555/555/555 553/553/553 
f 555/555/555 550/550/550 553/553/553 
f 553/553/553 550/550/550 552/552/552 
f 550/550/550 551/551/551 552/552/552 
f 552/552/552 551/551/551 551/551/551 
f 551/551/551 547/547/547 551/551/551 
f 551/551/551 547/547/547 547/547/547 
f 547/547/547 550/550/550 547/547/547 
f 547/547/547 550/550/550 543/543/543 
f 550/550/550 555/555/555 543/543/543 
f 543/543/543 555/555/555 540/540/540 
f 555/555/555 535/535/535 540/540/540 
f 540/540/540 535/535/535 535/535/535 
f 535/535/535 556/556/556 535/535/535 
f 535/535/535 556/556/556 556/556/556 
f 556/556/556 557/557/557 556/556/556 
f 556/556/556 557/557/557 558/558/558 
f 557/557/557 559/559/559 558/558/558 
f 558/558/558 559/559/559 560/560/560 
f 559/559/559 561/561/561 560/560/560 
f 560/560/560 561/561/561 562/562/562 
f 561/561/561 562/562/562 562/562/562 
f 562/562/562 562/562/562 563/563/563 
f 562/562/562 563/563/563 563/563/563 
f 563/563/563 563/563/563 564/564/564 
f 563/563/563 565/565/565 564/564/564 
f 564/564/564 565/565/565 564/564/564 
f 565/565/565 566/566/566 564/564/564 
f 564/564/564 566/566/566 567/567/567 
f 566/566/566 568/568/568 567/567/567 
f 567/567/567 568/568/568 569/569/569 
f 568/568/568 568/568/568 569/569/569 
f 569/569/569 568/568/568 570/570/570 
f 568/568/568 571/571/571 570/570/570 
f 570/570/570 571/571/571 570/570/570 
f 571/571/571 572/572/572 570/570/570 
f 570/570/570 572/572/572 570/570/570 
f 572/572/572 573/573/573 570/570/570 
f 570/570/570 573/573/573 570/570/570 
f 573/573/573 574/574/574 570/570/570 
f 570/570/570 574/574/574 570/570/570 
f 574/574/574 575/575/575 570/570/570 
f 570/570/570 575/575/575 576/576/576 
f 575/575/575 577/577/577 576/576/576 
f 576/576/576 577/577/577 577/577/577 
f 577/577/577 567/567/567 577/577/577 
f 577/577/577 567/567/567 567/567/567 
f 567/567/567 569/569/569 567/567/567 
f 567/567/567 569/569/569 557/557/557 
f 569/569/569 569/569/569 557/557/557 
f 557/557/557 569/569/569 559/559/559 
f 569/569/569 578/578/578 559/559/559 
f 559/559/559 578/578/578 579/579/579 
f 578/578/578 580/580/580 579/579/579 
f 579/579/579 580/580/580 581/581/581 
f 580/580/580 581/581/581 581/581/581 
f 581/581/581 581/581/581 571/571/571 
f 581/581/581 571/571/571 571/571/571 
f 571/571/571 571/571/571 582/582/582 
f 571/571/571 568/568/568 582/582/582 
f 582/582/582 568/568/568 582/582/582 
f 568/568/568 583/583/583 582/582/582 
f 582/582/582 583/583/583 584/584/584 
f 583/583/583 584/584/584 584/584/584 
f 584/584/584 584/584/584 585/585/585 
f 584/584/584 585/585/585 585/585/585 
f 585/585/585 585/585/585 586/586/586 
f 585/585/585 587/587/587 586/586/586 
f 586/586/586 587/587/587 569/569/569 
f 587/587/587 578/578/578 569/569/569 
f 569/569/569 578/578/578 578/578/578 
f 578/578/578 588/588/588 578/578/578 
f 578/578/578 588/588/588 588/588/588 
f 588/588/588 589/589/589 588/588/588 
f 588/588/588 589/589/589 590/590/590 
f 589/589/589 591/591/591 590/590/590 
f 590/590/590 591/591/591 592/592/592 
f 591/591/591 593/593/593 592/592/592 
f 592/592/592 593/593/593 594/594/594 
f 593/593/593 595/595/595 594/594/594 
f 594/594/594 595/595/595 594/594/594 
f 595/595/595 596/596/596 594/594/594 
f 594/594/594 596/596/596 597/597/597 
f 596/596/596 598/598/598 597/597/597 
f 597/597/597 598/598/598 597/597/597 
f 598/598/598 599/599/599 597/597/597 
f 597/597/597 599/599/599 597/597/597 
f 599/599/599 600/600/600 597/597/597 
f 597/597/597 600/600/600 597/597/597 
f 600/600/600 601/601/601 597/597/597 
f 597/597/597 601/601/601 602/602/602 
f 601/601/601 603/603/603 602/602/602 
f 602/602/602 603/603/603 602/602/602 
f 603/603/603 604/604/604 602/602/602 
f 602/602/602 604/604/604 602/602/602 
f 604/604/604 605/605/605 602/602/602 
f 602/602/602 605/605/605 602/602/602 
f 605/605/605 606/606/606 602/602/602 
f 602/602/602 606/606/606 607/607/607 
f 606/606/606 608/608/608 607/607/607 
f 607/607/607 608/608/608 607/607/607 
f 608/608/608 609/609/609 607/607/607 
f 607/607/607 609/609/609 610/610/610 
f 609/609/609 611/611/611 610/610/610 
f 610/610/610 611/611/611 610/610/610 
f 611/611/611 612/612/612 610/610/610 
f 610/610/610 612/612/612 613/613/613 
f 612/612/612 614/614/614 613/613/613 
f 613/613/613 614/614/614 613/613/613 
f 614/614/614 615/615/615 613/613/613 
f 613/613/613 615/615/615 613/613/613 
f 615/615/615 616/616/616 613/613/613 
f 613/613/613 616/616/616 617/617/617 
f 616/616/616 618/618/618 617/617/617 
f 617/617/617 618/618/618 617/617/617 
f 618/618/618 619/619/619 617/617/617 
f 617/617/617 619/619/619 617/617/617 
f 619/619/619 620/620/620 617/617/617 
f 617/617/617 620/620/620 617/617/617 
f 620/620/620 621/621/621 617/617/617 
f 617/617/617 621/621/621 622/622/622 
f 621/621/621 623/623/623 622/622/622 
f 622/622/622 623/623/623 622/622/622 
f 623/623/623 624/624/624 622/622/622 
f 622/622/622 624/624/624 625/625/625 
f 624/624/624 626/626/626 625/625/625 
f 625/625/625 626/626/626 625/625/625 
f 626/626/626 627/627/627 625/625/625 
f 625/625/625 627/627/627 625/625/625 
f 627/627/627 628/628/628 625/625/625 
f 625/625/625 628/628/628 629/629/629 
f 628/628/628 630/630/630 629/629/629 
f 629/629/629 630/630/630 629/629/629 
f 630/630/630 631/631/631 629/629/629 
f 629/629/629 631/631/631 629/629/629 
f 631/631/631 588/588/588 629/629/629 
f 629/629/629 588/588/588 629/629/629 
f 588/588/588 590/590/590 629/629/629 
f 629/629/629 590/590/590 632/632/632 
f 590/590/590 592/592/592 632/632/632 
f 632/632/632 592/592/592 633/633/633 
f 592/592/592 594/594/594 633/633/633 
f 633/633/633 594/594/594 633/633/633 
f 594/594/594 597/597/597 633/633/633 
f 633/633/633 597/597/597 634/634/634 
f 597/597/597 602/602/602 634/634/634 
f 634/634/634 602/602/602 634/634/634 
f 602/602/602 607/607/607 634/634/634 
f 634/634/634 607/607/607 635/635/635 
f 607/607/607 610/610/610 635/635/635 
f 635/635/635 610/610/610 635/635/635 
f 610/610/610 613/613/613 635/635/635 
f 635/635/635 613/613/613 635/635/635 
f 613/613/613 617/617/617 635/635/635 
f 635/635/635 617/617/617 636/636/636 
f 617/617/617 637/637/637 636/636/636 
f 636/636/636 637/637/637 635/635/635 
f 637/637/637 632/632/632 635/635/635 
f 635/635/635 632/632/632 634/634/634 
f 632/632/632 633/633/633 634/634/634 
f 634/634/634 633/633/633 633/633/633 
f 633/633/633 629/629/629 633/633/633 
f 633/633/633 629/629/629 629/629/629 
f 629/629/629 632/632/632 629/629/629 
f 629/629/629 632/632/632 625/625/625 
f 632/632/632 637/637/637 625/625/625 
f 625/625/625 637/637/637 622/622/622 
f 637/637/637 617/617/617 622/622/622 
f 622/622/622 617/617/617 617/617/617 
f 617/617/617 638/638/638 617/617/617 
f 617/617/617 638/638/638 638/638/638 
f 638/638/638 639/639/639 638/638/638 
f 638/638/638 639/639/639 640/640/640 
f 639/639/639 641/641/641 640/640/640 
f 640/640/640 641/641/641 642/642/642 
f 641/641/641 643/643/643 642/642/642 
f 642/642/642 643/643/643 644/644/644 
f 643/643/643 644/644/644 644/644/644 
f 644/644/644 644/644/644 645/645/645 
f 644/644/644 645/645/645 645/645/645 
f 645/645/645 645/645/645 646/646/646 
f 645/645/645 647/647/647 646/646/646 
f 646/646/646 647/647/647 646/646/646 
f 647/647/647 648/648/648 646/646/646 
f 646/646/646 648/648/648 649/649/649 
f 648/648/648 650/650/650 649/649/649 
f 649/649/649 650/650/650 651/651/651 
f 650/650/650 650/650/650 651/651/651 
f 651/651/651 650/650/650 652/652/652 
f 650/650/650 653/653/653 652/652/652 
f 652/652/652 653/653/653 652/652/652 
f 653/653/653 654/654/654 652/652/652 
f 652/652/652 654/654/654 652/652/652 
f 654/654/654 655/655/655 652/652/652 
f 652/652/652 655/655/655 652/652/652 
f 655/655/655 656/656/656 652/652/652 
f 652/652/652 656/656/656 657/657/657 
f 656/656/656 658/658/658 657/657/657 
f 657/657/657 658/658/658 658/658/658 
f 658/658/658 649/649/649 658/658/658 
f 658/658/658 649/649/649 649/649/649 
f 649/649/649 651/651/651 649/649/649 
f 649/649/649 651/651/651 639/639/639 
f 651/651/651 641/641/641 639/639/639 
f 639/639/639 641/641/641 641/641/641 
f 641/641/641 653/653/653 641/641/641 
f 641/641/641 653/653/653 653/653/653 
f 653/653/653 650/650/650 653/653/653 
f 653/653/653 650/650/650 659/659/659 
f 650/650/650 650/650/650 659/659/659 
f 659/659/659 650/650/650 660/660/660 
f 650/650/650 661/661/661 660/660/660 
f 660/660/660 661/661/661 662/662/662 
f 661/661/661 662/662/662 662/662/662 
f 662/662/662 662/662/662 663/663/663 
f 662/662/662 663/663/663 663/663/663 
f 663/663/663 663/663/663 664/664/664 
f 663/663/663 665/665/665 664/664/664 
f 664/664/664 665/665/665 651/651/651 
f 665/665/665 666/666/666 651/651/651 
f 651/651/651 666/666/666 641/641/641 
f 666/666/666 666/666/666 641/641/641 
f 641/641/641 666/666/666 667/667/667 
f 666/666/666 668/668/668 667/667/667 
f 667/667/667 668/668/668 669/669/669 
f 668/668/668 669/669/669 669/669/669 
f 669/669/669 669/669/669 670/670/670 
f 669/669/669 670/670/670 670/670/670 
f 670/670/670 670/670/670 671/671/671 
f 670/670/670 672/672/672 671/671/671 
f 671/671/671 672/672/672 671/671/671 
f 672/672/672 673/673/673 671/671/671 
f 671/671/671 673/673/673 674/674/674 
f 673/673/673 675/675/675 674/674/674 
f 674/674/674 675/675/675 676/676/676 
f 675/675/675 677/677/677 676/676/676 
f 676/676/676 677/677/677 676/676/676 
f 677/677/677 678/678/678 676/676/676 
f 676/676/676 678/678/678 679/679/679 
f 678/678/678 680/680/680 679/679/679 
f 679/679/679 680/680/680 679/679/679 
f 680/680/680 681/681/681 679/679/679 
f 679/679/679 681/681/681 679/679/679 
f 681/681/681 682/682/682 679/679/679 
f 679/679/679 682/682/682 679/679/679 
f 682/682/682 683/683/683 679/679/679 
f 679/679/679 683/683/683 684/684/684 
f 683/683/683 685/685/685 684/684/684 
f 684/684/684 685/685/685 684/684/684 
f 685/685/685 686/686/686 684/684/684 
f 684/684/684 686/686/686 684/684/684 
f 686/686/686 687/687/687 684/684/684 
f 684/684/684 687/687/687 684/684/684 
f 687/687/687 688/688/688 684/684/684 
f 684/684/684 688/688/688 689/689/689 
f 688/688/688 690/690/690 689/689/689 
f 689/689/689 690/690/690 689/689/689 
f 690/690/690 691/691/691 689/689/689 
f 689/689/689 691/691/691 692/692/692 
f 691/691/691 693/693/693 692/692/692 
f 692/692/692 693/693/693 692/692/692 
f 693/693/693 694/694/694 692/692/692 
f 692/692/692 694/694/694 695/695/695 
f 694/694/694 696/696/696 695/695/695 
f 695/695/695 696/696/696 695/695/695 
f 696/696/696 697/697/697 695/695/695 
f 695/695/695 697/697/697 695/695/695 
f 697/697/697 698/698/698 695/695/695 
f 695/695/695 698/698/698 699/699/699 
f 698/698/698 700/700/700 699/699/699 
f 699/699/699 700/700/700 699/699/699 
f 700/700/700 701/701/701 699/699/699 
f 699/699/699 701/701/701 699/699/699 
f 701/701/701 702/702/702 699/699/699 
f 699/699/699 702/702/702 699/699/699 
f 702/702/702 703/703/703 699/699/699 
f 699/699/699 703/703/703 704/704/704 
f 703/703/703 705/705/705 704/704/704 
f 704/704/704 705/705/705 704/704/704 
f 705/705/705 706/706/706 704/704/704 
f 704/704/704 706/706/706 707/707/707 
f 706/706/706 708/708/708 707/707/707 
f 707/707/707 708/708/708 707/707/707 
f 708/708/708 709/709/709 707/707/707 
f 707/707/707 709/709/709 707/707/707 
f 709/709/709 710/710/710 707/707/707 
f 707/707/707 710/710/710 711/711/711 
f 710/710/710 712/712/712 711/711/711 
f 711/711/711 712/712/712 711/711/711 
f 712/712/712 713/713/713 711/711/711 
f 711/711/711 713/713/713 711/711/711 
f 713/713/713 670/670/670 711/711/711 
f 711/711/711 670/670/670 711/711/711 
f 670/670/670 671/671/671 711/711/711 
f 711/711/711 671/671/671 714/714/714 
f 671/671/671 674/674/674 714/714/714 
f 714/714/714 674/674/674 715/715/715 
f 674/674/674 676/676/676 715/715/715 
f 715/715/715 676/676/676 715/715/715 
f 676/676/676 679/679/679 715/715/715 
f 715/715/715 679/679/679 716/716/716 
f 679/679/679 684/684/684 716/716/716 
f 716/716/716 684/684/684 716/716/716 
f 684/684/684 689/689/689 716/716/716 
f 716/716/716 689/689/689 717/717/717 
f 689/689/689 692/692/692 717/717/717 
f 717/717/717 692/692/692 717/717/717 
f 692/692/692 695/695/695 717/717/717 
f 717/717/717 695/695/695 717/717/717 
f 695/695/695 699/699/699 717/717/717 
f 717/717/717 699/699/699 718/718/718 
f 699/699/699 719/719/719 718/718/718 
f 718/718/718 719/719/719 717/717/717 
f 719/719/719 719/719/719 717/717/717 
f 717/717/717 719/719/719 716/716/716 
f 719/719/719 714/714/714 716/716/716 
f 716/716/716 714/714/714 715/715/715 
f 714/714/714 715/715/715 715/715/715 
f 715/715/715 715/715/715 711/711/711 
f 715/715/715 711/711/711 711/711/711 
f 711/711/711 711/711/711 707/707/707 
f 711/711/711 714/714/714 707/707/707 
f 707/707/707 714/714/714 707/707/707 
f 714/714/714 719/719/719 707/707/707 
f 707/707/707 719/719/719 704/704/704 
f 719/719/719 699/699/699 704/704/704 
f 704/704/704 699/699/699 699/699/699 
f 699/699/699 720/720/720 699/699/699 
f 699/699/699 720/720/720 720/720/720 
f 720/720/720 721/721/721 720/720/720 
f 720/720/720 721/721/721 722/722/722 
f 721/721/721 723/723/723 722/722/722 
f 722/722/722 723/723/723 724/724/724 
f 723/723/723 725/725/725 724/724/724 
f 724/724/724 725/725/725 726/726/726 
f 725/725/725 726/726/726 726/726/726 
f 726/726/726 726/726/726 727/727/727 
f 726/726/726 727/727/727 727/727/727 
f 727/727/727 727/727/727 728/728/728 
f 727/727/727 729/729/729 728/728/728 
f 728/728/728 729/729/729 730/730/730 
f 729/729/729 723/723/723 730/730/730 
f 730/730/730 723/723/723 730/730/730 
f 723/723/723 721/721/721 730/730/730 
f 730/730/730 721/721/721 730/730/730 
f 721/721/721 731/731/731 730/730/730 
f 730/730/730 731/731/731 732/732/732 
f 731/731/731 733/733/733 732/732/732 
f 732/732/732 733/733/733 732/732/732 
f 733/733/733 734/734/734 732/732/732 
f 732/732/732 734/734/734 735/735/735 
f 734/734/734 736/736/736 735/735/735 
f 735/735/735 736/736/736 735/735/735 
f 736/736/736 737/737/737 735/735/735 
f 735/735/735 737/737/737 735/735/735 
f 737/737/737 738/738/738 735/735/735 
f 735/735/735 738/738/738 735/735/735 
f 738/738/738 739/739/739 735/735/735 
f 735/735/735 739/739/739 735/735/735 
f 739/739/739 740/740/740 735/735/735 
f 735/735/735 740/740/740 741/741/741 
f 740/740/740 742/742/742 741/741/741 
f 741/741/741 742/742/742 742/742/742 
f 742/742/742 730/730/730 742/742/742 
f 742/742/742 730/730/730 730/730/730 
f 730/730/730 732/732/732 730/730/730 
f 730/730/730 732/732/732 743/743/743 
f 732/732/732 744/744/744 743/743/743 
f 743/743/743 744/744/744 745/745/745 
f 744/744/744 745/745/745 745/745/745 
f 745/745/745 745/745/745 731/731/731 
f 745/745/745 731/731/731 731/731/731 
f 731/731/731 731/731/731 733/733/733 
f 731/731/731 746/746/746 733/733/733 
f 733/733/733 746/746/746 747/747/747 
f 746/746/746 748/748/748 747/747/747 
f 747/747/747 748/748/748 748/748/748 
f 748/748/748 736/736/736 748/748/748 
f 748/748/748 736/736/736 736/736/736 
f 736/736/736 734/734/734 736/736/736 
f 736/736/736 734/734/734 749/749/749 
f 734/734/734 750/750/750 749/749/749 
f 749/749/749 750/750/750 751/751/751 
f 750/750/750 751/751/751 751/751/751 
f 751/751/751 751/751/751 752/752/752 
f 751/751/751 752/752/752 752/752/752 
f 752/752/752 752/752/752 753/753/753 
f 752/752/752 754/754/754 753/753/753 
f 753/753/753 754/754/754 753/753/753 
f 754/754/754 755/755/755 753/753/753 
f 753/753/753 755/755/755 756/756/756 
f 755/755/755 757/757/757 756/756/756 
f 756/756/756 757/757/757 758/758/758 
f 757/757/757 759/759/759 758/758/758 
f 758/758/758 759/759/759 758/758/758 
f 759/759/759 760/760/760 758/758/758 
f 758/758/758 760/760/760 761/761/761 
f 760/760/760 762/762/762 761/761/761 
f 761/761/761 762/762/762 761/761/761 
f 762/762/762 763/763/763 761/761/761 
f 761/761/761 763/763/763 761/761/761 
f 763/763/763 764/764/764 761/761/761 
f 761/761/761 764/764/764 761/761/761 
f 764/764/764 765/765/765 761/761/761 
f 761/761/761 765/765/765 766/766/766 
f 765/765/765 767/767/767 766/766/766 
f 766/766/766 767/767/767 766/766/766 
f 767/767/767 768/768/768 766/766/766 
f 766/766/766 768/768/768 766/766/766 
f 768/768/768 769/769/769 766/766/766 
f 766/766/766 769/769/769 766/766/766 
f 769/769/769 770/770/770 766/766/766 
f 766/766/766 770/770/770 771/771/771 
f 770/770/770 772/772/772 771/771/771 
f 771/771/771 772/772/772 771/771/771 
f 772/772/772 773/773/773 771/771/771 
f 771/771/771 773/773/773 774/774/774 
f 773/773/773 775/775/775 774/774/774 
f 774/774/774 775/775/775 774/774/774 
f 775/775/775 776/776/776 774/774/774 
f 774/774/774 776/776/776 777/777/777 
f 776/776/776 778/778/778 777/777/777 
f 777/777/777 778/778/778 777/777/777 
f 778/778/778 779/779/779 777/777/777 
f 777/777/777 779/779/779 777/777/777 
f 779/779/779 780/780/780 777/777/777 
f 777/777/777 780/780/780 781/781/781 
f 780/780/780 782/782/782 781/781/781 
f 781/781/781 782/782/782 781/781/781 
f 782/782/782 783/783/783 781/781/781 
f 781/781/781 783/783/783 781/781/781 
f 783/783/783 784/784/784 781/781/781 
f 781/781/781 784/784/784 781/781/781 
f 784/784/784 785/785/785 781/781/781 
f 781/781/781 785/785/785 786/786/786 
f 785/785/785 787/787/787 786/786/786 
f 786/786/786 787/787/787 786/786/786 
f 787/787/787 788/788/788 786/786/786 
f 786/786/786 788/788/788 789/789/789 
f 788/788/788 790/790/790 789/789/789 
f 789/789/789 790/790/790 789/789/789 
f 790/790/790 791/791/791 789/789/789 
f 789/789/789 791/791/791 789/789/789 
f 791/791/791 792/792/792 789/789/789 
f 789/789/789 792/792/792 793/793/793 
f 792/792/792 794/794/794 793/793/793 
f 793/793/793 794/794/794 793/793/793 
f 794/794/794 795/795/795 793/793/793 
f 793/793/793 795/795/795 793/793/793 
f 795/795/795 752/752/752 793/793/793 
f 793/793/793 752/752/752 793/793/793 
f 752/752/752 753/753/753 793/793/793 
f 793/793/793 753/753/753 796/796/796 
f 753/753/753 756/756/756 796/796/796 
f 796/796/796 756/756/756 797/797/797 
f 756/756/756 758/758/758 797/797/797 
f 797/797/797 758/758/758 797/797/797 
f 758/758/758 761/761/761 797/797/797 
f 797/797/797 761/761/761 798/798/798 
f 761/761/761 766/766/766 798/798/798 
f 798/798/798 766/766/766 798/798/798 
f 766/766/766 771/771/771 798/798/798 
f 798/798/798 771/771/771 799/799/799 
f 771/771/771 774/774/774 799/799/799 
f 799/799/799 774/774/774 799/799/799 
f 774/774/774 777/777/777 799/799/799 
f 799/799/799 777/777/777 799/799/799 
f 777/777/777 781/781/781 799/799/799 
f 799/799/799 781/781/781 800/800/800 
f 781/781/781 801/801/801 800/800/800 
f 800/800/800 801/801/801 799/799/799 
f 801/801/801 796/796/796 799/799/799 
f 799/799/799 796/796/796 798/798/798 
f 796/796/796 797/797/797 798/798/798 
f 798/798/798 797/797/797 797/797/797 
f 797/797/797 793/793/793 797/797/797 
f 797/797/797 793/793/793 793/793/793 
f 793/793/793 796/796/796 793/793/793 
f 793/793/793 796/796/796 789/789/789 
f 796/796/796 801/801/801 789/789/789 
f 789/789/789 801/801/801 786/786/786 
f 801/801/801 781/781/781 786/786/786 
f 786/786/786 781/781/781 781/781/781 
f 781/781/781 802/802/802 781/781/781 
f 781/781/781 802/802/802 802/802/802 
f 802/802/802 803/803/803 802/802/802 
f 802/802/802 803/803/803 804/804/804 
f 803/803/803 805/805/805 804/804/804 
f 804/804/804 805/805/805 806/806/806 
f 805/805/805 807/807/807 806/806/806 
f 806/806/806 807/807/807 808/808/808 
f 807/807/807 808/808/808 808/808/808 
f 808/808/808 808/808/808 809/809/809 
f 808/808/808 809/809/809 809/809/809 
f 809/809/809 809/809/809 810/810/810 
f 809/809/809 811/811/811 810/810/810 
f 810/810/810 811/811/811 810/810/810 
f 811/811/811 812/812/812 810/810/810 
f 810/810/810 812/812/812 813/813/813 
f 812/812/812 814/814/814 813/813/813 
f 813/813/813 814/814/814 815/815/815 
f 814/814/814 814/814/814 815/815/815 
f 815/815/815 814/814/814 816/816/816 
f 814/814/814 817/817/817 816/816/816 
f 816/816/816 817/817/817 816/816/816 
f 817/817/817 818/818/818 816/816/816 
f 816/816/816 818/818/818 816/816/816 
f 818/818/818 819/819/819 816/816/816 
f 816/816/816 819/819/819 816/816/816 
f 819/819/819 820/820/820 816/816/816 
f 816/816/816 820/820/820 816/816/816 
f 820/820/820 821/821/821 816/816/816 
f 816/816/816 821/821/821 822/822/822 
f 821/821/821 823/823/823 822/822/822 
f 822/822/822 823/823/823 823/823/823 
f 823/823/823 813/813/813 823/823/823 
f 823/823/823 813/813/813 813/813/813 
f 813/813/813 815/815/815 813/813/813 
f 813/813/813 815/815/815 803/803/803 
f 815/815/815 815/815/815 803/803/803 
f 803/803/803 815/815/815 805/805/805 
f 815/815/815 824/824/824 805/805/805 
f 805/805/805 824/824/824 825/825/825 
f 824/824/824 826/826/826 825/825/825 
f 825/825/825 826/826/826 827/827/827 
f 826/826/826 827/827/827 827/827/827 
f 827/827/827 827/827/827 817/817/817 
f 827/827/827 817/817/817 817/817/817 
f 817/817/817 817/817/817 828/828/828 
f 817/817/817 814/814/814 828/828/828 
f 828/828/828 814/814/814 828/828/828 
f 814/814/814 829/829/829 828/828/828 
f 828/828/828 829/829/829 830/830/830 
f 829/829/829 830/830/830 830/830/830 
f 830/830/830 830/830/830 831/831/831 
f 830/830/830 831/831/831 831/831/831 
f 831/831/831 831/831/831 832/832/832 
f 831/831/831 833/833/833 832/832/832 
f 832/832/832 833/833/833 815/815/815 
f 833/833/833 824/824/824 815/815/815 
f 815/815/815 824/824/824 824/824/824 
f 824/824/824 834/834/834 824/824/824 
f 824/824/824 834/834/834 834/834/834 
f 834/834/834 835/835/835 834/834/834 
f 834/834/834 835/835/835 836/836/836 
f 835/835/835 836/836/836 836/836/836 
f 836/836/836 836/836/836 837/837/837 
f 836/836/836 837/837/837 837/837/837 
f 837/837/837 837/837/837 838/838/838 
f 837/837/837 839/839/839 838/838/838 
f 838/838/838 839/839/839 839/839/839 
f 839/839/839 840/840/840 839/839/839 
f 839/839/839 840/840/840 840/840/840 
f 840/840/840 841/841/841 840/840/840 
f 840/840/840 841/841/841 842/842/842 
f 841/841/841 842/842/842 842/842/842 
f 842/842/842 842/842/842 843/843/843 
f 842/842/842 843/843/843 843/843/843 
f 843/843/843 843/843/843 844/844/844 
f 843/843/843 845/845/845 844/844/844 
f 844/844/844 845/845/845 845/845/845 
f 845/845/845 846/846/846 845/845/845 
f 845/845/845 846/846/846 846/846/846 
f 846/846/846 847/847/847 846/846/846 
f 846/846/846 847/847/847 848/848/848 
f 847/847/847 848/848/848 848/848/848 
f 848/848/848 848/848/848 849/849/849 
f 848/848/848 849/849/849 849/849/849 
f 849/849/849 849/849/849 850/850/850 
f 849/849/849 851/851/851 850/850/850 

