mtllib model_2.mtl
o model_2
v 0.37462249398231506 -0.06300240755081177 0.5739709734916687 
v 0.3657003939151764 -0.06300240755081177 0.5357165932655334 
v 0.3720397651195526 0.0994812473654747 0.5329174995422363 
v 0.34280815720558167 -0.06300240755081177 0.5036824345588684 
v 0.3476214110851288 0.0994812473654747 0.49870628118515015 
v 0.30946770310401917 -0.06300240755081177 0.4831557273864746 
v 0.3119330108165741 0.0994812473654747 0.4766245186328888 
v 0.2707270085811615 -0.06300240755081177 0.4766245186328888 
v 0.27049222588539124 0.0994812473654747 0.4697822630405426 
v 0.23245592415332794 -0.06300240755081177 0.48564383387565613 
v 0.22963841259479523 0.0994812473654747 0.4794236123561859 
v 0.38154885172843933 0.0994812473654747 0.5736599564552307 
v 0.3747398853302002 0.0994812473654747 0.6150243878364563 
v 0.36828309297561646 -0.06300240755081177 0.6128473281860352 
v 0.35255202651023865 0.0994812473654747 0.6507906913757324 
v 0.34750398993492126 -0.06300240755081177 0.6461254954338074 
v 0.31850719451904297 0.0994812473654747 0.6753605604171753 
v 0.31568968296051025 -0.06300240755081177 0.6688293218612671 
v 0.27765339612960815 0.0994812473654747 0.6846908926963806 
v 0.2774185836315155 -0.06300240755081177 0.6778486371040344 
v 0.2362125962972641 0.0994812473654747 0.6778486371040344 
v 0.23867791891098022 -0.06300240755081177 0.6716284155845642 
v 0.2005242109298706 0.0994812473654747 0.6557668447494507 
v 0.20533744990825653 -0.06300240755081177 0.6507906913757324 
v 0.17610584199428558 0.0994812473654747 0.6215556263923645 
v 0.182445228099823 -0.06300240755081177 0.6187565326690674 
v 0.17352312803268433 -0.06300240755081177 0.5805021524429321 
v 0.16659677028656006 0.0994812473654747 0.5808131694793701 
v 0.1734057366847992 0.0994812473654747 0.5394487380981445 
v 0.17986251413822174 -0.06300240755081177 0.5419368147850037 
v 0.19559358060359955 0.0994812473654747 0.5036824345588684 
v 0.20064160227775574 -0.06300240755081177 0.5086586475372314 
v 0.22963841259479523 0.0994812473654747 0.4794236123561859 
v 0.23245592415332794 -0.06300240755081177 0.48564383387565613 
v 0.36229589581489563 -0.07216932624578476 0.5742819905281067 
v 0.3566609025001526 -0.07216932624578476 0.6084931492805481 
v 0.36828309297561646 -0.06300240755081177 0.6128473281860352 
v 0.33846449851989746 -0.07216932624578476 0.637728214263916 
v 0.34750398993492126 -0.06300240755081177 0.6461254954338074 
v 0.31052425503730774 -0.07216932624578476 0.6576328873634338 
v 0.31568968296051025 -0.06300240755081177 0.6688293218612671 
v 0.276949018239975 -0.07216932624578476 0.665408194065094 
v 0.2774185836315155 -0.06300240755081177 0.6778486371040344 
v 0.23867791891098022 -0.06300240755081177 0.6716284155845642 
v 0.24302156269550323 -0.07216932624578476 0.6598100066184998 
v 0.20533744990825653 -0.06300240755081177 0.6507906913757324 
v 0.2137899547815323 -0.07216932624578476 0.6417713761329651 
v 0.19371524453163147 -0.07216932624578476 0.6137803792953491 
v 0.182445228099823 -0.06300240755081177 0.6187565326690674 
v 0.17352312803268433 -0.06300240755081177 0.5805021524429321 
v 0.18584971129894257 -0.07216932624578476 0.5801911950111389 
v 0.17986251413822174 -0.06300240755081177 0.5419368147850037 
v 0.1914847195148468 -0.07216932624578476 0.5462909936904907 
v 0.20064160227775574 -0.06300240755081177 0.5086586475372314 
v 0.20968109369277954 -0.07216932624578476 0.5170559287071228 
v 0.23762135207653046 -0.07216932624578476 0.4968402087688446 
v 0.23245592415332794 -0.06300240755081177 0.48564383387565613 
v 0.37462249398231506 -0.06300240755081177 0.5739709734916687 
v 0.22963841259479523 0.0994812473654747 0.4794236123561859 
v 0.27049222588539124 0.0994812473654747 0.4697822630405426 
v 0.23456905782222748 0.10612726956605911 0.4899979829788208 
v 0.27096182107925415 0.10612726956605911 0.48160067200660706 
v 0.3119330108165741 0.0994812473654747 0.4766245186328888 
v 0.30782416462898254 0.10612726956605911 0.48750990629196167 
v 0.3476214110851288 0.0994812473654747 0.49870628118515015 
v 0.3395210802555084 0.10612726956605911 0.5074145793914795 
v 0.3720397651195526 0.0994812473654747 0.5329174995422363 
v 0.3613567352294922 0.10612726956605911 0.5375826358795166 
v 0.38154885172843933 0.0994812473654747 0.5736599564552307 
v 0.36980924010276794 0.10612726956605911 0.5739709734916687 
v 0.3747398853302002 0.0994812473654747 0.6150243878364563 
v 0.363704651594162 0.10612726956605911 0.610981285572052 
v 0.35255202651023865 0.0994812473654747 0.6507906913757324 
v 0.34398213028907776 0.10612726956605911 0.6427043676376343 
v 0.3135765492916107 0.10612726956605911 0.66447514295578 
v 0.31850719451904297 0.0994812473654747 0.6753605604171753 
v 0.27765339612960815 0.0994812473654747 0.6846908926963806 
v 0.27718380093574524 0.10612726956605911 0.6728724241256714 
v 0.2362125962972641 0.0994812473654747 0.6778486371040344 
v 0.24032145738601685 0.10612726956605911 0.6669632196426392 
v 0.2005242109298706 0.0994812473654747 0.6557668447494507 
v 0.20862454175949097 0.10612726956605911 0.6473695635795593 
v 0.17610584199428558 0.0994812473654747 0.6215556263923645 
v 0.1867888867855072 0.10612726956605911 0.6168904900550842 
v 0.16659677028656006 0.0994812473654747 0.5808131694793701 
v 0.17833636701107025 0.10612726956605911 0.5805021524429321 
v 0.1734057366847992 0.0994812473654747 0.5394487380981445 
v 0.1844409555196762 0.10612726956605911 0.5434918999671936 
v 0.19559358060359955 0.0994812473654747 0.5036824345588684 
v 0.20416349172592163 0.10612726956605911 0.5117687582969666 
v 0.23456905782222748 0.10612726956605911 0.4899979829788208 
v 0.22963841259479523 0.0994812473654747 0.4794236123561859 
v 0.19336305558681488 0.19390052556991577 0.6635420918464661 
v 0.1847931444644928 0.1867961585521698 0.6178234815597534 
v 0.16647937893867493 0.19390052556991577 0.6262208223342896 
v 0.15591372549533844 0.19390052556991577 0.5811241865158081 
v 0.17610584199428558 0.1867961585521698 0.5805021524429321 
v 0.16342706978321075 0.19390052556991577 0.5357165932655334 
v 0.18232783675193787 0.1867961585521698 0.5428698658943176 
v 0.18784543871879578 0.19390052556991577 0.496529221534729 
v 0.20251993834972382 0.1867961585521698 0.5102136731147766 
v 0.22529476881027222 0.19390052556991577 0.4697822630405426 
v 0.2335124909877777 0.1867961585521698 0.48782089352607727 
v 0.20709839463233948 0.1867961585521698 0.6489245891571045 
v 0.23245592415332794 0.19390052556991577 0.6878010034561157 
v 0.23949968814849854 0.1867961585521698 0.6691403388977051 
v 0.27800557017326355 0.19390052556991577 0.6952652335166931 
v 0.27730119228363037 0.1867961585521698 0.6753605604171753 
v 0.3146331310272217 0.1867961585521698 0.6666522026062012 
v 0.3228508532047272 0.19390052556991577 0.6850018501281738 
v 0.3456256687641144 0.1867961585521698 0.6442594528198242 
v 0.3603001534938812 0.19390052556991577 0.6579439043998718 
v 0.3658177852630615 0.1867961585521698 0.6119142770767212 
v 0.38471853733062744 0.19390052556991577 0.6187565326690674 
v 0.3720397651195526 0.1867961585521698 0.5739709734916687 
v 0.39223188161849976 0.19390052556991577 0.5733489394187927 
v 0.3633524775505066 0.1867961585521698 0.5366496443748474 
v 0.38166624307632446 0.19390052556991577 0.5285633206367493 
v 0.3547825515270233 0.19390052556991577 0.4909310042858124 
v 0.3410472273826599 0.1867961585521698 0.5055485367774963 
v 0.31568968296051025 0.19390052556991577 0.4666721522808075 
v 0.30864593386650085 0.1867961585521698 0.48533281683921814 
v 0.270844429731369 0.1867961585521698 0.4791125953197479 
v 0.27014005184173584 0.19390052556991577 0.4592078924179077 
v 0.2335124909877777 0.1867961585521698 0.48782089352607727 
v 0.22529476881027222 0.19390052556991577 0.4697822630405426 
v 0.23762135207653046 -0.07216932624578476 0.4968402087688446 
v 0.2711966037750244 -0.07216932624578476 0.4890649616718292 
v 0.23245592415332794 -0.06300240755081177 0.48564383387565613 
v 0.2707270085811615 -0.06300240755081177 0.4766245186328888 
v 0.30946770310401917 -0.06300240755081177 0.4831557273864746 
v 0.30512404441833496 -0.07216932624578476 0.49466314911842346 
v 0.3343556523323059 -0.07216932624578476 0.5127018094062805 
v 0.34280815720558167 -0.06300240755081177 0.5036824345588684 
v 0.3544303774833679 -0.07216932624578476 0.5406927466392517 
v 0.3657003939151764 -0.06300240755081177 0.5357165932655334 
v 0.18808023631572723 -0.13267099857330322 0.5801911950111389 
v 0.19571097195148468 -0.13267099857330322 0.6128473281860352 
v 0.19359785318374634 -0.13267099857330322 0.5469129681587219 
v 0.21531610190868378 -0.13267099857330322 0.6402162909507751 
v 0.24384333193302155 -0.13267099857330322 0.6576328873634338 
v 0.30430227518081665 -0.13267099857330322 0.4968402087688446 
v 0.35454776883125305 -0.13267099857330322 0.6075601577758789 
v 0.3328295052051544 -0.13267099857330322 0.5145678520202637 
v 0.3524346351623535 -0.13267099857330322 0.5416257977485657 
v 0.36006537079811096 -0.13267099857330322 0.5745929479598999 
v 0.21132464706897736 -0.13267099857330322 0.5186110138893127 
v 0.2385605126619339 -0.13267099857330322 0.49901729822158813 
v 0.2711966037750244 -0.13267099857330322 0.49124202132225037 
v 0.33682096004486084 -0.13267099857330322 0.6361731290817261 
v 0.3095850944519043 -0.13267099857330322 0.6554558277130127 
v 0.276949018239975 -0.13267099857330322 0.6632311344146729 
v 0.2335124909877777 0.1867961585521698 0.48782089352607727 
v 0.23456905782222748 0.10612726956605911 0.4899979829788208 
v 0.270844429731369 0.1867961585521698 0.4791125953197479 
v 0.27096182107925415 0.10612726956605911 0.48160067200660706 
v 0.30864593386650085 0.1867961585521698 0.48533281683921814 
v 0.30782416462898254 0.10612726956605911 0.48750990629196167 
v 0.3410472273826599 0.1867961585521698 0.5055485367774963 
v 0.3395210802555084 0.10612726956605911 0.5074145793914795 
v 0.3633524775505066 0.1867961585521698 0.5366496443748474 
v 0.3613567352294922 0.10612726956605911 0.5375826358795166 
v 0.36980924010276794 0.10612726956605911 0.5739709734916687 
v 0.3720397651195526 0.1867961585521698 0.5739709734916687 
v 0.363704651594162 0.10612726956605911 0.610981285572052 
v 0.3658177852630615 0.1867961585521698 0.6119142770767212 
v 0.34398213028907776 0.10612726956605911 0.6427043676376343 
v 0.3456256687641144 0.1867961585521698 0.6442594528198242 
v 0.3135765492916107 0.10612726956605911 0.66447514295578 
v 0.3146331310272217 0.1867961585521698 0.6666522026062012 
v 0.27730119228363037 0.1867961585521698 0.6753605604171753 
v 0.27718380093574524 0.10612726956605911 0.6728724241256714 
v 0.24032145738601685 0.10612726956605911 0.6669632196426392 
v 0.23949968814849854 0.1867961585521698 0.6691403388977051 
v 0.20709839463233948 0.1867961585521698 0.6489245891571045 
v 0.20862454175949097 0.10612726956605911 0.6473695635795593 
v 0.1847931444644928 0.1867961585521698 0.6178234815597534 
v 0.1867888867855072 0.10612726956605911 0.6168904900550842 
v 0.17833636701107025 0.10612726956605911 0.5805021524429321 
v 0.17610584199428558 0.1867961585521698 0.5805021524429321 
v 0.1844409555196762 0.10612726956605911 0.5434918999671936 
v 0.18232783675193787 0.1867961585521698 0.5428698658943176 
v 0.20251993834972382 0.1867961585521698 0.5102136731147766 
v 0.20416349172592163 0.10612726956605911 0.5117687582969666 
v 0.23456905782222748 0.10612726956605911 0.4899979829788208 
v 0.2335124909877777 0.1867961585521698 0.48782089352607727 
v 0.2385605126619339 -0.13267099857330322 0.49901729822158813 
v 0.23762135207653046 -0.07216932624578476 0.4968402087688446 
v 0.2711966037750244 -0.13267099857330322 0.49124202132225037 
v 0.2711966037750244 -0.07216932624578476 0.4890649616718292 
v 0.30512404441833496 -0.07216932624578476 0.49466314911842346 
v 0.30430227518081665 -0.13267099857330322 0.4968402087688446 
v 0.3343556523323059 -0.07216932624578476 0.5127018094062805 
v 0.3328295052051544 -0.13267099857330322 0.5145678520202637 
v 0.3544303774833679 -0.07216932624578476 0.5406927466392517 
v 0.3524346351623535 -0.13267099857330322 0.5416257977485657 
v 0.36229589581489563 -0.07216932624578476 0.5742819905281067 
v 0.36006537079811096 -0.13267099857330322 0.5745929479598999 
v 0.35454776883125305 -0.13267099857330322 0.6075601577758789 
v 0.3566609025001526 -0.07216932624578476 0.6084931492805481 
v 0.33682096004486084 -0.13267099857330322 0.6361731290817261 
v 0.33846449851989746 -0.07216932624578476 0.637728214263916 
v 0.3095850944519043 -0.13267099857330322 0.6554558277130127 
v 0.31052425503730774 -0.07216932624578476 0.6576328873634338 
v 0.276949018239975 -0.13267099857330322 0.6632311344146729 
v 0.276949018239975 -0.07216932624578476 0.665408194065094 
v 0.24302156269550323 -0.07216932624578476 0.6598100066184998 
v 0.24384333193302155 -0.13267099857330322 0.6576328873634338 
v 0.2137899547815323 -0.07216932624578476 0.6417713761329651 
v 0.21531610190868378 -0.13267099857330322 0.6402162909507751 
v 0.19371524453163147 -0.07216932624578476 0.6137803792953491 
v 0.19571097195148468 -0.13267099857330322 0.6128473281860352 
v 0.18584971129894257 -0.07216932624578476 0.5801911950111389 
v 0.18808023631572723 -0.13267099857330322 0.5801911950111389 
v 0.19359785318374634 -0.13267099857330322 0.5469129681587219 
v 0.1914847195148468 -0.07216932624578476 0.5462909936904907 
v 0.21132464706897736 -0.13267099857330322 0.5186110138893127 
v 0.20968109369277954 -0.07216932624578476 0.5170559287071228 
v 0.2385605126619339 -0.13267099857330322 0.49901729822158813 
v 0.23762135207653046 -0.07216932624578476 0.4968402087688446 
v 0.2244729995727539 0.21429692208766937 0.46791619062423706 
v 0.27014005184173584 0.21429692208766937 0.4570308029651642 
v 0.22529476881027222 0.19390052556991577 0.4697822630405426 
v 0.27014005184173584 0.19390052556991577 0.4592078924179077 
v 0.31568968296051025 0.19390052556991577 0.4666721522808075 
v 0.31639406085014343 0.21429692208766937 0.46480607986450195 
v 0.3547825515270233 0.19390052556991577 0.4909310042858124 
v 0.3561913073062897 0.21429692208766937 0.4893759489059448 
v 0.38354456424713135 0.21429692208766937 0.5276303291320801 
v 0.38166624307632446 0.19390052556991577 0.5285633206367493 
v 0.39223188161849976 0.19390052556991577 0.5733489394187927 
v 0.39422762393951416 0.21429692208766937 0.5733489394187927 
v 0.38471853733062744 0.19390052556991577 0.6187565326690674 
v 0.3865968585014343 0.21429692208766937 0.6196895837783813 
v 0.3603001534938812 0.19390052556991577 0.6579439043998718 
v 0.3618263304233551 0.21429692208766937 0.6594989895820618 
v 0.3228508532047272 0.19390052556991577 0.6850018501281738 
v 0.3236726224422455 0.21429692208766937 0.6868679523468018 
v 0.27800557017326355 0.19390052556991577 0.6952652335166931 
v 0.27800557017326355 0.21429692208766937 0.6974422931671143 
v 0.23245592415332794 0.19390052556991577 0.6878010034561157 
v 0.23175154626369476 0.21429692208766937 0.6896670460700989 
v 0.19336305558681488 0.19390052556991577 0.6635420918464661 
v 0.19195429980754852 0.21429692208766937 0.665097177028656 
v 0.16460104286670685 0.21429692208766937 0.6268427968025208 
v 0.16647937893867493 0.19390052556991577 0.6262208223342896 
v 0.15591372549533844 0.19390052556991577 0.5811241865158081 
v 0.15391799807548523 0.21429692208766937 0.5811241865158081 
v 0.16342706978321075 0.19390052556991577 0.5357165932655334 
v 0.16154873371124268 0.21429692208766937 0.5350945591926575 
v 0.18784543871879578 0.19390052556991577 0.496529221534729 
v 0.1863192915916443 0.21429692208766937 0.49528515338897705 
v 0.2244729995727539 0.21429692208766937 0.46791619062423706 
v 0.22529476881027222 0.19390052556991577 0.4697822630405426 
v 0.264152854681015 0.23606835305690765 0.5553103089332581 
v 0.2606309652328491 0.2186512053012848 0.5475350022315979 
v 0.27330973744392395 0.23606835305690765 0.5531331896781921 
v 0.27295753359794617 0.2186512053012848 0.5447359085083008 
v 0.28551891446113586 0.2186512053012848 0.5469129681587219 
v 0.282584011554718 0.23606835305690765 0.5546882748603821 
v 0.29056695103645325 0.23606835305690765 0.5596644282341003 
v 0.2963193356990814 0.2186512053012848 0.5534442067146301 
v 0.295967161655426 0.23606835305690765 0.5674397349357605 
v 0.3037152886390686 0.2186512053012848 0.5637075901031494 
v 0.2981976866722107 0.23606835305690765 0.5764590501785278 
v 0.30665019154548645 0.2186512053012848 0.5761480331420898 
v 0.3045370578765869 0.2186512053012848 0.5888994932174683 
v 0.2966715395450592 0.23606835305690765 0.5857893824577332 
v 0.2916235029697418 0.23606835305690765 0.5938756465911865 
v 0.2978454828262329 0.2186512053012848 0.5994738340377808 
v 0.28751465678215027 0.2186512053012848 0.6069381237030029 
v 0.2839927673339844 0.23606835305690765 0.5991628170013428 
v 0.27483588457107544 0.23606835305690765 0.6013399362564087 
v 0.27518805861473083 0.2186512053012848 0.6097372174263 
v 0.2626267075538635 0.2186512053012848 0.6078711748123169 
v 0.26556161046028137 0.23606835305690765 0.5997848510742188 
v 0.2518262565135956 0.2186512053012848 0.6010289192199707 
v 0.25757867097854614 0.23606835305690765 0.5948086977005005 
v 0.25217846035957336 0.23606835305690765 0.5873444080352783 
v 0.2444303184747696 0.2186512053012848 0.5907655358314514 
v 0.2499479353427887 0.23606835305690765 0.578014075756073 
v 0.24149541556835175 0.2186512053012848 0.578325092792511 
v 0.2514740824699402 0.23606835305690765 0.5686837434768677 
v 0.24360854923725128 0.2186512053012848 0.5658846497535706 
v 0.2565220892429352 0.23606835305690765 0.5609084963798523 
v 0.2503001093864441 0.2186512053012848 0.5549992918968201 
v 0.2606309652328491 0.2186512053012848 0.5475350022315979 
v 0.264152854681015 0.23606835305690765 0.5553103089332581 
v 0.38354456424713135 0.21429692208766937 0.5276303291320801 
v 0.3561913073062897 0.21429692208766937 0.4893759489059448 
v 0.3037152886390686 0.2186512053012848 0.5637075901031494 
v 0.2963193356990814 0.2186512053012848 0.5534442067146301 
v 0.39422762393951416 0.21429692208766937 0.5733489394187927 
v 0.30665019154548645 0.2186512053012848 0.5761480331420898 
v 0.3045370578765869 0.2186512053012848 0.5888994932174683 
v 0.3865968585014343 0.21429692208766937 0.6196895837783813 
v 0.2978454828262329 0.2186512053012848 0.5994738340377808 
v 0.3618263304233551 0.21429692208766937 0.6594989895820618 
v 0.3236726224422455 0.21429692208766937 0.6868679523468018 
v 0.28751465678215027 0.2186512053012848 0.6069381237030029 
v 0.27800557017326355 0.21429692208766937 0.6974422931671143 
v 0.27518805861473083 0.2186512053012848 0.6097372174263 
v 0.23175154626369476 0.21429692208766937 0.6896670460700989 
v 0.2626267075538635 0.2186512053012848 0.6078711748123169 
v 0.2518262565135956 0.2186512053012848 0.6010289192199707 
v 0.19195429980754852 0.21429692208766937 0.665097177028656 
v 0.2444303184747696 0.2186512053012848 0.5907655358314514 
v 0.16460104286670685 0.21429692208766937 0.6268427968025208 
v 0.15391799807548523 0.21429692208766937 0.5811241865158081 
v 0.24149541556835175 0.2186512053012848 0.578325092792511 
v 0.24360854923725128 0.2186512053012848 0.5658846497535706 
v 0.16154873371124268 0.21429692208766937 0.5350945591926575 
v 0.2503001093864441 0.2186512053012848 0.5549992918968201 
v 0.1863192915916443 0.21429692208766937 0.49528515338897705 
v 0.2244729995727539 0.21429692208766937 0.46791619062423706 
v 0.2606309652328491 0.2186512053012848 0.5475350022315979 
v 0.2244729995727539 0.21429692208766937 0.46791619062423706 
v 0.2606309652328491 0.2186512053012848 0.5475350022315979 
v 0.27014005184173584 0.21429692208766937 0.4570308029651642 
v 0.27295753359794617 0.2186512053012848 0.5447359085083008 
v 0.31639406085014343 0.21429692208766937 0.46480607986450195 
v 0.28551891446113586 0.2186512053012848 0.5469129681587219 
v 0.26556161046028137 0.23606835305690765 0.5997848510742188 
v 0.25757867097854614 0.23606835305690765 0.5948086977005005 
v 0.27483588457107544 0.23606835305690765 0.6013399362564087 
v 0.2981976866722107 0.23606835305690765 0.5764590501785278 
v 0.2966715395450592 0.23606835305690765 0.5857893824577332 
v 0.2916235029697418 0.23606835305690765 0.5938756465911865 
v 0.2839927673339844 0.23606835305690765 0.5991628170013428 
v 0.25217846035957336 0.23606835305690765 0.5873444080352783 
v 0.2499479353427887 0.23606835305690765 0.578014075756073 
v 0.2565220892429352 0.23606835305690765 0.5609084963798523 
v 0.27330973744392395 0.23606835305690765 0.5531331896781921 
v 0.264152854681015 0.23606835305690765 0.5553103089332581 
v 0.2514740824699402 0.23606835305690765 0.5686837434768677 
v 0.282584011554718 0.23606835305690765 0.5546882748603821 
v 0.29056695103645325 0.23606835305690765 0.5596644282341003 
v 0.295967161655426 0.23606835305690765 0.5674397349357605 
v 0.30465444922447205 -0.03916841745376587 0.08132952451705933 
v 0.3075893521308899 -0.042147666215896606 0.07790840417146683 
v 0.3040674924850464 -0.03848089650273323 0.07697537541389465 
v 0.30665019154548645 -0.03916841745376587 0.07355424761772156 
v 0.30700239539146423 -0.04146014526486397 0.08101851493120193 
v 0.31216779351234436 -0.03481413051486015 0.08132952451705933 
v 0.31439831852912903 -0.03871006891131401 0.08132952451705933 
v 0.3459778428077698 -0.03481413051486015 0.09034884721040726 
v 0.34398213028907776 -0.03871006891131401 0.0891048014163971 
v 0.3507910966873169 -0.04146014526486397 0.0922149121761322 
v 0.35255202651023865 -0.03916841745376587 0.09376996755599976 
v 0.3516128659248352 -0.042147666215896606 0.08941581100225449 
v 0.3551347553730011 -0.03848089650273323 0.09034884721040726 
v 0.35454776883125305 -0.03916841745376587 0.08599469065666199 
v 0.3523172438144684 -0.04146014526486397 0.08661670982837677 
v 0.34703442454338074 -0.03481413051486015 0.08599469065666199 
v 0.34480389952659607 -0.03871006891131401 0.08599469065666199 
v 0.31334176659584045 -0.03481413051486015 0.07728638499975204 
v 0.3152201175689697 -0.03871006891131401 0.07853042334318161 
v 0.3084111213684082 -0.04146014526486397 0.07510930299758911 
v 0.3507910966873169 -0.04146014526486397 0.0922149121761322 
v 0.34398213028907776 -0.03871006891131401 0.0891048014163971 
v 0.3516128659248352 -0.042147666215896606 0.08941581100225449 
v 0.34480389952659607 -0.03871006891131401 0.08599469065666199 
v 0.3523172438144684 -0.04146014526486397 0.08661670982837677 
v 0.31439831852912903 -0.03871006891131401 0.08132952451705933 
v 0.3152201175689697 -0.03871006891131401 0.07853042334318161 
v 0.3075893521308899 -0.042147666215896606 0.07790840417146683 
v 0.3084111213684082 -0.04146014526486397 0.07510930299758911 
v 0.30700239539146423 -0.04146014526486397 0.08101851493120193 
v 0.31334176659584045 -0.03481413051486015 0.07728638499975204 
v 0.3320077359676361 -0.03481413051486015 0.07448728382587433 
v 0.34703442454338074 -0.03481413051486015 0.08599469065666199 
v 0.33963847160339355 -0.03481413051486015 0.07759739458560944 
v 0.3449212908744812 -0.03481413051486015 0.0822625607252121 
v 0.3444516956806183 -0.03848089650273323 0.07013312727212906 
v 0.3343556523323059 -0.03848089650273323 0.06577897816896439 
v 0.3237900137901306 -0.03481413051486015 0.07355424761772156 
v 0.3169810473918915 -0.03481413051486015 0.07479829341173172 
v 0.30665019154548645 -0.03916841745376587 0.07355424761772156 
v 0.35454776883125305 -0.03916841745376587 0.08599469065666199 
v 0.32343780994415283 -0.03848089650273323 0.06453493237495422 
v 0.33529481291770935 -0.04879368096590042 0.0620468445122242 
v 0.3233204185962677 -0.04879368096590042 0.060802798718214035 
v 0.31369397044181824 -0.03848089650273323 0.06640099734067917 
v 0.30395010113716125 -0.04879368096590042 0.06826706230640411 
v 0.2994890511035919 -0.04879368096590042 0.07604233920574188 
v 0.3040674924850464 -0.03848089650273323 0.07697537541389465 
v 0.30465444922447205 -0.03916841745376587 0.08132952451705933 
v 0.29960644245147705 -0.04879368096590042 0.08475064486265182 
v 0.3072371780872345 -0.03848089650273323 0.09097086638212204 
v 0.30430227518081665 -0.04879368096590042 0.09345895797014236 
v 0.31287217140197754 -0.04879368096590042 0.10061220824718475 
v 0.31486791372299194 -0.03848089650273323 0.09750209748744965 
v 0.3240247964859009 -0.04879368096590042 0.10527737438678741 
v 0.3122852146625519 -0.04879368096590042 0.06297987699508667 
v 0.3142809271812439 -0.03481413051486015 0.0853726714849472 
v 0.31216779351234436 -0.03481413051486015 0.08132952451705933 
v 0.31956374645233154 -0.03481413051486015 0.08972682058811188 
v 0.327194482088089 -0.03481413051486015 0.09314794093370438 
v 0.3249639868736267 -0.03848089650273323 0.10185625404119492 
v 0.335529625415802 -0.03481413051486015 0.09408097714185715 
v 0.3358817994594574 -0.03848089650273323 0.10310029238462448 
v 0.33599919080734253 -0.04879368096590042 0.10683242976665497 
v 0.3459778428077698 -0.03481413051486015 0.09034884721040726 
v 0.3422211706638336 -0.03481413051486015 0.0925259217619896 
v 0.3456256687641144 -0.03848089650273323 0.10092321783304214 
v 0.3469170331954956 -0.04879368096590042 0.10465534776449203 
v 0.35536953806877136 -0.04879368096590042 0.09936816245317459 
v 0.35255202651023865 -0.03916841745376587 0.09376996755599976 
v 0.3598305881023407 -0.04879368096590042 0.09159288555383682 
v 0.3551347553730011 -0.03848089650273323 0.09034884721040726 
v 0.35959580540657043 -0.04879368096590042 0.08288457989692688 
v 0.3519650399684906 -0.03848089650273323 0.07635334879159927 
v 0.35489994287490845 -0.04879368096590042 0.07417627424001694 
v 0.34633004665374756 -0.04879368096590042 0.06671200692653656 
v 0.3459778428077698 -0.06277323514223099 0.08412862569093704 
v 0.33881670236587524 -0.06277323514223099 0.09314794093370438 
v 0.33963847160339355 -0.06277323514223099 0.07759739458560944 
v 0.3320077359676361 -0.06277323514223099 0.07448728382587433 
v 0.3394036889076233 -0.05910646542906761 0.06795605272054672 
v 0.31850719451904297 -0.05910646542906761 0.065467968583107 
v 0.32038551568984985 -0.06277323514223099 0.07417627424001694 
v 0.32343780994415283 -0.06277323514223099 0.09128187596797943 
v 0.353960782289505 -0.05910646542906761 0.08008547872304916 
v 0.3465648293495178 -0.06277323514223099 0.08941581100225449 
v 0.34069502353668213 -0.05910646542906761 0.10216726362705231 
v 0.3199159502983093 -0.05910646542906761 0.09967917203903198 
v 0.3132243752479553 -0.06277323514223099 0.08350660651922226 
v 0.3127547800540924 -0.06277323514223099 0.07821941375732422 
v 0.3048892617225647 -0.05910646542906761 0.07386526465415955 
v 0.3052414357662201 -0.05910646542906761 0.08754974603652954 
v 0.29960644245147705 -0.04879368096590042 0.08475064486265182 
v 0.30430227518081665 -0.04879368096590042 0.09345895797014236 
v 0.31287217140197754 -0.04879368096590042 0.10061220824718475 
v 0.3240247964859009 -0.04879368096590042 0.10527737438678741 
v 0.33599919080734253 -0.04879368096590042 0.10683242976665497 
v 0.3469170331954956 -0.04879368096590042 0.10465534776449203 
v 0.3543129861354828 -0.05910646542906761 0.09376996755599976 
v 0.35536953806877136 -0.04879368096590042 0.09936816245317459 
v 0.3598305881023407 -0.04879368096590042 0.09159288555383682 
v 0.35959580540657043 -0.04879368096590042 0.08288457989692688 
v 0.35489994287490845 -0.04879368096590042 0.07417627424001694 
v 0.34633004665374756 -0.04879368096590042 0.06671200692653656 
v 0.33529481291770935 -0.04879368096590042 0.0620468445122242 
v 0.3233204185962677 -0.04879368096590042 0.060802798718214035 
v 0.3122852146625519 -0.04879368096590042 0.06297987699508667 
v 0.30395010113716125 -0.04879368096590042 0.06826706230640411 
v 0.2994890511035919 -0.04879368096590042 0.07604233920574188 
v 0.2765968143939972 0.216359481215477 0.5904545187950134 
v 0.28152745962142944 0.216359481215477 0.5895215272903442 
v 0.2915061116218567 0.3364461362361908 0.5590423941612244 
v 0.29643675684928894 0.3364461362361908 0.5577983856201172 
v 0.285636305809021 0.216359481215477 0.5864114165306091 
v 0.3005456030368805 0.3364461362361908 0.5549992918968201 
v 0.2883364260196686 0.216359481215477 0.5820572376251221 
v 0.3032457232475281 0.3364461362361908 0.550645112991333 
v 0.2891581952571869 0.216359481215477 0.5770810842514038 
v 0.3040674924850464 0.3364461362361908 0.5456689596176147 
v 0.2879842221736908 0.216359481215477 0.5721048712730408 
v 0.3028935194015503 0.3364461362361908 0.5406927466392517 
v 0.28504931926727295 0.216359481215477 0.5680617690086365 
v 0.29995861649513245 0.3364461362361908 0.5366496443748474 
v 0.28070569038391113 0.216359481215477 0.5652626156806946 
v 0.29561495780944824 0.3364461362361908 0.5338505506515503 
v 0.29056695103645325 0.3364461362361908 0.5329174995422363 
v 0.2757750451564789 0.216359481215477 0.5646406412124634 
v 0.285636305809021 0.3364461362361908 0.5341615676879883 
v 0.270844429731369 0.216359481215477 0.5655736327171326 
v 0.2864580750465393 0.3364461362361908 0.5581094026565552 
v 0.2715487778186798 0.216359481215477 0.5898324847221375 
v 0.2673225402832031 0.216359481215477 0.5870333909988403 
v 0.2821144461631775 0.3364461362361908 0.555621325969696 
v 0.26427024602890015 0.216359481215477 0.582990288734436 
v 0.27917954325675964 0.3364461362361908 0.551267147064209 
v 0.26309627294540405 0.216359481215477 0.578014075756073 
v 0.27800557017326355 0.3364461362361908 0.5462909936904907 
v 0.2640354335308075 0.216359481215477 0.5730379223823547 
v 0.27882733941078186 0.3364461362361908 0.5413147807121277 
v 0.26661816239356995 0.216359481215477 0.5686837434768677 
v 0.28152745962142944 0.3364461362361908 0.5369606614112854 
v 0.270844429731369 0.216359481215477 0.5655736327171326 
v 0.285636305809021 0.3364461362361908 0.5341615676879883 
v 0.2864580750465393 0.3364461362361908 0.5581094026565552 
v 0.2915061116218567 0.3364461362361908 0.5590423941612244 
v 0.2821144461631775 0.3364461362361908 0.555621325969696 
v 0.3040674924850464 0.3364461362361908 0.5456689596176147 
v 0.27800557017326355 0.3364461362361908 0.5462909936904907 
v 0.29995861649513245 0.3364461362361908 0.5366496443748474 
v 0.29056695103645325 0.3364461362361908 0.5329174995422363 
v 0.29561495780944824 0.3364461362361908 0.5338505506515503 
v 0.29643675684928894 0.3364461362361908 0.5577983856201172 
v 0.3005456030368805 0.3364461362361908 0.5549992918968201 
v 0.3032457232475281 0.3364461362361908 0.550645112991333 
v 0.27917954325675964 0.3364461362361908 0.551267147064209 
v 0.3028935194015503 0.3364461362361908 0.5406927466392517 
v 0.285636305809021 0.3364461362361908 0.5341615676879883 
v 0.28152745962142944 0.3364461362361908 0.5369606614112854 
v 0.27882733941078186 0.3364461362361908 0.5413147807121277 
vn 0.9984372854232788 -0.0452716089785099 -0.03276457265019417 
vn 0.9094934463500977 -0.04527096822857857 -0.41324591636657715 
vn 0.9094934463500977 -0.04527096822857857 -0.41324591636657715 
vn 0.6812580823898315 -0.0452827513217926 -0.7306414246559143 
vn 0.6812580823898315 -0.0452827513217926 -0.7306414246559143 
vn 0.3518691062927246 -0.045213017612695694 -0.9349566102027893 
vn 0.3518691062927246 -0.045213017612695694 -0.9349566102027893 
vn -0.030494457110762596 -0.04262344166636467 -0.9986256957054138 
vn -0.030494457110762596 -0.04262344166636467 -0.9986256957054138 
vn -0.4131529927253723 -0.041523147374391556 -0.9097144603729248 
vn -0.4131529927253723 -0.041523147374391556 -0.9097144603729248 
vn 0.9984372854232788 -0.0452716089785099 -0.03276457265019417 
vn 0.9346339106559753 -0.04526624083518982 0.3527185618877411 
vn 0.9346339106559753 -0.04526624083518982 0.3527185618877411 
vn 0.727746844291687 -0.04518194869160652 0.6843559741973877 
vn 0.727746844291687 -0.04518194869160652 0.6843559741973877 
vn 0.41278618574142456 -0.0450236015021801 0.9097144603729248 
vn 0.41278618574142456 -0.0450236015021801 0.9097144603729248 
vn 0.029306560754776 -0.04344876483082771 0.9986256957054138 
vn 0.029306560754776 -0.04344876483082771 0.9986256957054138 
vn -0.35188859701156616 -0.04506109654903412 0.9349566102027893 
vn -0.35188859701156616 -0.04506109654903412 0.9349566102027893 
vn -0.6815025210380554 -0.041441190987825394 0.7306414246559143 
vn -0.6815025210380554 -0.041441190987825394 0.7306414246559143 
vn -0.9094934463500977 -0.04527096822857857 0.41324591636657715 
vn -0.9094934463500977 -0.04527096822857857 0.41324591636657715 
vn -0.9984372854232788 -0.0452716089785099 0.03276457265019417 
vn -0.9984372854232788 -0.0452716089785099 0.03276457265019417 
vn -0.9346311092376709 -0.045324377715587616 -0.3527185618877411 
vn -0.9346311092376709 -0.045324377715587616 -0.3527185618877411 
vn -0.7277376055717468 -0.045330870896577835 -0.6843559741973877 
vn -0.7277376055717468 -0.045330870896577835 -0.6843559741973877 
vn -0.4131529927253723 -0.041523147374391556 -0.9097144603729248 
vn -0.4131529927253723 -0.041523147374391556 -0.9097144603729248 
vn 0.5864492654800415 -0.8097472786903381 -0.01966099627315998 
vn 0.5520468950271606 -0.8079503774642944 0.2060592919588089 
vn 0.5520468950271606 -0.8079503774642944 0.2060592919588089 
vn 0.4327147603034973 -0.8073022961616516 0.401274174451828 
vn 0.4327147603034973 -0.8073022961616516 0.401274174451828 
vn 0.24357415735721588 -0.8082357048988342 0.5361219048500061 
vn 0.24357415735721588 -0.8082357048988342 0.5361219048500061 
vn 0.02263937145471573 -0.8068978786468506 0.590256929397583 
vn 0.02263937145471573 -0.8068978786468506 0.590256929397583 
vn -0.2108541578054428 -0.8075690865516663 0.5507928133010864 
vn -0.2108541578054428 -0.8075690865516663 0.5507928133010864 
vn -0.40062862634658813 -0.8095505833625793 0.42909738421440125 
vn -0.40062862634658813 -0.8095505833625793 0.42909738421440125 
vn -0.5361735224723816 -0.8079609870910645 0.24437066912651062 
vn -0.5361735224723816 -0.8079609870910645 0.24437066912651062 
vn -0.5864492654800415 -0.8097472786903381 0.01966099627315998 
vn -0.5864492654800415 -0.8097472786903381 0.01966099627315998 
vn -0.5510823130607605 -0.8086085915565491 -0.2060592919588089 
vn -0.5510823130607605 -0.8086085915565491 -0.2060592919588089 
vn -0.43157142400741577 -0.8079140782356262 -0.401274174451828 
vn -0.43157142400741577 -0.8079140782356262 -0.401274174451828 
vn -0.24210225045681 -0.8086777925491333 -0.5361219048500061 
vn -0.24210225045681 -0.8086777925491333 -0.5361219048500061 
vn 0.5864492654800415 -0.8097472786903381 -0.01966099627315998 
vn -0.20034630596637726 0.8729252219200134 -0.44481781125068665 
vn -0.01889169216156006 0.8730112314224243 -0.48733407258987427 
vn -0.20034630596637726 0.8729252219200134 -0.44481781125068665 
vn -0.01889169216156006 0.8730112314224243 -0.48733407258987427 
vn 0.17264825105667114 0.872801661491394 -0.456519216299057 
vn 0.17264825105667114 0.872801661491394 -0.456519216299057 
vn 0.33425095677375793 0.8723344206809998 -0.3568037748336792 
vn 0.33425095677375793 0.8723344206809998 -0.3568037748336792 
vn 0.4421273469924927 0.8739608526229858 -0.2017817199230194 
vn 0.4421273469924927 0.8739608526229858 -0.2017817199230194 
vn 0.48460614681243896 0.8745988011360168 -0.0152922747656703 
vn 0.48460614681243896 0.8745988011360168 -0.0152922747656703 
vn 0.45730459690093994 0.8725705742835999 0.17173540592193604 
vn 0.45730459690093994 0.8725705742835999 0.17173540592193604 
vn 0.3552767038345337 0.8737425804138184 0.33219319581985474 
vn 0.3552767038345337 0.8737425804138184 0.33219319581985474 
vn 0.19824369251728058 0.8734051585197449 0.44481781125068665 
vn 0.19824369251728058 0.8734051585197449 0.44481781125068665 
vn 0.013206521049141884 0.8731157183647156 0.48733407258987427 
vn 0.013206521049141884 0.8731157183647156 0.48733407258987427 
vn -0.17056754231452942 0.8732106685638428 0.456519216299057 
vn -0.17056754231452942 0.8732106685638428 0.456519216299057 
vn -0.3356015086174011 0.8718157410621643 0.3568037748336792 
vn -0.3356015086174011 0.8718157410621643 0.3568037748336792 
vn -0.4454929232597351 0.8722500801086426 0.2017817199230194 
vn -0.4454929232597351 0.8722500801086426 0.2017817199230194 
vn -0.48460614681243896 0.8745988011360168 0.0152922747656703 
vn -0.48460614681243896 0.8745988011360168 0.0152922747656703 
vn -0.45730459690093994 0.8725705742835999 -0.17173540592193604 
vn -0.45730459690093994 0.8725705742835999 -0.17173540592193604 
vn -0.35877060890197754 0.8723137974739075 -0.33219319581985474 
vn -0.35877060890197754 0.8723137974739075 -0.33219319581985474 
vn -0.20034630596637726 0.8729252219200134 -0.44481781125068665 
vn -0.20034630596637726 0.8729252219200134 -0.44481781125068665 
vn -0.2262759804725647 -0.9429115056991577 0.24437066912651062 
vn -0.3025050759315491 -0.9432212710380554 0.1372016966342926 
vn -0.3025050759315491 -0.9432212710380554 0.1372016966342926 
vn -0.33331233263015747 -0.9427531957626343 0.010923261754214764 
vn -0.33331233263015747 -0.9427531957626343 0.010923261754214764 
vn -0.31340017914772034 -0.9425672888755798 -0.11553031951189041 
vn -0.31340017914772034 -0.9425672888755798 -0.11553031951189041 
vn -0.24290692806243896 -0.943022608757019 -0.22738653421401978 
vn -0.24290692806243896 -0.943022608757019 -0.22738653421401978 
vn -0.1335773915052414 -0.9435204267501831 -0.30319350957870483 
vn -0.1335773915052414 -0.9435204267501831 -0.30319350957870483 
vn -0.2262759804725647 -0.9429115056991577 0.24437066912651062 
vn -0.11482734233140945 -0.9432797431945801 0.31150925159454346 
vn -0.11482734233140945 -0.9432797431945801 0.31150925159454346 
vn 0.009436740539968014 -0.9431641697883606 0.33219319581985474 
vn 0.009436740539968014 -0.9431641697883606 0.33219319581985474 
vn 0.13731424510478973 -0.9429838061332703 0.30319350957870483 
vn 0.13731424510478973 -0.9429838061332703 0.30319350957870483 
vn 0.2444399744272232 -0.9426263570785522 0.22738653421401978 
vn 0.2444399744272232 -0.9426263570785522 0.22738653421401978 
vn 0.3098173141479492 -0.9437510371208191 0.11553031951189041 
vn 0.3098173141479492 -0.9437510371208191 0.11553031951189041 
vn 0.33331233263015747 -0.9427531957626343 -0.010923261754214764 
vn 0.33331233263015747 -0.9427531957626343 -0.010923261754214764 
vn 0.30465760827064514 -0.9425281882286072 -0.1372016966342926 
vn 0.30465760827064514 -0.9425281882286072 -0.1372016966342926 
vn 0.22994494438171387 -0.942023515701294 -0.24437066912651062 
vn 0.22994494438171387 -0.942023515701294 -0.24437066912651062 
vn 0.11857282370328903 -0.9428162574768066 -0.31150925159454346 
vn 0.11857282370328903 -0.9428162574768066 -0.31150925159454346 
vn -0.013211225159466267 -0.9431188702583313 -0.33219319581985474 
vn -0.013211225159466267 -0.9431188702583313 -0.33219319581985474 
vn -0.1335773915052414 -0.9435204267501831 -0.30319350957870483 
vn -0.1335773915052414 -0.9435204267501831 -0.30319350957870483 
vn -0.24210225045681 -0.8086777925491333 -0.5361219048500061 
vn -0.017005804926156998 -0.807036280632019 -0.590256929397583 
vn -0.24210225045681 -0.8086777925491333 -0.5361219048500061 
vn -0.017005804926156998 -0.807036280632019 -0.590256929397583 
vn 0.20566348731517792 -0.8089065551757812 -0.5507928133010864 
vn 0.20566348731517792 -0.8089065551757812 -0.5507928133010864 
vn 0.4061942398548126 -0.8067723512649536 -0.42909738421440125 
vn 0.4061942398548126 -0.8067723512649536 -0.42909738421440125 
vn 0.5393147468566895 -0.805867612361908 -0.24437066912651062 
vn 0.5393147468566895 -0.805867612361908 -0.24437066912651062 
vn 3.097898456858039e-13 -0.999997615814209 0.002184694167226553 
vn 3.097898456858039e-13 -0.999997615814209 0.002184694167226553 
vn 3.097898456858039e-13 -0.999997615814209 0.002184694167226553 
vn 3.097898456858039e-13 -0.999997615814209 0.002184694167226553 
vn 3.097898456858039e-13 -0.999997615814209 0.002184694167226553 
vn 3.097898456858039e-13 -0.999997615814209 0.002184694167226553 
vn 3.097898456858039e-13 -0.999997615814209 0.002184694167226553 
vn 3.097898456858039e-13 -0.999997615814209 0.002184694167226553 
vn 3.097898456858039e-13 -0.999997615814209 0.002184694167226553 
vn 3.097898456858039e-13 -0.999997615814209 0.002184694167226553 
vn 3.097898456858039e-13 -0.999997615814209 0.002184694167226553 
vn 3.097898456858039e-13 -0.999997615814209 0.002184694167226553 
vn 3.097898456858039e-13 -0.999997615814209 0.002184694167226553 
vn 3.097898456858039e-13 -0.999997615814209 0.002184694167226553 
vn 3.097898456858039e-13 -0.999997615814209 0.002184694167226553 
vn 3.097898456858039e-13 -0.999997615814209 0.002184694167226553 
vn -0.41439107060432434 -0.02645013853907585 -0.9097144603729248 
vn -0.41439107060432434 -0.02645013853907585 -0.9097144603729248 
vn -0.033460833132267 -0.02807697281241417 -0.9990455508232117 
vn -0.033460833132267 -0.02807697281241417 -0.9990455508232117 
vn 0.35347530245780945 -0.030187660828232765 -0.9349566102027893 
vn 0.35347530245780945 -0.030187660828232765 -0.9349566102027893 
vn 0.68209308385849 -0.030200820416212082 -0.7306414246559143 
vn 0.68209308385849 -0.030200820416212082 -0.7306414246559143 
vn 0.9101189374923706 -0.030187560245394707 -0.41324591636657715 
vn 0.9101189374923706 -0.030187560245394707 -0.41324591636657715 
vn 0.9990071058273315 -0.030186811462044716 -0.03276457265019417 
vn 0.9990071058273315 -0.030186811462044716 -0.03276457265019417 
vn 0.9352424740791321 -0.03018403984606266 0.3527185618877411 
vn 0.9352424740791321 -0.03018403984606266 0.3527185618877411 
vn 0.7285252213478088 -0.030132025480270386 0.6843559741973877 
vn 0.7285252213478088 -0.030132025480270386 0.6843559741973877 
vn 0.41414567828178406 -0.03004857525229454 0.9097144603729248 
vn 0.41414567828178406 -0.03004857525229454 0.9097144603729248 
vn 0.03446967154741287 -0.026828821748495102 0.9990455508232117 
vn 0.03446967154741287 -0.026828821748495102 0.9990455508232117 
vn -0.35348397493362427 -0.03008592128753662 0.9349566102027893 
vn -0.35348397493362427 -0.03008592128753662 0.9349566102027893 
vn -0.682251513004303 -0.026381315663456917 0.7306414246559143 
vn -0.682251513004303 -0.026381315663456917 0.7306414246559143 
vn -0.9101189374923706 -0.030187560245394707 0.41324591636657715 
vn -0.9101189374923706 -0.030187560245394707 0.41324591636657715 
vn -0.9990071058273315 -0.030186811462044716 0.03276457265019417 
vn -0.9990071058273315 -0.030186811462044716 0.03276457265019417 
vn -0.9352412223815918 -0.030222821980714798 -0.3527185618877411 
vn -0.9352412223815918 -0.030222821980714798 -0.3527185618877411 
vn -0.7285211086273193 -0.0302314143627882 -0.6843559741973877 
vn -0.7285211086273193 -0.0302314143627882 -0.6843559741973877 
vn -0.41439107060432434 -0.02645013853907585 -0.9097144603729248 
vn -0.41439107060432434 -0.02645013853907585 -0.9097144603729248 
vn -0.4131529927253723 -0.041523147374391556 -0.9097144603729248 
vn -0.4131529927253723 -0.041523147374391556 -0.9097144603729248 
vn -0.033972807228565216 -0.033972807228565216 -0.9988451600074768 
vn -0.033972807228565216 -0.033972807228565216 -0.9988451600074768 
vn 0.3527522087097168 -0.037708889693021774 -0.9349566102027893 
vn 0.3527522087097168 -0.037708889693021774 -0.9349566102027893 
vn 0.6817172765731812 -0.03774409741163254 -0.7306414246559143 
vn 0.6817172765731812 -0.03774409741163254 -0.7306414246559143 
vn 0.9098374843597412 -0.03773055970668793 -0.41324591636657715 
vn 0.9098374843597412 -0.03773055970668793 -0.41324591636657715 
vn 0.9987506866455078 -0.03773028776049614 -0.03276457265019417 
vn 0.9987506866455078 -0.03773028776049614 -0.03276457265019417 
vn 0.9349686503410339 -0.03772636875510216 0.3527185618877411 
vn 0.9349686503410339 -0.03772636875510216 0.3527185618877411 
vn 0.7281749248504639 -0.037658996880054474 0.6843559741973877 
vn 0.7281749248504639 -0.037658996880054474 0.6843559741973877 
vn 0.4135337173938751 -0.03754224255681038 0.9097144603729248 
vn 0.4135337173938751 -0.03754224255681038 0.9097144603729248 
vn 0.029125982895493507 -0.038209691643714905 0.9988451600074768 
vn 0.029125982895493507 -0.038209691643714905 0.9988451600074768 
vn -0.3527657687664032 -0.037581976503133774 0.9349566102027893 
vn -0.3527657687664032 -0.037581976503133774 0.9349566102027893 
vn -0.6815025210380554 -0.041441190987825394 0.7306414246559143 
vn -0.6815025210380554 -0.041441190987825394 0.7306414246559143 
vn -0.9098374843597412 -0.03773055970668793 0.41324591636657715 
vn -0.9098374843597412 -0.03773055970668793 0.41324591636657715 
vn -0.9987506866455078 -0.03773028776049614 0.03276457265019417 
vn -0.9987506866455078 -0.03773028776049614 0.03276457265019417 
vn -0.9349666833877563 -0.03777483105659485 -0.3527185618877411 
vn -0.9349666833877563 -0.03777483105659485 -0.3527185618877411 
vn -0.7281684875488281 -0.037783171981573105 -0.6843559741973877 
vn -0.7281684875488281 -0.037783171981573105 -0.6843559741973877 
vn -0.4131529927253723 -0.041523147374391556 -0.9097144603729248 
vn -0.4131529927253723 -0.041523147374391556 -0.9097144603729248 
vn -0.41182607412338257 -0.09731706231832504 -0.9060511589050293 
vn -0.03162603825330734 -0.09978123754262924 -0.9945066571235657 
vn -0.41182607412338257 -0.09731706231832504 -0.9060511589050293 
vn -0.03162603825330734 -0.09978123754262924 -0.9945066571235657 
vn 0.3497251570224762 -0.09696560353040695 -0.931820809841156 
vn 0.3497251570224762 -0.09696560353040695 -0.931820809841156 
vn 0.678916335105896 -0.09796066582202911 -0.7276512384414673 
vn 0.678916335105896 -0.09796066582202911 -0.7276512384414673 
vn 0.907137930393219 -0.09800221771001816 -0.40926313400268555 
vn 0.907137930393219 -0.09800221771001816 -0.40926313400268555 
vn 0.9946504235267639 -0.09796451777219772 -0.03276457265019417 
vn 0.9946504235267639 -0.09796451777219772 -0.03276457265019417 
vn 0.9321272373199463 -0.09797052294015884 0.34862664341926575 
vn 0.9321272373199463 -0.09797052294015884 0.34862664341926575 
vn 0.7255774736404419 -0.09774257242679596 0.681163489818573 
vn 0.7255774736404419 -0.09774257242679596 0.681163489818573 
vn 0.4118899405002594 -0.09704631567001343 0.9060511589050293 
vn 0.4118899405002594 -0.09704631567001343 0.9060511589050293 
vn 0.036579571664333344 -0.09807363152503967 0.9945066571235657 
vn 0.036579571664333344 -0.09807363152503967 0.9945066571235657 
vn -0.3487906754016876 -0.10027507692575455 0.931820809841156 
vn -0.3487906754016876 -0.10027507692575455 0.931820809841156 
vn -0.6789653301239014 -0.09762047976255417 0.7276512384414673 
vn -0.6789653301239014 -0.09762047976255417 0.7276512384414673 
vn -0.9071518182754517 -0.09787376970052719 0.40926313400268555 
vn -0.9071518182754517 -0.09787376970052719 0.40926313400268555 
vn -0.9946504235267639 -0.09796451777219772 0.03276457265019417 
vn -0.9946504235267639 -0.09796451777219772 0.03276457265019417 
vn -0.9321272373199463 -0.09797052294015884 -0.34862664341926575 
vn -0.9321272373199463 -0.09797052294015884 -0.34862664341926575 
vn -0.7250412702560425 -0.1016436442732811 -0.681163489818573 
vn -0.7250412702560425 -0.1016436442732811 -0.681163489818573 
vn -0.41182607412338257 -0.09731706231832504 -0.9060511589050293 
vn -0.41182607412338257 -0.09731706231832504 -0.9060511589050293 
vn -0.3734630048274994 0.43624985218048096 -0.8186644315719604 
vn -0.3734630048274994 0.43624985218048096 -0.8186644315719604 
vn -0.028315231204032898 0.4380240738391876 -0.8985171914100647 
vn -0.028315231204032898 0.4380240738391876 -0.8985171914100647 
vn 0.3153027892112732 0.4404102563858032 -0.8406086564064026 
vn 0.3153027892112732 0.4404102563858032 -0.8406086564064026 
vn 0.6147384643554688 0.43915924429893494 -0.6551609039306641 
vn 0.6147384643554688 0.43915924429893494 -0.6551609039306641 
vn 0.8193570971488953 0.43527981638908386 -0.37307560443878174 
vn 0.8193570971488953 0.43527981638908386 -0.37307560443878174 
vn 0.8987255096435547 0.43759116530418396 -0.028397228568792343 
vn 0.8987255096435547 0.43759116530418396 -0.028397228568792343 
vn 0.8428673148155212 0.435814768075943 0.31565824151039124 
vn 0.8428673148155212 0.435814768075943 0.31565824151039124 
vn 0.6541451215744019 0.4407714903354645 0.6146662831306458 
vn 0.6541451215744019 0.4407714903354645 0.6146662831306458 
vn 0.3721717298030853 0.4373519718647003 0.8186644315719604 
vn 0.3721717298030853 0.4373519718647003 0.8186644315719604 
vn 0.02635778859257698 0.4381462335586548 0.8985171914100647 
vn 0.02635778859257698 0.4381462335586548 0.8985171914100647 
vn -0.3171502351760864 0.43908175826072693 0.8406086564064026 
vn -0.3171502351760864 0.43908175826072693 0.8406086564064026 
vn -0.6129732131958008 0.4416198134422302 0.6551609039306641 
vn -0.6129732131958008 0.4416198134422302 0.6551609039306641 
vn -0.8178582191467285 0.43808960914611816 0.37307560443878174 
vn -0.8178582191467285 0.43808960914611816 0.37307560443878174 
vn -0.8987255096435547 0.43759116530418396 0.028397228568792343 
vn -0.8987255096435547 0.43759116530418396 0.028397228568792343 
vn -0.840859591960907 0.43967604637145996 -0.31565824151039124 
vn -0.840859591960907 0.43967604637145996 -0.31565824151039124 
vn -0.6537464261054993 0.44136255979537964 -0.6146662831306458 
vn -0.6537464261054993 0.44136255979537964 -0.6146662831306458 
vn -0.3734630048274994 0.43624985218048096 -0.8186644315719604 
vn -0.3734630048274994 0.43624985218048096 -0.8186644315719604 
vn 0.04528717324137688 0.9987804889678955 -0.01966099627315998 
vn 0.03018219955265522 0.9988545179367065 -0.03713129088282585 
vn 0.04528717324137688 0.9987804889678955 -0.01966099627315998 
vn 0.03018219955265522 0.9988545179367065 -0.03713129088282585 
vn 0.04529581964015961 0.9989712238311768 -0.002184694167226553 
vn 0.04529581964015961 0.9989712238311768 -0.002184694167226553 
vn 0.04529063403606415 0.998856782913208 0.0152922747656703 
vn 0.04529063403606415 0.998856782913208 0.0152922747656703 
vn 0.03773028776049614 0.9987506866455078 0.03276457265019417 
vn 0.03773028776049614 0.9987506866455078 0.03276457265019417 
vn 0.020769355818629265 0.9987318515777588 0.04586252197623253 
vn 0.020769355818629265 0.9987318515777588 0.04586252197623253 
vn -0.001887861406430602 0.9987360239028931 0.05022686347365379 
vn -0.001887861406430602 0.9987360239028931 0.05022686347365379 
vn -0.016993513330817223 0.9988031983375549 0.04586252197623253 
vn -0.016993513330817223 0.9988031983375549 0.04586252197623253 
vn -0.03018219955265522 0.9988545179367065 0.03713129088282585 
vn -0.03018219955265522 0.9988545179367065 0.03713129088282585 
vn -0.04528717324137688 0.9987804889678955 0.01966099627315998 
vn -0.04528717324137688 0.9987804889678955 0.01966099627315998 
vn -0.04529581964015961 0.9989712238311768 0.002184694167226553 
vn -0.04529581964015961 0.9989712238311768 0.002184694167226553 
vn -0.04529063403606415 0.998856782913208 -0.0152922747656703 
vn -0.04529063403606415 0.998856782913208 -0.0152922747656703 
vn -0.03773028776049614 0.9987506866455078 -0.03276457265019417 
vn -0.03773028776049614 0.9987506866455078 -0.03276457265019417 
vn -0.016993513330817223 0.9988031983375549 -0.04586252197623253 
vn -0.016993513330817223 0.9988031983375549 -0.04586252197623253 
vn -0.016993513330817223 0.9988031983375549 -0.04586252197623253 
vn -0.016993513330817223 0.9988031983375549 -0.04586252197623253 
vn -0.001887861406430602 0.9987360239028931 -0.05022686347365379 
vn -0.001887861406430602 0.9987360239028931 -0.05022686347365379 
vn 0.020769355818629265 0.9987318515777588 -0.04586252197623253 
vn 0.020769355818629265 0.9987318515777588 -0.04586252197623253 
vn -1.0341130485562108e-13 0.999997615814209 0.002184694167226553 
vn -1.0341130485562108e-13 0.999997615814209 0.002184694167226553 
vn -1.0341130485562108e-13 0.999997615814209 0.002184694167226553 
vn -1.0341130485562108e-13 0.999997615814209 0.002184694167226553 
vn -1.0341130485562108e-13 0.999997615814209 0.002184694167226553 
vn -1.0341130485562108e-13 0.999997615814209 0.002184694167226553 
vn -1.0341130485562108e-13 0.999997615814209 0.002184694167226553 
vn -1.0341130485562108e-13 0.999997615814209 0.002184694167226553 
vn -1.0341130485562108e-13 0.999997615814209 0.002184694167226553 
vn -1.0341130485562108e-13 0.999997615814209 0.002184694167226553 
vn -1.0341130485562108e-13 0.999997615814209 0.002184694167226553 
vn -1.0341130485562108e-13 0.999997615814209 0.002184694167226553 
vn -1.0341130485562108e-13 0.999997615814209 0.002184694167226553 
vn -1.0341130485562108e-13 0.999997615814209 0.002184694167226553 
vn -1.0341130485562108e-13 0.999997615814209 0.002184694167226553 
vn -1.0341130485562108e-13 0.999997615814209 0.002184694167226553 
vn 0.5068364143371582 0.6147922277450562 -0.6042742133140564 
vn 0.6867890357971191 0.7041300535202026 0.18033768236637115 
vn 0.7028115391731262 0.6881382465362549 0.18033768236637115 
vn 0.14933981001377106 0.6155871152877808 0.7737894654273987 
vn 0.45798590779304504 0.567367434501648 -0.6843559741973877 
vn 0.11725439131259918 0.10387832671403885 -0.9876541495323181 
vn 0.16889311373233795 0.1142754852771759 -0.9789873361587524 
vn 0.3811330795288086 0.10473720729351044 -0.9185682535171509 
vn 0.3281853199005127 0.11140390485525131 -0.9380210638046265 
vn -0.06416543573141098 0.5670709609985352 -0.8211658596992493 
vn -0.15145178139209747 0.6150708794593811 -0.7737894654273987 
vn -0.6861019134521484 0.7047995924949646 -0.18033768236637115 
vn -0.7021593451499939 0.6888036727905273 -0.18033768236637115 
vn -0.5076519846916199 0.6141189932823181 0.6042742133140564 
vn -0.45964810252189636 0.5660216808319092 0.6843559741973877 
vn -0.1183883547782898 0.10258409380912781 0.9876541495323181 
vn -0.17173314094543457 0.10996133834123611 0.9789873361587524 
vn -0.3813028335571289 0.10411759465932846 0.9185682535171509 
vn -0.3284359276294708 0.11066294461488724 0.9380210638046265 
vn 0.06763840466737747 0.5666671991348267 0.8211658596992493 
vn 0.41709980368614197 0.8984450101852417 -0.1372016966342926 
vn 0.22453342378139496 0.9740525484085083 0.028397228568792343 
vn 0.368592768907547 0.9243946075439453 0.0981530249118805 
vn 0.20600254833698273 0.9752143621444702 0.08074574917554855 
vn 0.2966555655002594 0.8983649611473083 0.3239381015300751 
vn -0.20809482038021088 0.9747700691223145 -0.08074574917554855 
vn -0.22453342378139496 0.9740525484085083 -0.028397228568792343 
vn -0.368592768907547 0.9243946075439453 -0.0981530249118805 
vn -0.414914608001709 0.899456262588501 0.1372016966342926 
vn -0.2988118529319763 0.8976500630378723 -0.3239381015300751 
vn -0.22430139780044556 0.9100265502929688 -0.34862664341926575 
vn 0.05094524100422859 0.9781046509742737 -0.2017817199230194 
vn 0.3611542582511902 0.9113513231277466 -0.1975002884864807 
vn 0.10932435840368271 0.9775103330612183 -0.18033768236637115 
vn 0.20605561137199402 0.9706255197525024 -0.1242060661315918 
vn 0.38431137800216675 0.6731980443000793 -0.6317508816719055 
vn 0.18839001655578613 0.6726771593093872 -0.715552031993866 
vn -0.005666600540280342 0.9776133894920349 -0.2103329300880432 
vn -0.1187056377530098 0.9703963398933411 -0.2103329300880432 
vn -0.6181498765945435 0.5981079339981079 -0.5100564956665039 
vn 0.7891810536384583 0.5976310968399048 -0.1415284425020218 
vn -0.030199667438864708 0.6724478006362915 -0.7395281791687012 
vn 0.23502041399478912 -0.037605926394462585 -0.9712626934051514 
vn -0.021840007975697517 -0.037828002125024796 -0.9990455508232117 
vn -0.33390823006629944 0.6840388178825378 -0.6485338807106018 
vn -0.7198674082756042 0.01888187602162361 -0.6938546895980835 
vn -0.9726184010505676 0.018887236714363098 -0.23163928091526031 
vn -0.880157470703125 0.4166751801967621 -0.22738653421401978 
vn -0.7891810536384583 0.5976310968399048 0.1415284425020218 
vn -0.9766358137130737 0.011322248727083206 0.21460255980491638 
vn -0.6085858941078186 0.6845452785491943 0.401274174451828 
vn -0.7632597088813782 -0.033900853246450424 0.6452018022537231 
vn -0.5363722443580627 -0.041363876312971115 0.8429672718048096 
vn -0.3854072391986847 0.6725713014602661 0.6317508816719055 
vn -0.23443034291267395 -0.04112442582845688 0.9712626934051514 
vn -0.38903531432151794 -0.04152305796742439 -0.9202865362167358 
vn -0.20605561137199402 0.9706255197525024 0.1242060661315918 
vn -0.3611542582511902 0.9113513231277466 0.1975002884864807 
vn -0.10731638222932816 0.9777328372001648 0.18033768236637115 
vn -0.05471516773104668 0.977901041507721 0.2017817199230194 
vn -0.18262097239494324 0.6742662191390991 0.715552031993866 
vn 0.011319088749587536 0.97756427526474 0.2103329300880432 
vn 0.03202860802412033 0.6723632216453552 0.7395281791687012 
vn 0.023890703916549683 -0.03656744584441185 0.9990455508232117 
vn 0.22430139780044556 0.9100265502929688 0.34862664341926575 
vn 0.11668767780065536 0.9706410765647888 0.2103329300880432 
vn 0.33849501609802246 0.6817806959152222 0.6485338807106018 
vn 0.38864779472351074 -0.0450059249997139 0.9202865362167358 
vn 0.7199571132659912 0.015080951154232025 0.6938546895980835 
vn 0.61616450548172 0.6001530289649963 0.5100564956665039 
vn 0.9725383520126343 0.022636082023382187 0.23163928091526031 
vn 0.8803845047950745 0.41619524359703064 0.22738653421401978 
vn 0.9766722917556763 0.007548259571194649 -0.21460255980491638 
vn 0.6106470823287964 0.6827071905136108 -0.401274174451828 
vn 0.7630773782730103 -0.037783246487379074 -0.6452018022537231 
vn 0.5366367101669312 -0.03777797147631645 -0.8429672718048096 
vn 0.20986148715019226 -0.9727919101715088 -0.0981530249118805 
vn 0.04336656630039215 -0.9728384613990784 0.22738653421401978 
vn 0.1355530023574829 -0.9717475771903992 -0.19321508705615997 
vn 0.047202516347169876 -0.9716559052467346 -0.23163928091526031 
vn 0.28705498576164246 -0.6831368207931519 -0.6715083718299866 
vn -0.1536705046892166 -0.6878287196159363 -0.7094202041625977 
vn -0.052826281636953354 -0.9743234515190125 -0.21886809170246124 
vn -0.08666769415140152 -0.973780632019043 0.2103329300880432 
vn 0.6510170698165894 -0.6884068250656128 -0.3198012113571167 
vn 0.2209164798259735 -0.9678983688354492 0.11986933648586273 
vn 0.1533152312040329 -0.6910765171051025 0.7063339352607727 
vn -0.28318628668785095 -0.6910648941993713 0.6650074124336243 
vn -0.211560919880867 -0.9705126285552979 0.11553031951189041 
vn -0.2209164798259735 -0.9678983688354492 -0.11986933648586273 
vn -0.6327407956123352 -0.6914467215538025 -0.34862664341926575 
vn -0.64898282289505 -0.6903249025344849 0.3198012113571167 
vn -0.9766358137130737 0.011322248727083206 0.21460255980491638 
vn -0.7632597088813782 -0.033900853246450424 0.6452018022537231 
vn -0.5363722443580627 -0.041363876312971115 0.8429672718048096 
vn -0.23443034291267395 -0.04112442582845688 0.9712626934051514 
vn 0.023890703916549683 -0.03656744584441185 0.9990455508232117 
vn 0.38864779472351074 -0.0450059249997139 0.9202865362167358 
vn 0.6327407956123352 -0.6914467215538025 0.34862664341926575 
vn 0.7199571132659912 0.015080951154232025 0.6938546895980835 
vn 0.9725383520126343 0.022636082023382187 0.23163928091526031 
vn 0.9766722917556763 0.007548259571194649 -0.21460255980491638 
vn 0.7630773782730103 -0.037783246487379074 -0.6452018022537231 
vn 0.5366367101669312 -0.03777797147631645 -0.8429672718048096 
vn 0.23502041399478912 -0.037605926394462585 -0.9712626934051514 
vn -0.021840007975697517 -0.037828002125024796 -0.9990455508232117 
vn -0.38903531432151794 -0.04152305796742439 -0.9202865362167358 
vn -0.7198674082756042 0.01888187602162361 -0.6938546895980835 
vn -0.9726184010505676 0.018887236714363098 -0.23163928091526031 
vn 0.01873638480901718 0.25001969933509827 0.9680594801902771 
vn 0.38317883014678955 0.18870095908641815 0.9041935205459595 
vn 0.04845327138900757 0.24599426984786987 0.9680594801902771 
vn 0.4316174387931824 0.17623470723628998 0.8846737742424011 
vn 0.7042016386985779 0.09778376668691635 0.7032341957092285 
vn 0.7509331703186035 0.08284685015678406 0.6551609039306641 
vn 0.9227074980735779 -0.015099113807082176 0.3852050006389618 
vn 0.9470040202140808 -0.03017599508166313 0.3198012113571167 
vn 0.9927064776420593 -0.12053639441728592 -0.002184694167226553 
vn 0.9887651801109314 -0.13540589809417725 -0.0633138045668602 
vn 0.9004169702529907 -0.20966500043869019 -0.3811691105365753 
vn 0.8806878924369812 -0.21677108108997345 -0.42118772864341736 
vn 0.6660507917404175 -0.26565948128700256 -0.6969945430755615 
vn 0.652929961681366 -0.26534032821655273 -0.7094202041625977 
vn 0.3343116044998169 -0.2783304750919342 -0.9004265069961548 
vn 0.33892911672592163 -0.2789155840873718 -0.8985171914100647 
vn -0.015138142742216587 -0.2502633333206177 -0.9680594801902771 
vn -0.04519367963075638 -0.24661391973495483 -0.9680594801902771 
vn -0.3809974789619446 -0.19306735694408417 -0.9041935205459595 
vn -0.42981165647506714 -0.1805940717458725 -0.8846737742424011 
vn -0.3372340500354767 0.2747822701931 0.9004265069961548 
vn -0.33945325016975403 0.2782774567604065 0.8985171914100647 
vn -0.651677131652832 0.26840248703956604 0.7094202041625977 
vn -0.6663874387741089 0.2648138701915741 0.6969945430755615 
vn -0.879778265953064 0.2204337865114212 0.42118772864341736 
vn -0.9004791975021362 0.20939746499061584 0.3811691105365753 
vn -0.9882462024688721 0.1391429454088211 0.0633138045668602 
vn -0.9927064776420593 0.12053639441728592 0.002184694167226553 
vn -0.9470027685165405 0.030214276164770126 -0.3198012113571167 
vn -0.9227074980735779 0.015099113807082176 -0.3852050006389618 
vn -0.7517112493515015 -0.07546121627092361 -0.6551609039306641 
vn -0.7046895027160645 -0.09420358389616013 -0.7032341957092285 
vn -0.42981165647506714 -0.1805940717458725 -0.8846737742424011 
vn -0.3809974789619446 -0.19306735694408417 -0.9041935205459595 
vn -1.0341130485562108e-13 0.999997615814209 0.002184694167226553 
vn -1.0341130485562108e-13 0.999997615814209 0.002184694167226553 
vn -1.0341130485562108e-13 0.999997615814209 0.002184694167226553 
vn -1.0341130485562108e-13 0.999997615814209 0.002184694167226553 
vn -1.0341130485562108e-13 0.999997615814209 0.002184694167226553 
vn -1.0341130485562108e-13 0.999997615814209 0.002184694167226553 
vn -1.0341130485562108e-13 0.999997615814209 0.002184694167226553 
vn -1.0341130485562108e-13 0.999997615814209 0.002184694167226553 
vn -1.0341130485562108e-13 0.999997615814209 0.002184694167226553 
vn -1.0341130485562108e-13 0.999997615814209 0.002184694167226553 
vn -1.0341130485562108e-13 0.999997615814209 0.002184694167226553 
vn -1.0341130485562108e-13 0.999997615814209 0.002184694167226553 
vn -1.0341130485562108e-13 0.999997615814209 0.002184694167226553 
vn -1.0341130485562108e-13 0.999997615814209 0.002184694167226553 
vn -1.0341130485562108e-13 0.999997615814209 0.002184694167226553 
vn -1.0341130485562108e-13 0.999997615814209 0.002184694167226553 
vt 0.284780889749527 0.5758232474327087 
vt 0.229327991604805 0.5758232474327087 
vt 0.229327991604805 0.8487688899040222 
vt 0.1739887148141861 0.5758232474327087 
vt 0.1739887148141861 0.8487688899040222 
vt 0.11853581666946411 0.5758232474327087 
vt 0.11853581666946411 0.8487688899040222 
vt 0.06319654732942581 0.5758232474327087 
vt 0.06319654732942581 0.8487688899040222 
vt 0.007857273332774639 0.5758232474327087 
vt 0.007857273332774639 0.8487688899040222 
vt 0.284780889749527 0.8487688899040222 
vt 0.3401201665401459 0.8487688899040222 
vt 0.3401201665401459 0.5758232474327087 
vt 0.39545944333076477 0.8487688899040222 
vt 0.39545944333076477 0.5758232474327087 
vt 0.45091232657432556 0.8487688899040222 
vt 0.45091232657432556 0.5758232474327087 
vt 0.5062516331672668 0.8487688899040222 
vt 0.5062516331672668 0.5758232474327087 
vt 0.5617045164108276 0.8487688899040222 
vt 0.5617045164108276 0.5758232474327087 
vt 0.6170437932014465 0.8487688899040222 
vt 0.6170437932014465 0.5758232474327087 
vt 0.6724966764450073 0.8487688899040222 
vt 0.6724966764450073 0.5758232474327087 
vt 0.7278359532356262 0.5758232474327087 
vt 0.7278359532356262 0.8487688899040222 
vt 0.7831752300262451 0.8487688899040222 
vt 0.7831752300262451 0.5758232474327087 
vt 0.8386281132698059 0.8487688899040222 
vt 0.8386281132698059 0.5758232474327087 
vt 0.8939673900604248 0.8487688899040222 
vt 0.8939673900604248 0.5758232474327087 
vt 0.284780889749527 0.552958071231842 
vt 0.3401201665401459 0.552958071231842 
vt 0.3401201665401459 0.5758232474327087 
vt 0.39545944333076477 0.552958071231842 
vt 0.39545944333076477 0.5758232474327087 
vt 0.45091232657432556 0.552958071231842 
vt 0.45091232657432556 0.5758232474327087 
vt 0.5062516331672668 0.552958071231842 
vt 0.5062516331672668 0.5758232474327087 
vt 0.5617045164108276 0.5758232474327087 
vt 0.5617045164108276 0.552958071231842 
vt 0.6170437932014465 0.5758232474327087 
vt 0.6170437932014465 0.552958071231842 
vt 0.6724966764450073 0.552958071231842 
vt 0.6724966764450073 0.5758232474327087 
vt 0.7278359532356262 0.5758232474327087 
vt 0.7278359532356262 0.552958071231842 
vt 0.7831752300262451 0.5758232474327087 
vt 0.7831752300262451 0.552958071231842 
vt 0.8386281132698059 0.5758232474327087 
vt 0.8386281132698059 0.552958071231842 
vt 0.8939673900604248 0.552958071231842 
vt 0.8939673900604248 0.5758232474327087 
vt 0.284780889749527 0.5758232474327087 
vt 0.007857273332774639 0.8487688899040222 
vt 0.06319654732942581 0.8487688899040222 
vt 0.007857273332774639 0.8688806891441345 
vt 0.06319654732942581 0.8688806891441345 
vt 0.11853581666946411 0.8487688899040222 
vt 0.11853581666946411 0.8688806891441345 
vt 0.1739887148141861 0.8487688899040222 
vt 0.1739887148141861 0.8688806891441345 
vt 0.229327991604805 0.8487688899040222 
vt 0.229327991604805 0.8688806891441345 
vt 0.284780889749527 0.8487688899040222 
vt 0.284780889749527 0.8688806891441345 
vt 0.3401201665401459 0.8487688899040222 
vt 0.3401201665401459 0.8688806891441345 
vt 0.39545944333076477 0.8487688899040222 
vt 0.39545944333076477 0.8688806891441345 
vt 0.45091232657432556 0.8688806891441345 
vt 0.45091232657432556 0.8487688899040222 
vt 0.5062516331672668 0.8487688899040222 
vt 0.5062516331672668 0.8688806891441345 
vt 0.5617045164108276 0.8487688899040222 
vt 0.5617045164108276 0.8688806891441345 
vt 0.6170437932014465 0.8487688899040222 
vt 0.6170437932014465 0.8688806891441345 
vt 0.6724966764450073 0.8487688899040222 
vt 0.6724966764450073 0.8688806891441345 
vt 0.7278359532356262 0.8487688899040222 
vt 0.7278359532356262 0.8688806891441345 
vt 0.7831752300262451 0.8487688899040222 
vt 0.7831752300262451 0.8688806891441345 
vt 0.8386281132698059 0.8487688899040222 
vt 0.8386281132698059 0.8688806891441345 
vt 0.8939673900604248 0.8688806891441345 
vt 0.8939673900604248 0.8487688899040222 
vt 0.6170437932014465 0.9921850562095642 
vt 0.6724966764450073 0.9595034122467041 
vt 0.6724966764450073 0.9921850562095642 
vt 0.7278359532356262 0.9921850562095642 
vt 0.7278359532356262 0.9595034122467041 
vt 0.7831752300262451 0.9921850562095642 
vt 0.7831752300262451 0.9595034122467041 
vt 0.8386281132698059 0.9921850562095642 
vt 0.8386281132698059 0.9595034122467041 
vt 0.8939673900604248 0.9921850562095642 
vt 0.8939673900604248 0.9595034122467041 
vt 0.6170437932014465 0.9595034122467041 
vt 0.5617045164108276 0.9921850562095642 
vt 0.5617045164108276 0.9595034122467041 
vt 0.5062516331672668 0.9921850562095642 
vt 0.5062516331672668 0.9595034122467041 
vt 0.45091232657432556 0.9595034122467041 
vt 0.45091232657432556 0.9921850562095642 
vt 0.39545944333076477 0.9595034122467041 
vt 0.39545944333076477 0.9921850562095642 
vt 0.3401201665401459 0.9595034122467041 
vt 0.3401201665401459 0.9921850562095642 
vt 0.284780889749527 0.9595034122467041 
vt 0.284780889749527 0.9921850562095642 
vt 0.229327991604805 0.9595034122467041 
vt 0.229327991604805 0.9921850562095642 
vt 0.1739887148141861 0.9921850562095642 
vt 0.1739887148141861 0.9595034122467041 
vt 0.11853581666946411 0.9921850562095642 
vt 0.11853581666946411 0.9595034122467041 
vt 0.06319654732942581 0.9595034122467041 
vt 0.06319654732942581 0.9921850562095642 
vt 0.007857273332774639 0.9595034122467041 
vt 0.007857273332774639 0.9921850562095642 
vt 0.007857273332774639 0.552958071231842 
vt 0.06319654732942581 0.552958071231842 
vt 0.007857273332774639 0.5758232474327087 
vt 0.06319654732942581 0.5758232474327087 
vt 0.11853581666946411 0.5758232474327087 
vt 0.11853581666946411 0.552958071231842 
vt 0.1739887148141861 0.552958071231842 
vt 0.1739887148141861 0.5758232474327087 
vt 0.229327991604805 0.552958071231842 
vt 0.229327991604805 0.5758232474327087 
vt 0.7084047198295593 0.054712578654289246 
vt 0.7431764006614685 0.0894293487071991 
vt 0.6630651354789734 0.03591763973236084 
vt 0.7619258761405945 0.13480058312416077 
vt 0.7619258761405945 0.18400262296199799 
vt 0.5150013566017151 0.13480058312416077 
vt 0.6138620376586914 0.2828855514526367 
vt 0.5150013566017151 0.18400262296199799 
vt 0.5337507724761963 0.22937384247779846 
vt 0.5685225129127502 0.2640906274318695 
vt 0.6138620376586914 0.03591763973236084 
vt 0.5685225129127502 0.054712578654289246 
vt 0.5337507724761963 0.0894293487071991 
vt 0.6630651354789734 0.2828855514526367 
vt 0.7084047198295593 0.2640906274318695 
vt 0.7431764006614685 0.22937384247779846 
vt 0.007857273332774639 0.9595034122467041 
vt 0.007857273332774639 0.8688806891441345 
vt 0.06319654732942581 0.9595034122467041 
vt 0.06319654732942581 0.8688806891441345 
vt 0.11853581666946411 0.9595034122467041 
vt 0.11853581666946411 0.8688806891441345 
vt 0.1739887148141861 0.9595034122467041 
vt 0.1739887148141861 0.8688806891441345 
vt 0.229327991604805 0.9595034122467041 
vt 0.229327991604805 0.8688806891441345 
vt 0.284780889749527 0.8688806891441345 
vt 0.284780889749527 0.9595034122467041 
vt 0.3401201665401459 0.8688806891441345 
vt 0.3401201665401459 0.9595034122467041 
vt 0.39545944333076477 0.8688806891441345 
vt 0.39545944333076477 0.9595034122467041 
vt 0.45091232657432556 0.8688806891441345 
vt 0.45091232657432556 0.9595034122467041 
vt 0.5062516331672668 0.9595034122467041 
vt 0.5062516331672668 0.8688806891441345 
vt 0.5617045164108276 0.8688806891441345 
vt 0.5617045164108276 0.9595034122467041 
vt 0.6170437932014465 0.9595034122467041 
vt 0.6170437932014465 0.8688806891441345 
vt 0.6724966764450073 0.9595034122467041 
vt 0.6724966764450073 0.8688806891441345 
vt 0.7278359532356262 0.8688806891441345 
vt 0.7278359532356262 0.9595034122467041 
vt 0.7831752300262451 0.8688806891441345 
vt 0.7831752300262451 0.9595034122467041 
vt 0.8386281132698059 0.9595034122467041 
vt 0.8386281132698059 0.8688806891441345 
vt 0.8939673900604248 0.8688806891441345 
vt 0.8939673900604248 0.9595034122467041 
vt 0.007857273332774639 0.46233534812927246 
vt 0.007857273332774639 0.552958071231842 
vt 0.06319654732942581 0.46233534812927246 
vt 0.06319654732942581 0.552958071231842 
vt 0.11853581666946411 0.552958071231842 
vt 0.11853581666946411 0.46233534812927246 
vt 0.1739887148141861 0.552958071231842 
vt 0.1739887148141861 0.46233534812927246 
vt 0.229327991604805 0.552958071231842 
vt 0.229327991604805 0.46233534812927246 
vt 0.284780889749527 0.552958071231842 
vt 0.284780889749527 0.46233534812927246 
vt 0.3401201665401459 0.46233534812927246 
vt 0.3401201665401459 0.552958071231842 
vt 0.39545944333076477 0.46233534812927246 
vt 0.39545944333076477 0.552958071231842 
vt 0.45091232657432556 0.46233534812927246 
vt 0.45091232657432556 0.552958071231842 
vt 0.5062516331672668 0.46233534812927246 
vt 0.5062516331672668 0.552958071231842 
vt 0.5617045164108276 0.552958071231842 
vt 0.5617045164108276 0.46233534812927246 
vt 0.6170437932014465 0.552958071231842 
vt 0.6170437932014465 0.46233534812927246 
vt 0.6724966764450073 0.552958071231842 
vt 0.6724966764450073 0.46233534812927246 
vt 0.7278359532356262 0.552958071231842 
vt 0.7278359532356262 0.46233534812927246 
vt 0.7831752300262451 0.46233534812927246 
vt 0.7831752300262451 0.552958071231842 
vt 0.8386281132698059 0.46233534812927246 
vt 0.8386281132698059 0.552958071231842 
vt 0.8939673900604248 0.46233534812927246 
vt 0.8939673900604248 0.552958071231842 
vt 0.007857273332774639 0.32346826791763306 
vt 0.06194658204913139 0.32346826791763306 
vt 0.007857273332774639 0.29844823479652405 
vt 0.06194658204913139 0.29844823479652405 
vt 0.11592225730419159 0.29844823479652405 
vt 0.11592225730419159 0.32346826791763306 
vt 0.17001156508922577 0.29844823479652405 
vt 0.17001156508922577 0.32346826791763306 
vt 0.22410087287425995 0.32346826791763306 
vt 0.22410087287425995 0.29844823479652405 
vt 0.27819016575813293 0.29844823479652405 
vt 0.27819016575813293 0.32346826791763306 
vt 0.3322794735431671 0.29844823479652405 
vt 0.3322794735431671 0.32346826791763306 
vt 0.3863687813282013 0.29844823479652405 
vt 0.3863687813282013 0.32346826791763306 
vt 0.4404580891132355 0.29844823479652405 
vt 0.4404580891132355 0.32346826791763306 
vt 0.49454742670059204 0.29844823479652405 
vt 0.49454742670059204 0.32346826791763306 
vt 0.5486367344856262 0.29844823479652405 
vt 0.5486367344856262 0.32346826791763306 
vt 0.6027260422706604 0.29844823479652405 
vt 0.6027260422706604 0.32346826791763306 
vt 0.6568153500556946 0.32346826791763306 
vt 0.6568153500556946 0.29844823479652405 
vt 0.7109046578407288 0.29844823479652405 
vt 0.7109046578407288 0.32346826791763306 
vt 0.7649939656257629 0.29844823479652405 
vt 0.7649939656257629 0.32346826791763306 
vt 0.8190832734107971 0.29844823479652405 
vt 0.8190832734107971 0.32346826791763306 
vt 0.8730589151382446 0.32346826791763306 
vt 0.8730589151382446 0.29844823479652405 
vt 0.007857273332774639 0.44677266478538513 
vt 0.007857273332774639 0.4241468906402588 
vt 0.06194658204913139 0.44677266478538513 
vt 0.06194658204913139 0.4241468906402588 
vt 0.11592225730419159 0.4241468906402588 
vt 0.11592225730419159 0.44677266478538513 
vt 0.17001156508922577 0.44677266478538513 
vt 0.17001156508922577 0.4241468906402588 
vt 0.22410087287425995 0.44677266478538513 
vt 0.22410087287425995 0.4241468906402588 
vt 0.27819016575813293 0.44677266478538513 
vt 0.27819016575813293 0.4241468906402588 
vt 0.3322794735431671 0.4241468906402588 
vt 0.3322794735431671 0.44677266478538513 
vt 0.3863687813282013 0.44677266478538513 
vt 0.3863687813282013 0.4241468906402588 
vt 0.4404580891132355 0.4241468906402588 
vt 0.4404580891132355 0.44677266478538513 
vt 0.49454742670059204 0.44677266478538513 
vt 0.49454742670059204 0.4241468906402588 
vt 0.5486367344856262 0.4241468906402588 
vt 0.5486367344856262 0.44677266478538513 
vt 0.6027260422706604 0.4241468906402588 
vt 0.6027260422706604 0.44677266478538513 
vt 0.6568153500556946 0.44677266478538513 
vt 0.6568153500556946 0.4241468906402588 
vt 0.7109046578407288 0.44677266478538513 
vt 0.7109046578407288 0.4241468906402588 
vt 0.7649939656257629 0.44677266478538513 
vt 0.7649939656257629 0.4241468906402588 
vt 0.8190832734107971 0.44677266478538513 
vt 0.8190832734107971 0.4241468906402588 
vt 0.8730589151382446 0.4241468906402588 
vt 0.8730589151382446 0.44677266478538513 
vt 0.22410087287425995 0.32346826791763306 
vt 0.17001156508922577 0.32346826791763306 
vt 0.22410087287425995 0.4241468906402588 
vt 0.17001156508922577 0.4241468906402588 
vt 0.27819016575813293 0.32346826791763306 
vt 0.27819016575813293 0.4241468906402588 
vt 0.3322794735431671 0.4241468906402588 
vt 0.3322794735431671 0.32346826791763306 
vt 0.3863687813282013 0.4241468906402588 
vt 0.3863687813282013 0.32346826791763306 
vt 0.4404580891132355 0.32346826791763306 
vt 0.4404580891132355 0.4241468906402588 
vt 0.49454742670059204 0.32346826791763306 
vt 0.49454742670059204 0.4241468906402588 
vt 0.5486367344856262 0.32346826791763306 
vt 0.5486367344856262 0.4241468906402588 
vt 0.6027260422706604 0.4241468906402588 
vt 0.6027260422706604 0.32346826791763306 
vt 0.6568153500556946 0.4241468906402588 
vt 0.6568153500556946 0.32346826791763306 
vt 0.7109046578407288 0.32346826791763306 
vt 0.7109046578407288 0.4241468906402588 
vt 0.7649939656257629 0.4241468906402588 
vt 0.7649939656257629 0.32346826791763306 
vt 0.8190832734107971 0.4241468906402588 
vt 0.8190832734107971 0.32346826791763306 
vt 0.8730589151382446 0.32346826791763306 
vt 0.8730589151382446 0.4241468906402588 
vt 0.007857273332774639 0.32346826791763306 
vt 0.007857273332774639 0.4241468906402588 
vt 0.06194658204913139 0.32346826791763306 
vt 0.06194658204913139 0.4241468906402588 
vt 0.11592225730419159 0.32346826791763306 
vt 0.11592225730419159 0.4241468906402588 
vt 0.8255603313446045 0.0804508775472641 
vt 0.8202195763587952 0.09314045310020447 
vt 0.8255603313446045 0.06668388098478317 
vt 0.7840843200683594 0.03891046345233917 
vt 0.7978338599205017 0.03891046345233917 
vt 0.8105607628822327 0.044177837669849396 
vt 0.8202195763587952 0.05387458950281143 
vt 0.8105607628822327 0.1028372049331665 
vt 0.7978338599205017 0.10810457915067673 
vt 0.7713574171066284 0.1028372049331665 
vt 0.7563578486442566 0.0804508775472641 
vt 0.7615849375724792 0.09314045310020447 
vt 0.7840843200683594 0.10810457915067673 
vt 0.7563578486442566 0.06668388098478317 
vt 0.7615849375724792 0.05387458950281143 
vt 0.7713574171066284 0.044177837669849396 
vt 0.08853670209646225 0.06931756436824799 
vt 0.11353596299886703 0.07123297452926636 
vt 0.10989970713853836 0.05662798881530762 
vt 0.13478533923625946 0.05782511830329895 
vt 0.10489985346794128 0.07805661857128143 
vt 0.10024090111255646 0.09852753579616547 
vt 0.11580862104892731 0.0974501222372055 
vt 0.1269446611404419 0.2054312527179718 
vt 0.13955791294574738 0.1992061734199524 
vt 0.1400124579668045 0.2207545042037964 
vt 0.12989911437034607 0.23619748651981354 
vt 0.1511484831571579 0.22266991436481476 
vt 0.15478473901748657 0.23739461600780487 
vt 0.17626138031482697 0.22458532452583313 
vt 0.15989822149276733 0.21596598625183105 
vt 0.16444355249404907 0.19549506902694702 
vt 0.14887583255767822 0.19657248258590698 
vt 0.13773979246616364 0.08847164362668991 
vt 0.12524016201496124 0.0948164314031601 
vt 0.12467199563980103 0.07314838469028473 
vt 0.1400124579668045 0.2207545042037964 
vt 0.13955791294574738 0.1992061734199524 
vt 0.1511484831571579 0.22266991436481476 
vt 0.14887583255767822 0.19657248258590698 
vt 0.15989822149276733 0.21596598625183105 
vt 0.11580862104892731 0.0974501222372055 
vt 0.12524016201496124 0.0948164314031601 
vt 0.11353596299886703 0.07123297452926636 
vt 0.12467199563980103 0.07314838469028473 
vt 0.10489985346794128 0.07805661857128143 
vt 0.13773979246616364 0.08847164362668991 
vt 0.1767159104347229 0.13563856482505798 
vt 0.16444355249404907 0.19549506902694702 
vt 0.17853404581546783 0.16401055455207825 
vt 0.172511488199234 0.18555888533592224 
vt 0.21216940879821777 0.16879907250404358 
vt 0.20966948568820953 0.12737837433815002 
vt 0.164898082613945 0.10966084897518158 
vt 0.14955762028694153 0.09349959343671799 
vt 0.13478533923625946 0.05782511830329895 
vt 0.17626138031482697 0.22458532452583313 
vt 0.19239726662635803 0.08966877311468124 
vt 0.2603498101234436 0.11468879133462906 
vt 0.2300097942352295 0.05818425863981247 
vt 0.1650117188692093 0.06560645997524261 
vt 0.14126241207122803 0.011615900322794914 
vt 0.0992182046175003 0.013770733959972858 
vt 0.10989970713853836 0.05662798881530762 
vt 0.08853670209646225 0.06931756436824799 
vt 0.06092388555407524 0.0316079705953598 
vt 0.0653555691242218 0.0907461941242218 
vt 0.02774304710328579 0.06381076574325562 
vt 0.004334650002419949 0.11516764760017395 
vt 0.05251504108309746 0.12510383129119873 
vt 0.004334650002419949 0.17933380603790283 
vt 0.18523839116096497 0.02418576553463936 
vt 0.09217295795679092 0.10846371948719025 
vt 0.10024090111255646 0.09852753579616547 
vt 0.0861504077911377 0.12989234924316406 
vt 0.08808217197656631 0.1583840399980545 
vt 0.055014967918395996 0.16664423048496246 
vt 0.09978637099266052 0.1843617558479309 
vt 0.07240081578493118 0.20435382425785065 
vt 0.03478829562664032 0.23583835363388062 
vt 0.1269446611404419 0.2054312527179718 
vt 0.1151268258690834 0.2005230188369751 
vt 0.09978637099266052 0.22841614484786987 
vt 0.07944606244564056 0.2698368430137634 
vt 0.12353567034006119 0.2824067175388336 
vt 0.12989911437034607 0.23619748651981354 
vt 0.1655798703432083 0.28013214468955994 
vt 0.15478473901748657 0.23739461600780487 
vt 0.20376056432724 0.2622949182987213 
vt 0.19944250583648682 0.20315669476985931 
vt 0.23705503344535828 0.23021183907985687 
vt 0.2603498101234436 0.17885495722293854 
vt 0.38795965909957886 0.08907020837068558 
vt 0.35682421922683716 0.11193539202213287 
vt 0.40943628549575806 0.11025941371917725 
vt 0.4200041592121124 0.13683569431304932 
vt 0.44738972187042236 0.1100199893116951 
vt 0.451480507850647 0.1853194683790207 
vt 0.41920873522758484 0.1763409823179245 
vt 0.36182406544685364 0.1647288203239441 
vt 0.4021637737751007 0.06045880541205406 
vt 0.371028333902359 0.08691537380218506 
vt 0.3246660828590393 0.10235835611820221 
vt 0.32977956533432007 0.17777754366397858 
vt 0.38807329535484314 0.19908645749092102 
vt 0.40523186326026917 0.20124128460884094 
vt 0.4196632504463196 0.22973299026489258 
vt 0.37432369589805603 0.22841614484786987 
vt 0.3794371783733368 0.27689990401268005 
vt 0.33693844079971313 0.2573866844177246 
vt 0.2998940944671631 0.2224304974079132 
vt 0.2771674692630768 0.16855964064598083 
vt 0.2771674692630768 0.11456908285617828 
vt 0.2915988862514496 0.06405019760131836 
vt 0.35682421922683716 0.05842368304729462 
vt 0.32159799337387085 0.03112911991775036 
vt 0.35761964321136475 0.013890447095036507 
vt 0.3972775638103485 0.011855325661599636 
vt 0.4396626651287079 0.031248832121491432 
vt 0.4768206775188446 0.06572617590427399 
vt 0.49943363666534424 0.11935760080814362 
vt 0.4990927278995514 0.1732284426689148 
vt 0.48477497696876526 0.22350791096687317 
vt 0.45511674880981445 0.25666841864585876 
vt 0.41920873522758484 0.274385929107666 
vt 0.8464688062667847 0.2828855514526367 
vt 0.8563548922538757 0.2828855514526367 
vt 0.8464688062667847 0.14713101089000702 
vt 0.8563548922538757 0.14713101089000702 
vt 0.8661273121833801 0.2828855514526367 
vt 0.8661273121833801 0.14713101089000702 
vt 0.8760133981704712 0.2828855514526367 
vt 0.8760133981704712 0.14713101089000702 
vt 0.8858994841575623 0.2828855514526367 
vt 0.8858994841575623 0.14713101089000702 
vt 0.8956719040870667 0.2828855514526367 
vt 0.8956719040870667 0.14713101089000702 
vt 0.9055579900741577 0.2828855514526367 
vt 0.9055579900741577 0.14713101089000702 
vt 0.915444016456604 0.2828855514526367 
vt 0.915444016456604 0.14713101089000702 
vt 0.9252164959907532 0.14713101089000702 
vt 0.9252164959907532 0.2828855514526367 
vt 0.9351025819778442 0.14713101089000702 
vt 0.9351025819778442 0.2828855514526367 
vt 0.8366963863372803 0.14713101089000702 
vt 0.8366963863372803 0.2828855514526367 
vt 0.8268103003501892 0.2828855514526367 
vt 0.8268103003501892 0.14713101089000702 
vt 0.8169242143630981 0.2828855514526367 
vt 0.8169242143630981 0.14713101089000702 
vt 0.8071517944335938 0.2828855514526367 
vt 0.8071517944335938 0.14713101089000702 
vt 0.7972657084465027 0.2828855514526367 
vt 0.7972657084465027 0.14713101089000702 
vt 0.7873796820640564 0.2828855514526367 
vt 0.7873796820640564 0.14713101089000702 
vt 0.7776072025299072 0.2828855514526367 
vt 0.7776072025299072 0.14713101089000702 
vt 0.24830469489097595 0.2828855514526367 
vt 0.2556908428668976 0.2828855514526367 
vt 0.24137309193611145 0.28001245856285095 
vt 0.2706904113292694 0.2604992389678955 
vt 0.23330514132976532 0.26792144775390625 
vt 0.2626224458217621 0.24828849732875824 
vt 0.24830469489097595 0.24541538953781128 
vt 0.2556908428668976 0.24541538953781128 
vt 0.2626224458217621 0.28001245856285095 
vt 0.26784956455230713 0.27474507689476013 
vt 0.2706904113292694 0.26792144775390625 
vt 0.2361459732055664 0.27474507689476013 
vt 0.26784956455230713 0.25355586409568787 
vt 0.24137309193611145 0.24828849732875824 
vt 0.2361459732055664 0.25355586409568787 
vt 0.23330514132976532 0.2604992389678955 
s on 
f 1/1/1 2/2/2 3/3/3 
f 2/2/2 4/4/4 3/3/3 
f 3/3/3 4/4/4 5/5/5 
f 4/4/4 6/6/6 5/5/5 
f 5/5/5 6/6/6 7/7/7 
f 6/6/6 8/8/8 7/7/7 
f 7/7/7 8/8/8 9/9/9 
f 8/8/8 10/10/10 9/9/9 
f 9/9/9 10/10/10 11/11/11 
f 10/10/10 11/11/11 11/11/11 
f 11/11/11 11/11/11 3/3/3 
f 11/11/11 3/3/3 3/3/3 
f 3/3/3 3/3/3 1/1/1 
f 3/3/3 12/12/12 1/1/1 
f 1/1/1 12/12/12 1/1/1 
f 12/12/12 13/13/13 1/1/1 
f 1/1/1 13/13/13 14/14/14 
f 13/13/13 15/15/15 14/14/14 
f 14/14/14 15/15/15 16/16/16 
f 15/15/15 17/17/17 16/16/16 
f 16/16/16 17/17/17 18/18/18 
f 17/17/17 19/19/19 18/18/18 
f 18/18/18 19/19/19 20/20/20 
f 19/19/19 21/21/21 20/20/20 
f 20/20/20 21/21/21 22/22/22 
f 21/21/21 23/23/23 22/22/22 
f 22/22/22 23/23/23 24/24/24 
f 23/23/23 25/25/25 24/24/24 
f 24/24/24 25/25/25 26/26/26 
f 25/25/25 25/25/25 26/26/26 
f 26/26/26 25/25/25 27/27/27 
f 25/25/25 28/28/28 27/27/27 
f 27/27/27 28/28/28 27/27/27 
f 28/28/28 29/29/29 27/27/27 
f 27/27/27 29/29/29 30/30/30 
f 29/29/29 31/31/31 30/30/30 
f 30/30/30 31/31/31 32/32/32 
f 31/31/31 33/33/33 32/32/32 
f 32/32/32 33/33/33 34/34/34 
f 33/33/33 34/34/34 34/34/34 
f 34/34/34 34/34/34 35/35/35 
f 34/34/34 35/35/35 35/35/35 
f 35/35/35 35/35/35 36/36/36 
f 35/35/35 37/37/37 36/36/36 
f 36/36/36 37/37/37 38/38/38 
f 37/37/37 39/39/39 38/38/38 
f 38/38/38 39/39/39 40/40/40 
f 39/39/39 41/41/41 40/40/40 
f 40/40/40 41/41/41 42/42/42 
f 41/41/41 43/43/43 42/42/42 
f 42/42/42 43/43/43 42/42/42 
f 43/43/43 44/44/44 42/42/42 
f 42/42/42 44/44/44 45/45/45 
f 44/44/44 46/46/46 45/45/45 
f 45/45/45 46/46/46 47/47/47 
f 46/46/46 46/46/46 47/47/47 
f 47/47/47 46/46/46 48/48/48 
f 46/46/46 49/49/49 48/48/48 
f 48/48/48 49/49/49 48/48/48 
f 49/49/49 50/50/50 48/48/48 
f 48/48/48 50/50/50 51/51/51 
f 50/50/50 52/52/52 51/51/51 
f 51/51/51 52/52/52 53/53/53 
f 52/52/52 54/54/54 53/53/53 
f 53/53/53 54/54/54 55/55/55 
f 54/54/54 54/54/54 55/55/55 
f 55/55/55 54/54/54 56/56/56 
f 54/54/54 57/57/57 56/56/56 
f 56/56/56 57/57/57 57/57/57 
f 57/57/57 35/35/35 57/57/57 
f 57/57/57 35/35/35 35/35/35 
f 35/35/35 58/58/58 35/35/35 
f 35/35/35 58/58/58 37/37/37 
f 58/58/58 37/37/37 37/37/37 
f 37/37/37 37/37/37 59/59/59 
f 37/37/37 59/59/59 59/59/59 
f 59/59/59 59/59/59 60/60/60 
f 59/59/59 61/61/61 60/60/60 
f 60/60/60 61/61/61 60/60/60 
f 61/61/61 62/62/62 60/60/60 
f 60/60/60 62/62/62 63/63/63 
f 62/62/62 64/64/64 63/63/63 
f 63/63/63 64/64/64 65/65/65 
f 64/64/64 66/66/66 65/65/65 
f 65/65/65 66/66/66 67/67/67 
f 66/66/66 68/68/68 67/67/67 
f 67/67/67 68/68/68 69/69/69 
f 68/68/68 70/70/70 69/69/69 
f 69/69/69 70/70/70 71/71/71 
f 70/70/70 72/72/72 71/71/71 
f 71/71/71 72/72/72 73/73/73 
f 72/72/72 74/74/74 73/73/73 
f 73/73/73 74/74/74 73/73/73 
f 74/74/74 75/75/75 73/73/73 
f 73/73/73 75/75/75 76/76/76 
f 75/75/75 75/75/75 76/76/76 
f 76/76/76 75/75/75 77/77/77 
f 75/75/75 78/78/78 77/77/77 
f 77/77/77 78/78/78 79/79/79 
f 78/78/78 80/80/80 79/79/79 
f 79/79/79 80/80/80 81/81/81 
f 80/80/80 82/82/82 81/81/81 
f 81/81/81 82/82/82 83/83/83 
f 82/82/82 84/84/84 83/83/83 
f 83/83/83 84/84/84 85/85/85 
f 84/84/84 86/86/86 85/85/85 
f 85/85/85 86/86/86 87/87/87 
f 86/86/86 88/88/88 87/87/87 
f 87/87/87 88/88/88 89/89/89 
f 88/88/88 90/90/90 89/89/89 
f 89/89/89 90/90/90 89/89/89 
f 90/90/90 91/91/91 89/89/89 
f 89/89/89 91/91/91 92/92/92 
f 91/91/91 92/92/92 92/92/92 
f 92/92/92 92/92/92 93/93/93 
f 92/92/92 93/93/93 93/93/93 
f 93/93/93 93/93/93 94/94/94 
f 93/93/93 95/95/95 94/94/94 
f 94/94/94 95/95/95 94/94/94 
f 95/95/95 96/96/96 94/94/94 
f 94/94/94 96/96/96 97/97/97 
f 96/96/96 98/98/98 97/97/97 
f 97/97/97 98/98/98 99/99/99 
f 98/98/98 100/100/100 99/99/99 
f 99/99/99 100/100/100 101/101/101 
f 100/100/100 102/102/102 101/101/101 
f 101/101/101 102/102/102 103/103/103 
f 102/102/102 103/103/103 103/103/103 
f 103/103/103 103/103/103 94/94/94 
f 103/103/103 94/94/94 94/94/94 
f 94/94/94 94/94/94 93/93/93 
f 94/94/94 104/104/104 93/93/93 
f 93/93/93 104/104/104 105/105/105 
f 104/104/104 106/106/106 105/105/105 
f 105/105/105 106/106/106 107/107/107 
f 106/106/106 108/108/108 107/107/107 
f 107/107/107 108/108/108 107/107/107 
f 108/108/108 109/109/109 107/107/107 
f 107/107/107 109/109/109 110/110/110 
f 109/109/109 111/111/111 110/110/110 
f 110/110/110 111/111/111 112/112/112 
f 111/111/111 113/113/113 112/112/112 
f 112/112/112 113/113/113 114/114/114 
f 113/113/113 115/115/115 114/114/114 
f 114/114/114 115/115/115 116/116/116 
f 115/115/115 117/117/117 116/116/116 
f 116/116/116 117/117/117 118/118/118 
f 117/117/117 117/117/117 118/118/118 
f 118/118/118 117/117/117 119/119/119 
f 117/117/117 120/120/120 119/119/119 
f 119/119/119 120/120/120 121/121/121 
f 120/120/120 122/122/122 121/121/121 
f 121/121/121 122/122/122 121/121/121 
f 122/122/122 123/123/123 121/121/121 
f 121/121/121 123/123/123 124/124/124 
f 123/123/123 125/125/125 124/124/124 
f 124/124/124 125/125/125 126/126/126 
f 125/125/125 126/126/126 126/126/126 
f 126/126/126 126/126/126 127/127/127 
f 126/126/126 127/127/127 127/127/127 
f 127/127/127 127/127/127 128/128/128 
f 127/127/127 129/129/129 128/128/128 
f 128/128/128 129/129/129 128/128/128 
f 129/129/129 130/130/130 128/128/128 
f 128/128/128 130/130/130 128/128/128 
f 130/130/130 131/131/131 128/128/128 
f 128/128/128 131/131/131 132/132/132 
f 131/131/131 131/131/131 132/132/132 
f 132/132/132 131/131/131 133/133/133 
f 131/131/131 134/134/134 133/133/133 
f 133/133/133 134/134/134 135/135/135 
f 134/134/134 136/136/136 135/135/135 
f 135/135/135 136/136/136 135/135/135 
f 136/136/136 58/58/58 135/135/135 
f 135/135/135 58/58/58 35/35/35 
f 58/58/58 35/35/35 35/35/35 
f 35/35/35 35/35/35 137/137/137 
f 35/35/35 137/137/137 137/137/137 
f 137/137/137 137/137/137 138/138/138 
f 137/137/137 139/139/139 138/138/138 
f 138/138/138 139/139/139 140/140/140 
f 139/139/139 139/139/139 140/140/140 
f 140/140/140 139/139/139 141/141/141 
f 139/139/139 142/142/142 141/141/141 
f 141/141/141 142/142/142 143/143/143 
f 142/142/142 144/144/144 143/143/143 
f 143/143/143 144/144/144 143/143/143 
f 144/144/144 145/145/145 143/143/143 
f 143/143/143 145/145/145 146/146/146 
f 145/145/145 146/146/146 146/146/146 
f 146/146/146 146/146/146 139/139/139 
f 146/146/146 139/139/139 139/139/139 
f 139/139/139 139/139/139 142/142/142 
f 139/139/139 147/147/147 142/142/142 
f 142/142/142 147/147/147 142/142/142 
f 147/147/147 148/148/148 142/142/142 
f 142/142/142 148/148/148 149/149/149 
f 148/148/148 149/149/149 149/149/149 
f 149/149/149 149/149/149 143/143/143 
f 149/149/149 143/143/143 143/143/143 
f 143/143/143 143/143/143 141/141/141 
f 143/143/143 150/150/150 141/141/141 
f 141/141/141 150/150/150 141/141/141 
f 150/150/150 151/151/151 141/141/141 
f 141/141/141 151/151/151 152/152/152 
f 151/151/151 152/152/152 152/152/152 
f 152/152/152 152/152/152 153/153/153 
f 152/152/152 153/153/153 153/153/153 
f 153/153/153 153/153/153 154/154/154 
f 153/153/153 155/155/155 154/154/154 
f 154/154/154 155/155/155 156/156/156 
f 155/155/155 157/157/157 156/156/156 
f 156/156/156 157/157/157 158/158/158 
f 157/157/157 159/159/159 158/158/158 
f 158/158/158 159/159/159 160/160/160 
f 159/159/159 161/161/161 160/160/160 
f 160/160/160 161/161/161 162/162/162 
f 161/161/161 161/161/161 162/162/162 
f 162/162/162 161/161/161 163/163/163 
f 161/161/161 164/164/164 163/163/163 
f 163/163/163 164/164/164 165/165/165 
f 164/164/164 166/166/166 165/165/165 
f 165/165/165 166/166/166 167/167/167 
f 166/166/166 168/168/168 167/167/167 
f 167/167/167 168/168/168 169/169/169 
f 168/168/168 170/170/170 169/169/169 
f 169/169/169 170/170/170 169/169/169 
f 170/170/170 171/171/171 169/169/169 
f 169/169/169 171/171/171 172/172/172 
f 171/171/171 171/171/171 172/172/172 
f 172/172/172 171/171/171 173/173/173 
f 171/171/171 174/174/174 173/173/173 
f 173/173/173 174/174/174 173/173/173 
f 174/174/174 175/175/175 173/173/173 
f 173/173/173 175/175/175 176/176/176 
f 175/175/175 177/177/177 176/176/176 
f 176/176/176 177/177/177 178/178/178 
f 177/177/177 177/177/177 178/178/178 
f 178/178/178 177/177/177 179/179/179 
f 177/177/177 180/180/180 179/179/179 
f 179/179/179 180/180/180 181/181/181 
f 180/180/180 182/182/182 181/181/181 
f 181/181/181 182/182/182 181/181/181 
f 182/182/182 183/183/183 181/181/181 
f 181/181/181 183/183/183 184/184/184 
f 183/183/183 183/183/183 184/184/184 
f 184/184/184 183/183/183 185/185/185 
f 183/183/183 186/186/186 185/185/185 
f 185/185/185 186/186/186 186/186/186 
f 186/186/186 187/187/187 186/186/186 
f 186/186/186 187/187/187 187/187/187 
f 187/187/187 188/188/188 187/187/187 
f 187/187/187 188/188/188 189/189/189 
f 188/188/188 190/190/190 189/189/189 
f 189/189/189 190/190/190 189/189/189 
f 190/190/190 191/191/191 189/189/189 
f 189/189/189 191/191/191 192/192/192 
f 191/191/191 193/193/193 192/192/192 
f 192/192/192 193/193/193 194/194/194 
f 193/193/193 195/195/195 194/194/194 
f 194/194/194 195/195/195 196/196/196 
f 195/195/195 197/197/197 196/196/196 
f 196/196/196 197/197/197 198/198/198 
f 197/197/197 197/197/197 198/198/198 
f 198/198/198 197/197/197 199/199/199 
f 197/197/197 200/200/200 199/199/199 
f 199/199/199 200/200/200 201/201/201 
f 200/200/200 202/202/202 201/201/201 
f 201/201/201 202/202/202 203/203/203 
f 202/202/202 204/204/204 203/203/203 
f 203/203/203 204/204/204 205/205/205 
f 204/204/204 206/206/206 205/205/205 
f 205/205/205 206/206/206 205/205/205 
f 206/206/206 207/207/207 205/205/205 
f 205/205/205 207/207/207 208/208/208 
f 207/207/207 209/209/209 208/208/208 
f 208/208/208 209/209/209 210/210/210 
f 209/209/209 211/211/211 210/210/210 
f 210/210/210 211/211/211 212/212/212 
f 211/211/211 213/213/213 212/212/212 
f 212/212/212 213/213/213 214/214/214 
f 213/213/213 213/213/213 214/214/214 
f 214/214/214 213/213/213 215/215/215 
f 213/213/213 216/216/216 215/215/215 
f 215/215/215 216/216/216 217/217/217 
f 216/216/216 218/218/218 217/217/217 
f 217/217/217 218/218/218 219/219/219 
f 218/218/218 220/220/220 219/219/219 
f 219/219/219 220/220/220 220/220/220 
f 220/220/220 221/221/221 220/220/220 
f 220/220/220 221/221/221 221/221/221 
f 221/221/221 222/222/222 221/221/221 
f 221/221/221 222/222/222 223/223/223 
f 222/222/222 222/222/222 223/223/223 
f 223/223/223 222/222/222 224/224/224 
f 222/222/222 222/222/222 224/224/224 
f 224/224/224 222/222/222 225/225/225 
f 222/222/222 226/226/226 225/225/225 
f 225/225/225 226/226/226 227/227/227 
f 226/226/226 228/228/228 227/227/227 
f 227/227/227 228/228/228 227/227/227 
f 228/228/228 229/229/229 227/227/227 
f 227/227/227 229/229/229 230/230/230 
f 229/229/229 229/229/229 230/230/230 
f 230/230/230 229/229/229 231/231/231 
f 229/229/229 232/232/232 231/231/231 
f 231/231/231 232/232/232 233/233/233 
f 232/232/232 234/234/234 233/233/233 
f 233/233/233 234/234/234 235/235/235 
f 234/234/234 236/236/236 235/235/235 
f 235/235/235 236/236/236 237/237/237 
f 236/236/236 238/238/238 237/237/237 
f 237/237/237 238/238/238 239/239/239 
f 238/238/238 240/240/240 239/239/239 
f 239/239/239 240/240/240 241/241/241 
f 240/240/240 242/242/242 241/241/241 
f 241/241/241 242/242/242 243/243/243 
f 242/242/242 244/244/244 243/243/243 
f 243/243/243 244/244/244 243/243/243 
f 244/244/244 245/245/245 243/243/243 
f 243/243/243 245/245/245 246/246/246 
f 245/245/245 245/245/245 246/246/246 
f 246/246/246 245/245/245 247/247/247 
f 245/245/245 248/248/248 247/247/247 
f 247/247/247 248/248/248 249/249/249 
f 248/248/248 250/250/250 249/249/249 
f 249/249/249 250/250/250 251/251/251 
f 250/250/250 252/252/252 251/251/251 
f 251/251/251 252/252/252 251/251/251 
f 252/252/252 253/253/253 251/251/251 
f 251/251/251 253/253/253 254/254/254 
f 253/253/253 254/254/254 254/254/254 
f 254/254/254 254/254/254 255/255/255 
f 254/254/254 255/255/255 255/255/255 
f 255/255/255 255/255/255 256/256/256 
f 255/255/255 257/257/257 256/256/256 
f 256/256/256 257/257/257 258/258/258 
f 257/257/257 257/257/257 258/258/258 
f 258/258/258 257/257/257 259/259/259 
f 257/257/257 260/260/260 259/259/259 
f 259/259/259 260/260/260 259/259/259 
f 260/260/260 261/261/261 259/259/259 
f 259/259/259 261/261/261 262/262/262 
f 261/261/261 263/263/263 262/262/262 
f 262/262/262 263/263/263 264/264/264 
f 263/263/263 265/265/265 264/264/264 
f 264/264/264 265/265/265 266/266/266 
f 265/265/265 265/265/265 266/266/266 
f 266/266/266 265/265/265 267/267/267 
f 265/265/265 268/268/268 267/267/267 
f 267/267/267 268/268/268 267/267/267 
f 268/268/268 269/269/269 267/267/267 
f 267/267/267 269/269/269 270/270/270 
f 269/269/269 269/269/269 270/270/270 
f 270/270/270 269/269/269 271/271/271 
f 269/269/269 272/272/272 271/271/271 
f 271/271/271 272/272/272 271/271/271 
f 272/272/272 273/273/273 271/271/271 
f 271/271/271 273/273/273 274/274/274 
f 273/273/273 273/273/273 274/274/274 
f 274/274/274 273/273/273 275/275/275 
f 273/273/273 276/276/276 275/275/275 
f 275/275/275 276/276/276 277/277/277 
f 276/276/276 278/278/278 277/277/277 
f 277/277/277 278/278/278 277/277/277 
f 278/278/278 279/279/279 277/277/277 
f 277/277/277 279/279/279 280/280/280 
f 279/279/279 281/281/281 280/280/280 
f 280/280/280 281/281/281 282/282/282 
f 281/281/281 283/283/283 282/282/282 
f 282/282/282 283/283/283 284/284/284 
f 283/283/283 285/285/285 284/284/284 
f 284/284/284 285/285/285 286/286/286 
f 285/285/285 285/285/285 286/286/286 
f 286/286/286 285/285/285 287/287/287 
f 285/285/285 288/288/288 287/287/287 
f 287/287/287 288/288/288 288/288/288 
f 288/288/288 289/289/289 288/288/288 
f 288/288/288 289/289/289 289/289/289 
f 289/289/289 290/290/290 289/289/289 
f 289/289/289 290/290/290 291/291/291 
f 290/290/290 292/292/292 291/291/291 
f 291/291/291 292/292/292 292/292/292 
f 292/292/292 289/289/289 292/292/292 
f 292/292/292 289/289/289 289/289/289 
f 289/289/289 291/291/291 289/289/289 
f 289/289/289 291/291/291 293/293/293 
f 291/291/291 294/294/294 293/293/293 
f 293/293/293 294/294/294 293/293/293 
f 294/294/294 295/295/295 293/293/293 
f 293/293/293 295/295/295 296/296/296 
f 295/295/295 297/297/297 296/296/296 
f 296/296/296 297/297/297 298/298/298 
f 297/297/297 297/297/297 298/298/298 
f 298/298/298 297/297/297 299/299/299 
f 297/297/297 300/300/300 299/299/299 
f 299/299/299 300/300/300 301/301/301 
f 300/300/300 302/302/302 301/301/301 
f 301/301/301 302/302/302 303/303/303 
f 302/302/302 304/304/304 303/303/303 
f 303/303/303 304/304/304 303/303/303 
f 304/304/304 305/305/305 303/303/303 
f 303/303/303 305/305/305 306/306/306 
f 305/305/305 307/307/307 306/306/306 
f 306/306/306 307/307/307 308/308/308 
f 307/307/307 307/307/307 308/308/308 
f 308/308/308 307/307/307 309/309/309 
f 307/307/307 310/310/310 309/309/309 
f 309/309/309 310/310/310 309/309/309 
f 310/310/310 311/311/311 309/309/309 
f 309/309/309 311/311/311 312/312/312 
f 311/311/311 313/313/313 312/312/312 
f 312/312/312 313/313/313 314/314/314 
f 313/313/313 313/313/313 314/314/314 
f 314/314/314 313/313/313 315/315/315 
f 313/313/313 316/316/316 315/315/315 
f 315/315/315 316/316/316 316/316/316 
f 316/316/316 317/317/317 316/316/316 
f 316/316/316 317/317/317 317/317/317 
f 317/317/317 318/318/318 317/317/317 
f 317/317/317 318/318/318 319/319/319 
f 318/318/318 320/320/320 319/319/319 
f 319/319/319 320/320/320 321/321/321 
f 320/320/320 322/322/322 321/321/321 
f 321/321/321 322/322/322 321/321/321 
f 322/322/322 292/292/292 321/321/321 
f 321/321/321 292/292/292 290/290/290 
f 292/292/292 290/290/290 290/290/290 
f 290/290/290 290/290/290 323/323/323 
f 290/290/290 323/323/323 323/323/323 
f 323/323/323 323/323/323 324/324/324 
f 323/323/323 325/325/325 324/324/324 
f 324/324/324 325/325/325 326/326/326 
f 325/325/325 325/325/325 326/326/326 
f 326/326/326 325/325/325 327/327/327 
f 325/325/325 325/325/325 327/327/327 
f 327/327/327 325/325/325 328/328/328 
f 325/325/325 329/329/329 328/328/328 
f 328/328/328 329/329/329 329/329/329 
f 329/329/329 330/330/330 329/329/329 
f 329/329/329 330/330/330 330/330/330 
f 330/330/330 324/324/324 330/330/330 
f 330/330/330 324/324/324 331/331/331 
f 324/324/324 326/326/326 331/331/331 
f 331/331/331 326/326/326 332/332/332 
f 326/326/326 333/333/333 332/332/332 
f 332/332/332 333/333/333 334/334/334 
f 333/333/333 334/334/334 334/334/334 
f 334/334/334 334/334/334 332/332/332 
f 334/334/334 332/332/332 332/332/332 
f 332/332/332 332/332/332 331/331/331 
f 332/332/332 335/335/335 331/331/331 
f 331/331/331 335/335/335 335/335/335 
f 335/335/335 333/333/333 335/335/335 
f 335/335/335 333/333/333 333/333/333 
f 333/333/333 326/326/326 333/333/333 
f 333/333/333 326/326/326 336/336/336 
f 326/326/326 326/326/326 336/336/336 
f 336/336/336 326/326/326 337/337/337 
f 326/326/326 338/338/338 337/337/337 
f 337/337/337 338/338/338 338/338/338 
f 338/338/338 339/339/339 338/338/338 
f 338/338/338 339/339/339 339/339/339 
f 339/339/339 340/340/340 339/339/339 
f 339/339/339 340/340/340 341/341/341 
f 340/340/340 342/342/342 341/341/341 
f 341/341/341 342/342/342 342/342/342 
f 342/342/342 340/340/340 342/342/342 
f 342/342/342 340/340/340 340/340/340 
f 340/340/340 339/339/339 340/340/340 
f 340/340/340 339/339/339 343/343/343 
f 339/339/339 344/344/344 343/343/343 
f 343/343/343 344/344/344 345/345/345 
f 344/344/344 346/346/346 345/345/345 
f 345/345/345 346/346/346 347/347/347 
f 346/346/346 346/346/346 347/347/347 
f 347/347/347 346/346/346 348/348/348 
f 346/346/346 349/349/349 348/348/348 
f 348/348/348 349/349/349 350/350/350 
f 349/349/349 351/351/351 350/350/350 
f 350/350/350 351/351/351 350/350/350 
f 351/351/351 352/352/352 350/350/350 
f 350/350/350 352/352/352 353/353/353 
f 352/352/352 354/354/354 353/353/353 
f 353/353/353 354/354/354 355/355/355 
f 354/354/354 356/356/356 355/355/355 
f 355/355/355 356/356/356 357/357/357 
f 356/356/356 356/356/356 357/357/357 
f 357/357/357 356/356/356 358/358/358 
f 356/356/356 342/342/342 358/358/358 
f 358/358/358 342/342/342 340/340/340 
f 342/342/342 340/340/340 340/340/340 
f 340/340/340 340/340/340 359/359/359 
f 340/340/340 359/359/359 359/359/359 
f 359/359/359 359/359/359 360/360/360 
f 359/359/359 361/361/361 360/360/360 
f 360/360/360 361/361/361 362/362/362 
f 361/361/361 363/363/363 362/362/362 
f 362/362/362 363/363/363 363/363/363 
f 363/363/363 360/360/360 363/363/363 
f 363/363/363 360/360/360 360/360/360 
f 360/360/360 362/362/362 360/360/360 
f 360/360/360 362/362/362 364/364/364 
f 362/362/362 365/365/365 364/364/364 
f 364/364/364 365/365/365 366/366/366 
f 365/365/365 367/367/367 366/366/366 
f 366/366/366 367/367/367 367/367/367 
f 367/367/367 366/366/366 367/367/367 
f 367/367/367 366/366/366 366/366/366 
f 366/366/366 368/368/368 366/366/366 
f 366/366/366 368/368/368 364/364/364 
f 368/368/368 364/364/364 364/364/364 
f 364/364/364 364/364/364 369/369/369 
f 364/364/364 369/369/369 369/369/369 
f 369/369/369 369/369/369 370/370/370 
f 369/369/369 371/371/371 370/370/370 
f 370/370/370 371/371/371 372/372/372 
f 371/371/371 373/373/373 372/372/372 
f 372/372/372 373/373/373 372/372/372 
f 373/373/373 374/374/374 372/372/372 
f 372/372/372 374/374/374 372/372/372 
f 374/374/374 375/375/375 372/372/372 
f 372/372/372 375/375/375 370/370/370 
f 375/375/375 376/376/376 370/370/370 
f 370/370/370 376/376/376 369/369/369 
f 376/376/376 377/377/377 369/369/369 
f 369/369/369 377/377/377 378/378/378 
f 377/377/377 378/378/378 378/378/378 
f 378/378/378 378/378/378 379/379/379 
f 378/378/378 379/379/379 379/379/379 
f 379/379/379 379/379/379 371/371/371 
f 379/379/379 373/373/373 371/371/371 
f 371/371/371 373/373/373 373/373/373 
f 373/373/373 377/377/377 373/373/373 
f 373/373/373 377/377/377 377/377/377 
f 377/377/377 376/376/376 377/377/377 
f 377/377/377 376/376/376 380/380/380 
f 376/376/376 375/375/375 380/380/380 
f 380/380/380 375/375/375 381/381/381 
f 375/375/375 374/374/374 381/381/381 
f 381/381/381 374/374/374 374/374/374 
f 374/374/374 381/381/381 374/374/374 
f 374/374/374 381/381/381 381/381/381 
f 381/381/381 382/382/382 381/381/381 
f 381/381/381 382/382/382 380/380/380 
f 382/382/382 383/383/383 380/380/380 
f 380/380/380 383/383/383 377/377/377 
f 383/383/383 383/383/383 377/377/377 
f 377/377/377 383/383/383 378/378/378 
f 383/383/383 384/384/384 378/378/378 
f 378/378/378 384/384/384 378/378/378 
f 384/384/384 385/385/385 378/378/378 
f 378/378/378 385/385/385 386/386/386 
f 385/385/385 385/385/385 386/386/386 
f 386/386/386 385/385/385 387/387/387 
f 385/385/385 388/388/388 387/387/387 
f 387/387/387 388/388/388 389/389/389 
f 388/388/388 390/390/390 389/389/389 
f 389/389/389 390/390/390 389/389/389 
f 390/390/390 391/391/391 389/389/389 
f 389/389/389 391/391/391 392/392/392 
f 391/391/391 393/393/393 392/392/392 
f 392/392/392 393/393/393 393/393/393 
f 393/393/393 382/382/382 393/393/393 
f 393/393/393 382/382/382 382/382/382 
f 382/382/382 394/394/394 382/382/382 
f 382/382/382 394/394/394 383/383/383 
f 394/394/394 384/384/384 383/383/383 
f 383/383/383 384/384/384 384/384/384 
f 384/384/384 392/392/392 384/384/384 
f 384/384/384 392/392/392 392/392/392 
f 392/392/392 395/395/395 392/392/392 
f 392/392/392 395/395/395 389/389/389 
f 395/395/395 395/395/395 389/389/389 
f 389/389/389 395/395/395 387/387/387 
f 395/395/395 395/395/395 387/387/387 
f 387/387/387 395/395/395 396/396/396 
f 395/395/395 397/397/397 396/396/396 
f 396/396/396 397/397/397 398/398/398 
f 397/397/397 399/399/399 398/398/398 
f 398/398/398 399/399/399 400/400/400 
f 399/399/399 399/399/399 400/400/400 
f 400/400/400 399/399/399 401/401/401 
f 399/399/399 393/393/393 401/401/401 
f 401/401/401 393/393/393 402/402/402 
f 393/393/393 402/402/402 402/402/402 
f 402/402/402 402/402/402 395/395/395 
f 402/402/402 395/395/395 395/395/395 
f 395/395/395 395/395/395 397/397/397 
f 395/395/395 392/392/392 397/397/397 
f 397/397/397 392/392/392 399/399/399 
f 392/392/392 393/393/393 399/399/399 
f 399/399/399 393/393/393 393/393/393 
f 393/393/393 396/396/396 393/393/393 
f 393/393/393 396/396/396 396/396/396 
f 396/396/396 398/398/398 396/396/396 
f 396/396/396 398/398/398 403/403/403 
f 398/398/398 400/400/400 403/403/403 
f 403/403/403 400/400/400 404/404/404 
f 400/400/400 401/401/401 404/404/404 
f 404/404/404 401/401/401 405/405/405 
f 401/401/401 402/402/402 405/405/405 
f 405/405/405 402/402/402 405/405/405 
f 402/402/402 406/406/406 405/405/405 
f 405/405/405 406/406/406 405/405/405 
f 406/406/406 407/407/407 405/405/405 
f 405/405/405 407/407/407 408/408/408 
f 407/407/407 409/409/409 408/408/408 
f 408/408/408 409/409/409 410/410/410 
f 409/409/409 409/409/409 410/410/410 
f 410/410/410 409/409/409 379/379/379 
f 409/409/409 411/411/411 379/379/379 
f 379/379/379 411/411/411 412/412/412 
f 411/411/411 413/413/413 412/412/412 
f 412/412/412 413/413/413 412/412/412 
f 413/413/413 414/414/414 412/412/412 
f 412/412/412 414/414/414 374/374/374 
f 414/414/414 381/381/381 374/374/374 
f 374/374/374 381/381/381 381/381/381 
f 381/381/381 403/403/403 381/381/381 
f 381/381/381 403/403/403 403/403/403 
f 403/403/403 404/404/404 403/403/403 
f 403/403/403 404/404/404 408/408/408 
f 404/404/404 405/405/405 408/408/408 
f 408/408/408 405/405/405 405/405/405 
f 405/405/405 379/379/379 405/405/405 
f 405/405/405 379/379/379 379/379/379 
f 379/379/379 412/412/412 379/379/379 
f 379/379/379 412/412/412 373/373/373 
f 412/412/412 374/374/374 373/373/373 
f 373/373/373 374/374/374 374/374/374 
f 374/374/374 415/415/415 374/374/374 
f 374/374/374 415/415/415 415/415/415 
f 415/415/415 416/416/416 415/415/415 
f 415/415/415 416/416/416 417/417/417 
f 416/416/416 418/418/418 417/417/417 
f 417/417/417 418/418/418 419/419/419 
f 418/418/418 418/418/418 419/419/419 
f 419/419/419 418/418/418 420/420/420 
f 418/418/418 418/418/418 420/420/420 
f 420/420/420 418/418/418 421/421/421 
f 418/418/418 418/418/418 421/421/421 
f 421/421/421 418/418/418 422/422/422 
f 418/418/418 416/416/416 422/422/422 
f 422/422/422 416/416/416 416/416/416 
f 416/416/416 415/415/415 416/416/416 
f 416/416/416 415/415/415 415/415/415 
f 415/415/415 417/417/417 415/415/415 
f 415/415/415 417/417/417 423/423/423 
f 417/417/417 419/419/419 423/423/423 
f 423/423/423 419/419/419 419/419/419 
f 419/419/419 423/423/423 419/419/419 
f 419/419/419 423/423/423 423/423/423 
f 423/423/423 424/424/424 423/423/423 
f 423/423/423 424/424/424 415/415/415 
f 424/424/424 424/424/424 415/415/415 
f 415/415/415 424/424/424 416/416/416 
f 424/424/424 425/425/425 416/416/416 
f 416/416/416 425/425/425 416/416/416 
f 425/425/425 426/426/426 416/416/416 
f 416/416/416 426/426/426 422/422/422 
f 426/426/426 427/427/427 422/422/422 
f 422/422/422 427/427/427 421/421/421 
f 427/427/427 428/428/428 421/421/421 
f 421/421/421 428/428/428 420/420/420 
f 428/428/428 428/428/428 420/420/420 
f 420/420/420 428/428/428 429/429/429 
f 428/428/428 430/430/430 429/429/429 
f 429/429/429 430/430/430 431/431/431 
f 430/430/430 430/430/430 431/431/431 
f 431/431/431 430/430/430 432/432/432 
f 430/430/430 430/430/430 432/432/432 
f 432/432/432 430/430/430 433/433/433 
f 430/430/430 426/426/426 433/433/433 
f 433/433/433 426/426/426 434/434/434 
f 426/426/426 425/425/425 434/434/434 
f 434/434/434 425/425/425 435/435/435 
f 425/425/425 425/425/425 435/435/435 
f 435/435/435 425/425/425 436/436/436 
f 425/425/425 437/437/437 436/436/436 
f 436/436/436 437/437/437 438/438/438 
f 437/437/437 437/437/437 438/438/438 
f 438/438/438 437/437/437 439/439/439 
f 437/437/437 437/437/437 439/439/439 
f 439/439/439 437/437/437 440/440/440 
f 437/437/437 423/423/423 440/440/440 
f 440/440/440 423/423/423 441/441/441 
f 423/423/423 423/423/423 441/441/441 
f 441/441/441 423/423/423 442/442/442 
f 423/423/423 419/419/419 442/442/442 
f 442/442/442 419/419/419 443/443/443 
f 419/419/419 420/420/420 443/443/443 
f 443/443/443 420/420/420 444/444/444 
f 420/420/420 420/420/420 444/444/444 
f 444/444/444 420/420/420 445/445/445 
f 420/420/420 429/429/429 445/445/445 
f 445/445/445 429/429/429 446/446/446 
f 429/429/429 429/429/429 446/446/446 
f 446/446/446 429/429/429 447/447/447 
f 429/429/429 431/431/431 447/447/447 
f 447/447/447 431/431/431 431/431/431 
f 431/431/431 423/423/423 431/431/431 
f 431/431/431 423/423/423 423/423/423 
f 423/423/423 437/437/437 423/423/423 
f 423/423/423 437/437/437 424/424/424 
f 437/437/437 425/425/425 424/424/424 
f 424/424/424 425/425/425 425/425/425 
f 425/425/425 428/428/428 425/425/425 
f 425/425/425 428/428/428 428/428/428 
f 428/428/428 427/427/427 428/428/428 
f 428/428/428 427/427/427 430/430/430 
f 427/427/427 426/426/426 430/430/430 
f 430/430/430 426/426/426 426/426/426 
f 426/426/426 448/448/448 426/426/426 
f 426/426/426 448/448/448 448/448/448 
f 448/448/448 449/449/449 448/448/448 
f 448/448/448 449/449/449 450/450/450 
f 449/449/449 449/449/449 450/450/450 
f 450/450/450 449/449/449 451/451/451 
f 449/449/449 452/452/452 451/451/451 
f 451/451/451 452/452/452 453/453/453 
f 452/452/452 454/454/454 453/453/453 
f 453/453/453 454/454/454 455/455/455 
f 454/454/454 456/456/456 455/455/455 
f 455/455/455 456/456/456 457/457/457 
f 456/456/456 458/458/458 457/457/457 
f 457/457/457 458/458/458 459/459/459 
f 458/458/458 460/460/460 459/459/459 
f 459/459/459 460/460/460 461/461/461 
f 460/460/460 462/462/462 461/461/461 
f 461/461/461 462/462/462 463/463/463 
f 462/462/462 462/462/462 463/463/463 
f 463/463/463 462/462/462 464/464/464 
f 462/462/462 465/465/465 464/464/464 
f 464/464/464 465/465/465 466/466/466 
f 465/465/465 467/467/467 466/466/466 
f 466/466/466 467/467/467 467/467/467 
f 467/467/467 450/450/450 467/467/467 
f 467/467/467 450/450/450 450/450/450 
f 450/450/450 468/468/468 450/450/450 
f 450/450/450 468/468/468 448/448/448 
f 468/468/468 468/468/468 448/448/448 
f 448/448/448 468/468/468 469/469/469 
f 468/468/468 468/468/468 469/469/469 
f 469/469/469 468/468/468 470/470/470 
f 468/468/468 471/471/471 470/470/470 
f 470/470/470 471/471/471 472/472/472 
f 471/471/471 473/473/473 472/472/472 
f 472/472/472 473/473/473 474/474/474 
f 473/473/473 475/475/475 474/474/474 
f 474/474/474 475/475/475 476/476/476 
f 475/475/475 477/477/477 476/476/476 
f 476/476/476 477/477/477 478/478/478 
f 477/477/477 479/479/479 478/478/478 
f 478/478/478 479/479/479 480/480/480 
f 479/479/479 481/481/481 480/480/480 
f 480/480/480 481/481/481 481/481/481 
f 481/481/481 482/482/482 481/481/481 
f 481/481/481 482/482/482 482/482/482 
f 482/482/482 483/483/483 482/482/482 
f 482/482/482 483/483/483 484/484/484 
f 483/483/483 485/485/485 484/484/484 
f 484/484/484 485/485/485 486/486/486 
f 485/485/485 487/487/487 486/486/486 
f 486/486/486 487/487/487 488/488/488 
f 487/487/487 489/489/489 488/488/488 
f 488/488/488 489/489/489 489/489/489 
f 489/489/489 490/490/490 489/489/489 
f 489/489/489 490/490/490 490/490/490 
f 490/490/490 491/491/491 490/490/490 
f 490/490/490 491/491/491 483/483/483 
f 491/491/491 492/492/492 483/483/483 
f 483/483/483 492/492/492 485/485/485 
f 492/492/492 485/485/485 485/485/485 
f 485/485/485 485/485/485 486/486/486 
f 485/485/485 486/486/486 486/486/486 
f 486/486/486 486/486/486 484/484/484 
f 486/486/486 493/493/493 484/484/484 
f 484/484/484 493/493/493 493/493/493 
f 493/493/493 485/485/485 493/493/493 
f 493/493/493 485/485/485 485/485/485 
f 485/485/485 494/494/494 485/485/485 
f 485/485/485 494/494/494 487/487/487 
f 494/494/494 487/487/487 487/487/487 
f 487/487/487 487/487/487 495/495/495 
f 487/487/487 495/495/495 495/495/495 
f 495/495/495 495/495/495 488/488/488 
f 495/495/495 496/496/496 488/488/488 
f 488/488/488 496/496/496 486/486/486 
f 496/496/496 497/497/497 486/486/486 

